filter_idx,kernel_pos,sharpness,A,C,D,E,F,G,H,I,K,L,M,N,P,Q,R,S,T,V,W,Y
0,0,3.0997591495513914,1.5470406,-1.0545449,1.2757539,0.9834462,-1.4259037,-1.0563549,2.340515,0.13528484,0.18956412,-0.8730751,-0.060321916,-1.7142501,-2.7909698,-2.0414903,-0.16371113,0.49462396,-0.062272456,2.872852,-0.39979407,0.22076768
0,1,3.0997591495513914,-0.060411975,-0.83132774,1.1448002,-1.4299856,1.3342625,-1.4102527,-1.2309853,-0.4332984,-0.7195399,-0.9152223,1.7124909,2.9655101,0.45375288,-1.2642922,-0.22243178,-1.6717554,-0.05089246,-2.0616286,0.37693727,3.0807304
0,2,3.0997591495513914,1.4735593,0.1283476,-1.1977949,1.2887124,0.7515741,-0.49471277,1.0236992,-0.8812613,1.0793673,-0.12515806,0.8599079,-1.2699522,-3.4001625,-0.9229872,-1.0403104,-0.81126136,0.05231311,0.66696876,0.29298562,2.0236702
0,3,3.0997591495513914,1.6350234,0.45078617,-0.44130635,-1.5595297,3.3241723,-0.46351433,1.7287618,-0.9892991,-3.0159576,-2.6908123,2.0371327,-1.0032532,-1.3259281,0.2582598,-2.6065245,-0.65928245,-0.95467085,-0.6632265,1.4553746,4.8973503
0,4,3.0997591495513914,0.5241657,-0.89918685,-1.6167141,0.07054606,0.08667788,-1.7850996,-1.1114429,0.5036996,-0.015819745,0.31727606,2.003781,-0.4027851,-1.3703959,2.342999,1.4768996,1.8473648,0.50126773,-2.1551914,-0.5824319,-1.4541646
1,0,3.5302510261535645,2.071292,3.2917597,1.858705,-1.1633636,-3.0378165,0.42263204,-2.6568546,-1.8523651,-0.65277886,-1.3498756,-1.2727383,0.35558033,2.655329,-0.084985115,0.04141406,0.5262013,-1.3464377,-1.1182089,0.5231723,0.1046103
1,1,3.5302510261535645,-1.2807796,-0.25031447,-1.6210182,1.3713174,0.023472097,2.973999,-0.8256722,-0.7909941,1.222517,1.2613026,-1.3598866,-0.6712996,-1.7011794,0.9168842,-0.6141871,0.3890931,-1.0401266,-2.022906,-0.7031406,-0.5783484
1,2,3.5302510261535645,1.6240375,-1.3355585,-1.4469953,-0.6163076,-1.1716837,-0.714823,-0.38610503,-0.9947213,1.0347731,-1.4581152,0.086395875,-0.25981608,0.859365,-0.49899042,0.38892412,0.44648513,-0.40237042,-0.42288187,1.5422658,1.2086221
1,3,3.5302510261535645,-2.9103885,-0.19809555,-0.12932499,0.056845747,-1.2414618,0.5472956,-1.5853596,4.859086,1.6175737,0.9912038,-0.5935596,-1.0302069,-2.1944957,-0.5000121,2.1746445,-1.3713971,-2.8807614,0.92506194,-1.1578265,-1.6784136
1,4,3.5302510261535645,-0.4864288,-0.7960368,-1.904194,3.8721328,-1.1712503,0.065756805,0.9143467,1.6003346,0.575888,3.1398537,0.15373695,-1.4687705,-0.4955947,-1.2160193,1.0173659,-2.615175,-1.0841783,-1.5249404,-1.0519196,-1.3266287
2,0,2.885420536994934,1.720924,0.8368363,0.63161623,-0.52567255,0.23774678,-0.18157654,-1.5257256,0.60662794,-0.21246071,-0.18684915,-0.012744864,-0.40335196,1.1080114,0.86678016,-0.7418195,-2.8445785,-0.935116,-1.613992,0.78890157,0.1794924
2,1,2.885420536994934,-0.89795667,-0.23035993,-0.027968938,0.9092578,-0.13642961,1.0441997,0.18651319,0.87096334,2.825965,-1.0785552,0.7883633,-0.9666844,-1.440901,1.065944,2.725116,-2.7328734,-0.5820793,-3.4390743,-0.73627675,-0.81354505
2,2,2.885420536994934,2.100998,0.5363219,2.2541564,1.0567605,-1.8167877,-0.48538896,-1.1127168,-1.8546165,-0.34742785,-1.8583072,1.4089785,-0.85013825,1.4730358,-0.15300523,1.3971794,-2.7017457,1.6480421,-2.2059262,1.0601295,0.97328484
2,3,2.885420536994934,0.58999753,4.0822144,-1.0700835,0.659389,-2.1440806,3.0200922,0.81927216,-1.951809,-1.1705568,0.2661423,0.32464194,1.0129266,-1.9733047,0.3200829,1.4265792,-2.875731,-3.234472,-1.0289509,2.826921,0.778384
2,4,2.885420536994934,1.1495478,3.4344394,-0.7445248,1.1734436,-1.0632131,1.6321467,0.23137718,-1.054985,-2.265384,0.6725138,0.44037592,-1.6669791,-2.6934874,0.478593,-0.6136612,-0.27110526,-0.71017724,1.5315703,2.170979,-0.34668815
3,0,2.422536039352417,-0.24636525,-0.31842405,0.97935593,0.86442685,0.6731745,-1.9894322,0.390571,-0.34390533,0.93573344,0.28213173,0.60972893,-1.0958529,-3.0942128,-1.0662826,1.4156356,-1.3060987,-1.0776887,-0.01878859,0.6428454,-0.025396634
3,1,2.422536039352417,-2.5229504,-0.40667763,0.13794737,0.3220693,0.86450666,0.55509573,-0.434147,-0.2655506,2.010379,-0.37362835,0.517266,-0.5170083,0.035192687,1.2120262,1.0686411,-1.0058678,-3.1105819,-3.869167,-0.39694032,-0.19243771
3,2,2.422536039352417,0.769941,-0.31628612,1.3801056,0.63517547,-2.3652413,1.5151173,0.3137475,-1.3938286,-1.2229874,-1.2011263,-1.1071762,0.17996928,-1.6859878,0.91906154,-1.4377292,1.4685013,0.06297162,-0.56973565,1.7601146,-1.897213
3,3,2.422536039352417,-0.46791026,-0.635937,-1.4739134,0.079884075,1.2511839,-3.6249075,1.2922134,1.1301941,1.5241952,-1.2639432,0.5768137,-0.95529026,-1.5291064,-0.66254586,2.4831085,-2.1062768,2.5283363,-0.25082707,-0.04894347,-0.4599991
3,4,2.422536039352417,1.4738959,-1.4503765,-1.6905158,-2.3206184,-0.4890409,2.2683473,-0.66285986,-0.023441756,0.2787343,-0.28900248,-0.935361,-1.3305352,1.1083896,-0.9725536,-1.8723233,3.3507578,2.8488772,-1.852814,-0.3159683,-1.1057732
4,0,3.1155514240264894,-0.21608342,1.7096202,-1.2099614,-1.7482961,3.5160086,-1.6472918,-0.738584,-0.3046439,0.77875626,-0.5094581,2.010414,-0.46966675,-1.2024336,-2.2202437,-0.98822135,-1.1747564,2.7728515,0.06954258,1.2965999,1.0527825
4,1,3.1155514240264894,-1.845905,1.7927905,-0.8882355,-0.33537796,-0.35271138,-0.12433867,1.7306954,0.35817814,0.8033182,-1.0107001,0.67656064,0.4926758,-2.765478,2.59953,1.4131156,-3.2709723,0.21229433,-0.6416498,-0.35571757,-1.1072917
4,2,3.1155514240264894,-0.18728709,0.1915769,-0.6893851,1.6001692,2.770537,-0.6868322,-1.2193797,-1.2189698,-0.33274448,-0.47167486,0.6205539,-1.5878658,0.69189006,-0.22680742,-0.2896823,0.05502208,1.7072918,-2.0392547,-0.12531069,0.948897
4,3,3.1155514240264894,-3.4333076,0.12673472,-0.464345,-0.62084717,2.003416,-0.3143752,0.46895078,-1.1563903,-0.025780182,0.38920286,1.8617762,-1.8211519,-0.9451529,-0.41015756,-2.2693741,0.5347348,2.014499,3.3540304,0.36922786,-1.5795034
4,4,3.1155514240264894,0.21773106,2.8704007,3.1373303,-0.56544226,-0.666837,-0.21003301,-1.001132,-1.9068867,-0.8377928,-0.2576608,2.283263,-0.5543923,-1.9600836,-1.8020865,-1.7564027,-0.49245092,1.6077224,1.2543247,-0.67712826,1.5604872
5,0,2.6250940799713134,1.3686876,-0.72686,0.042836644,-1.3538882,0.49480015,0.48781204,-1.7560279,-0.33593637,-1.3919346,1.2178533,-0.47084713,0.7867655,0.20774868,1.0209072,-1.7061234,1.6116083,-2.212531,0.8109228,-0.5635334,-0.33946133
5,1,2.6250940799713134,1.641914,-0.33936247,-1.8273699,-2.6620724,0.9878767,-0.8669493,1.2492532,0.6480868,-0.14553592,-0.39421025,1.1241906,-1.4340802,-4.125651,-0.9599669,1.2602241,0.9047271,-1.8791384,2.6059902,0.7234327,0.73415595
5,2,2.6250940799713134,2.3290837,-1.2812827,-1.4018315,1.1301526,-2.229602,-0.49164185,1.374803,-1.4179517,2.8490672,-0.32296586,-2.2693563,2.677832,0.62937903,0.14874116,-0.6997274,0.27898479,-0.13298856,0.16169171,-1.2754658,-1.2397349
5,3,2.6250940799713134,-0.16984698,-1.2090589,-0.61118126,-0.114073,-1.0756896,-1.0797873,-0.48692447,1.8200845,-1.3077208,3.058095,-0.31794634,-1.4299556,0.28885126,-1.9475195,-1.8510151,0.58467025,-1.5436149,2.3736873,-1.116047,0.6597334
5,4,2.6250940799713134,-2.7058313,-0.612228,-3.2730794,-2.2200234,2.0894153,0.29122755,0.8976563,2.2901156,-1.1789185,0.90009,0.2329554,-0.21879177,-3.0465543,-1.3849661,-1.6714493,1.5583961,1.6918534,1.8088723,0.6553581,1.9037772
6,0,3.5605637073516845,1.4650667,0.80472326,-3.3332074,-1.4794906,0.8875918,-0.6551193,1.9801269,-0.16258132,-0.11060039,1.0705538,0.7823267,0.13096243,-0.7195456,-0.39684835,-0.31611162,0.19406618,-0.531864,0.047169957,-0.15576573,-0.47683054
6,1,3.5605637073516845,4.439442,-0.12733643,0.67460835,-0.59954035,-0.5049418,2.0297327,-1.3936503,-1.9353312,-1.8626751,-1.7514194,-1.1432868,-0.86976564,1.6701789,-1.0728557,-2.552435,5.9508457,-0.71518135,-2.2377896,-1.6313105,-1.1952826
6,2,3.5605637073516845,-0.86994874,1.8594043,-1.8215797,-0.94457585,0.8639698,-0.25375095,-0.9175597,-0.7560764,-0.9913829,0.72668815,-0.12532613,-1.5172632,1.4299656,-0.21636082,-3.8658628,2.8219314,-1.4172676,-1.2041695,2.87883,0.49192098
6,3,3.5605637073516845,-1.281038,0.280426,-0.65263265,1.5358324,0.14002019,1.8607875,-0.16370903,-1.4564734,3.1404045,-0.42449898,-0.7602273,-2.7459924,0.5640429,-1.6989342,0.1852316,0.22864729,-0.3158221,-0.93331194,-1.941597,-1.3195701
6,4,3.5605637073516845,-0.07444491,0.65265054,1.2580378,-1.9175342,1.4003843,-1.717391,0.06552466,1.9663324,-0.8389996,-0.6973616,0.7309678,-0.8327913,-0.26749974,-0.12716499,-2.4099479,-1.7839712,3.0125108,1.0419263,-0.7069617,-0.16608082
7,0,2.9863263845443724,-0.53162134,-1.0061401,-1.4172913,0.740855,-1.4580414,-0.08764852,-0.3918873,-1.6584009,0.26833704,-1.7141014,-1.8247817,1.7686629,2.5638754,2.111698,0.12162922,-0.5208523,-0.48349282,-0.23888102,1.1657562,-1.9063882
7,1,2.9863263845443724,0.1469479,-0.81296796,3.3574753,-0.82845557,-2.219259,-2.299992,0.63346356,1.6460825,0.77011603,-0.44310227,0.7332437,-1.9265189,-1.0795611,0.9984304,2.150166,-0.06427936,-0.44640642,0.18295218,-2.3709807,-2.2349153
7,2,2.9863263845443724,-1.8645376,0.47544456,-1.9720492,0.17552279,2.8175962,0.79661393,-0.6889898,-1.1606269,-2.173882,3.1387293,2.0320256,-0.12202924,-1.9944023,-0.59507704,1.8421043,-1.9934803,-0.3436665,-3.5812314,3.3075128,3.4010808
7,3,2.9863263845443724,0.26303232,0.25057992,-0.12540898,0.17726007,-1.0541655,-1.7576402,2.9310124,-1.2085885,0.18206167,-0.0573589,-0.9935116,0.5850817,-1.5294785,0.65767807,3.432717,-2.3640833,0.14541674,2.5709152,0.19987759,-1.5484031
7,4,2.9863263845443724,-0.55193424,-1.1560534,-1.260306,-0.47282764,1.2592033,0.68955916,-0.7696197,-0.1395387,1.1540787,0.9361009,-1.3175528,-1.1769627,0.4843264,0.15615372,-1.5038253,-0.26392838,-1.5885708,1.6147339,-1.2704164,0.2950176
8,0,3.427641677856445,-0.13716541,1.4231956,-1.1971204,-1.2589122,1.0555387,-0.5424191,2.612154,-0.2755175,-2.2006884,1.7322317,2.6064763,0.37220094,-0.98278856,0.23892221,-0.049121093,1.0927019,-0.22143649,-1.4236734,0.32728466,-0.45327008
8,1,3.427641677856445,-0.43244377,0.4502016,-2.0976367,-1.4336611,3.8611178,-0.26478526,-1.3214662,-0.2734177,-0.66712546,2.1056523,1.4569488,-1.9541849,-1.5994585,-0.45363852,-2.4521465,1.7948959,0.39284873,-2.8860097,5.0992775,2.847122
8,2,3.427641677856445,-0.06512699,0.83088875,0.9567451,-0.16306242,1.3810135,-0.5337334,1.0417291,-1.7360154,-0.17455275,2.6300087,-0.1010666,-0.04450679,-1.525526,1.1962695,-0.5959276,1.9058526,-2.170075,-1.7933269,-0.7003543,-0.80964553
8,3,3.427641677856445,-1.8775326,0.27297136,-1.2964499,0.97495234,1.0616053,-1.0059923,0.4136406,0.52999395,-0.6096948,4.5594993,-0.7717138,-0.7033799,1.1915601,-0.83900887,1.3778952,0.6150353,-1.252277,-0.22676691,-1.3226342,0.6091029
8,4,3.427641677856445,-0.49258327,1.2534761,1.2631662,0.8784678,0.69069636,-1.4935936,-1.3026509,-1.7255173,-2.1228354,0.4921996,0.60162544,-0.0424893,-1.6923426,-0.26666543,0.89270276,0.17664248,0.7584475,-0.098171696,1.4896661,2.6382468
9,0,3.6099963188171387,-0.9262528,-0.72959036,-2.6012423,-0.46813437,1.5305625,3.7600338,0.807968,2.4317722,0.06427976,-0.28764737,2.8692887,-0.99823177,-1.691912,-0.5420694,-0.893099,-1.0466846,-0.47295827,0.22938114,-0.2452446,-1.916759
9,1,3.6099963188171387,1.1232089,0.66496617,2.374985,-0.752364,-1.1939551,-0.35962868,-1.7295551,2.0340183,-2.016554,-3.1425076,-0.3979986,0.6686136,-1.1288701,-1.4831522,-0.8926275,-0.40384787,-2.398655,-0.0744025,3.581545,1.9217972
9,2,3.6099963188171387,-3.7226331,-1.832003,-0.018220752,1.0549403,-1.0823734,1.7636,3.8356867,-0.15360846,1.2683204,0.28916922,-0.4793393,0.48306283,-1.4295375,1.7545277,2.5374722,0.089250386,-2.284153,-1.9226971,-1.0905461,-1.846063
9,3,3.6099963188171387,-1.5063115,0.9594899,1.4138848,-1.726818,0.684508,-1.2950262,-1.3366205,2.2390156,-0.99011344,-0.45330575,0.3532826,-1.1590688,2.6609101,0.4423362,-2.0454063,-1.9569874,0.0033840972,2.2263966,0.29343483,-1.4130476
9,4,3.6099963188171387,0.46496382,-1.2091837,-0.20553465,-1.1275028,-1.0113257,2.0667257,-1.0148641,2.1646714,-2.1272476,0.5167777,-1.199728,0.15599403,-0.32637617,-1.5593119,-3.3083284,0.8445987,-1.7135032,3.439092,0.35626602,-0.5377271
10,0,3.05252423286438,0.5577313,-0.06468074,-1.932011,-0.97474396,3.9261367,0.97233564,-0.120897226,-0.58683586,-2.4635146,-0.69053745,4.1658087,-0.3191234,-1.5977324,-2.3684144,-0.60045046,-2.0601816,0.97557604,0.22207347,2.1931224,1.9760162
10,1,3.05252423286438,-1.2824199,-1.2611265,-0.88435274,-0.57895786,-1.5957135,0.5029631,0.7028453,2.4233403,0.6605454,1.4580336,-1.9467776,0.69130296,0.6465739,-0.23096363,-0.6150381,-1.6725194,-1.2779969,2.2094688,-0.66516334,-2.124313
10,2,3.05252423286438,0.10284788,-2.06073,-0.44401103,-0.54584754,-0.43305564,0.6502199,0.14368437,0.7312446,0.06140328,-1.7420644,0.36550805,0.64380974,0.15878087,0.50745046,-0.54388475,-0.73045313,-1.2119864,0.84644055,-1.0271868,-1.6194164
10,3,3.05252423286438,0.25561127,-1.0030938,-0.8919768,-0.035407964,-1.6911379,-1.9948514,0.8719497,3.1735992,-1.0882825,-0.91723746,-0.007973922,-1.8381495,-2.2579625,-0.70203984,-2.2886097,1.3649468,1.5108874,4.534198,-1.8376989,-1.2564052
10,4,3.05252423286438,-1.3178908,-0.45546034,-2.3772798,0.019252423,-0.20999752,-0.59530175,-0.36526513,1.6254135,2.2851577,0.82478523,-0.75607365,0.022908283,-0.3085433,1.6183393,-0.38834628,0.38251662,-0.30564505,-1.4943279,-1.0418622,-1.4384304
11,0,3.0729160070419312,1.0549695,-0.62798303,-0.5301638,-0.59462035,-1.1860785,-0.0130471,1.1180799,0.45640317,-1.5206132,-2.1217225,-0.5802789,-0.7060071,3.8557868,1.5789509,-0.8968994,-0.48605397,-2.2351582,-0.34670594,0.37742776,-2.102253
11,1,3.0729160070419312,1.1768526,-0.5846405,0.46548998,-1.2422614,-0.3821069,-2.3493829,2.652426,-0.100532204,-0.43053326,-2.079833,-1.3691454,-1.8789685,-0.7473263,-0.6166802,-1.600373,2.1748822,3.0252888,2.7305765,-0.18623048,0.07361179
11,2,3.0729160070419312,0.7187501,0.4294933,0.9089794,0.42072982,-1.7656784,0.43509084,-0.29579493,0.45403892,1.1302842,-0.8819868,-0.18686843,-1.0848283,-0.7746982,-0.8204297,2.2890027,-1.3962399,-1.1856165,-0.33752483,-2.1928308,-1.4187131
11,3,3.0729160070419312,2.8520029,0.5830022,-1.772876,-1.9224038,-1.2040143,3.3104076,-2.3429987,-1.0211431,-2.509672,-1.9703608,-0.06295584,0.79579103,1.9301823,-0.069792874,-2.4788766,2.809731,-2.213814,-0.9545124,0.016721882,-0.33661333
11,4,3.0729160070419312,-0.100336425,-0.16665828,-2.3778021,-1.2126215,0.43326968,0.19565448,0.60855824,-1.0546374,-3.3376951,1.7643028,-0.6254428,1.3540986,1.6548635,-0.51808184,-0.75904024,0.234707,-1.3531328,-0.80842245,1.5433165,1.0211633
12,0,3.071762800216675,0.43601,0.6974836,-0.101397775,-1.3129001,-0.48147008,-0.8909551,1.2676212,-1.8684918,1.2083131,-3.3825538,2.4766018,-0.3048793,-1.0571042,0.4133663,1.3038739,2.1397605,-2.196057,0.3891227,-0.34267676,0.5640577
12,1,3.071762800216675,0.5226698,3.7021766,0.68162215,-0.90607893,-2.0807908,-0.26487997,-1.7900102,0.12115265,1.3824173,-2.3980658,-1.0741233,0.4780491,0.48430622,-0.7367164,-0.406167,-0.4493797,-2.5885446,1.7590419,1.1021327,-0.4646714
12,2,3.071762800216675,1.7896354,0.12876166,1.0339094,1.9626411,0.7050092,-1.8302317,-0.8065854,-1.9721678,0.11691181,-1.5925722,0.6298093,2.2731235,-0.35271734,-0.10644828,-0.80341256,-2.8100438,-1.3297178,0.8305829,0.13544752,1.1534503
12,3,3.071762800216675,0.717142,1.1089457,1.5372247,0.5307175,-0.8203353,-0.8075906,-1.1718278,-0.7183207,-0.77429265,-3.3550954,1.4939823,0.75319713,3.5702057,-0.1980716,-0.31329492,-0.1409183,-1.3302813,-1.6269583,1.7462236,-0.97843814
12,4,3.071762800216675,-2.8809798,1.6683086,-0.64455533,-1.5269076,0.5752087,1.8912917,0.53924143,-1.2893248,-0.18055485,-2.6641984,-0.3768784,0.5221427,3.040213,-0.8235564,-2.1025503,2.142359,0.4025228,-2.0315354,1.9015993,1.4988278
13,0,3.1280766487121583,-0.012044526,0.08917706,0.32979017,-0.86335945,-0.026584167,-1.7385963,0.6766274,-1.3033525,1.741035,0.5815714,-2.1962273,-1.4311445,2.5584733,-0.036921408,-0.7937929,0.21602626,-0.3114568,0.4626048,-1.7020638,-0.15745589
13,1,3.1280766487121583,-1.4277794,-0.3926944,-2.2740273,1.8632742,-1.9987482,-1.0961596,2.2402787,-2.640831,2.0723403,-0.7348362,0.38004425,-0.453571,0.7042711,0.74458116,-1.166291,0.015733736,-0.6680339,2.3870845,1.0094464,0.2444532
13,2,3.1280766487121583,-2.1494954,0.3220122,-0.9344387,1.8514867,-2.4685378,-0.707122,-0.5306918,-0.85251236,2.4007454,0.5893351,-0.5841936,-1.8995326,1.9083397,0.25350028,1.9565914,-0.6114084,-1.3643346,0.15417737,-1.7126862,-1.4220906
13,3,3.1280766487121583,-1.8127186,-0.5125979,-1.9061066,-1.4554509,1.4452456,-1.922908,-1.3633882,3.0717652,0.15159343,5.306926,0.8305358,-2.185228,-2.0576193,-1.1947725,-0.14327274,-1.4884241,-0.3922172,-0.99763614,0.2535275,2.6654615
13,4,3.1280766487121583,-0.4719703,0.78211015,0.9885892,-0.7134724,1.0303688,-1.0232055,0.47087225,-3.6333277,1.3593465,-2.9895015,-0.21885088,0.66169786,-1.0677285,1.5492522,0.19237624,-1.0391414,-1.1687437,-0.56984675,1.3909711,2.1397674
14,0,3.7628698348999023,0.25759384,0.29890576,-1.4118791,-0.85811263,1.6962234,0.90768856,-1.0518297,-0.14561814,-1.6941774,2.5808582,0.95785534,-1.1427736,-1.7080158,-2.2739327,0.24510072,-1.4418229,0.16179863,1.5955786,2.114843,1.2890927
14,1,3.7628698348999023,0.8920257,-0.9448399,-0.43357927,-0.8409532,-1.2498747,-0.13746527,-0.7299328,0.99310267,-0.9800569,-1.5592712,0.80647784,4.886125,-2.38903,1.9616914,1.6531355,-1.1026423,-1.858677,0.6154794,0.34251022,-0.8886305
14,2,3.7628698348999023,1.4442121,-1.2012246,1.4788693,-1.50944,-2.2508237,0.31741336,-0.38904878,-2.143968,0.45130658,-1.0236021,-0.85552955,1.8516588,2.7944267,0.53360355,0.49668303,1.5290424,-0.9411176,-0.42839813,-0.34139103,-0.6298544
14,3,3.7628698348999023,-0.709566,0.6673802,-1.0444391,-1.1330311,1.1381866,-2.5182374,0.9109435,-1.6907853,1.8972404,-2.3367152,-0.68395126,0.27127585,-1.1359133,1.1869795,0.47522384,2.1380897,6.4083514,-1.3193098,0.221767,-0.7579271
14,4,3.7628698348999023,-0.25096726,0.22537324,2.0515027,0.16607109,-0.1577446,1.0027443,1.7965827,-1.5174962,0.4187891,0.22656994,0.4999219,0.025633536,-2.1322844,0.050373346,-0.83197004,-0.82161146,-1.7978735,-0.6256383,-0.7975219,0.026494863
15,0,3.0416901826858522,1.332201,0.480813,-1.5270331,-1.77184,2.1427686,-1.2143054,1.0424747,-0.9874391,1.5832131,0.43639556,-0.48624107,1.8542584,0.7856834,0.44050792,-1.8502578,-2.2320223,0.5520815,-0.08070657,2.7428,-0.23924382
15,1,3.0416901826858522,3.1411166,0.65335476,1.3349556,1.2398179,-1.9031333,2.1416621,-1.5030378,-0.9281124,-2.0885608,-2.6074088,1.624171,-0.546147,1.4344661,0.11010126,1.1791319,-1.2262698,-1.9423186,0.6443592,-1.7391628,-1.7597661
15,2,3.0416901826858522,0.9304416,-0.3248277,1.4031228,0.60842794,-1.1572759,0.20879678,-1.1923598,-1.1657116,-1.419086,0.14440043,0.6490996,1.3746734,0.2631226,-2.3218193,-1.0229673,-0.25475442,0.751921,0.9987308,1.7909414,-0.030845534
15,3,3.0416901826858522,-2.1771355,-1.6699507,-2.424328,2.6366596,-2.1817722,0.60872686,-0.21616687,-0.5474895,5.3568573,-1.096967,0.22881807,0.5983653,-2.0461028,0.48824117,1.107205,1.0627557,-1.4903575,-0.7782458,-1.7276986,-0.80384386
15,4,3.0416901826858522,1.069796,0.21905093,1.9319927,0.36942717,0.18438533,-1.017102,-0.5298525,1.5422852,-0.5821166,-0.8061462,0.90706414,-0.18874897,-1.7722719,-1.2455233,0.050087966,-2.696049,0.82589436,0.7818767,-0.035427447,0.6715965
16,0,3.1827372550964355,-0.9573728,1.2825811,0.06920949,-0.728102,0.11224578,1.1539673,0.28607413,-1.6013191,1.184301,-0.76122814,0.8932566,1.7016101,-2.0011663,0.707315,1.1213583,-1.8322659,2.62799,-0.28171155,-1.3569713,-0.18594219
16,1,3.1827372550964355,-0.23024414,-0.01971188,-0.16261671,-1.0418546,1.7099389,-1.1567619,1.454233,0.112519465,-1.206563,0.80570984,1.7415967,-1.0027205,-2.3921106,-0.85453385,-0.47187856,0.5419405,-1.7823657,2.845603,-0.100658715,0.7948907
16,2,3.1827372550964355,0.5079042,-0.17345825,-0.05442896,0.915553,-0.97824,-1.9361173,-0.4501007,0.111873396,0.19306011,0.010339875,1.1526461,0.4426424,-0.8649706,-1.399227,-0.53072137,-0.30483776,-0.036511898,-0.98109066,0.863585,2.1688702
16,3,3.1827372550964355,-1.1129733,-1.2436866,1.5166479,4.4850965,-2.169851,1.8779732,0.43628606,-1.2158343,0.7890348,-0.8776403,1.0366627,1.2996874,-0.70717174,-2.3456755,-0.44534504,-1.9755648,-1.279262,-0.040188853,0.003910163,0.061635047
16,4,3.1827372550964355,1.7767969,-0.40796134,-3.1389134,-2.5236516,0.0010852254,1.3605608,-1.7394401,-0.018494733,1.9808253,2.7426877,-1.8829807,-0.9172954,3.5998635,-0.8824692,-0.5803287,2.9428084,-1.0794758,-1.286677,-0.7728834,-0.6680696
17,0,3.1019805908203124,2.0667682,-0.46334162,0.7809989,-1.471844,-0.7984648,-0.5161289,-0.7857062,-2.0877106,0.2217957,-3.120014,1.2400504,1.7571721,2.6469767,0.64864534,-2.200189,2.410412,-1.1269761,-0.68542016,0.18189895,0.7412194
17,1,3.1019805908203124,-0.35697734,1.8066761,-1.1979285,-1.5556867,1.988451,-0.7892717,0.86141735,-1.7092069,-2.5422444,1.4445043,0.4241046,0.33896556,0.6556501,-1.4135141,-1.6338303,2.315784,2.375077,1.7062867,1.5602369,-0.0050078304
17,2,3.1019805908203124,-0.36543038,0.4220826,-2.6825619,1.8833301,-0.6499062,-0.69912654,0.0038772856,-0.16453382,1.9935213,2.583622,-0.20470935,1.1130155,-1.3043555,-0.3164793,0.68804324,1.1065904,-0.1347286,-1.8725863,-0.48763886,-0.52896285
17,3,3.1019805908203124,1.1148111,-1.3448422,1.7111622,0.6093922,-3.014299,3.5929859,-1.092377,-2.6588101,2.0966823,-4.250173,-0.4027082,0.50186,3.487813,-0.3631104,0.03417703,5.1930237,0.8426743,-4.123827,-0.24693343,-1.6841047
17,4,3.1019805908203124,0.72447103,-0.3522817,-2.4898622,-1.3673147,-1.745025,-0.26861924,-1.0268636,0.8769578,0.58328325,1.1138306,-0.18003319,2.8838503,-1.4263986,0.58584833,1.8364395,-1.8009521,-0.64854074,0.87393063,1.0637509,0.11638019
18,0,3.6103036403656006,-0.25582635,1.5134753,-1.5252295,-1.8623757,2.3818352,1.6747317,-0.082845256,-2.6782358,-0.5584899,0.974296,-0.1379173,-1.8852901,-0.7100028,-0.24447055,0.21542442,2.3035595,-1.9038603,-0.1416604,0.6384129,-0.11254669
18,1,3.6103036403656006,-2.5623107,0.02612894,-1.1636176,1.0250336,0.86040324,2.519058,-0.26765862,0.543347,-2.5251057,0.39672607,0.61331254,0.54181767,1.2585778,-0.28216434,-1.6521102,-0.685396,-1.8284241,-2.2040794,2.2832894,1.7191217
18,2,3.6103036403656006,-1.9666328,0.2552011,-0.052474383,-0.020504331,-0.8268419,3.6013038,-1.1549066,-0.47844574,0.3284488,-0.48435804,-0.7472333,-0.9562985,0.20178552,-0.8409441,-1.7163262,4.6004376,-0.7488852,-2.3544595,-1.1979461,1.0097004
18,3,3.6103036403656006,-1.6009222,1.8442018,0.5819439,-2.1784368,0.8743077,0.1469476,-0.44152963,-1.2951549,-2.8366344,-0.18284826,1.3860356,2.0378275,5.0741796,0.9524047,-2.939425,-0.8316533,-0.73975325,-0.027226996,1.9439907,0.5235234
18,4,3.6103036403656006,-1.5899966,0.3855267,-1.4764223,1.542004,0.4356488,3.190405,1.8376982,-2.1503832,-1.1316388,-0.42694825,0.26199803,-0.49133492,-2.8896673,-0.7281931,1.4733137,1.5480134,-0.74915856,-3.6069758,1.684631,2.2080936
19,0,3.4408363342285155,-0.19912985,-0.4127131,-1.4476362,1.2642437,1.6487834,-1.249296,1.9138013,0.4413544,-0.3282751,-0.97767913,0.34515476,-1.0524596,-0.9131443,2.5027943,1.5730866,-1.9970609,-3.120446,0.99115264,-1.2533791,-1.4850808
19,1,3.4408363342285155,2.1771164,-0.27560765,0.37600836,0.5030916,-2.3908522,-0.18325928,0.4893396,-1.2584007,-0.0016457068,-1.7518684,-1.1928021,1.9818575,5.274057,0.30455223,-0.67771536,-1.1575229,-0.31812584,-1.7321502,-0.22746867,-1.1103601
19,2,3.4408363342285155,0.99083436,0.0041752025,-1.595086,-1.7664734,1.4081198,1.1527599,-0.9710751,3.0195184,-1.4928057,-0.38175508,-0.92291045,0.4924091,0.86117613,-0.9954094,-1.6301306,-1.4171402,2.9568665,-1.8702747,2.1780558,-0.8704098
19,3,3.4408363342285155,-2.163375,-0.83848494,-0.57061285,0.59774333,0.82106173,2.834864,-0.36991274,-0.5679965,2.7827885,-0.55981195,0.39913717,-0.10539938,-3.0586247,-1.3246197,-1.3368614,-1.6041119,3.108605,0.095792696,1.2475729,0.012134305
19,4,3.4408363342285155,2.924584,0.16540454,1.6074871,-0.44617912,-0.5961331,2.3729465,-1.3163613,-0.7580454,-1.8644639,-2.8531556,-0.3600772,-0.5699064,3.00669,-0.6683223,1.8880863,0.123621605,-1.3597305,0.75650746,-0.0713421,-1.4545996
20,0,3.5616220474243163,-0.28393066,-1.3920704,-0.25554505,0.5421272,-0.96805054,-0.6067143,1.0745691,-0.24497151,2.2312884,-0.34620935,-1.1327089,0.09968163,-2.3953018,1.5992136,1.147217,-1.4210083,-3.1802275,-0.12233393,-1.1851492,-0.60590136
20,1,3.5616220474243163,0.46629348,-1.1822462,-0.6825295,0.2697227,-0.10916311,-1.9774301,2.1432924,-2.644353,0.70071006,-0.5042506,-0.1561088,0.43324968,1.4437512,1.7983154,-0.18511425,-0.32672763,-2.7595153,-2.3754077,-0.7934778,0.34300998
20,2,3.5616220474243163,1.415043,-0.63351923,-2.394268,-1.0516087,1.7001036,-1.888915,0.42207074,0.97716135,-1.1617385,-1.2198595,-1.9474431,-1.2262082,-2.6599543,-1.5843401,-1.5473965,1.027516,2.1962752,1.9047431,1.5646118,1.5854436
20,3,3.5616220474243163,-2.8389754,-0.15777999,-1.7926273,-1.8360143,0.5877051,-1.1384007,-0.09890862,1.1100472,4.882829,0.38490745,0.6994217,-0.7489386,-1.0273366,0.155983,0.26424548,-1.5380071,-1.3614951,-0.6142016,-1.4588689,-0.930836
20,4,3.5616220474243163,4.8686137,-1.0750513,-0.8166857,-1.455754,0.36579275,2.3627005,-2.4373097,-1.7848783,-2.4687235,-1.5624888,-0.775441,0.20144868,1.7901429,-1.1329355,-2.5970788,3.1807973,0.49743557,0.028820492,0.5523651,-1.9344567
21,0,2.8400463104248046,0.5620438,0.4110551,2.011102,-1.6483247,0.07490764,-0.46092248,-1.9180504,0.76484674,-2.2741103,0.6983992,-1.3536733,-0.33357355,1.7352529,-1.0598811,-0.86547184,0.94380665,2.176185,-1.4189986,-0.059108216,-0.53572524
21,1,2.8400463104248046,-0.8465421,-1.0904683,0.1932642,0.40665513,0.24155384,-1.4668392,-1.7291799,-0.7625547,-0.7138748,-0.7259119,0.7440657,1.7461978,-1.9729147,0.7756544,-1.8926575,3.11355,0.26850194,-0.20824975,0.651997,-1.9220685
21,2,2.8400463104248046,-1.3521436,-0.45351836,-0.04769569,-3.1951015,-1.0482515,-2.5281377,2.618923,2.4757073,-0.8288319,-0.67498815,0.84236115,0.40061542,-2.7440777,0.6540113,-1.2612618,0.50008416,1.3577402,3.3455586,-0.5437318,-0.9059938
21,3,2.8400463104248046,-0.7317865,0.8302572,-0.9325682,0.7048525,2.5217533,-1.7867119,-0.6449764,-0.59514093,-1.5549779,0.52451074,0.6690537,-0.65400493,-1.6532165,-0.75480175,1.7690356,-3.8517513,0.3752017,-0.16637404,1.633288,1.339955
21,4,2.8400463104248046,-1.8813636,0.60325575,-1.7019694,-0.8489142,0.7799524,-1.3430706,1.5115721,1.5870476,-1.2852141,0.32240257,2.164975,-0.66016126,-3.2547472,0.67950976,0.13653654,-2.4573498,0.434162,0.4568844,-0.19448532,1.4739757
22,0,3.6865030765533446,-0.36179006,3.6804943,-2.371032,-0.8175926,0.83068764,-1.091049,0.88566905,-0.08540386,1.9481775,0.26555985,2.7257295,-3.4241054,-1.1458126,-0.30480933,2.320472,-2.1119404,-3.337892,-0.9674856,-0.29370952,0.15112908
22,1,3.6865030765533446,-0.98866117,0.6515812,-0.9446385,-2.0653434,1.723797,2.5871472,-0.8779666,1.684754,-1.339284,-2.5018644,5.0504737,0.2715811,-1.6945407,-1.8968366,-3.0723531,1.4454275,-1.6765662,-1.8984696,1.707127,0.6036167
22,2,3.6865030765533446,-0.37444076,-0.28934777,-2.4505422,-0.076195106,1.8703241,-0.5374618,-1.3973843,1.1533494,-0.5630184,-1.028543,-1.5371706,-0.67749953,-1.1504763,0.8871667,-0.1282347,0.7050574,-1.6850227,1.2080262,1.300706,0.14730023
22,3,3.6865030765533446,-0.43913236,-0.61300397,2.5057385,-1.1625448,-0.32497042,0.053423516,0.7641545,0.6028814,-2.5022223,-1.7887549,-0.28903955,0.7710285,4.842132,-0.34895015,0.394665,-2.4349265,-0.75353205,1.0166583,0.6227651,-0.7699543
22,4,3.6865030765533446,-0.29639062,-0.65006495,2.3068583,-0.14112034,0.03802387,0.89279175,-1.1669178,0.99005425,-1.6984222,-0.14022993,-0.19423027,-1.3822168,-0.11697902,-0.5575876,-1.8091516,1.060362,0.9835711,-0.8210077,-1.0507511,1.3214693
23,0,2.968563461303711,1.1678326,2.2110195,2.4525404,0.09522658,0.6827754,-2.0833929,1.6101694,0.6484862,1.1322128,0.8595779,1.7538139,-3.0501516,-3.1805167,-1.451551,1.3458374,-1.5084625,-2.1498084,0.3218517,-0.390463,1.7262614
23,1,2.968563461303711,4.0489197,0.93486685,0.45730212,-0.77963233,-0.81995755,0.6533964,-1.7623547,0.29038584,-3.1136935,0.5843599,-0.103871204,-0.53464675,-3.1249328,-1.2043889,0.45034912,0.85296416,-0.75751835,1.891093,0.9306978,0.48925936
23,2,2.968563461303711,2.6875114,3.7015703,-1.1290301,1.2955937,-1.3939636,1.0339636,-0.6531017,-0.25883248,-3.7227077,0.31855953,0.93579865,2.6810741,-1.8037331,-1.0537667,-2.8373616,-1.3498921,-3.0008292,2.070942,2.9778397,0.4168234
23,3,2.968563461303711,-1.7508256,0.9488607,1.9041473,2.2843254,-0.30609435,-1.255109,-1.5567719,1.8234239,-2.3344152,1.3343991,-1.2647568,-1.9228246,-0.3746352,1.1359876,1.339819,-1.5602986,0.04851502,-0.57316494,-0.04791805,0.32104445
23,4,2.968563461303711,0.9739679,2.5325553,0.812759,-1.7434219,0.1368108,-1.7959846,-1.1835787,0.20856228,-2.4743345,1.4992594,1.2476269,0.8202132,-2.5644133,0.19859976,1.0271589,-0.6082604,2.5511758,1.3058863,-0.316003,0.59967893
24,0,3.5830009460449217,1.7841129,-1.2210555,0.48552278,2.5947294,-0.1648806,-1.5615808,1.3117324,-0.48045385,-1.0187881,-0.6919133,0.22522768,-1.7085158,-2.3826425,0.08940025,3.3692245,-0.32896864,-2.0887141,0.13033184,-1.3015919,-1.8260634
24,1,3.5830009460449217,-0.92917013,-1.4043133,-0.0873182,1.0833409,-1.5808966,-0.49482253,-0.32127738,-2.16824,-0.8627728,-1.9546522,0.1477924,0.07672124,2.2773101,0.10041317,-1.0681163,3.412793,-2.6315246,-0.4123067,-0.18552397,1.4402318
24,2,3.5830009460449217,-1.031539,-0.8374256,0.91273165,-0.3005572,-0.5863375,-3.181888,-0.818409,-1.7018485,1.4410348,-1.9761453,-1.9035338,-1.0025022,0.20919025,-0.09485675,-0.75851,3.6103277,1.9310331,0.07971746,-1.6733102,1.140671
24,3,3.5830009460449217,-1.9654841,-1.0183626,0.55959517,-0.100034826,-0.42982528,-0.76124614,-0.6156419,-1.185576,2.1366029,2.2600346,-0.23755345,-2.1732032,-2.1580021,0.4181005,2.9812038,0.12893954,-2.4450753,-1.7359672,-1.0650555,-1.0119439
24,4,3.5830009460449217,3.010871,0.2554586,-1.5028878,-0.085057706,1.7212734,-0.9396517,-2.2417552,-1.8319141,-0.6816154,-0.60581404,-0.28930384,0.64335614,1.7413553,-0.39353564,-2.46252,1.1662151,0.6616984,-1.5481899,0.6417714,-2.5635822
25,0,3.2575590133666994,-0.46257636,0.73355937,-1.2036134,-1.414831,1.3332504,-1.2555629,0.36191362,1.1361198,-0.7565335,0.47217163,-0.22916502,-0.91665125,-1.511677,-1.5193342,-2.9805868,-2.7441435,-0.38894826,2.9567282,-0.16147514,3.3381999
25,1,3.2575590133666994,0.16812822,-0.82181394,-1.6903743,-0.71475345,-1.8945528,-2.230723,-1.2156683,1.5474622,1.9315444,0.65699226,-0.8329605,0.2376594,0.51057917,-0.9720369,-2.469899,-1.7610762,-1.3510312,2.0874925,0.63904214,-0.68704647
25,2,3.2575590133666994,-0.1978926,-0.48411766,-0.6933115,-1.6502914,-0.26817706,-1.0967499,0.012994195,-1.8048958,3.567193,0.68332607,-0.19881351,-0.66629326,2.6197958,2.1812928,-0.8675014,0.1522988,-1.2828751,-2.4129038,-1.1894208,-1.6792227
25,3,3.2575590133666994,-0.48403248,0.017999873,0.6702944,-0.790455,1.6389809,0.39762357,-0.3298486,-1.6135968,0.24529344,-1.4699405,-0.3168419,0.610393,-1.5245386,-0.08839292,-1.0448961,-0.40578103,3.098396,-0.1922307,0.738727,-2.3541996
25,4,3.2575590133666994,-2.1255524,0.38470188,-1.925969,-0.9738045,-0.7493078,-1.2893233,0.42068776,-0.9514256,2.078123,-1.7854027,-1.1076293,0.053251423,2.708041,1.5983913,-0.4628787,-1.7357893,-2.2999172,2.6103837,-0.20512408,-1.4621104
26,0,3.4581603050231933,-0.78534424,0.21717353,-0.5719934,-1.1887825,1.9480999,-0.64086264,0.46135643,-1.0680503,-0.51429,-0.84472156,-0.6762917,0.51212287,3.1535318,0.37574235,-1.4061565,-0.77719754,0.73296404,-0.75714195,0.07207901,2.098492
26,1,3.4581603050231933,0.74980044,0.3891742,-0.67344165,-1.7116171,2.1487036,-1.8263093,0.631202,1.5653796,-1.3177847,-0.7434713,-1.0707794,0.48734558,-0.12915576,-0.56770706,-2.8456855,-1.3134816,4.9734335,4.0646014,0.56088006,-0.9455767
26,2,3.4581603050231933,-1.7362603,-0.54805344,1.1203766,-1.7551221,-0.72997534,-1.2797288,1.7321038,-2.9329703,2.2572422,-1.7247218,-1.2075938,3.6490319,-0.2509374,-0.11411334,2.3128211,-0.036054805,1.4836271,-0.00239188,-0.9053548,0.9949183
26,3,3.4581603050231933,1.8484364,0.51295936,1.0003269,-0.13984263,-1.5849949,2.8576114,-0.9181233,0.29605424,-2.8203642,-2.4061372,-0.677888,0.16925117,0.4008806,-0.21113132,0.112662084,0.66173965,-0.9899298,-1.1563357,1.1914294,-0.9996034
26,4,3.4581603050231933,-0.9151864,1.6122738,-1.8535837,1.3062879,1.2429132,-1.1954789,2.6574106,-0.50385,-1.9269462,-0.25444087,-1.5906323,-1.6676568,-0.45731387,0.8679463,1.2044181,-0.19554374,0.022473898,-1.658707,2.318938,0.75095105
27,0,3.1707505226135253,-2.756305,-1.1051495,1.662356,-0.25835237,-0.87702394,3.2563682,-0.67271906,-0.17483236,1.5623541,-1.5891039,-0.13586925,-1.397511,-0.4992793,-0.4880745,-1.8407305,4.0556865,1.0441576,-1.4871631,-1.3270864,-1.6154035
27,1,3.1707505226135253,0.42672035,-0.27100578,2.4609282,1.5838593,0.25966516,0.6848792,0.44570366,-0.34875888,-0.48873478,-0.70890176,-0.70118433,-0.66603416,-1.2903699,-2.2224896,-1.5420051,-3.3268847,-1.4775347,0.49890685,-0.2559676,1.9857424
27,2,3.1707505226135253,-0.08057428,-1.3267989,-1.4280185,0.24073112,0.067214504,-1.761412,-0.76805294,1.3304498,0.3829913,-1.019239,-0.16552253,1.0072286,2.3882167,0.88390356,1.1982458,0.23158178,-0.46882975,-1.4389142,0.649686,-2.2202933
27,3,3.1707505226135253,-1.0874221,-1.4547436,-0.37015232,1.8824836,-2.3656893,-2.6936603,0.80990875,-0.32133242,3.2243142,-1.4608603,0.85810894,0.005281985,-1.2535886,1.9849588,1.9796457,-0.46336412,0.38689455,-2.6190124,0.11115078,0.24245942
27,4,3.1707505226135253,-0.89247113,-0.2751111,-0.5865863,-0.8797621,0.30221856,0.24804886,-0.082517475,-1.5568582,0.25071025,-0.38444707,2.4643085,3.00979,0.0052359835,-0.23166855,-2.184043,-1.0541624,2.2353897,0.993179,-0.026779545,-1.1516478
28,0,3.556005573272705,-0.19015665,0.7692549,-0.8656584,-2.0966876,-1.5953867,1.1055635,0.141943,-0.43621138,0.9923124,-0.14856201,3.7598586,1.4521832,0.9107113,0.9706427,1.419139,-2.0828025,-1.5773236,-0.90201205,-0.55490035,-1.5682874
28,1,3.556005573272705,0.39031398,-1.8713992,1.6457169,0.06744874,-2.4923303,1.5165135,0.3451803,-2.8566737,1.7912319,-0.8650167,-0.8874283,1.3823658,-0.24401551,0.08274305,0.1339294,5.6545644,3.0351589,-0.8428647,-0.88167185,-2.6502864
28,2,3.556005573272705,0.42395136,0.13727471,-1.533637,-0.13957208,-1.0548049,-0.19201584,1.556286,-1.5591499,0.19944225,-0.116172194,-0.9516698,2.7891994,1.6865797,-0.6638308,0.04612584,2.065675,1.9270191,-2.8666682,1.5750452,-0.64782816
28,3,3.556005573272705,-1.2417175,1.8719165,0.08598332,2.5552502,-2.0928836,0.078913,1.8672093,-2.216909,-0.30803356,-2.1196535,0.27736866,-2.1880655,3.2082288,0.35156158,3.34831,-0.2911472,2.029033,-1.3691508,-0.8655582,-0.94656307
28,4,3.556005573272705,-0.7070738,0.65804315,-1.3567876,-0.9548002,0.884474,-2.5152106,1.9179901,2.3283098,0.46397886,0.8133274,-0.110455126,-0.25425556,-0.6813914,-0.26976526,0.5898397,0.86842763,2.7579744,-0.36908883,0.19859213,-0.33699417
29,0,3.865031671524048,-1.4325027,0.14891271,-1.2357932,-0.6627864,0.3778549,-2.449081,-2.0286458,0.8770881,0.825425,0.9677927,-0.8454109,-0.059286084,-0.13121583,1.3115463,-1.2604468,-3.0271938,-1.0383371,0.9332414,3.8679004,1.2846404
29,1,3.865031671524048,-1.3399695,-0.46971676,0.7425645,2.08511,-0.2519003,-1.4185069,-0.32272613,0.75523627,-1.499655,-1.7295092,-0.38256606,0.14308183,-1.1952084,0.7427293,3.3169432,-1.1718664,-2.6319618,2.1452432,-1.4224876,-1.1760031
29,2,3.865031671524048,-0.9608234,-1.0413506,-1.7143688,0.17346452,-0.25140113,4.3380117,-1.702495,-0.35633987,-1.9412863,-0.79045415,1.5269407,-0.42257524,0.70649284,-1.748621,-1.27965,-0.5066827,-0.97698367,1.0801485,3.795889,-0.37243897
29,3,3.865031671524048,-1.0460743,-0.96022373,-1.3911879,1.0461808,-0.19054979,0.98887426,1.6112945,-2.1770823,-0.88558125,-0.57631475,-0.03246636,-0.22830096,-1.5443311,-0.35927188,-1.539927,1.3051842,5.2264276,-1.6578406,1.5524861,-0.39888284
29,4,3.865031671524048,-1.4434023,-1.1606146,0.23080996,-0.9788739,0.5529397,1.6835464,0.64089763,-0.486562,0.13551533,-0.7091484,0.24395041,1.2799684,-1.7969505,0.5120203,-1.0376145,1.830606,0.24777341,-2.7820039,0.3593445,0.13198705
30,0,3.3026631832122804,1.1688541,0.7289762,-0.7658643,-0.087393545,-1.1310515,-1.8858619,1.4151405,-1.370349,-1.8627524,-1.7958763,-0.75420254,-0.34503907,-0.992395,2.2568521,1.0509006,0.45919025,-1.7050073,1.5596691,-0.26341233,-0.16634442
30,1,3.3026631832122804,-1.0935249,-0.4938122,-0.3818777,-0.106440514,0.50952196,-1.4127246,-1.4243112,-1.7468072,0.09207071,2.9374933,0.72582954,-1.784384,-1.8478523,-0.9782873,0.073976114,2.1335163,-3.3487775,-1.5518821,0.30163035,3.208316
30,2,3.3026631832122804,-0.50217795,-0.3408189,-1.6819258,0.54611903,1.0313603,-1.434125,2.6581898,-0.27444363,-1.261414,-0.53089154,2.2190182,-1.127755,-0.9362435,0.3426398,-0.35260978,-0.68025935,0.47312906,-0.8249236,-0.5283947,-0.1946792
30,3,3.3026631832122804,-2.7770934,-0.17754245,-0.99005413,1.0911243,0.07370223,-0.052536882,-1.2395191,-1.318807,4.093388,2.1680806,0.6924847,-1.5880891,-2.281399,-0.374905,0.6678376,2.6687472,-3.1404886,-1.9389732,-0.72977597,-1.001336
30,4,3.3026631832122804,3.1435163,1.615947,1.8700361,-1.1866856,0.51855356,-1.2895669,-0.7470424,-2.5978231,-1.4254054,-2.4003532,-0.89318013,-0.33783668,-1.1297047,2.1435168,-2.4389806,0.67579675,2.21945,-1.0795848,0.4568132,0.05112405
31,0,3.217390775680542,-1.5105692,2.277237,-1.3136272,1.0648904,4.579468,-1.6761181,2.5855265,1.1827241,-2.931389,3.500549,2.7611816,-1.1093954,-2.2180164,0.99469936,1.919275,-3.866985,0.59191895,-1.6531262,0.97180706,0.7846452
31,1,3.217390775680542,1.0170534,3.2723777,1.1781228,2.5902245,-0.37244117,-0.042994123,-0.6340453,-0.46337575,-2.238915,-0.64218587,-1.2346454,-1.000517,-1.7487354,0.32106096,-1.6426792,0.11149025,1.6018851,0.11644353,0.61974645,0.6123416
31,2,3.217390775680542,0.92058897,0.71117127,1.5095099,0.61725116,-0.321399,-0.5912756,-0.069746636,0.8005531,-1.1814096,0.17467293,-0.64673626,1.2147171,1.0445516,-0.20429212,2.1258132,0.2903972,-2.1006732,-0.6388222,-0.8295842,0.13539815
31,3,3.217390775680542,0.2979408,1.9159268,-1.065639,-0.61749345,1.0972105,-1.074452,-0.92220485,-0.32166046,-0.8862935,1.3604857,-1.2447453,-0.7377647,-0.97101146,-1.0470297,-0.17396656,1.258234,4.658752,2.2347806,0.20902023,-0.5083634
31,4,3.217390775680542,-0.476856,1.0238287,1.5908432,-0.5433726,-1.320258,-0.86992943,1.7468568,-1.0709549,-0.60030067,-0.74016154,1.4335926,2.3691888,-0.091131836,-0.33134165,0.45110786,-1.8554449,1.5502806,1.0258913,0.8221371,2.5211663
32,0,3.349838066101074,-0.8306732,-1.1393906,-1.6839013,-1.0611181,0.059074767,-1.3211118,0.20196982,0.10059525,0.7073383,-0.28323868,-1.1677045,1.583916,1.8358519,0.96145254,-0.26699513,0.47488886,-1.6779221,0.056404512,1.2167138,0.33174127
32,1,3.349838066101074,0.69723225,-1.5566771,-2.3872058,-1.3068705,-1.2836573,-2.6958091,1.3446085,5.3084273,-1.4675251,0.1629663,-0.08921101,-2.7886744,-1.4926952,-2.7894742,-1.656146,-0.6167466,5.5769353,5.3861637,-0.86205965,0.92763746
32,2,3.349838066101074,-1.2706108,-0.4357912,0.27894455,-1.6300677,0.15282834,2.0757465,-0.7542467,0.59236866,2.0925112,0.35530108,-0.786987,0.20306776,-1.5439588,0.32952875,-0.69757915,1.0438098,0.07374351,-1.9428918,-0.31797048,0.010938638
32,3,3.349838066101074,4.3751335,0.36294657,-0.041900452,-0.03324729,-0.964143,1.3489333,-1.1516361,0.29782686,-2.2401302,-1.0936089,-1.0142828,1.4901013,2.0659502,-0.3498705,-0.6690978,-0.7971899,-0.27036208,0.017409768,-0.41097525,-2.0136886
32,4,3.349838066101074,-0.86827236,0.302988,-2.5271597,0.41445127,0.90851855,-1.2618908,1.4038999,0.24415451,-2.2230787,-0.40199178,-1.4104477,1.1896901,0.1080197,0.09829286,-0.19120556,-1.0042502,-0.50685465,1.2389891,2.470374,0.80212444
33,0,3.4252390384674074,0.31175914,-0.81535083,-3.1445887,-1.2673047,1.3162695,0.0047278097,0.018012386,2.6310143,-0.2719217,0.8047778,-0.9035398,0.14373109,-1.5869237,1.3379208,0.20420124,-1.3178062,1.8099701,-2.462882,-1.2231585,1.2263873
33,1,3.4252390384674074,-0.99142885,0.5233919,-2.4743474,-1.1320267,1.4899218,-1.0623448,-0.59168696,0.209967,1.1108543,0.46315366,0.90319824,-1.6319909,2.0950053,-1.2487911,-1.4844192,2.2757356,-1.1714427,-2.3541875,-0.6562005,-0.09461582
33,2,3.4252390384674074,-2.1113646,-0.103259854,-0.5459313,-0.98433876,-1.469903,0.2120195,-1.2305982,-3.1715877,1.3625259,3.3448663,1.1357123,-1.5572617,-0.8298145,0.41890785,-1.6094943,3.7495575,-1.8444949,-0.1764198,0.9672448,0.64569855
33,3,3.4252390384674074,-0.4757374,0.073756576,0.62878937,1.3710946,-0.18269572,1.5561494,-2.2404516,-3.3203132,2.2070353,-2.2368264,-0.98246753,-0.9527808,3.8399518,-0.8688878,-0.43705145,-0.6020779,-0.8144321,-1.4733677,-0.76883096,0.25567105
33,4,3.4252390384674074,-1.3858715,-0.37004757,3.64199,-0.05679484,-1.083557,3.0012424,-0.7769115,-1.8924245,-0.87156594,1.277183,-0.1627808,0.9229303,1.0852727,-0.7268859,-0.5940656,-1.2427438,1.0605654,-3.3584938,-0.33287778,0.33528665
34,0,3.0058852195739747,0.5076795,-2.6184986,-0.3884933,1.4100513,-2.4808857,0.8267403,0.6417127,1.4107504,0.45562482,0.1602054,-0.10490085,0.1725576,1.7106282,-0.03939436,0.8242485,-1.4441047,1.6279299,-1.8767385,-0.45810723,-2.10008
34,1,3.0058852195739747,1.8419523,-0.7449259,-1.4405694,-1.704593,-0.6621302,-0.45427918,2.0573795,0.10247151,-2.3106496,-2.8130794,-0.15672383,-1.3936012,-0.49015808,-1.6925999,0.95959663,3.0977495,3.356059,3.0606582,-1.2308397,-0.977658
34,2,3.0058852195739747,0.47299197,-1.1652284,0.16869114,-0.46409878,-0.5139992,1.065583,0.08833572,-0.81683075,1.7976297,-0.2824375,-0.3408648,0.91226435,-0.5838878,0.71944207,1.11436,-1.8261743,-2.0257168,-1.1648957,-0.5612513,0.030582586
34,3,3.0058852195739747,2.235465,-0.4271078,0.61972284,-0.83557755,-1.0452658,-0.65379494,0.26836178,-2.2062478,-2.2312675,-2.0749578,-0.3177993,3.044515,2.430086,-0.089340806,-0.2740121,2.2746184,-1.2118732,-0.05641095,-0.16116735,-0.06548801
34,4,3.0058852195739747,-0.55524516,-1.6064365,-3.2496333,0.49172437,0.5324745,-0.6373249,0.10994162,4.5043793,-0.020252118,1.1554656,-0.62393826,0.11840178,-2.6289077,-0.66360813,-0.02771026,-3.6358435,-0.97243106,2.2061164,-0.02950592,0.7200917
35,0,3.1336199283599853,-0.3684714,-0.98241585,2.2049065,0.029799856,1.7333043,-2.6358187,0.37076008,-0.0132169835,0.3330898,2.3987799,-0.9323,-1.9275033,0.010486403,-0.8766216,0.1261498,-0.45011938,1.6716129,0.95485085,-1.3183993,0.17696331
35,1,3.1336199283599853,-0.18843006,-2.4529374,-0.023414316,-0.24228083,-1.1096017,3.2489777,-1.3925097,0.34110993,1.0465776,-2.3758447,-0.53857267,0.20174013,-0.08405464,1.2939073,0.7197796,1.1638678,-0.34196794,-1.9561372,-0.74620533,-2.0613642
35,2,3.1336199283599853,2.5403817,-0.58597696,0.39903972,-0.29440394,-2.4855425,1.2399321,-1.122113,-0.26221094,-0.5636389,-1.9776016,-1.0975707,0.21019456,2.1813507,0.935886,0.026452808,0.75102377,-0.90005547,-1.1787063,-0.16024089,-0.9497986
35,3,3.1336199283599853,-1.1358671,3.028354,-1.2850052,-0.043987915,3.5598586,-2.8582752,-0.3751747,-0.7414161,-1.2491498,2.4458027,1.1456403,-0.16855891,-1.8948855,-0.023300337,-1.29658,-3.0783336,1.4250516,-3.1221375,3.3890827,5.0701046
35,4,3.1336199283599853,-2.5611708,-1.5493327,-0.57252,0.98296106,-1.8906332,1.2642608,0.69878393,-0.36000544,0.50910467,-0.3399394,0.555933,-0.88874006,-3.513917,1.5280035,1.63929,1.8143059,-3.258509,1.4322817,0.025924515,-1.9331797
36,0,3.415837812423706,-0.41649893,0.012105735,-0.88297904,1.1406171,0.0024229197,0.19803351,0.039485425,0.3677685,-0.09045748,0.8255259,-0.99019134,-0.5089504,-3.6113496,0.6126428,2.5970516,0.6210428,-1.3836375,-1.8762186,0.19059995,1.2062749
36,1,3.415837812423706,-0.06766984,1.6051646,-1.980751,-2.6073217,0.84345394,-0.10036236,-0.6295177,2.9181204,-0.38891414,0.7273857,0.52603674,-2.0187397,3.0273178,-2.2720644,-0.80123174,-2.668981,-1.8065184,1.8220521,2.302919,-0.2600667
36,2,3.415837812423706,-1.4186515,-1.6101315,-0.3917985,1.5941867,-0.7065707,2.5358815,-0.85411197,-2.0206516,-0.14208455,0.63427573,1.2342862,0.081157275,-2.2901483,0.71613413,-2.1445122,2.841088,-1.5540905,-0.77128667,0.29565963,-1.5818338
36,3,3.415837812423706,-2.3873763,-1.1156477,1.5669558,4.4958677,-0.20023313,1.0918204,-0.022271208,-0.2798609,0.7754762,-2.959458,-0.81344014,-1.788733,-0.8242535,0.9240625,1.7622132,0.9548976,-0.91307294,-1.8451874,-1.7631418,-1.267399
36,4,3.415837812423706,1.3910583,0.94149613,2.6100087,1.4678895,-2.4764965,-0.09754541,0.07941712,-0.6275122,-2.5292194,0.5875961,-0.17723757,-0.9743169,3.3890016,-0.4350063,-0.14558223,-0.8839064,-0.76373804,-1.652301,-0.95131004,0.60884506
37,0,2.985020160675049,-1.6992103,0.72975147,0.38905963,0.54630166,0.6539534,0.748383,1.0289186,0.27825853,-1.8691584,2.7618842,0.8597483,-2.2300518,-2.0154595,-1.0119059,-0.21322028,-1.6922398,0.32801852,-0.5093262,2.4259562,1.7126629
37,1,2.985020160675049,0.98777425,-1.1084784,0.8274425,0.1559022,-1.3313502,2.7527115,-0.57137275,0.8336911,-0.113078915,-1.6745877,-1.0885704,-2.1758876,0.9951613,-0.52595997,0.17151818,2.133241,-2.4396787,-0.7636553,-1.0675244,-0.75472456
37,2,2.985020160675049,-0.40086314,-0.8942505,2.5311477,1.4969478,-3.1657875,-0.7279177,1.8142446,-2.2961617,-1.8169806,-0.6027584,0.25356147,2.4968486,0.01627683,0.19807416,1.49216,-1.6700394,0.3199769,2.1337888,1.0505505,-1.3165857
37,3,2.985020160675049,-0.6995266,-0.60322523,-0.4809222,1.8452569,-1.2156844,-2.4994445,0.06728293,1.1350843,-0.045924593,1.7961676,0.5237058,-1.4490006,-0.6234272,-0.4818608,2.5028055,-0.7548431,0.05137044,0.16195832,-0.5100019,-0.6056645
37,4,2.985020160675049,-0.12563585,1.2483163,-2.9139383,0.36409053,0.5721686,-2.2649488,0.029297467,3.224422,-1.4475062,3.8275716,-0.53795594,-0.64887834,-3.841009,-1.6037782,-2.6587162,-1.8835257,-0.68335223,4.001525,0.65981174,1.6902734
38,0,2.944022369384766,0.64863753,1.3476461,-1.226173,-1.2732961,0.43472475,2.255776,-0.6939679,0.99810463,-0.030187929,-0.35965496,0.28397414,1.7529396,-1.256345,0.8894917,-2.8329084,1.2535256,-1.5220602,-1.1470169,0.07888307,1.5803285
38,1,2.944022369384766,0.64073145,1.1729139,0.5124465,1.3401687,-0.93631744,1.1176912,0.77549994,0.03919721,3.07486,0.17807904,0.7997601,-0.57516366,-1.5699531,2.05134,0.46405056,-3.0565217,-1.5218942,-1.1953411,-0.8999786,-1.689153
38,2,2.944022369384766,-1.7627212,1.5222626,-1.1733814,-1.4388416,1.7400376,-2.1937544,0.008790287,-2.065581,-0.23137128,0.9060089,1.2952323,-1.0309764,-0.8750423,2.4842706,2.8693895,2.312216,-1.309946,1.7314254,1.5845418,0.07160326
38,3,2.944022369384766,-0.03057672,1.0630491,2.1898181,1.0612093,-0.49291053,1.7746112,-0.31495202,-1.8058959,-1.9015284,-2.797997,1.0632188,4.1311603,3.0838063,-0.51845217,0.6543121,-0.10987815,0.16122061,-2.897535,1.7527441,-0.85299563
38,4,2.944022369384766,-1.4735777,-0.9754387,-0.39027798,-1.1120683,-1.6358104,1.3769565,-0.019623876,-0.002196889,0.9270765,0.8699191,1.6495609,2.1167035,0.8749931,-0.09284886,-1.8643324,2.9283051,-0.8808076,-0.33840072,-0.46319357,-2.2687829
39,0,3.5286965370178223,1.0960135,0.6345487,0.9095022,-1.4390165,-1.2659905,1.1461419,-0.26922876,-2.2453747,2.227195,-0.023137895,-0.15582398,2.6914003,-0.046380688,-0.026740218,-0.8428976,2.5743313,-0.9914404,-2.1264021,-0.8891345,-1.7865225
39,1,3.5286965370178223,-0.29799244,0.94635606,-2.899717,-1.6987145,5.0405173,-1.8255451,-2.620946,1.305698,-2.560577,1.1607774,1.5652057,-3.190974,-0.23459333,2.913506,1.1055014,-0.7039833,-2.3305025,-2.0719926,0.73364776,3.6975236
39,2,3.5286965370178223,0.1108051,-0.50023246,1.9207428,-0.7903001,0.22388096,1.281486,1.3751353,-0.5801898,0.36893004,-1.1297249,-0.24736372,-0.17567898,-1.7744596,0.21452747,-1.267628,0.74477017,2.5704217,-1.367224,-1.2619596,-0.6264828
39,3,3.5286965370178223,-1.7003102,-1.4512254,-0.12732768,1.1060014,-0.3086057,-0.99584895,0.43487424,0.34316966,2.408025,0.5438009,-1.2029027,2.8272266,1.1652477,-0.28107265,-1.4594735,-1.6972657,-1.678444,-0.9866451,0.0763414,-0.1072218
39,4,3.5286965370178223,1.5766665,-1.0152162,-0.9665478,-0.7009339,1.934361,1.7046212,1.4348624,1.1346617,-0.94294393,0.3248051,-0.9795132,-2.1695373,-2.5199783,-2.0276718,-1.3214809,1.3553717,4.181693,-1.181518,-0.05106574,0.38284472
40,0,3.394857406616211,0.814693,-1.5215939,-1.3413329,-0.45345128,1.0919702,-1.6558834,1.6528746,0.33710054,2.1329467,-0.18203865,1.255655,0.1864056,-0.28322726,-0.713744,-0.82674307,-1.264612,-0.6636309,-0.8653941,0.32264906,1.7799643
40,1,3.394857406616211,0.82021475,-0.26034343,-2.2398374,-1.7432697,1.5368975,-2.9515495,2.181345,1.2300636,-1.7472494,-0.74638724,0.023521442,-0.40057102,-1.1072304,-0.7727554,-1.5752301,2.9877555,6.4713864,3.1239448,0.62756276,-0.96331376
40,2,3.394857406616211,-1.320724,-0.97047085,-0.17059861,0.043413945,0.05261646,0.35215902,0.5014856,1.3453507,1.3690993,-0.2816862,0.16807966,0.0064760977,-0.12772496,0.9958141,0.6955155,-0.90448374,-0.5337201,-1.6220821,0.06199207,-1.0045525
40,3,3.394857406616211,3.9834828,-0.5458145,0.5222691,-1.612241,-2.0241215,2.9049208,-1.2337272,-2.1951425,-2.0064323,-1.9034461,-0.118127,0.11285306,1.7870314,-0.44605273,-1.5377107,5.301396,1.7129588,-0.2679985,-0.6972522,-1.6806498
40,4,3.394857406616211,-0.9076796,-1.0649676,-1.6512786,-0.9388853,1.6383324,-1.503127,1.7818642,0.6031205,0.69482905,0.5872759,0.8115948,1.2864234,-2.8675497,1.1412671,-0.21992782,-1.5752085,0.11572408,0.20351245,0.9818096,1.9008435
41,0,3.3240800857543946,-1.3926985,-1.3568211,-1.7605379,-0.11433883,-1.3029326,-2.423281,0.6372926,0.5945913,-0.5169846,2.5091298,0.72083354,0.8418703,-0.05526161,-0.6174588,-0.6212108,0.17152879,-0.54357755,2.2100875,0.34190506,-0.72003543
41,1,3.3240800857543946,-2.6690543,-1.2341797,1.3065273,-0.28300282,-0.59276736,1.1099051,-0.93572664,-2.507849,-0.601576,-0.055254735,1.0121366,0.36454853,4.7156796,1.6058836,-2.217271,3.0907981,-0.50597304,-2.70886,-1.2477106,-1.2422854
41,2,3.3240800857543946,0.4505349,-0.57923853,0.13799237,-2.0942962,1.3722711,-1.4243937,1.2634668,1.4780898,-0.77221745,1.3463508,1.9931875,-1.9373168,-1.8113933,-0.66365415,-1.8607317,-0.14030722,-1.391781,0.7260113,-1.7829288,0.9570284
41,3,3.3240800857543946,-1.7819219,-0.6698769,-0.7587738,-0.5160799,-0.36603776,3.5743072,0.6685243,0.57992834,3.6338086,-2.9731104,-0.048368398,1.3697761,0.05635172,-0.7695109,-2.2958283,-2.9895566,0.9695809,0.7382167,-0.35335416,-1.2647033
41,4,3.3240800857543946,-1.6964293,-1.3984811,2.613218,1.0209323,-1.1523825,0.6049684,-1.0005432,-2.0093803,0.6557914,-3.92845,0.10245876,0.31752852,0.9478557,0.0625061,0.2714327,2.7753909,0.8695662,-2.3547657,-1.0904328,-0.55098045
42,0,2.850246858596802,0.91129375,-0.9301921,-0.5772162,-0.12828553,0.22717756,0.06233549,0.24179465,1.2345445,-2.4189413,-0.98295516,0.65960383,-0.7078435,-0.28042915,0.056698833,2.0682092,-2.7642095,-2.6708674,1.2227618,1.4432565,-0.043325778
42,1,2.850246858596802,1.2022302,-1.4377412,-1.9388776,-1.6696639,0.91302824,-1.3696985,-0.08567206,2.9298613,-0.37761617,-0.23383933,-0.79760826,-1.4529794,-1.5178391,-1.8551779,-2.8076932,2.3360987,1.9342588,2.063946,0.5677966,-0.6261283
42,2,2.850246858596802,-0.90937215,0.34295157,-0.1566329,0.8125741,-1.3018471,-0.65200496,-0.26548955,-0.60537493,0.90053415,1.6927134,0.8905526,0.50617504,1.1675192,0.7879592,0.52077323,-2.3784173,0.28396997,-2.5469573,0.30881888,-0.45936146
42,3,2.850246858596802,1.5404319,0.13958713,-0.43317077,-1.2015709,0.75917524,2.2304714,-1.7010891,-2.5826554,-2.92588,-1.4516917,0.2517052,2.8468142,-1.9146173,-0.7044358,-2.0131714,2.9504843,4.4633546,-3.1042817,0.95949906,0.31814906
42,4,2.850246858596802,0.15343812,0.096848376,-1.8884798,1.5592344,1.0606737,-2.1360252,0.6964757,-1.1118816,-0.17091037,0.80342555,-1.042165,1.161068,-1.2276468,0.680987,2.5365152,-2.0343962,0.14155088,-0.10764864,1.5647388,-1.7137007
43,0,2.8470949649810793,0.37756,-0.92281854,0.8553191,-0.55614895,-1.7804153,0.33390516,1.6507101,-1.6895484,1.336942,-2.0809937,-0.3201082,-0.09343994,-1.3047595,0.5129083,1.2683458,1.2859817,-1.4007932,-0.18951435,-0.3775636,-0.13544458
43,1,2.8470949649810793,-0.93056214,-0.07313841,-1.7696248,-0.8120873,3.0980775,-2.6249883,0.2851674,-0.3390675,-1.2772279,-2.122412,1.4069259,1.3299493,0.5394908,1.1167674,0.26286605,-2.8416252,-1.2288343,-1.5564475,1.6839585,4.588999
43,2,2.8470949649810793,1.0591756,-0.56256986,0.6417854,-1.3226818,-1.3720284,-0.023647776,0.19351229,2.0842354,-1.5872055,-0.572488,-0.9200502,-0.3422703,-1.5403368,1.006859,-0.48523757,1.010831,-0.2320114,2.51485,-0.86827004,-2.3465602
43,3,2.8470949649810793,-0.29397333,-0.62584263,0.6126474,0.35276973,-1.3484766,-1.6224161,1.6979252,-1.1346436,0.5177845,0.022013476,0.7153132,-1.6766294,1.6587858,-0.08197583,2.0418372,-1.8832526,-1.2432516,1.2120664,-0.9631497,0.8611464
43,4,2.8470949649810793,2.8321986,-1.1632726,-1.309758,-1.5171633,0.056219585,0.8427643,-0.7628421,0.06377209,-1.6247221,-0.14646572,-1.3800591,-0.2703525,1.3534926,-0.39217335,-1.1654749,2.1141336,2.4598415,-0.8351823,-1.0289437,-0.9245032
44,0,3.664389228820801,0.29488778,0.0054046456,-1.509219,-0.2104871,0.961173,0.79272556,-1.1175104,0.32028383,-0.22444005,-1.4857112,0.85518557,-0.21407935,3.4919407,-0.109422505,-0.40782708,0.7440849,-0.7333733,-1.7568539,-0.27321988,-2.171196
44,1,3.664389228820801,-2.2126713,0.5702443,0.74022144,-1.318212,0.1477095,-0.5920628,0.27908564,2.760683,-1.4124448,-0.16857941,0.6903606,-1.8849231,-1.906098,-1.5095375,0.20770602,0.8069043,1.5866334,2.9488976,-0.0995838,-0.71569735
44,2,3.664389228820801,1.3206463,0.7344891,0.5146728,-0.6747817,-1.5053945,-0.45326552,0.52964145,-0.9788509,2.3955162,-0.69484204,-2.138626,2.9459643,-1.4757484,1.0012234,1.2519678,-2.3009841,2.2801535,0.15006095,-1.7900957,-1.3140148
44,3,3.664389228820801,6.1405644,0.63688153,-2.849757,-0.22804312,-1.5366976,1.4777997,-1.4239333,-1.1782575,-2.560962,-2.063899,-0.37926885,1.6310713,-0.0038355193,0.40662953,-0.69629985,4.2331347,1.271668,-0.753759,0.30465204,-1.371028
44,4,3.664389228820801,-0.24304019,2.179755,-0.79814386,-0.61309165,-0.43460438,-2.3136551,0.020698695,-0.47860122,-0.5257718,0.70913744,-0.20703663,-0.25468612,2.1239314,0.28450012,-1.483059,-0.26056248,-0.99679595,-0.71032673,2.4237523,2.7020714
45,0,3.0489511251449586,-0.93585706,1.2574841,-0.035678916,0.3858765,1.0165064,-2.2466981,-1.1960484,-1.4096221,-1.4678935,-1.1173302,-0.98522604,-0.15810432,0.2423918,0.19903679,1.0131941,2.401093,2.6773858,0.24109735,0.91491884,0.36339706
45,1,3.0489511251449586,-0.35821527,1.9422685,1.9654135,-0.28573507,0.52633595,1.818449,-0.32638228,0.17830735,2.0792413,-0.2401014,1.3664731,-0.72312605,-4.334862,0.064873904,4.013496,-4.7979016,-1.8897654,-1.4996969,-1.9195623,-1.3364631
45,2,3.0489511251449586,0.49300355,-0.49065083,0.019244123,-0.010129472,-1.8873004,0.33379212,-0.61707443,1.237982,-0.25848386,-2.0413303,-1.3232502,-1.2714697,0.8786034,0.09869914,-1.0712098,1.0906819,1.2570949,-1.5590134,1.1896405,-0.65941006
45,3,3.0489511251449586,-1.6142148,-1.9806815,-1.7637448,0.32393882,-0.37689167,0.9283777,0.020680849,0.91174793,1.1714183,-2.9934824,-0.45896533,-0.059702948,1.0081137,0.9744547,-2.5227828,3.9154916,1.1415198,-1.3474362,-0.83860505,-1.2455822
45,4,3.0489511251449586,-1.5863351,-0.40137404,-0.4080504,2.6875975,-1.0718572,-0.08521726,-0.61333257,-0.7883895,1.1052864,-1.7864399,-0.87846106,1.1627433,2.5316937,-0.31174842,0.20353176,-0.5332275,-1.9196836,1.6763161,-0.9431868,0.08029219
46,0,2.9789796352386473,-1.0742295,-0.407728,0.8155547,-0.38519043,-0.84822726,-0.03621561,-1.3516142,-0.79740155,1.5984654,-2.2572005,-0.1599705,2.0878122,0.15146163,-1.3931961,-1.8710548,-2.6722896,1.2577277,1.8170869,1.4241627,0.039507847
46,1,2.9789796352386473,3.92126,-0.36299014,-1.4116408,-0.8828436,-0.10593659,-1.898513,-0.2859712,-0.39259237,-0.22044943,-1.5624462,-1.8097785,-0.05237929,-1.4645655,1.0599332,0.74056643,0.24494493,-0.10309749,2.3400679,0.48292777,-1.8095571
46,2,2.9789796352386473,-0.70276433,-1.0951092,2.6414828,-0.938044,-0.94703037,0.3584875,0.5303874,-3.4216435,2.778345,0.67444235,-1.5791521,0.721158,-1.3300858,0.23150952,-1.5738735,3.2052062,-3.1222942,-1.7925946,-1.7958356,-0.4636482
46,3,2.9789796352386473,-2.390214,-0.6093337,0.28204358,1.3724948,-1.9653407,-0.43504286,-0.28771466,1.4151723,-0.8023126,-0.82632846,-0.9774074,-0.29095164,-0.83843595,0.14943312,0.45374444,-2.7619932,1.945459,1.2703172,-0.52080715,-0.29183128
46,4,2.9789796352386473,-0.718778,-0.6981851,-2.109757,-0.37404045,-0.80410576,-0.80509305,0.38708922,-0.5276517,-1.7574753,0.6720047,-0.7471101,0.04002863,-1.9639721,1.3086742,0.9759655,1.2221022,-2.7635765,2.3824694,0.2556034,0.3376865
47,0,3.3318907260894775,0.20343363,-0.2506257,0.32796186,0.035273723,-1.218021,0.9889411,1.1141435,-1.5413337,-0.6838005,1.1193513,0.020052135,1.6251504,-1.9078605,-0.31499416,3.3029363,-1.3131357,0.055074625,-0.75894946,-1.4767429,-0.9316319
47,1,3.3318907260894775,-0.7781235,0.42677554,0.13308711,-0.7668353,0.12427901,0.59831226,1.0582117,-2.2895272,0.5663043,0.8709763,0.3758766,-0.5394224,2.2290487,-0.78429705,2.2740552,-1.5618557,-1.2310399,0.24842857,-0.74873084,-0.18481228
47,2,3.3318907260894775,-2.1780102,0.09693417,-1.9788994,-0.19246684,1.3562549,0.37331712,0.76911336,0.8244348,-0.4621553,4.800404,1.9425093,-2.1276953,-0.71809405,0.38956293,2.8344069,-1.5671108,-1.667025,-1.7324291,0.034498073,-1.0645374
47,3,3.3318907260894775,1.2944832,1.1253624,-1.9825666,-2.1602335,4.0004425,-1.3375621,-0.57045233,-2.100682,0.60022426,-1.5165812,-0.33866414,0.25824788,-1.8568292,0.5005372,-0.26149693,-1.7623675,-1.53028,-0.7202087,1.6595234,3.5283928
47,4,3.3318907260894775,0.5296456,1.8907408,-0.11928169,0.0648781,-0.013013812,-1.0876644,-0.4246864,-0.8046627,1.2300442,1.4120394,1.3564563,1.7177446,-1.7826296,0.2154336,0.997622,-2.3161087,-2.5349243,-0.4227122,-0.3341027,-2.370547
48,0,3.238083577156067,3.1499069,-0.6996207,-1.5403112,-0.53962606,-1.3372098,2.1428978,-0.74864084,-1.7670422,1.3142854,-2.3434024,-0.03151833,1.4066007,0.6368448,-0.39776686,-1.2511424,0.8045711,0.4160472,0.629865,-1.055255,-1.4716134
48,1,3.238083577156067,-1.4886678,-1.4082268,-1.02724,-0.17742741,-2.330042,0.4785416,1.1235703,-0.3497343,0.35370153,-1.4171025,0.2550054,2.627672,-2.680608,1.9173434,-0.48332006,0.38964748,-1.6751671,-1.0532522,0.9918518,-0.05230842
48,2,3.238083577156067,-1.4521804,-1.7478206,-1.2717992,-0.46110988,0.2359222,-1.1873729,0.5344775,0.41092765,1.2352524,-0.50460684,-0.46112746,-1.4001539,2.4204974,0.21682237,1.8340138,1.3463926,-2.9947388,-0.14762016,-1.155216,-0.7185813
48,3,3.238083577156067,-1.1693811,0.5046884,-0.98858064,-2.5186481,0.35465854,-3.0067732,-1.2858179,5.57016,-1.6620623,4.6676235,1.3674495,-1.5760084,-1.5894989,-0.11211874,-1.9015292,-2.3349018,-1.6441487,2.677299,-0.015848782,1.5304247
48,4,3.238083577156067,0.41188464,-0.16855665,0.62892973,-0.8270874,-0.541547,-1.6015102,-1.0776019,-0.12219909,-0.5590402,-0.47106382,-0.29027173,0.3115152,1.2729832,1.4091394,0.0554128,0.9404337,-0.9970816,-1.1596648,-0.39384076,0.007243317
49,0,3.289232349395752,-0.94769174,0.44358438,2.9596546,1.645135,-2.1626494,2.6216848,-0.75125736,-0.637911,-0.8328696,-1.8325753,1.6116028,-0.52717453,1.8045774,0.6952741,1.3438743,0.30869612,-1.5312454,-3.8753016,-0.879884,-1.9327446
49,1,3.289232349395752,1.3089454,2.293823,1.9151359,1.2283728,-2.0700374,4.692942,0.35063505,-2.0055304,0.9891621,0.3788922,0.46683908,0.50281566,0.18219654,-0.98685014,-0.27076772,-2.079674,-2.6551056,-3.7015257,1.4888715,-1.4143896
49,2,3.289232349395752,1.6357403,0.2793485,0.24167821,-0.8954169,-0.90347755,-2.2688704,-0.47696066,-1.6417283,-0.09024805,1.1260155,-1.6609766,2.4605877,0.51610404,1.0431827,1.3030412,0.0031986781,2.0931826,0.22967526,0.3154532,-0.5190854
49,3,3.289232349395752,1.2303916,0.8019328,-2.8894374,-0.8132807,0.036880422,-2.535846,-1.6591616,-0.4223104,1.2658286,-0.23097087,-0.020090606,1.7231232,2.1951005,0.28155008,0.09474311,1.2851764,-0.8074599,1.0644503,-0.36514333,-0.8437714
49,4,3.289232349395752,-2.7701702,-0.28348193,0.7524617,-1.016514,-0.31240508,0.1286461,0.5848299,0.13077098,4.020502,-0.3890634,0.36919987,1.4292403,-1.0552882,-0.044449028,2.9057648,-2.18699,-1.8387269,0.46081835,-1.4027146,-2.1496007
50,0,3.322311043739319,1.6843995,-0.6893035,0.39382446,-0.52972054,-0.34049082,1.2622558,-2.4267733,0.4886743,0.05910082,-0.42878312,-1.6977805,-0.60004824,1.526235,-0.16742006,-2.1365583,0.43537852,-1.0480913,0.2836977,-0.08027773,-0.48360428
50,1,3.322311043739319,-0.5707002,-0.8407454,-2.138608,-0.3057091,-1.7226747,-1.4252305,1.9763536,1.2734146,-0.14141016,-0.537208,-0.20732632,1.960433,-1.484982,2.4316497,0.75751096,1.1136171,-1.4573102,-0.14320984,-0.02982374,-0.2682961
50,2,3.322311043739319,-1.9551533,-0.48509514,0.7357709,1.0552676,-0.7309058,2.0948172,-0.19133446,-1.1687024,1.3243343,0.16918193,-0.6898876,-1.9949851,0.20236647,-1.3921758,1.5183313,0.6309862,1.464732,-0.90946263,-1.3414018,-0.24783097
50,3,3.322311043739319,-1.5493593,-0.9336296,-3.415525,-1.1901759,0.58136004,-2.8612628,-0.14971508,7.730708,-1.4326015,3.3734233,1.5455828,-0.95458305,-2.9184055,-2.8313358,-2.188468,-2.2379344,-0.33733365,4.6777906,2.4207337,0.91534775
50,4,3.322311043739319,0.5364085,0.46834823,0.46217138,1.8935848,-0.0074351993,0.23691374,0.28995097,-1.5540481,0.51471734,-2.1409762,0.7006358,-1.1761749,0.05274423,1.9856594,0.9639889,-2.435521,-1.0854704,-1.0132637,-0.7978557,-1.658738
51,0,2.6069491386413572,-0.8505214,1.6222306,-0.18747407,-0.39146778,-0.50908923,0.9579231,-0.2563511,1.4416479,-0.048066095,-2.518629,4.3998733,1.7458736,-2.5227616,0.47285223,3.0140173,-3.4098632,-2.0054142,-0.66124505,0.47224936,-1.7936674
51,1,2.6069491386413572,0.22225986,0.8583782,-1.1325182,1.8635508,-0.3416341,-0.22372699,-1.2963625,0.27660796,-3.6267846,0.050459426,1.0454793,-0.073305145,-1.713572,1.2996132,1.1040357,0.25463384,-1.2819991,-0.74339885,-0.25955734,-0.4100664
51,2,2.6069491386413572,1.8686936,0.4340292,-0.60222465,-0.7853134,-1.6082643,1.2426208,0.0138994325,-1.9964272,-0.1121685,-0.55913293,-0.76322794,0.9365327,1.8746775,0.61166924,0.49448624,1.5008326,-1.3902099,-2.2475202,1.4804211,-0.052357446
51,3,2.6069491386413572,-2.0484886,-1.0207254,-0.15901797,0.75772965,1.8607858,2.1856108,-1.1322731,0.3327445,0.5249834,2.0126247,-0.687267,-1.0818044,0.8596393,0.29475588,1.7188994,-0.34582043,-1.0913541,-3.2210371,0.22905119,-0.32640982
51,4,2.6069491386413572,-2.8652577,0.2932767,-1.9499996,-1.516765,1.5265981,0.7991297,-0.34730333,1.4907223,-0.4618059,2.280727,0.7947039,-0.027807547,0.39761797,-0.88335073,0.67301977,-0.34004325,-1.8357872,-0.24207266,0.062835574,-1.3024297
52,0,3.2251461505889893,0.2040202,1.679781,-2.5476992,-0.34127212,3.2711875,1.2956033,0.23961636,0.31169665,0.33603442,1.6832409,1.2913079,-0.5901508,-0.15542021,0.030130954,0.3375565,-1.1821872,-1.7074873,-0.6495642,-0.32094246,-0.5059403
52,1,3.2251461505889893,-0.5935174,0.71070504,0.49775904,-2.9441228,0.9035765,-0.5009663,-1.1629511,0.83216906,-2.7102087,-1.3183972,-0.955482,2.1573515,-0.6372181,2.032138,1.1516758,1.4049968,0.71685565,-1.3948021,1.5393002,0.71610916
52,2,3.2251461505889893,1.8072361,-1.4241832,1.2956008,-3.1298296,-1.7579916,-1.1337414,-0.12769794,0.9468825,0.11602119,-0.11569231,-0.8951951,1.1744872,0.84124416,0.17552623,-0.8519128,1.4942567,-0.1272198,-1.1756783,-0.94606304,0.16793865
52,3,3.2251461505889893,2.8096209,0.2012677,-1.4903972,0.15137856,0.064801246,-1.3296963,-0.9753126,-1.4965699,-0.24058788,-2.2954772,-0.30752587,1.2540649,-2.3656251,0.6093773,-0.47359022,-1.7304368,5.5811768,-0.4258276,1.0566671,0.19372813
52,4,3.2251461505889893,-2.3462636,-0.59218603,2.2814083,3.1394632,0.20327564,-1.8104682,2.4675121,-0.667143,1.6468376,1.8152207,-0.80331457,-0.9102756,-2.1495564,-1.8110023,-1.1631516,-2.0248206,-0.3280471,0.033888306,-1.4194046,2.8022072
53,0,3.001346778869629,-0.5924503,-0.26838621,-0.0965574,-0.2724567,1.6631715,-0.32285807,1.2714378,0.85925615,1.2900047,0.034908444,1.4864407,-1.6520398,-1.9644932,-1.133332,1.1634481,-1.6971738,-1.1262028,-1.2613066,-0.8678592,1.6499064
53,1,3.001346778869629,2.2442193,-1.1148243,2.58709,-1.3010625,-1.8402165,-0.3122423,-1.3574202,-1.440671,-0.610526,-2.3406932,1.5547334,0.99385196,3.6043072,-0.9673829,-0.16168058,1.1326393,0.92666173,-0.116890766,1.0188776,-2.2061415
53,2,3.001346778869629,1.1648523,-2.130229,1.2203739,-1.4442921,0.020754151,-0.9027069,2.3443468,0.8682463,0.03653673,-1.8434111,0.23446397,1.6082104,-2.299183,-0.5698553,0.16911529,0.24237767,1.4253464,0.9869881,-1.3714076,-0.8384607
53,3,3.001346778869629,-2.4264503,0.8987965,-1.2881727,-2.6418028,4.541087,-1.6323755,-0.015990974,1.206943,-2.4476392,1.2181392,3.0089965,-0.8870759,-0.08737481,-1.2330974,-0.71417284,-0.85939014,0.91547483,-1.312464,0.8245643,5.067486
53,4,3.001346778869629,-2.4190931,-1.3418174,-1.5052634,-1.3241699,-0.6862687,2.071632,-0.61126566,1.3040118,1.4351375,1.4818953,-0.7646432,0.5962377,-1.5585753,0.39882585,-2.279727,2.0481205,0.07796932,1.8118049,-0.7394828,-2.6247754
54,0,3.179388427734375,2.7757275,-1.3569381,-1.2563,1.677987,-1.3115201,-3.099989,0.2806962,0.12387418,-0.39213789,-0.84764934,-1.2845453,-0.7794482,-1.9137243,1.1148098,-0.31229594,3.2974157,-1.0530354,-0.61203605,-0.3198197,0.32137498
54,1,3.179388427734375,-0.25155073,-0.8559643,-2.6699116,-0.7204891,1.9678352,-1.9811771,-0.7674661,-0.9009815,1.3137045,3.0551186,0.88193554,-0.28805,0.30196652,1.2302641,-0.476818,-0.8587524,-1.6444907,-3.2413104,0.8176533,1.3491384
54,2,3.179388427734375,-1.1167159,-1.430206,2.283688,-1.8433557,1.0153042,-1.1708888,0.104752526,2.3944802,-1.1429249,-0.3531288,-0.44479364,0.69703865,-1.3687195,-0.5836166,-1.3436656,1.3485061,1.887186,-2.393713,0.3472743,0.71227604
54,3,3.179388427734375,0.9923988,-1.2051258,-0.702521,2.453948,-0.5377967,2.2241468,-0.362412,0.033134174,2.727485,-2.3576329,-0.61176974,-2.3399055,0.10826744,-0.71663254,2.845388,-1.2499719,-2.2398615,-1.9890686,-1.2178451,-1.0476716
54,4,3.179388427734375,2.158725,-1.4484124,0.7665687,-1.6224058,-2.9036503,0.88440883,0.24131045,-0.045070738,-0.88149536,-1.2825863,-0.6645602,-0.30370498,-1.2816173,-0.13931519,-0.13345131,3.256653,-0.1573226,0.3943074,-1.1332141,-0.3813274
55,0,2.830647277832031,-0.29036984,1.1470169,0.33488235,-1.4722934,0.100323536,-1.689862,-1.6484925,-1.2332093,-0.66740054,0.4362635,2.537685,2.5248342,1.41515,2.35591,0.87488663,-3.0176547,-2.979391,-0.47864625,0.96161103,0.7201493
55,1,2.830647277832031,2.0484283,0.86978877,-1.0144433,-0.17015149,-1.278102,-2.0499775,0.47180846,-0.32909402,-1.6806675,-1.2947199,-0.4401333,2.3604438,-2.0431833,0.65416086,0.89570206,-0.23468432,3.157544,1.2007356,1.8735245,-1.0524657
55,2,2.830647277832031,-0.07925857,-0.49388844,0.6911974,-0.34076035,-3.3242557,-2.4642382,2.146654,-3.4346123,1.5286204,1.2914598,-2.7262793,2.2057598,0.8865435,1.8846836,0.8433842,3.1451118,-0.2219083,-0.052352656,-0.85460985,0.084177665
55,3,2.830647277832031,2.0920622,-0.2307002,1.204022,-0.016811805,-0.78646606,0.6774649,-0.8661535,-2.1398203,-0.66720355,-2.3117785,0.041385047,1.8116581,-1.6391509,0.20638973,1.002804,1.4796767,3.4255133,0.37494627,-1.6765244,-0.24706365
55,4,2.830647277832031,0.5037851,-0.5905149,-0.72560555,0.4680586,0.7388212,-2.3074281,1.9428313,-2.0880818,2.0553362,1.7598512,-1.8400316,0.33402997,-2.2457528,0.9085278,1.5780576,-1.4623064,-1.562724,0.37702158,0.1985514,0.99106973
56,0,3.34399037361145,-2.1215096,-0.9795316,-0.28642035,0.22425911,1.6321385,0.5169522,-0.82985276,1.3772826,-1.4146345,1.3579654,1.3500409,-1.4932396,-1.8258519,-1.186329,-0.54421777,-0.37207195,-1.0195646,-0.20698787,2.4547317,2.7086458
56,1,3.34399037361145,1.868036,-1.1664598,-1.7246841,1.8179901,-0.79815596,-1.8751209,3.4076073,0.62573546,2.3667686,-0.08161339,0.7550238,-2.1209643,-3.1192038,0.68433255,2.9415932,-0.6007003,-1.4808959,-0.7409802,-2.295735,-1.3338908
56,2,3.34399037361145,0.1941024,-2.1696262,-1.0118588,0.93799055,0.25444695,-0.99879503,0.11455989,2.7253568,-1.4107772,0.55160546,1.2330923,-0.42776898,-1.6929268,-0.8536737,-0.4486444,-1.705959,1.4099478,-0.46819466,-0.5893586,0.5619248
56,3,3.34399037361145,-0.6642095,-1.6531258,-0.32800788,-1.3499974,0.23097418,-1.9065349,0.8542847,0.16948599,-1.5603381,-3.3904364,-1.7197055,1.6665365,1.2824551,-0.49286708,-1.160874,1.015341,4.924193,3.5602455,0.610111,0.3535019
56,4,3.34399037361145,0.6907874,-0.9464608,1.6235183,0.6563801,-1.3136023,1.1440316,-0.33549404,-0.3461315,-0.79437596,-1.2386957,-0.03062412,-0.025513807,0.83093137,-0.6858916,2.4784608,0.022519194,-1.2047758,-0.99210626,-1.4433566,-0.72032917
57,0,3.0344712495803834,-1.4565506,1.2589458,0.2444453,0.22622976,1.7021092,-0.004861648,-0.14490756,-0.13631244,1.4831129,-2.2342255,1.194342,-1.0522264,-1.2779522,-0.14792952,0.35787818,-0.49165675,0.19967958,-0.9676191,-0.39496064,-0.48449036
57,1,3.0344712495803834,-0.031602785,0.31118223,0.6593778,0.4834585,0.2345253,1.5106204,0.908045,1.3765949,0.29482073,-1.3960125,0.35155815,-2.2807362,-1.1534497,-0.7782917,-1.6465157,-0.6435795,-3.300466,0.59461796,1.1046973,-0.73848814
57,2,3.0344712495803834,-1.739332,0.23274204,0.5836083,0.6158655,0.761974,0.25703552,-0.5658791,-0.73892635,1.349451,-1.9430773,-1.260327,1.5161914,2.3356934,2.1162267,-0.2784321,-2.0775921,-1.7188388,-1.3711439,-0.41827646,-1.8893211
57,3,3.0344712495803834,0.12890938,0.5407174,-1.3185537,-1.30059,-1.4465997,-1.8674682,0.47617692,2.5492735,0.26739436,-3.7198737,0.341161,-0.06613603,3.8479118,2.698545,-2.7680273,-1.0323884,-0.48753366,-2.4135854,1.7568119,-1.6082164
57,4,3.0344712495803834,-2.290997,1.2422761,0.13003422,-1.9733268,-1.5011247,2.4143,-1.751267,-0.27035582,-0.25464028,-0.8932803,-0.43172604,1.9677721,4.925828,1.1496264,-2.012229,-0.1008987,-1.661844,-2.091066,2.6698399,-0.34976742
58,0,3.0001429080963136,0.22412886,-0.19125931,-0.0040333443,0.32923374,2.0596344,-0.036483705,1.2909514,-1.3829931,0.87121564,-0.5233248,-0.43644637,-1.3014694,-0.046614815,-1.6622281,-2.0538504,-1.3623685,4.2368526,-1.5119092,1.9028751,1.4803182
58,1,3.0001429080963136,-0.86732185,-0.9674422,3.2825737,1.9670194,0.21698056,0.0570491,-0.48439816,-0.75236505,1.9906172,0.77148336,-1.1012484,-0.14278579,-0.077393144,-1.986093,3.0682023,-1.9033172,3.7079325,-0.80062795,-1.6384695,-1.8440572
58,2,3.0001429080963136,-1.178427,0.83011836,1.945124,1.504391,-0.889867,-0.85990095,-0.6775187,-1.2881017,-0.6432352,0.012479648,1.6962408,0.5266455,1.9368651,0.21550561,0.95821565,-2.5037816,1.3753295,-0.42588192,0.0027047966,0.34742293
58,3,3.0001429080963136,-0.77967215,2.1623492,-0.24976893,1.0675526,0.6954739,-1.536896,1.5813991,-2.2149017,-1.6412361,-0.54357064,-1.5985619,1.6469382,-0.97188103,1.7524946,2.3710096,-2.8602545,2.45716,0.7163285,-0.35197434,2.09336
58,4,3.0001429080963136,0.1283138,0.85256577,-2.8781266,-1.7068496,2.9589558,-0.5012329,0.7227413,2.0563402,1.0923419,1.2202532,0.039807204,-1.5003141,-2.6895573,-0.43643552,-3.1375113,0.42208466,3.191945,-1.3365397,-0.6775698,1.8865392
59,0,3.11904034614563,-0.59408635,-0.52605146,-0.4369827,-1.5019281,1.2923784,-1.5534765,0.65147036,2.6128423,-0.24351718,1.1446848,1.9719126,-1.946602,-1.0508828,-0.0068994276,0.5608536,-1.5765187,0.1516421,0.5430979,1.1633924,0.010487767
59,1,3.11904034614563,-0.3553193,-1.049019,-2.6625402,-1.2005017,2.14372,0.35414198,-1.0392286,0.37818563,2.243716,-1.752325,2.7554693,-1.4299672,-2.9210148,-0.52059066,-1.0497556,2.3366568,-1.5962287,0.9942599,-0.18599781,-0.5083179
59,2,3.11904034614563,-0.2661096,0.7984272,-0.0963615,-2.3453372,0.2203766,-1.0040537,0.5229553,2.1197088,-0.77958924,3.2934992,-0.34716886,-0.9147034,-0.40500984,-1.0106548,-1.3435555,-0.03807381,-1.1750602,0.6486936,-1.2894232,-0.20397277
59,3,3.11904034614563,-1.8668956,2.5776062,-2.1736138,-1.3128793,1.7643646,-1.653,0.15324996,-1.3924608,-0.5815406,2.839589,3.00573,-0.63871974,-4.43046,-0.24847305,-0.45678064,-0.22751509,-0.5425001,-1.147819,2.04017,3.5797095
59,4,3.11904034614563,-2.2631536,2.7773583,-3.130999,-2.9724114,1.474013,-0.6195312,2.13883,1.329797,-0.040366635,1.7546029,1.8720747,-1.7228197,-3.5212843,0.20953678,-1.0467174,1.9633508,-1.7951514,0.88953656,0.6766062,-0.7732391
60,0,3.006249523162842,-3.1346855,-1.650232,-2.2334313,-0.40256917,2.3669484,-1.1451977,-0.3612311,0.44568613,3.5502484,1.0228323,-0.6802406,0.13411893,0.32982954,0.86161083,-1.7611676,-1.1854063,-1.1668341,-2.3258984,3.1873326,-0.08506547
60,1,3.006249523162842,-1.49745,-0.94508684,-0.026327927,-1.0506535,0.77312094,-3.3504307,-0.9170543,-0.13640001,0.97277117,-0.272498,-0.6029667,0.6125203,1.480051,-0.22065341,-1.119685,-1.4126233,-1.1727127,2.9926639,-1.199853,0.77288586
60,2,3.006249523162842,-1.948235,1.7968075,-2.6074615,-1.096921,-0.16353366,-0.49350435,-2.054481,-0.6335631,0.24050546,0.18579906,1.3908329,2.5119262,1.4576123,-0.7194269,-1.9567344,-1.5768746,-1.0490644,-0.26425844,2.194962,1.5837486
60,3,3.006249523162842,-1.8029858,-0.81575376,-1.9784579,-0.8769374,0.8975336,1.3248721,0.9658532,2.8849156,-0.1292417,1.178499,0.3882229,-0.47076067,-2.301391,-0.55883867,-3.4893594,-3.3317747,-0.4935069,-0.4294733,0.9685819,0.42781508
60,4,3.006249523162842,-1.0115237,-0.6326676,-0.9941363,-0.34825754,-0.7922765,-1.2063663,-0.27589703,1.805413,0.7131004,-0.6977013,-0.525279,-0.5759228,-1.6116012,0.28128722,-1.2684016,1.3192908,1.0985295,-1.6549418,0.8928546,1.1606727
61,0,3.2311563968658445,-1.1562649,-0.19687924,0.89560807,1.9036578,-1.5484672,3.0861127,0.31071803,-1.0413429,0.92460763,-0.9701437,0.6072906,-1.6069643,0.31264737,-1.3115845,-0.308242,2.302734,-0.46305716,-2.0784738,-0.01923078,-0.5464919
61,1,3.2311563968658445,0.94391894,2.7327063,1.8821449,1.9355965,0.13479793,-0.5345886,-1.0254279,3.1059396,-2.4916782,-3.4978747,4.823021,-1.8314451,-3.2486994,-1.6387037,0.77804875,-3.5366268,-1.1213244,-1.2711121,1.1096236,-0.56731755
61,2,3.2311563968658445,-1.9284638,1.0999095,-0.41562822,-1.2916819,0.44978017,-0.41915384,-1.6854633,3.4690382,-0.8850423,-1.353173,0.89799315,-1.9785395,-1.1607872,0.86728907,-1.4584745,-0.17072889,-0.74447006,1.2802441,-0.40566674,-0.6581929
61,3,3.2311563968658445,-1.6444435,-0.3829058,-0.51221687,2.1545064,0.5697566,1.9818507,0.033736225,-0.21296665,-0.25567377,0.02412332,0.9867989,0.78113794,-0.2328806,-1.1995,-1.440133,0.70622075,-2.4258246,-2.023347,1.3330578,0.33033413
61,4,3.2311563968658445,-0.117700085,0.9775814,-0.6706162,-1.2520206,1.9554567,1.753741,-0.4973971,0.93290573,-1.0021815,0.7592529,-0.4105798,-1.2034906,0.41234428,0.3560592,-1.2832712,-0.06557828,-0.5699777,0.09679013,-0.21679322,-1.1651167
62,0,3.1444431066513063,1.9802973,-0.25671995,-0.16699588,-0.5484111,2.5199118,-0.57062227,-0.19484675,2.4577022,-1.8118863,-0.94471765,0.95263463,-1.7552156,0.037773047,-2.1623192,-1.6078904,-2.7815766,2.7307434,2.6184328,0.83542097,0.21644059
62,1,3.1444431066513063,-2.8322017,-0.4596091,1.7778392,0.5838167,3.4566321,3.86913,-0.94907176,-0.4079559,0.94006425,4.0063996,-0.84499454,-2.3985522,-2.443063,-0.7795367,-0.9371142,-2.0553808,-1.0295948,-2.6868546,-0.13112953,1.6407969
62,2,3.1444431066513063,-1.4326175,-0.2626989,-0.31745148,0.68906707,-0.06877887,-1.6490649,-1.4446844,-0.22689731,-1.1178719,1.06607,1.0876162,0.15582852,0.8672447,3.1914341,-3.1504931,1.0439415,-2.3039045,-0.71252376,2.2467165,0.70061255
62,3,3.1444431066513063,0.3356802,-0.30969045,0.7071734,-0.2146555,0.4202489,-0.32525948,0.3771349,-1.7535952,0.70647,-1.8565443,-1.4600834,0.83025616,1.990032,2.023316,-0.07169245,-0.07455764,0.12501092,0.24026988,1.0263845,-0.38601646
62,4,3.1444431066513063,2.28505,-0.07832999,-0.8369583,0.5527356,-0.99292135,-1.0610338,2.1376357,0.9772448,-2.0179944,-0.4422355,0.0797995,-0.42909876,-0.036666106,-1.7995863,-1.0349039,0.040940158,-0.43919888,3.924376,-0.03502776,1.7280449
63,0,3.7336888313293457,0.5079504,0.42205596,2.6657236,-0.03897328,-0.31567752,0.21979924,0.23986487,-0.75944054,-1.0432118,0.8946452,0.4230734,0.59029543,-0.6101668,-1.4623126,-0.802149,-1.4107856,-0.37788796,-0.53381294,-1.1817946,0.07647805
63,1,3.7336888313293457,0.120725736,-1.758718,-1.9955139,-1.8769519,-1.0192318,-0.6287171,-2.0344076,0.25511017,2.222089,0.41193518,-1.7574809,-0.68673193,1.8959585,-0.4450108,-0.63030607,5.8498154,-2.091107,-0.07979823,-1.2001396,-0.68693995
63,2,3.7336888313293457,0.9966799,-0.37439048,-2.5073678,-2.0711253,-1.7395995,0.8714952,-1.94038,2.6400115,-2.9291992,-1.7861205,-0.6872968,3.4891763,-0.35843894,0.5853788,2.0167232,-0.46634778,-0.6758623,-2.843602,3.9995203,1.1810464
63,3,3.7336888313293457,1.5034298,0.96250886,-1.0376225,0.6758736,-2.4648519,-1.1991024,1.9679163,-1.5096886,0.7105367,-0.5705201,0.2799048,-0.13753505,-0.46091798,1.193351,3.2052555,-0.50859696,-0.59307295,-0.66546464,-1.7948998,-0.8834665
63,4,3.7336888313293457,-0.31111053,0.65803164,-1.1409224,0.30812117,0.17416269,-1.7596061,-0.14571588,-2.4456465,-0.87663645,1.3153598,0.8296102,-1.9108773,-1.1152976,0.8257178,-0.3105813,0.97958755,-0.37670165,2.2990282,0.4446817,2.1351771
64,0,2.7069732189178466,0.35491863,-2.076398,-2.417939,-1.4328674,-0.10213541,1.6413842,-0.94656485,-0.5299445,-0.70190746,-0.8250442,0.48515323,0.22348122,-1.832271,0.65209484,-1.3265626,1.6850334,-0.2877204,-3.5634234,1.6720335,0.59712875
64,1,2.7069732189178466,1.1120044,-1.4261216,-3.5031383,-0.37664768,0.3817299,-1.3663001,-1.3706172,0.44592524,-1.6193335,1.5087211,-0.13883439,-0.44421422,-2.1979692,-1.6454716,-0.5585601,3.470394,1.3204385,3.8081195,-0.3143789,-1.0566466
64,2,2.7069732189178466,-1.0166221,-1.0999256,-0.07402804,-0.0011588264,0.98431015,-0.3112071,1.3291144,1.4644392,-1.3674566,-2.2980647,0.29866758,-1.0539297,-0.37485117,0.26240712,-1.2195426,-2.798371,-1.422766,1.1795684,1.0843148,-1.339238
64,3,2.7069732189178466,2.7444186,0.17354546,0.522801,1.4578662,-1.0922182,1.1004242,-1.3344489,-2.3452284,-2.100577,1.1801825,-0.18774514,-0.55711234,-2.2794418,-0.5152785,1.2621121,0.40663692,-1.2508478,-1.2251469,-0.050570395,-0.6611757
64,4,2.7069732189178466,-0.44740403,-0.61266214,0.12857985,-0.2577423,0.5515456,0.33772022,2.3798375,-2.0879576,-0.5570149,1.2595489,2.4558067,0.5178085,-2.8278835,2.0319963,0.10294695,-3.747585,0.78261316,-1.7401112,-0.63713306,0.05471754
65,0,3.416911578178406,1.5941135,1.3441142,-1.4518243,-0.5515968,1.677052,-1.7115943,-1.3290523,-1.5759698,-1.1468426,0.95735365,0.8640664,-0.17178462,-2.24885,0.039657164,-0.8398936,-0.13632783,2.3008254,-2.0730789,2.4575326,3.8559756
65,1,3.416911578178406,1.3344617,1.9125735,-0.66829467,-1.3013648,-1.1808125,-1.6588919,-0.7104778,-0.07789364,-1.3734189,-0.8018226,-0.61205953,3.7902997,-1.8167574,1.0346645,3.4400852,-0.48387933,0.9679573,-0.10125761,0.73817354,-1.2018476
65,2,3.416911578178406,-0.22219379,-0.32346144,0.72609836,-1.8417919,-1.4749565,-0.19348541,0.4431115,1.2583656,-0.123413436,1.5770881,0.2807905,1.402473,0.103022754,2.0021415,0.6594052,-0.9642857,-0.02709612,-2.0368354,-0.9922358,-0.86352104
65,3,3.416911578178406,-0.2130484,-1.5425081,-2.261883,0.053130962,0.9805054,1.008556,-0.013624426,-0.5200709,-0.57042766,-2.6616323,-0.39789873,-0.15654294,0.8353899,0.6658819,-0.7233891,2.4602904,5.7943625,0.59491843,-1.1904887,-1.5638804
65,4,3.416911578178406,0.7124235,-0.12883195,0.5547779,1.7148906,-1.2186564,-0.8705599,0.4609562,-2.4254298,-2.5468812,-1.4508145,-0.34652346,1.5839144,1.2121564,1.5802783,0.03536303,0.33794674,-1.5041877,-1.5590225,0.75009495,1.5201703
66,0,2.6743747711181642,0.53450185,0.5494039,-0.80922014,-2.7354681,2.1821206,-1.8224539,1.8962889,1.2022334,0.38785264,0.9377846,2.421155,-1.8206972,-2.105295,-1.2871652,-0.93303055,-3.6935425,-0.4738737,-0.9516303,0.79584813,2.9814386
66,1,2.6743747711181642,2.1330752,0.6459419,-0.4062084,-1.310357,-1.4073282,-2.200061,-0.4959478,0.6842436,-2.0103667,-0.902736,-1.378404,-0.31824768,0.39232942,-0.19161771,1.2373552,-1.4140165,-0.41454282,2.5261054,0.3323816,1.2131903
66,2,2.6743747711181642,1.1811283,-0.15388155,-0.13718446,-2.4310508,-0.9174165,-0.4859685,0.77975947,-1.0981132,-0.78562176,0.3139173,-0.42051607,0.3645233,1.0844253,1.077517,-2.6901283,1.2525873,0.90618694,0.4310568,0.8526025,-0.370336
66,3,2.6743747711181642,1.0739616,-0.51134396,-1.4689835,-3.377963,0.65664595,-1.6520891,1.4423106,1.2226411,-0.45789137,2.604462,0.21858115,-0.4428737,-1.7604693,-1.3833809,-1.2420156,1.4048443,0.8139489,1.3775148,0.4063436,-0.13494073
66,4,2.6743747711181642,0.16844976,1.1653169,-3.0685623,-1.8260041,-0.119113185,-2.0837197,0.075828485,-2.2908146,0.20452426,0.4045405,0.06974887,-0.7620663,3.5091088,0.33226836,0.3673854,1.5595531,0.42858422,0.8845647,0.44302902,-0.93988204
67,0,3.2956555843353272,0.47530073,-1.726232,-2.1376197,-1.1125823,3.3781807,0.27503735,-1.0675039,1.1308142,-0.57646847,0.10083791,0.51235324,-1.7189012,-0.616992,-1.0169039,-1.781632,0.37765312,0.8400243,-0.724721,1.7855191,2.8651285
67,1,3.2956555843353272,1.1394,-1.8304095,-1.1010468,1.2141619,-2.2060816,-1.1758716,3.6497972,0.115273625,0.43209156,-1.0789379,0.23851275,0.70855385,-3.6014574,0.67464846,0.59308374,0.28337944,0.05576558,2.203062,-0.83721745,-0.4798079
67,2,3.2956555843353272,0.8903912,-2.2326427,-2.5886402,-1.0398053,-0.1713453,-1.8725659,0.6189967,-0.3868797,1.0209482,-0.34009805,-0.87802315,-0.1589452,2.1367967,0.8022181,1.0034363,1.0772967,1.2434249,-0.7716368,-0.311874,-0.16302466
67,3,3.2956555843353272,-0.98569095,-0.4072912,-1.8091323,-2.6305544,1.9605318,-2.5382226,-0.3820133,2.7137125,-2.4497778,1.1827387,-0.7468509,-1.1553788,-2.6485193,-2.2113512,-1.7532971,1.9429548,2.9475045,4.0363426,0.8992978,2.660317
67,4,3.2956555843353272,-0.105541736,-1.1198872,-2.3859556,0.32715914,1.1245737,-1.5921977,0.4565755,0.0025380792,2.1420355,0.77907825,0.49547064,-0.62834466,-0.775481,0.123380266,2.945665,0.029465368,-0.790248,0.7420164,-1.1619945,-1.9997587
68,0,3.4541810512542725,-2.2561417,-1.3805976,1.6623479,0.7483676,-2.2228465,1.0915006,0.47666568,0.79307544,0.29852563,-1.7830365,0.78421736,1.2172067,-0.6609452,-1.6707152,1.2689824,-0.23385,3.2871623,-2.627556,0.39449933,2.8565137
68,1,3.4541810512542725,0.317733,0.6286724,1.2691964,0.09910443,-1.0084378,4.9493966,-1.1705079,-2.5272787,-0.5441881,-0.46288648,-0.4376067,1.0308872,-2.2366424,-0.7276992,2.1883123,2.1494372,-1.0012889,-0.9553961,-0.04172603,-1.8300816
68,2,3.4541810512542725,0.3907866,0.6659379,0.3215144,1.0612228,-1.4224975,-0.71636784,0.17248885,-2.285092,0.55146116,-1.037871,-0.8215937,-1.4866251,2.0968785,0.4073988,2.0854688,0.979426,-1.2752837,-1.2610979,-0.39660797,0.5408727
68,3,3.4541810512542725,-1.1518856,-0.14793546,2.1655495,1.1859906,0.14801593,-1.297485,-0.68381625,-1.84719,4.1586585,-2.1591487,-0.034950968,-1.2363656,-0.08266649,1.4730415,2.5558627,0.65576595,2.6921256,-2.215718,-0.94854254,-0.66000056
68,4,3.4541810512542725,-0.5246262,0.7521231,2.9357462,-0.1725247,0.33628526,-1.0032065,-0.07376663,2.7870603,-0.9510721,-1.9468541,0.91765386,1.3439963,-0.11176833,-0.6172326,-0.09909453,-4.588657,0.39055252,0.868384,0.32288665,-0.29924497
69,0,3.4276315689086916,0.19698311,-0.76653534,-1.6909121,0.6526291,-1.3062242,1.1212761,0.018412754,0.5334305,0.5508248,-0.6662284,-1.8441197,0.9211191,2.058654,1.4494356,0.5365074,-2.1799698,-1.5990431,0.19726078,-0.006689516,-2.6466043
69,1,3.4276315689086916,1.9723109,-0.52574086,-0.97263294,-0.41097662,-0.607999,-2.1397233,2.687746,3.7248867,-2.328358,-2.1905591,-0.5192443,-2.1914592,-0.9188265,-1.7155917,-0.18952617,-0.9493121,5.4241533,1.8029447,0.9395508,-0.77166057
69,2,3.4276315689086916,-0.53609157,0.07929804,0.012661904,0.014198403,0.3471367,0.0037772045,0.3348753,0.16486666,2.1852732,-2.5838645,-1.6465138,0.14344858,-0.6171445,0.50545627,1.4192533,-1.9245857,0.4507955,-1.9384685,-1.8444722,-1.3757544
69,3,3.4276315689086916,4.530444,0.4380143,-1.3010037,-0.83840364,0.05812822,2.9861338,-1.3745707,-2.6877885,-2.8009825,-2.3960972,-0.21060638,1.4633956,1.8541181,-0.77931905,-2.2931464,1.9427139,0.038825978,0.28786236,-0.83465767,-0.74959004
69,4,3.4276315689086916,-1.2844353,0.13107735,-3.2945967,1.2015159,0.7103897,-1.3593118,2.1582427,-0.48693445,-1.1843004,-0.3244841,-1.1842487,0.86445475,-0.4288853,0.1914699,0.08503468,-1.7038891,-0.26778397,1.5345299,1.806813,1.029734
70,0,3.6243953943252563,2.3580396,-1.1173662,-0.80001396,0.9815702,0.16490574,2.6771212,-2.5356565,0.061982777,1.6312143,0.14054501,-2.6562092,-0.21030162,0.19319509,-1.4664865,-1.119301,2.450329,0.9614414,-2.0679836,-1.4094274,-1.7700753
70,1,3.6243953943252563,-1.3632269,-1.4480652,-3.128579,-1.9528416,1.1460221,-1.6093795,1.2042649,6.2383876,-0.45936066,0.3577885,-0.13257197,-0.20409228,-2.3125248,1.7107073,0.051234033,-1.1099658,-2.0069323,-1.2304742,1.5252372,1.0793549
70,2,3.6243953943252563,0.28491652,-2.182197,-1.9700727,1.2628939,-2.9524589,0.63877577,1.3464546,-0.025549991,3.5658257,0.76702464,-1.1347917,-0.34712896,1.458642,0.53865194,1.9427867,1.5929991,0.03765217,-0.5145353,-2.7488585,-2.7673016
70,3,3.6243953943252563,-0.9793939,-0.64990705,-2.8174968,-1.2969615,2.5304523,-1.2996956,-1.1071532,2.9392264,-2.3164034,3.0990453,2.0726137,-0.39085114,-1.7852892,-0.51099885,-2.2426841,-2.975681,-0.5831099,1.3053765,3.156259,3.644619
70,4,3.6243953943252563,-0.7910323,-0.37684098,-1.3117903,1.5164646,-0.33997625,-0.10942732,-0.5431728,-0.4245087,0.8417333,0.21535909,-1.1029055,0.23612426,-1.3916006,0.7597005,0.62890697,0.7073235,0.91623175,-0.024843216,0.43891218,-0.844032
71,0,3.1572673320770264,-1.6124798,0.9847676,-1.338123,-0.5388572,-0.88957644,0.35467973,1.5243458,1.295254,-0.65655977,1.3179747,0.7899496,0.63564825,-1.51391,1.2515265,1.9399478,-0.34931293,-3.2877674,-1.1479895,-0.554765,-0.7831799
71,1,3.1572673320770264,-2.9858599,-1.5874418,-0.38436565,0.25933522,-0.36779898,3.6403694,-0.033305738,-0.8157323,2.0659807,-2.2344005,0.003711943,-0.8966748,3.56976,-1.029033,-1.9534404,-0.020005258,-0.6027356,-2.6047966,1.1867975,1.0745399
71,2,3.1572673320770264,-2.6213324,-1.6244617,-1.1940066,-1.6437819,-1.8707187,0.75637174,0.02077339,-0.37459594,0.3267038,0.03186899,-1.2995574,2.628506,3.6448853,2.7041202,-1.7299626,1.345914,-0.41928798,-1.6909274,0.38237062,-1.1166039
71,3,3.1572673320770264,-0.98612046,2.1680472,-0.38761348,-0.9917276,-0.83419085,-2.9106958,2.267579,-0.8675309,-0.819854,0.87830114,2.2174137,-0.56367,4.2487807,1.1205659,0.9610563,-2.7319312,-0.19112381,-1.8824573,1.9506685,1.876614
71,4,3.1572673320770264,-3.0009332,0.5900864,-1.9723676,0.007363833,0.6009475,1.2467245,-1.1470821,0.3858241,-1.421979,0.12797447,0.3012723,1.1182595,-0.90171367,0.30070817,0.16550763,1.8824321,-2.037849,-0.7253008,0.7446275,0.65220547
72,0,2.9458752155303953,-1.138816,-0.35568303,-1.9669365,-1.6876285,1.4412766,-2.212473,2.2673101,-0.8150612,-0.15408577,1.2188234,0.8037058,0.054640673,-1.7128184,0.802844,-1.2449311,-0.7200363,-1.7038512,2.3237567,2.7101853,2.6855357
72,1,2.9458752155303953,-1.7700114,0.87303877,-0.48145032,-0.8706963,-1.5742888,0.34754613,1.2673098,-1.4432454,-0.19092672,-1.7020522,2.0189993,1.9431875,-0.86506635,-2.1481974,-2.19682,4.1407537,1.0836272,0.12230928,-0.17081971,0.10282735
72,2,2.9458752155303953,-0.28791115,-0.4456175,-1.3155569,-1.5447184,1.9306731,-0.025623718,-0.76777804,-0.40113565,-2.0489874,-2.5733345,2.8006241,-0.13091837,0.5323016,0.06644395,-0.87647223,0.2996847,-0.9095814,0.9666028,1.9644984,1.3870385
72,3,2.9458752155303953,1.6364462,0.26058042,0.7176828,-1.9730806,-1.6225944,2.914198,2.8583274,-0.63713133,-0.9908941,-1.3728406,0.22465755,-1.3972726,1.9806993,-0.41242906,-1.7917993,1.057652,1.2757335,-2.0811238,0.37108877,-0.14351507
72,4,2.9458752155303953,-1.5795557,-0.74021053,-2.1041808,1.4859147,-0.016208716,-0.52201176,1.2727326,0.1460299,0.06297049,-0.039357617,-1.0332643,-0.48467758,0.87735254,1.8513081,-2.7026675,-0.19911988,0.24309044,-0.1583215,-0.1338013,-1.0485556
73,0,3.1046578168869017,-0.65802234,-0.8296015,-2.4753077,-0.9176866,2.5665672,-0.4535295,-1.0393893,1.1676921,-2.586619,0.907238,1.0197963,-0.023495672,-0.33112672,-0.5678263,-0.34792084,-0.19364977,-0.7383701,-1.2432052,1.8393209,3.585711
73,1,3.1046578168869017,1.0098422,-0.58016163,-1.7249011,-0.30096418,-0.5612594,-2.3753452,1.8558669,1.1014766,1.5288478,-2.9189763,-0.1340986,0.44461703,-2.0963387,-0.24936576,0.4333238,0.35910156,-0.0045724316,2.5311773,-0.7870656,-1.4877926
73,2,3.1046578168869017,0.26336923,-0.84709466,-0.82708514,-0.14595279,-1.2186645,-0.30840126,1.7092168,1.1566538,1.3204803,-0.82792985,-0.1379439,0.15558955,-1.122115,0.54098415,1.2809099,-1.1687815,1.3444746,-0.748366,-1.2996155,-0.60891664
73,3,3.1046578168869017,3.0867662,-1.0691034,-0.89157397,-1.3777295,-0.8680737,0.92242277,-0.9344857,-0.719858,-0.7020809,-1.6862606,-2.1234975,-1.3345687,-0.10443908,-2.1447487,-1.3068347,4.5420804,4.331417,1.8238817,-0.39785495,-1.1596901
73,4,3.1046578168869017,-1.5367982,-0.24351129,-2.2106142,1.4811614,-0.82313734,0.8206578,-0.41973555,0.77772075,0.4712286,1.5859824,-1.685919,-0.51627046,-1.2261511,0.18277025,2.5193279,0.36358878,-1.1451373,0.5723614,-1.3087051,-1.4948992
74,0,3.4549127578735352,-0.64375484,0.09201441,1.6888508,-0.37720454,-1.4073814,0.86788625,0.588643,-1.162467,2.161139,-0.9251923,1.6792574,1.0520048,-0.9802068,-0.58761233,-2.0824223,1.817083,-0.5830893,-2.0137465,-0.6621021,-0.5360142
74,1,3.4549127578735352,4.598998,-0.48709056,-0.2657598,-1.072524,-2.9128413,2.6784954,-0.02510708,-1.1065364,-1.1562067,-1.4303071,1.03356,2.7012253,-1.8493751,-0.59995586,1.6364032,0.42713454,-0.64026845,0.5116482,-0.2673304,-3.7295573
74,2,3.4549127578735352,-2.0321484,-0.83001006,-0.13755499,0.44492078,1.853053,-0.42185777,-0.13525848,0.37503564,0.28683087,1.9315722,0.7384825,2.387497,0.632712,-1.693685,-0.75943685,-2.256226,-1.1440259,-0.3544832,0.25552046,-0.93729305
74,3,3.4549127578735352,-1.9139161,-1.2819641,-2.8034985,-1.3378382,0.9651413,-2.7315433,0.15151668,2.259297,4.3854785,1.91231,-1.6954906,-1.048291,-0.08486882,-0.3791849,1.1787431,-0.6140477,0.8426623,2.0865078,-1.1774894,-1.5354058
74,4,3.4549127578735352,-0.39316064,0.06554348,0.8609825,-3.2372065,3.3558607,1.1851801,-1.0832356,0.32696265,-0.14860982,2.7671094,2.2622027,-0.99493045,-1.288156,-1.7651812,-1.6634904,0.46892276,0.92608833,-0.014918258,-0.04035421,-0.7134746
75,0,3.202852201461792,1.3439274,-0.03840119,-2.010801,0.18630317,2.4035316,-2.277272,-2.6445663,1.620359,-2.3733716,0.36432052,0.27081254,1.6381916,-0.31137744,-2.199219,-1.4077648,-1.8105067,1.458676,0.548185,1.448431,2.945257
75,1,3.202852201461792,-0.64906186,-0.5116816,-0.78762776,1.582469,1.2612675,-0.49885872,0.70953727,1.24179,4.5484257,3.0041237,0.27808788,-1.54549,-1.6669852,-0.6788896,1.9927149,-1.781119,-4.098001,-2.5863128,-1.1945763,-1.0365152
75,2,3.202852201461792,-0.10106182,-0.034932457,-2.1501606,0.59651965,1.166221,-0.48593685,-0.53628343,-1.370836,0.369655,1.0316733,3.0120597,0.06674217,-1.2714881,1.964693,-0.44758466,-0.85004795,0.63713,-0.66334116,0.63627887,0.18454362
75,3,3.202852201461792,3.5988827,0.8192998,0.05911226,0.97006667,-0.8721302,-1.0145481,-0.26476,-1.0641463,-0.9084195,-1.2625539,0.24563485,-0.28195813,-1.4713577,0.7091128,-1.3442887,1.7970326,3.3085682,0.28482887,-0.8856419,1.168365
75,4,3.202852201461792,-1.029817,1.7359679,0.2952859,1.6230068,-1.0902556,0.11894113,0.13896301,1.9538882,-1.0991617,0.6794899,-0.087046884,-1.2721628,-1.1983603,-0.18073991,0.01591311,-1.4565574,-1.1894945,0.7121194,0.1692606,-0.037150092
76,0,2.8691575050354006,0.46364254,-2.0692782,-2.7879975,-0.48997346,0.90608925,-1.7327956,1.0018238,-0.90882003,0.35413292,-2.8681152,1.2281288,1.185082,0.06982428,0.12938666,1.1168238,1.6761905,1.3960618,0.29536054,0.13105395,-0.89007896
76,1,2.8691575050354006,-1.427969,0.55630505,-1.4392174,-0.49671274,1.5790867,-0.7574425,1.5179564,-0.15022743,-2.434707,1.10933,0.4312167,-0.003544857,0.17179494,-0.8154784,-3.6353035,0.87149227,3.1899903,2.7121305,0.45513502,-1.4420489
76,2,2.8691575050354006,-1.8228947,-0.54702,1.9974877,1.9152291,-0.9172767,-1.3459151,1.2651199,-2.4577076,1.6415857,-0.68937707,0.08490339,0.5457381,-1.3734252,0.42973107,1.3297807,-0.6158393,1.304803,-0.9309269,-1.6188067,0.2831529
76,3,2.8691575050354006,0.59816694,0.87279165,-2.0729947,-1.1558388,-0.88935924,-0.24636523,-0.5025716,-2.112089,-2.0446923,-2.1011152,-0.27312806,1.7139199,2.7983887,-0.20536052,-0.17940642,3.6453454,0.84897316,-1.4178354,1.0798638,0.77710277
76,4,2.8691575050354006,2.1410313,1.9598467,-0.081276216,-1.8712478,-0.2844191,-0.6744677,-0.17332658,-0.95675635,-2.9246635,-2.8113043,0.21879782,3.1062524,0.6077508,0.20641604,2.7882197,-1.5525472,0.09088534,-1.5788361,3.7963693,1.3747233
77,0,2.8783556699752806,0.8141633,1.5342451,0.7743926,0.83470297,-0.3838849,2.5738595,-1.2653358,-0.69499135,-2.3242145,-1.1922942,0.43101057,2.1387832,0.27449766,-1.1720244,-1.4955627,-0.66253763,-0.6747546,-2.1541946,2.2892332,-0.9230715
77,1,2.8783556699752806,-1.9631418,0.07627539,1.5570103,4.5005355,-0.24351765,-0.36720592,-2.1403475,0.21890958,1.540075,-3.1372168,-0.64838,1.2128105,-0.74166304,0.2555081,0.5478654,-2.6051261,-2.3657255,-2.3648157,0.56441605,-0.660505
77,2,2.8783556699752806,-0.94630045,0.15243478,-1.595803,-0.89070666,-0.2520844,-3.5792475,-0.4878647,0.017629799,1.1134382,-1.9759182,0.06405257,0.24394001,1.1404626,1.4548559,0.07777137,1.2279606,-0.09591667,1.8143041,-0.27074975,-2.1257603
77,3,2.8783556699752806,-1.2162619,-1.2607625,-3.091571,-0.4314653,-0.069970585,-0.2054313,-1.6094687,-0.7424816,-0.30805695,-1.4293808,0.11202806,1.4277296,2.6924098,0.5220226,-0.69050986,1.0920988,0.85693675,-1.758316,0.7020955,-1.816808
77,4,2.8783556699752806,-3.1468863,0.38376898,0.4627583,0.046697095,0.22217812,0.7912203,-0.3708509,0.09597096,1.7266806,-1.2224594,1.4521611,0.32103434,0.83170843,-2.417652,-1.968434,-3.366502,1.3223858,1.1934335,0.5662895,1.5775981
78,0,2.8389041423797607,-0.09164706,-0.5365176,-1.4826845,0.540733,-0.3597825,-0.6481084,0.34849438,0.69754076,-0.09986645,-0.5410744,0.93517476,-0.17136595,-0.32223713,0.61150014,-0.73406994,-1.1200068,-1.4857657,0.89517885,1.5634384,-0.1371074
78,1,2.8389041423797607,1.1508287,-0.8216312,-1.9073665,-2.1830335,0.826062,-2.939951,1.0163081,2.1776023,-1.9553719,-2.0465136,1.3569444,-2.1888604,-1.1165428,-2.1865788,-0.36711395,3.019528,4.794237,3.5972118,1.6355093,-0.89476824
78,2,2.8389041423797607,-1.3699596,0.3389344,-0.79658836,1.5856822,-1.0725714,-0.16221927,0.00958273,-0.12589625,1.1844015,-0.41290098,0.7299257,-1.1146331,0.9035511,0.38236454,0.45424777,-1.1589105,-1.1300493,-2.1946216,-0.19147316,-0.82962
78,3,2.8389041423797607,2.42071,-0.06516294,0.43327183,-0.5705811,-0.6980909,3.666435,-1.8085922,-1.936724,-2.3153307,-2.4270058,-0.5185757,1.8587848,1.1859992,-0.46905202,-1.6027156,2.9835622,0.823048,-2.1141517,-0.97514486,-2.318295
78,4,2.8389041423797607,1.2459887,1.5722827,-2.1285002,1.1639545,0.68109965,-2.1494112,1.5666411,-1.567931,-0.5164474,2.100801,0.13679567,1.0581317,-2.6471877,1.4698428,1.7126844,-3.368863,-1.8302029,1.1289011,1.563552,-0.28063357
79,0,3.4110058307647706,1.7574222,3.1717522,-2.0220053,0.67518127,1.3949398,-1.989163,-1.4246507,2.1643434,-2.1774464,1.3866307,1.5100479,-1.5535635,-1.1812679,0.33708277,-0.3639437,0.023981921,-0.3201006,-2.4161117,-0.8704271,-1.162603
79,1,3.4110058307647706,-0.30001485,0.93106556,-0.30625266,2.531756,1.4622325,-1.1842513,-2.05616,-0.10784951,1.5948315,1.5845453,-0.8312341,0.08738079,-1.4077418,-0.75506175,3.590544,-0.99853045,-4.8699894,-3.3584225,-1.1056004,1.0502028
79,2,3.4110058307647706,2.254169,0.36917835,1.3736337,0.66794544,-0.4478267,-0.44474646,0.2635904,-1.0794176,-0.90554017,-1.0500528,0.6724944,-0.38198715,-1.2484473,-1.9396029,-0.40783623,-1.5974693,0.035293803,2.6774993,-0.13183753,2.455196
79,3,3.4110058307647706,2.1731327,-0.40456882,0.49393663,0.11990767,1.0087122,2.5637953,-0.71487427,-1.010634,-0.12632492,-1.4228592,-0.8781792,0.137087,-0.6942702,1.2345071,-2.1735756,2.0612695,-1.0380229,-2.2084572,-0.91467535,-1.1731136
79,4,3.4110058307647706,-2.828084,-0.6179247,-0.21569602,-0.15767461,-1.3492968,4.4953065,0.96091,0.051331062,-1.5360597,0.81436616,1.0880154,0.8106278,-0.09030765,-0.49422258,-0.7920909,-0.3309624,-3.2966037,-0.0018308443,1.6356864,0.07329336
80,0,2.7924063205718994,0.42875212,-0.5888006,-1.6298795,0.90063566,-0.75284106,-0.57811105,1.0264682,0.5071819,1.385013,-1.3315676,1.3190697,-0.04057938,-1.1595944,-0.030248612,-1.7684568,1.208653,-1.6746945,0.977321,-1.9683373,-1.7887372
80,1,2.7924063205718994,-0.49685103,0.04140937,1.4386585,-1.507949,-0.41277677,1.9778919,-1.6077917,-0.11821472,-1.1179588,3.475811,-0.8074761,1.9822726,-2.5603173,-0.8601725,-2.6119518,-0.37234572,-0.8525839,-3.4761722,3.5434933,2.0236342
80,2,2.7924063205718994,-1.5221659,0.3314571,-1.8388213,-0.08651571,-0.79151404,-1.9101428,2.801573,-1.8136473,2.2937307,0.4765017,-0.51009727,-0.62528414,-1.1674155,1.1389503,3.6960056,0.34119868,1.8057523,-0.44642997,0.5012182,-0.9301575
80,3,2.7924063205718994,1.8676217,0.67539805,-0.9277893,0.969813,0.5870779,2.3426886,-1.8791541,-0.8323673,1.1396943,-1.6514546,-0.69267124,-1.5031052,-2.2123604,-0.5118396,1.1729097,-0.38435596,-2.0207088,-3.5226977,0.8292021,1.9207164
80,4,2.7924063205718994,0.0025311331,0.32822737,1.5367708,-1.0494556,0.20402409,-1.2629292,-1.2584629,0.27857536,0.23252878,-0.24933545,-0.6380283,0.3047415,-1.3858868,-0.7603707,-2.1323693,0.41408783,1.7450848,2.429697,0.7307574,-0.005539332
81,0,2.998325157165527,-0.73582923,0.5455073,-0.52407426,-2.597115,1.571415,0.61549103,-0.3558979,0.23592259,-1.1360421,-0.9621588,4.036482,-1.7637006,-2.9377131,-1.9939828,-2.81766,0.522036,1.1812693,1.3282645,0.5119252,1.9236306
81,1,2.998325157165527,2.2361104,1.3300651,-1.3503137,1.0555127,-1.1181663,-2.5289297,1.9526681,2.5144887,0.94810826,0.35381186,-0.7373505,-2.6241038,-2.3528137,-1.5676388,0.72555214,-2.730221,0.5772373,-1.4717227,-0.23407313,0.051118124
81,2,2.998325157165527,-0.22406515,-0.62694883,-1.1953475,-2.4478016,0.22011355,0.43872508,-1.9632467,0.64552134,0.55129117,0.080175154,1.504712,0.83247495,-0.73334384,1.8211558,-2.9060602,0.062471107,1.4811038,-2.7244961,-0.58768684,-0.6993795
81,3,2.998325157165527,-1.1485112,-0.7885968,-1.1113153,-1.4610482,0.6075254,0.49116293,-0.9669668,1.2851759,-2.3630044,0.3908864,-1.7319932,2.047263,0.02670092,1.1043983,-0.87662446,1.305102,0.71551085,-1.554475,2.2308302,-1.571377
81,4,2.998325157165527,-1.4853978,-0.82988286,0.7947847,1.2448356,-2.5810933,-0.28726262,0.25878033,-1.1412839,-0.0623732,-2.048124,-2.380992,-0.37768456,3.260247,0.05045444,2.638223,0.7644054,-2.2481048,2.1005223,-1.0029764,-1.0726438
82,0,3.4334878444671633,-0.0036302425,-0.7148294,0.4234977,-0.31349418,-1.84712,1.1703424,-1.0634942,-0.56968606,-2.0159416,-1.5729595,-0.67633414,0.68806744,-1.0408695,0.44152611,0.8871416,2.7385175,-2.8065243,0.9545532,-0.6315489,-0.33032364
82,1,3.4334878444671633,-1.0610561,-1.0217409,1.491596,0.35163304,-1.3205973,-1.2918413,1.3184069,-1.0962535,1.3947241,-2.7832773,-0.49977085,2.797496,4.7155175,-0.5916741,1.8753977,-1.3533524,-1.7528824,-2.553009,-1.1665878,-2.1112936
82,2,3.4334878444671633,0.86727935,-0.4769578,-1.0879269,-2.534413,0.5708814,0.15063201,-1.1386554,-0.28581616,0.8252378,2.043731,-0.17505348,-0.6449501,-0.52413166,-0.8457703,-2.9326127,1.8818665,-2.321681,1.2418214,0.4041789,-0.6865029
82,3,3.4334878444671633,-0.9123724,-0.818245,-2.2449794,-1.3435681,1.5177041,-0.8559785,-0.41230687,1.9265331,-0.01566449,1.6427447,0.4423297,0.43466046,-0.46627185,-1.013967,-0.42504123,-2.166322,-3.1475265,2.371154,-0.28947437,0.0059735654
82,4,3.4334878444671633,3.361013,-0.80134565,3.9476557,-1.4620768,-2.0818477,-1.6526535,-0.7072412,0.87247735,-2.83822,-0.90419644,-1.5900112,0.5799708,0.7585741,-0.32503092,0.06690588,0.35325515,1.0800256,-1.296019,-0.85945207,-1.1379067
83,0,3.0719735622406006,0.94136393,1.7180312,0.7324941,-1.5915776,-2.8567383,-1.3074121,-1.9565697,0.59008473,0.32444704,-1.7697382,0.584268,2.8595734,1.2501948,0.05401306,-0.42245403,-0.1980495,0.5421632,-1.0936254,0.44991952,-1.1562004
83,1,3.0719735622406006,2.1150563,1.7350969,1.5315087,-0.10963458,-0.91384417,-1.1220058,-1.3294688,-0.8976349,-0.9598091,-0.57031673,0.59829074,-0.8394955,-1.2849723,0.3548937,2.3891082,-0.95830655,0.48857042,0.73099995,-0.018799398,-0.50789386
83,2,3.0719735622406006,2.8353019,-0.30881166,2.0510066,1.3769755,-3.4968708,-1.255397,-0.0017563802,-3.196824,1.5362784,-1.9410561,-2.0031347,1.2154515,1.1065487,-0.9657974,-0.37025365,2.5998747,0.59232396,2.3253531,-1.7758145,-2.3397067
83,3,3.0719735622406006,-2.4087057,-0.7352293,2.060564,2.995689,-2.4105136,-0.47508335,-2.356041,-1.9570663,1.5133306,-2.2461677,-1.0748802,0.40584576,-1.5263128,0.7526398,1.7259324,2.1285853,0.2594779,-0.63448167,-0.859532,-1.2939034
83,4,3.0719735622406006,-2.3122613,-0.5545656,3.6098504,0.5562202,-2.3558767,-0.20670135,1.1243837,0.1680121,2.9807746,-0.38336483,-1.7113599,-1.7041459,-0.07138438,-1.257,0.7781876,-1.8108697,0.48878616,0.815003,-1.1245384,-0.40941378
84,0,3.232876348495483,1.2366332,-0.62913305,-0.13254714,-1.4585334,-0.40084702,-0.73044395,-0.92158246,1.3597937,-1.101806,-0.5784902,-0.31865498,0.81929684,0.85937506,-1.2161065,-2.496226,-1.8937452,1.696641,-0.64035106,-0.39740792,-0.023765305
84,1,3.232876348495483,3.8487241,-0.032815203,-1.7470472,0.13396306,1.629159,-1.6219193,0.8608248,-0.5689495,1.6469424,-2.0834105,-1.0520517,-3.0820458,-2.66294,0.36984423,-2.8005292,0.38502076,-1.552642,1.4409924,-1.742326,-0.123153456
84,2,3.232876348495483,1.0589085,-1.7009637,0.83013535,1.0838668,-2.068186,0.033172492,0.33935568,-0.11439386,1.1219724,-0.24983163,-0.5657478,0.017897133,0.25674537,-2.7341428,0.9280171,-0.11752389,-2.2770917,-1.6019292,-1.4742978,-0.5097906
84,3,3.232876348495483,-1.2112933,-2.1762333,-2.8129842,-0.68839,-2.4402366,-0.35430557,0.8483278,-1.3762594,-0.37717628,-0.47621718,0.33307555,-1.2753406,-0.9960715,0.075881265,-2.943961,4.5136247,-2.1139972,2.6165094,0.18901849,1.481396
84,4,3.232876348495483,-0.8323264,-0.42535168,-3.9097462,-2.3176007,-0.34644684,-2.004394,1.0786978,3.0763288,-0.78746665,0.54342747,0.7907978,-1.8083357,-3.151596,0.66474545,1.2196256,0.47231585,-0.034335826,-0.041268732,1.0760285,1.2458163
85,0,3.0981975555419923,-1.7696446,-0.6530069,-0.04628482,-0.67798126,3.3707905,-1.6051259,-0.20671387,1.474542,-0.33633193,-0.9914589,1.0154731,0.81960166,-1.6192311,-0.2978771,-0.8359846,-0.9905119,-1.1683214,-0.7299581,1.4680986,0.05451375
85,1,3.0981975555419923,-0.5688748,-1.1858422,-1.0766293,3.271999,-1.6498481,-0.60378814,0.64333034,-1.5275266,-0.89042246,1.7858659,2.064524,0.2570875,-2.440551,2.1651237,3.2981222,-1.4384803,-1.1211902,-2.0772593,-1.2315015,-0.82890475
85,2,3.0981975555419923,-2.27845,-1.7367082,-1.4595629,1.1445179,0.034953356,-1.2110547,0.6392667,0.6172968,-0.49193013,-0.17036992,-0.23022443,-1.2802889,-1.9546071,0.07581706,0.24791005,1.8013116,0.28682178,2.0672827,-0.97007614,-0.54714376
85,3,3.0981975555419923,-1.4092313,-0.70358455,-0.019566488,0.7492718,1.2699437,-2.422972,0.29941165,-0.19730766,-0.24247363,-2.176588,-1.4898292,-1.6278373,-1.1273996,-0.40408108,0.11024193,0.6039727,4.1272945,0.97835517,0.9999938,-0.8001098
85,4,3.0981975555419923,-0.12739618,-0.20805837,-1.1295114,0.91442907,-1.8079176,0.7515657,-1.3373697,-0.9217139,1.0590851,-1.2851901,0.40609717,-0.036601078,-1.2133232,1.3303853,-0.5585567,1.5041958,-1.8532298,-0.6584372,-0.5257566,-0.9908255
86,0,3.291409492492676,2.3691921,-0.92616504,-0.39487648,0.1964473,-1.6170987,1.155673,-0.38841346,0.8524622,1.0029135,-0.41564432,-1.5093739,-0.95084,0.37574354,-1.3910725,-1.2848064,2.0400634,3.9470725,-1.4639342,-1.1520017,-2.3178895
86,1,3.291409492492676,-0.74320006,0.162826,-1.5601882,3.1414566,-1.8471254,-3.0135312,1.8348844,1.2005379,-1.6286974,-0.4157511,-1.0084677,-0.37424272,-0.9002037,1.7184726,0.53651476,1.5092316,-0.829686,-0.8104861,0.4805477,0.28584212
86,2,3.291409492492676,0.7224473,-0.23540205,-1.5587875,0.8363688,0.9369018,0.01842765,0.79526585,-0.71435314,2.443314,-0.79395694,-0.8035617,-3.1726232,0.3962587,-0.8589762,0.5282654,1.3308003,-1.1520716,-0.10507324,-2.2122355,-0.029984025
86,3,3.291409492492676,-1.6347632,-1.053342,-2.889356,-1.2067615,2.7383194,-1.7606426,-0.58321923,4.0885124,0.15759385,3.6205835,-0.08456902,-1.4463286,-2.7864347,-0.96726364,-0.3203494,-1.1406112,-0.14594404,2.411896,-0.77209187,2.3528035
86,4,3.291409492492676,1.0751278,-0.097427085,-1.795206,1.4363524,-0.6078785,-1.2229743,-0.16620469,-1.4662049,-0.43319502,-0.9223219,1.2362386,-0.11284625,-1.1317633,0.6816188,0.70345896,0.635229,-2.1378918,2.2605755,1.2155225,-1.4877796
87,0,3.147783708572388,-0.9969605,-1.3959193,-2.2221131,-1.1879691,3.3072689,-0.7482542,-0.18497604,0.8133626,-1.0766466,1.4986799,0.8855775,-2.5236068,0.46562594,0.40624884,-0.38896573,-0.66426337,-0.13676724,-1.7546507,1.3464476,2.5771017
87,1,3.147783708572388,2.8994148,-0.72198457,-1.9243239,-1.4839677,0.57579416,-2.4841468,1.6194733,-0.71892905,0.7017,-0.21573819,-1.5924242,-0.90502197,-1.5600399,-0.9568992,-1.2503767,3.2982032,3.143387,2.559012,-1.0271509,-0.448981
87,2,3.147783708572388,0.31326658,-2.5421824,-1.0894625,0.89200795,-1.9642336,-0.7633406,0.96583414,1.9766808,1.804158,0.26272342,-1.7401032,-0.5066275,0.16740209,0.25269306,1.344137,1.0779896,-0.5691569,-1.7156203,-2.3432388,-1.4768968
87,3,3.147783708572388,3.544482,-0.53408515,-0.7099008,-0.6555554,-1.7936498,0.21331325,-0.5542753,-0.89831716,-1.0232143,-0.9484714,-0.11897128,-1.388405,0.47116098,-0.9101779,0.92927355,4.2316537,0.9424033,0.30341518,-1.2477263,-0.6852534
87,4,3.147783708572388,-1.6339219,-0.11802776,-2.0790784,0.17204475,0.529892,-1.1794047,0.18469928,1.5817356,0.8351765,2.3587554,-1.2575217,-0.24653305,-0.9494166,-0.7031772,1.0704074,-1.9510713,-1.123538,1.4635278,-0.15942156,0.8377916
88,0,2.892396354675293,1.5396919,2.0840485,-0.94457984,1.864182,-1.7384477,-0.83494174,-0.73799425,-2.7151225,1.8453708,-2.014832,-0.7753078,-1.4059857,-1.186323,-1.0175968,-2.7995055,0.85434914,0.9349398,2.5562172,-1.0249048,1.5289698
88,1,2.892396354675293,-1.209296,1.7663958,0.005712637,-1.3357946,0.85470706,-0.6607898,1.6972616,1.0204314,1.5548393,0.13480997,2.508421,-2.2514212,-2.2320464,-0.2540361,2.3176258,-3.148464,-1.48566,1.0794632,2.382574,-1.546168
88,2,2.892396354675293,3.2615685,-1.2481729,0.9251899,-0.2926554,-3.388947,1.4154712,-1.7668796,-0.08355599,0.77964765,-2.933504,-1.7188114,0.81911284,2.1215458,-0.062497225,0.79735017,-0.29674742,2.0895712,0.6817466,-1.128824,-3.2804472
88,3,2.892396354675293,-2.3611016,-0.94171077,-1.9445765,0.48145124,-0.37484518,-0.084632784,0.17158473,0.69168085,2.0457525,0.37823397,0.944977,1.6133825,-0.36903587,-0.32361,0.654622,-0.6195475,0.9519392,-0.06839455,0.3773793,-1.2080396
88,4,2.892396354675293,-0.5411122,-1.5953169,-1.7140532,0.8539914,-1.8350538,-1.4968481,2.2339966,0.011364671,3.661834,-2.1836827,-0.34385082,0.9358819,1.5009501,-0.114856616,2.9118345,-0.85982794,-0.5406536,0.23344773,-1.6317946,-1.9664794
89,0,3.2185502529144285,3.5115232,0.26492655,-0.9846979,-1.0667329,-1.5395335,2.5213408,1.0265568,-1.5206519,-2.1650765,-1.080641,0.7466088,0.0640452,-2.082749,1.1518049,-0.8983642,-1.5812094,-0.06755365,0.03595644,0.27903104,1.6586009
89,1,3.2185502529144285,1.3814994,1.4680835,-1.9458652,-2.011597,1.1668152,-0.24787566,1.1290985,-0.70627624,-0.34518963,-1.104096,0.94822526,-1.021023,-0.76445735,0.49327233,-0.046235897,0.22578628,0.22449532,1.8015958,-0.82196903,-0.9122364
89,2,3.2185502529144285,1.9009539,1.3880894,0.47435087,-1.6076059,1.8103544,-2.0925927,-2.0341482,-1.8448327,3.1705322,0.819788,-1.0637165,-1.0212929,-2.4266996,-1.2623831,0.14560203,2.4111335,-2.0698802,-1.0418985,-0.34556755,0.6608356
89,3,3.2185502529144285,-0.2430741,0.03279983,0.6195464,-0.44892952,-1.6662629,3.5509543,-0.27635124,-2.697409,0.92771465,-0.032172114,0.02742144,-0.8803113,4.731893,0.7482045,-0.99690866,0.90472,-0.79089993,-2.3237934,0.33118376,-1.801566
89,4,3.2185502529144285,0.10827412,-1.3987193,-2.9064689,1.3890839,-1.2686971,2.214374,-1.8154329,1.7027884,0.6448411,-1.216164,-0.9775634,-0.4399652,-1.3988816,-0.8943049,-1.5397965,2.033821,0.64291686,-0.6015022,0.36892444,-0.7772032
90,0,3.027079677581787,3.9446526,-0.27073127,-1.0440753,-0.8350473,-1.1778389,-0.947771,0.91034496,-0.73574173,-1.4419401,-2.6037698,0.3118412,-0.04610683,-1.1423278,0.31096023,-1.4137721,0.76142865,3.193268,0.53968024,-1.0214261,-0.5979007
90,1,3.027079677581787,-2.106936,-0.33670506,-0.50505036,-2.5659752,2.606611,-1.5584145,0.91064113,1.2469903,1.0670571,0.4926358,1.8185598,1.6267264,-1.3788973,-0.83007085,1.8689684,-3.8177495,-0.93161047,-1.98848,0.1480934,0.049548365
90,2,3.027079677581787,-0.1686301,-1.1754541,2.1247032,-1.4164165,-1.3921863,0.9428493,-1.1076847,1.1703746,-2.3979473,-0.8654964,0.37643486,0.09680988,2.589398,-0.8016593,1.0495371,0.22965308,-0.37693536,-0.80342007,-0.30493996,-1.5908309
90,3,3.027079677581787,-2.5664027,-0.8609055,-0.5869105,0.86635,0.03384791,-2.4252086,1.7056637,0.9472823,-1.0063959,2.0416024,0.63616985,-0.69373304,-1.1331428,0.52479297,-0.007476676,-0.5101844,-1.8714303,0.56554645,-1.0070485,0.67274636
90,4,3.027079677581787,2.5130613,-0.531964,-0.94150484,-0.2887508,0.35072958,2.7578566,-0.3854612,1.4919434,-1.4753056,-1.8531188,-1.2250103,-2.185242,-1.5088584,1.0769196,0.3133687,-0.70088416,-0.37569538,-2.0398839,-1.2739666,-1.6367817
91,0,3.011939001083374,3.0969515,-1.1546514,0.8277507,-0.17798582,-1.0438963,-0.010976165,-0.119008705,1.9579234,0.9462949,0.45268825,-0.3810634,-0.46096036,-2.2264946,-1.2164714,-1.8316982,-1.2482636,-1.2765331,1.0774143,0.09569829,0.44220525
91,1,3.011939001083374,-1.3005924,-1.5522317,-2.6334927,1.0082409,2.7085776,-2.5445976,-0.52740234,2.600278,-1.731875,-0.565069,-0.034897905,-0.063620575,-2.1159053,-0.56135976,0.08202071,2.3162038,1.0541267,1.8660898,-0.6031703,0.8559742
91,2,3.011939001083374,-1.3578699,0.084933385,-0.55144876,0.63305753,0.017052876,-0.24718371,-1.8136288,2.6906168,-0.31649825,-0.6227386,0.15244143,-0.90389043,-0.8461202,0.014032357,-0.27056617,-1.2552159,-1.022397,3.1440988,1.9778057,0.33441204
91,3,3.011939001083374,2.4868836,1.0128102,3.307582,-0.090793654,-2.6550655,-0.792155,-1.1179339,-1.9368993,2.6538856,-2.3736806,-0.59227693,-1.4654648,1.972158,2.912206,1.3266354,0.23828246,-3.107395,-2.0189524,-1.6499985,-2.3959398
91,4,3.011939001083374,-1.3491746,0.14277603,1.032163,0.59448177,0.22889203,2.4122534,0.2615005,-0.20304692,-1.2239485,1.2980422,1.2149298,-0.807411,-2.1578548,-0.5075386,-0.6875005,-2.7857358,0.40635735,2.1980476,0.11529723,0.45182958
92,0,3.364239740371704,0.42005607,3.410136,-0.876846,0.5002555,-1.7223859,0.8044491,-0.058735654,-0.7010383,0.6661318,0.7047943,2.0210981,-1.4724422,-2.5390856,1.7434311,0.37072772,1.3214877,-3.887615,-1.0451397,-1.0157427,-1.836492
92,1,3.364239740371704,-0.24019685,1.9684637,-1.4692966,-1.0895509,1.1769048,0.62465185,-1.2714686,0.2824382,-1.49813,2.5179913,1.2893587,-1.3982122,-2.1350746,-2.098676,2.212195,0.62783,0.043101728,-0.9290477,2.1023593,0.2096634
92,2,3.364239740371704,-1.9952576,-0.16061926,0.011657067,0.74962246,-0.24301966,1.3724188,0.10453215,2.6246023,-1.4627906,0.20755786,0.65477717,-0.747435,-1.7519803,-2.057153,3.7467473,-0.424962,2.802142,-2.036071,-0.62488776,0.14765613
92,3,3.364239740371704,-3.8690407,-1.0146774,-0.6675954,-1.770892,2.0106752,0.97748214,0.57730013,5.086325,-2.1962876,0.47423995,1.3142482,-0.9480038,-1.1682378,-0.22891636,0.78738207,-1.6305689,2.633534,1.2385192,-0.3532989,-0.6060008
92,4,3.364239740371704,-1.5933957,1.2851012,2.0126164,-0.77345043,1.8762889,-0.9522657,0.35953537,0.48599267,0.69239783,1.92749,1.1006538,-1.3842534,-2.7255461,0.87261546,0.7151682,-0.5537359,-2.1332982,0.0653872,-0.8389766,-0.682057
93,0,2.859521722793579,0.4092935,-0.48918357,1.2591627,1.7654736,-3.267633,1.8181868,0.557627,-1.2587857,0.6619802,-1.7484753,1.0352092,0.47508076,0.6707604,-1.6580402,-0.98519117,-1.4702718,2.3556392,-0.41196993,1.7546031,-0.6287843
93,1,2.859521722793579,-1.4895421,0.52084494,0.90952885,-0.25404847,3.3421614,1.3672074,-0.86337125,-0.7143771,-0.11212516,0.24037762,2.0827591,-0.566512,0.6335602,-1.2240978,-0.65149015,-2.035525,-0.123429894,0.34512934,-1.1132948,0.6082932
93,2,2.859521722793579,0.2977048,-1.5133368,-1.012456,0.06250575,-1.6863588,-2.2784333,-0.82556957,1.9911252,2.4550123,2.0921955,0.3875208,-0.83678836,-0.784022,-1.3494138,0.0018287802,1.4550302,-1.2750915,-0.6138007,0.13980614,0.19941819
93,3,2.859521722793579,0.6813849,2.2121668,3.1679347,-2.3137207,-2.0419018,2.0156448,-1.1362605,-3.3631442,0.48994052,-0.36075374,-1.2227055,0.84412897,3.2310083,3.9106603,1.8942407,-1.1791539,-3.1665761,-0.2494372,-0.5201138,-1.8017503
93,4,2.859521722793579,1.8694838,-0.72723657,0.9342011,-1.7092361,1.4236467,1.1332899,-1.0129747,1.8224673,1.0935781,-2.1873357,1.6183225,-0.17454506,-0.010094028,-1.3369135,-2.6492896,-0.030380985,2.3448102,-1.0887531,0.5288422,0.6264156
94,0,3.079576587677002,-1.3765341,-0.83029646,-1.4309378,-0.4023468,1.7187281,0.010136751,-1.9555123,0.48574424,0.18488427,0.2476566,1.2642372,2.0563836,-1.1924117,1.5919428,-1.487787,-1.809738,1.7236172,-0.34165135,0.79677755,0.28906035
94,1,3.079576587677002,-0.008543639,0.52769035,-1.9508017,-2.2327857,1.4789371,-0.9263508,2.0146596,1.4884583,0.12471436,3.1595764,1.1453853,-0.52668357,-2.7995312,-1.0831753,-2.2405217,-2.130291,3.5526001,1.7088242,1.685809,0.4935284
94,2,3.079576587677002,0.6576558,1.1169723,2.1493874,-0.42025805,-0.99320436,0.9206036,1.8021975,-1.8273404,0.36308607,0.69537747,1.2689965,0.8042534,-1.6585613,-0.07204185,0.9393714,-2.5165923,0.55389476,-0.8194048,-1.026555,0.011363857
94,3,3.079576587677002,4.9556427,2.2222722,0.008659488,-0.9919837,-0.9580261,1.702235,-1.244179,-1.2301472,-3.112807,-0.60933006,0.68023777,2.7413323,-1.4470738,-0.1276641,-1.9443262,-0.044360805,-0.5990582,-1.1737424,0.031887755,0.25248876
94,4,3.079576587677002,-1.4944715,2.9087985,-2.0309439,0.3350245,2.2380595,-1.1801252,-0.12614077,-0.7860178,-1.4371372,2.496714,-0.546782,0.6810088,-0.8350641,2.304929,-0.11487692,-0.75001353,-2.0236585,-1.2506727,1.1643511,0.8608966
95,0,2.824411678314209,-1.6140645,-1.1526483,-0.42022467,-2.363058,-0.73137254,1.0667117,-1.2043167,1.3553221,1.0353926,0.8308551,0.5906042,3.9996595,4.394774,-0.5879548,0.04612966,-2.127263,0.5856098,-1.3088485,-0.12528458,-1.8727955
95,1,2.824411678314209,0.49254122,0.7564543,1.9671285,0.7657669,-1.3890036,-0.59995776,0.5208281,-2.2295015,-1.470535,-2.0709238,0.51940584,1.6185837,-0.48923844,1.541191,-0.7679126,-2.281722,2.0842137,1.0932531,0.786863,0.30195522
95,2,2.824411678314209,-0.43483874,-1.2488972,2.3539112,0.5159448,-2.7702122,-0.52872133,1.8489946,-1.7614855,1.6884443,-1.5657349,-1.0849429,0.47840673,1.6309278,1.2595712,1.4731939,1.3234552,0.7354026,-2.0989485,-1.7412851,-1.4847394
95,3,2.824411678314209,1.5119392,1.3991077,1.5533389,0.11192929,-2.0646524,1.9939355,-1.7068522,-3.3952043,-0.1422838,-3.0766904,-0.2997821,3.298728,1.950107,1.9935918,-0.06834526,-1.5453745,1.1445014,-1.3339769,1.0367242,-1.6455828
95,4,2.824411678314209,-1.4190387,0.48223534,0.40632674,0.6325556,1.6737607,-0.37796375,2.0371103,0.063502036,-1.8877925,2.2494817,0.92830485,0.3313006,-1.122607,-0.8958243,1.4082078,-2.4761755,0.55751044,-1.1974994,1.0890417,1.8483449
96,0,3.110086274147034,-1.5064652,2.7408233,-0.10319588,-0.15529339,0.3616299,-1.8984374,-0.3874303,-2.26966,-1.3934947,1.5172026,-0.2672193,3.4686055,-2.1389024,2.0295906,-0.72272646,-1.9144939,-2.8375902,2.1448016,1.213065,0.74704623
96,1,3.110086274147034,-0.48574996,0.13035461,-0.7644192,1.2734851,-0.36933616,1.2835816,1.4556539,-2.4637296,-0.21299562,-1.2368765,-0.25102824,-2.7467089,0.6051754,-0.87286615,-1.0266379,1.2215652,-0.46326876,0.87959385,0.14411555,0.025554134
96,2,3.110086274147034,-2.0056527,-0.18648191,0.3217554,1.453556,-1.1999729,-0.5043287,-0.37856737,-2.6003563,2.1850564,-1.7653432,0.80112046,0.089714915,-0.17257981,0.02795582,1.7864925,1.7253963,2.061198,-1.714174,-0.5034235,-0.17235033
96,3,3.110086274147034,1.1187831,0.03203713,4.309459,-1.0671508,-2.2686586,-0.2458094,-0.8919996,0.0059811836,-1.4010174,1.1532992,2.5926764,-0.98579425,-0.32489705,1.2287527,1.3299665,-1.7448721,-2.2056572,-0.026614552,-2.4049506,-1.8580985
96,4,3.110086274147034,-2.1378975,3.4167478,-1.2817137,-0.19075511,0.22189075,-1.3016711,0.25270084,-0.19939186,1.4580508,-0.79390985,-0.41630843,-0.35185778,-1.9171193,2.323752,-0.5716687,0.7693793,-2.5546894,-2.6056144,-0.09000242,1.3241372
97,0,2.725481629371643,0.8341629,-1.8107476,-0.22317198,2.5261796,-2.881216,1.1004453,-0.63854545,-0.8406264,1.47727,-1.7080787,1.1407099,-0.24034946,-2.1363652,-1.5553354,1.269641,1.126594,-0.8502809,2.0361924,-1.5146316,-1.9367969
97,1,2.725481629371643,-1.2981386,0.9153848,1.3102691,-2.031041,0.102975585,-2.578587,0.5576482,1.2839547,-0.013811168,-3.8693953,0.42115775,-1.5722301,2.5805068,0.3656344,-1.2923198,0.23398083,-2.6540446,0.31059498,1.8719616,2.9581773
97,2,2.725481629371643,-0.7965995,-0.124277465,-0.58741874,-0.22282843,0.87129843,0.17339703,0.14472587,-1.0651137,0.5286393,-0.32331705,1.1464015,-0.5075042,-2.8219445,-0.28155866,-0.3967778,1.7076148,-0.11315832,0.4404378,-1.3567874,1.0566901
97,3,2.725481629371643,-1.0074488,1.015429,-0.29193273,0.34478495,-0.1405576,-0.6979721,2.1388972,0.38226467,-1.0571321,0.8129214,1.5598961,-1.5210198,1.3576632,-0.033674113,0.89393026,-2.980719,-2.6180317,1.5423446,-0.3039079,0.022271305
97,4,2.725481629371643,-1.819091,-0.21853372,-3.0469837,-2.430324,0.6752744,0.7475117,0.37005648,-0.22898366,-0.06354873,-0.20554169,-0.99326974,-1.5223615,3.7335873,-0.080155656,-1.5567677,2.9753478,0.2620545,2.6437962,-0.055847608,-0.112910375
98,0,3.3136173725128173,0.2512551,3.845731,-1.3945554,-0.73918015,0.108144425,-2.1398535,0.5977355,1.4533955,-1.718102,-2.2363222,2.7379212,-1.8544197,-1.6899028,-0.034183245,1.3160821,-2.700481,-1.3939897,0.4558309,0.6264948,3.3811686
98,1,3.3136173725128173,1.2111851,0.20458065,-1.3369348,-0.124637105,-0.9521012,-0.38481677,-1.260438,-1.5951272,1.6098821,1.2091212,1.9404925,-1.6289611,-0.01720019,-0.9471033,-0.6691285,-1.3051869,-0.72829115,0.4274791,2.0695324,1.1940631
98,2,3.3136173725128173,2.1740935,1.4969122,3.211056,1.2352244,-0.34365696,1.5573076,-1.5139002,-0.5441359,-0.40490982,-1.6404353,-0.15859063,0.5218733,-2.7628708,-1.5962689,-0.23504195,-1.2418193,2.2569218,-1.8065946,-1.3376333,-0.31528446
98,3,3.3136173725128173,-0.02273797,2.1426823,0.5226264,-1.9194226,-0.89965117,-0.72095895,-0.7642522,0.7909934,-2.182987,1.272507,-1.2906535,3.8637838,-0.086229354,0.9627526,0.9022687,-2.8905404,0.898871,-0.44652748,3.523858,-1.0742459
98,4,3.3136173725128173,-0.24606827,2.1999032,-0.7761826,-0.32439548,0.7847269,1.2394173,0.6475278,-1.3599241,-2.428698,-0.11270979,1.7162927,-0.184869,-1.4098275,-0.95593065,0.26038978,-2.5635068,-0.07426701,3.5202446,0.4562868,-0.46675286
99,0,3.1172122955322266,-1.5782983,-1.2518636,1.4842385,0.31138644,-0.9059988,-1.6975327,-1.0453005,-0.4792855,1.9009486,2.1454928,-1.2356659,-0.77435136,-0.5431449,0.53814805,-0.9413984,0.04394131,-0.6252439,1.0731798,-2.0798256,-0.07754897
99,1,3.1172122955322266,-0.34112063,-1.4872123,-0.8838938,-1.3777806,-1.817462,2.5740886,-0.7272656,-0.7537067,0.18548653,0.70129794,-0.3135172,1.4682864,-0.43491268,1.4807577,0.17775233,1.6661178,-0.7907539,-2.3578258,-0.66235477,-2.07212
99,2,3.1172122955322266,-0.13049628,-1.3035996,0.98290914,0.46897843,-2.1059709,1.312589,1.801139,-0.736028,1.1587752,-2.5480711,-0.48944166,0.25176156,0.8620962,0.34967938,1.7072043,-1.410967,1.3196372,-1.5441747,-0.33821496,-1.4140279
99,3,3.1172122955322266,-1.168837,2.0606704,-0.6456574,-0.66404235,4.90166,-4.064903,-1.3598702,0.06983087,-2.314638,1.4929926,0.83817214,-1.4285804,-1.2617053,0.09655117,-0.91225624,-3.2137854,-1.4051028,-1.0279248,3.4863114,6.646491
99,4,3.1172122955322266,-1.0217075,-1.5592455,-0.42804658,-0.46359727,-0.8687286,1.4221959,1.1164199,0.4113359,0.4152435,0.2682119,-0.50562567,1.6890215,-1.5048007,0.79358894,0.62303317,0.880313,-1.1850495,0.09984426,-0.27221638,-1.3216541
100,0,3.6381610870361327,1.7470295,-0.23779829,0.31869757,-0.21359685,-1.7334683,0.6417969,-0.9347762,1.6542375,-0.5159369,0.5452205,-0.41339287,-0.9320648,0.32623574,-0.76613253,0.24600779,-0.31014904,-1.7427275,-1.4851079,-0.41940963,-0.8996975
100,1,3.6381610870361327,1.8931544,0.050732072,-1.3022839,-2.730721,2.684548,-3.2770042,-0.43461302,2.093893,-2.4898407,-0.9820835,1.0101649,0.2548179,-1.4962485,-0.35583174,-1.0507792,0.13054061,-1.6515146,-2.5836198,0.08892009,5.369547
100,2,3.6381610870361327,3.173047,-0.6401466,-0.24632774,0.6328054,-1.1329877,-3.4780922,-0.47737268,0.30968666,0.7246993,-0.1602794,-0.7427294,1.0377142,-1.3531823,-0.98841506,-0.8026824,0.011040694,-1.7169201,1.8871342,-0.42998427,1.1224318
100,3,3.6381610870361327,-0.57953733,-0.60235757,-0.27604476,0.8077556,-1.1186296,-0.5500148,1.4838275,-0.81877035,1.7422274,-1.797166,1.195404,-1.345033,4.05921,1.2787825,2.4447074,-2.7815123,-1.2630454,-1.6715255,-1.0862585,-0.98489344
100,4,3.6381610870361327,0.29931936,-0.8545086,1.8542752,-0.8339952,-1.3947248,-1.4835994,-1.6634811,0.67405933,-1.0282308,-0.7440341,0.23961246,1.168684,-0.67182255,-0.29695877,-1.9635108,3.0401068,1.8458556,0.43123525,-0.944381,1.3254732
101,0,2.860675001144409,-1.0751139,-0.52079874,-2.1333227,-2.1214721,0.38915917,1.0062478,-1.0321727,0.7876979,-2.5888336,0.8993107,-1.0735399,2.470658,2.0159988,0.54563814,0.53641176,-1.1030655,-0.37127835,-1.1249535,2.3559442,0.36763173
101,1,2.860675001144409,-1.4993392,-1.4644722,0.27489486,1.9750001,-0.9323329,-1.0875212,0.24188949,1.954711,1.0741464,-0.7787818,0.19985664,-1.7200927,-1.7161571,0.3222831,3.6242974,-2.24415,3.7871156,-1.1366589,-1.2464892,-1.4324595
101,2,2.860675001144409,0.576231,0.87338305,0.8157666,-0.4404083,1.6076335,-0.69038963,0.4717308,-0.039420288,-1.9127795,2.3781588,-0.57824636,0.08463868,0.012248658,-1.4640545,-2.4652426,-2.7846534,-0.15518391,-1.2431885,1.398202,2.0344658
101,3,2.860675001144409,1.056918,-0.84562254,-1.5421824,-1.8064677,-1.8739225,-1.49702,2.0768893,0.11463575,1.7397225,0.5966579,-1.7545768,0.08833871,-1.5916134,2.0613422,1.0466081,0.8116041,-2.2344296,2.4044924,-0.027916467,-1.6232826
101,4,2.860675001144409,-1.3040465,-1.1660303,-0.6555802,-1.570757,-0.31992888,2.2427669,0.074214056,-1.2229686,2.6477888,-0.54401684,-0.74905837,0.95654696,1.8576205,0.0041497075,-1.7314321,-0.22047336,-1.9426867,0.84953356,-0.9149538,-0.6988723
102,0,3.204476261138916,0.25851685,0.66968834,-1.7242124,-0.88214326,-0.85617155,-2.7434154,0.023417307,-0.41987035,0.8454788,2.5713198,0.4158758,-0.8991551,0.29606774,-0.97477865,-2.5484903,-1.1515396,-0.471091,3.698687,0.1694148,0.18547754
102,1,3.204476261138916,-1.3666542,0.2101964,-0.017127072,-0.2775793,0.8477123,-2.514234,0.5200876,0.0313857,0.25337654,-1.4134626,1.6015598,0.12205563,-1.8561765,1.1570498,0.12289681,-1.1381667,0.25321576,-1.4385799,-0.41214243,0.97506654
102,2,3.204476261138916,0.76811314,-0.6494845,1.0067303,0.32800955,-2.1246023,1.842834,0.39023092,-0.7055449,0.98748785,-2.5862465,-0.09330812,-0.3631677,0.28841776,-2.1739447,-0.09447184,1.0269692,-0.30047506,0.22963117,-0.61696875,-2.3760905
102,3,3.204476261138916,-1.5613049,-0.26862887,0.28834656,0.5331396,-2.8974144,-1.1618809,-0.52036977,-1.2522026,1.5671504,-0.51670885,-0.73705536,3.9818914,-1.6864192,1.7635822,4.612048,-2.392678,-0.27669114,0.37160173,-0.8002231,-2.741605
102,4,3.204476261138916,-0.98403466,-1.4482555,0.046944022,0.23504259,-2.6183414,-2.2110937,2.5564477,0.04536821,0.25760755,-0.8414082,-0.4829972,-0.37193978,3.354462,0.20895295,-0.3479563,1.2994249,-1.2380878,1.574621,-0.30573592,-0.19708455
103,0,2.7423844814300535,-1.1286649,-0.9406465,1.5248096,0.59983104,-1.0414575,0.5360246,0.75981635,-3.2365856,1.0132359,-0.610955,-0.4343071,2.771167,1.522229,0.89028054,0.23339435,-2.1551702,-1.779667,-0.7717087,1.0090572,0.3147492
103,1,2.7423844814300535,1.9052973,-0.5157592,-0.7835812,-0.25172523,1.1717066,-1.8116708,1.5900409,0.68796194,-1.2692496,-3.199842,-0.38131735,0.48497367,0.065446675,-1.6099036,-2.5465307,-1.3916181,2.7542078,3.384288,0.5902897,1.3121797
103,2,2.7423844814300535,-0.9411916,-0.72563887,1.8082978,1.7400794,-2.6143713,-1.9261422,2.3797126,-2.0878563,0.099758975,0.10721624,0.30135974,1.825097,0.5959618,0.21812618,0.6965797,-1.6352788,0.7931223,2.0551074,-0.8117045,-0.46620148
103,3,2.7423844814300535,2.2249074,-0.12205778,-1.1932545,-0.078743696,-0.9557384,1.1390108,-0.57028365,-2.268509,-0.82856494,-1.5464535,-0.8915867,0.6288608,0.85813695,-0.8544631,0.12537879,2.6928022,2.950574,-0.69164115,0.9765796,0.68731815
103,4,2.7423844814300535,2.0637212,-0.057670336,-2.090134,1.4940459,-0.23436984,0.60429716,2.3774304,0.53531486,-0.5997825,-1.1898751,-0.9219901,0.5898806,-2.215401,-0.20400329,1.6217626,-2.2642765,-0.63482755,-0.9714813,0.53082216,1.636599
104,0,3.0971052169799806,-2.100706,-0.15480831,0.522924,-1.0952791,0.9310659,2.271413,-0.8422557,-1.0605806,-2.132016,2.2498899,0.4295436,-0.06685922,-1.2649523,1.1461039,0.0323954,1.2901762,0.97870094,-3.535796,2.4020398,1.4175241
104,1,3.0971052169799806,2.2804487,-0.36650032,-0.31385976,3.0478337,-0.28486115,-0.62916976,-1.1651115,-0.80938846,-2.6648893,-0.1514729,-1.6215276,0.34688994,-1.7272594,-0.84278363,0.31082362,0.8120147,-1.3569783,4.0256453,0.558167,-0.06933324
104,2,3.0971052169799806,-0.13282618,-0.6082129,2.5083683,0.4358198,-2.3357787,-0.38284665,0.09116131,0.96487087,-0.081290096,-0.38897017,-1.9084665,1.7015582,2.859838,0.37148464,-1.716195,0.56035596,-2.1739392,0.27945364,0.92724395,-2.151088
104,3,3.0971052169799806,-0.9204928,-1.914521,-2.629272,2.232989,-1.3331476,-0.6167234,-1.5571074,-1.6922331,3.0462096,-0.10109937,0.93702537,1.1754509,-0.34742418,-0.29589903,0.577859,3.1389832,-1.107314,-0.76935667,-1.7843047,-1.7327707
104,4,3.0971052169799806,2.3724577,-0.043884255,0.7161848,2.2054543,-0.6213604,-0.8540214,1.3498385,-2.7962973,-0.18126532,-1.8194941,0.7360499,2.793725,-0.9281251,0.6585346,-2.0595336,-0.3002625,-0.9849134,-0.45659947,0.21252193,0.7704847
105,0,3.1554273128509522,0.9855582,-0.91613126,1.6199247,1.9836031,-2.2813115,2.175485,-2.0221148,-0.38404042,-1.3993074,-1.0891752,-2.0097508,2.6250215,-0.11642576,0.3324439,-0.26140928,-1.0536325,-1.0162567,-2.0804834,-0.039931554,-0.5125557
105,1,3.1554273128509522,-1.774315,0.112567954,0.19011258,0.7087354,0.23508503,1.0214105,-1.439493,-0.23407437,0.5441017,0.52264124,2.396918,-1.3543735,-0.98300666,0.34852877,-0.83458084,-0.48183766,-2.3629909,2.371697,-1.616704,-1.2789057
105,2,3.1554273128509522,-0.14226599,-0.19365256,1.8615429,0.33728066,-0.6014713,-1.0373096,-2.179226,2.8389573,-1.3495905,-2.3342235,-0.37745607,0.35905445,-0.8196915,-0.5059659,0.020701634,-1.1568443,-0.4105502,-0.77641106,2.4628623,1.9973168
105,3,3.1554273128509522,-2.5872457,-0.6164219,-1.036235,-0.28902102,-0.9367044,-2.0721827,4.210216,-2.7472134,1.7715448,-0.7566745,-1.0300105,-0.7552198,3.3943524,3.444988,0.59507376,-0.4710252,0.8482265,-2.293086,1.3871925,0.6221507
105,4,3.1554273128509522,0.7307985,-0.45763764,-0.38790277,-0.24676675,0.33179942,-1.9077406,1.5699521,-0.19272268,-1.0622077,0.3400274,0.669477,-1.5903512,-3.1622083,-0.21497503,-0.8480604,-0.11907865,2.176994,3.2342598,-0.012300441,2.4065738
106,0,3.2339111328125,0.1310275,-1.4542168,0.43557096,-0.9159318,-2.3588786,-0.64167404,0.042937137,-0.63548994,2.4674332,0.29210812,-2.1875308,1.3730531,0.85796976,0.07624872,1.4352708,1.8861681,1.7631768,-1.6583205,0.22749537,-1.3300716
106,1,3.2339111328125,-1.474123,-1.6656808,0.4735176,2.342275,-1.7300426,-1.5407145,-0.16778024,-2.0753648,3.701534,-1.2446194,-0.356405,1.9314806,-0.18754326,2.798285,-0.6091179,0.71745455,-0.17222273,-0.8952416,-0.9693312,-2.1359003
106,2,3.2339111328125,-0.33153507,-0.76091707,-1.0322882,0.86854064,1.3615601,0.30816367,-0.55437833,-0.69533193,3.1794577,-1.7404706,0.81542844,-0.61654484,1.6866745,-0.007962309,0.5595776,-0.9362854,-0.26468915,-0.668414,-1.174837,-0.42724094
106,3,3.2339111328125,-2.184228,-0.13532543,-3.3065288,-0.76920193,3.628177,-2.2900014,-0.96646774,3.7194636,1.8955916,2.8319728,0.6118454,-2.4636955,-1.715469,-1.293333,0.6433394,-1.69753,-0.6843655,-1.413654,2.786266,3.0515444
106,4,3.2339111328125,-2.1220498,-0.8902628,-0.3073411,0.2988115,-0.10697332,-0.06707841,0.42528605,-1.552003,2.881428,-0.9933576,0.20073012,0.5014974,-1.452,2.0085478,0.864074,0.15676974,-0.47480243,0.060034674,-0.1734437,-0.02635999
107,0,3.105874013900757,-3.2121992,-0.9434688,1.5268236,-0.09421966,-2.5498645,1.6492575,-0.73387355,-0.048411448,-0.18946165,-0.29006413,0.86323124,3.1272082,1.3986498,-0.2747251,1.3219951,1.6812248,0.3618531,-1.3323432,-0.50933355,-1.904784
107,1,3.105874013900757,1.4385619,1.3283591,2.8943243,-0.36958882,-3.8809648,1.4638034,-0.5053139,-1.438515,-1.925419,-0.24615179,-1.0398926,0.9358016,-3.7207727,0.044064447,-0.06152599,2.654527,-1.7008517,2.2585986,-0.34764957,1.1213878
107,2,3.105874013900757,1.0297492,-1.3109599,1.9170475,0.79725,-3.8172123,2.6647937,-1.351395,-1.8499106,0.19488978,1.002355,-2.1455884,3.3739016,1.8564988,0.32948616,-1.171019,1.4705616,-2.5658653,-1.5841746,0.46558985,-1.3675219
107,3,3.105874013900757,0.20909354,-0.04401578,-0.20544617,-1.5053482,-0.47400603,-0.124511674,0.30657345,-2.6414163,3.321519,-1.4513524,-0.86563706,1.1246773,-0.84372824,2.7614648,0.05015475,2.6670787,-0.6475958,-2.319919,-0.7357743,-0.3007882
107,4,3.105874013900757,-0.15300372,-1.5387721,-0.9512386,0.23345703,-1.3689252,0.02202011,-0.599427,0.0999544,0.8582239,2.4042645,-1.4060117,1.5148321,-0.78947705,-0.11582906,-1.190805,-0.30524632,-0.42655316,0.35263315,1.1920434,-0.9649667
108,0,3.2460545539855956,0.73069715,0.436248,-2.7132561,-2.6027584,2.7184277,-0.7398561,-0.09077159,1.6967064,1.2928555,0.6074617,-0.0043526394,0.37091172,-1.2900432,0.3386771,-1.9069625,-0.9854811,0.21902785,-2.6762736,-1.1830094,1.6111809
108,1,3.2460545539855956,1.1612613,1.1020018,-1.6875421,-2.234282,1.159948,-3.4763772,1.1751277,-0.91544145,1.32417,1.8159021,-1.6640348,-1.6915938,-0.91688055,0.9455798,-1.9451977,3.0582383,2.281791,0.8879405,-0.27884972,-1.0909712
108,2,3.2460545539855956,-0.74219084,-1.562003,0.719692,0.020469414,-1.2281833,0.5746364,1.4590039,0.75352186,-0.9793466,2.35156,0.50923735,0.084456205,-2.7175343,1.180047,2.0988882,1.7296549,-1.7439988,-1.2346505,-1.2527957,-1.0377004
108,3,3.2460545539855956,-0.85717183,-1.3712451,0.5555647,4.2075386,-0.8116762,3.2187295,-1.353855,-0.57365555,-2.0466917,-0.8123793,-1.6888692,1.3125247,0.55511945,-1.0149636,1.04253,0.08880708,2.6881406,-2.2003098,-0.8977901,0.86621124
108,4,3.2460545539855956,-1.9523541,-0.7411624,3.567364,2.2793765,-2.0354576,0.7690318,-0.44012806,-1.6134411,0.50583035,-1.4280387,-0.8052825,0.57835776,1.8694607,-0.388636,1.757767,0.46496862,-2.152478,-0.51498586,-0.10036637,-0.8922545
109,0,3.180670642852783,-0.02742653,-0.7465349,0.3614018,-1.4175465,0.89443475,-2.2274892,-0.7760113,0.45934698,-2.2963786,-1.3284498,1.4757038,0.2761097,0.16196077,0.6332411,1.928923,-0.3690627,-0.29004633,-0.2012756,0.53885746,2.24958
109,1,3.180670642852783,3.6723015,-1.3865653,-0.6839396,-0.96630687,-0.40687126,0.5215188,-0.98914766,-1.4560477,-0.79163986,-0.46297714,1.7258567,0.2325946,1.0158763,-2.0667348,-1.5578742,2.4205437,1.8267394,1.8881296,-1.000649,-1.9516186
109,2,3.180670642852783,0.34664184,-1.4050674,-0.47291312,0.065998286,-1.7860384,-0.50128627,1.2436837,-0.4023733,0.074159704,0.9657933,-0.32644144,-0.88984317,-1.6088951,1.8170159,0.103242755,-0.9266491,1.1654998,1.985988,-0.87607414,-1.7708232
109,3,3.180670642852783,-1.417587,0.5066139,1.0012367,0.28353345,0.44307238,3.7822251,-0.07816154,-2.6118624,1.472247,-2.7281818,-0.6257271,-1.6576704,6.41925,-0.6147256,0.82638985,-1.9157463,1.3372551,-2.7302892,-0.40207478,-0.29164332
109,4,3.180670642852783,0.70347315,-1.2051096,0.7949221,-2.3573372,0.42969978,-1.1968582,-0.96805406,0.7995374,0.4934551,0.5683268,-2.078141,1.3021916,1.2519625,0.2502879,-1.0063211,-0.579596,0.9688985,-0.111099474,-0.8171043,0.59373087
110,0,3.0744091510772704,-1.4011775,0.4068428,-0.4040333,-1.1068764,0.67877424,0.6593414,-0.31300277,1.6943636,0.11227486,-0.16876777,-0.14056477,-0.31706658,-0.1567531,-1.0840355,-0.92137927,-1.485135,-0.6162665,1.9383801,-0.12066087,0.71515995
110,1,3.0744091510772704,-2.312115,-1.469979,-0.12929562,0.19410147,3.878575,-1.3067495,-0.8574561,3.665385,1.7776952,1.3532714,-0.5852209,-3.104812,-0.68811995,-2.577781,-2.1737747,-2.9779055,-2.1156645,-1.8731179,1.6497213,4.3550043
110,2,3.0744091510772704,-0.59533393,-0.20043427,0.037733477,-1.2826058,-1.4711859,-0.31309837,0.18400067,0.0748204,0.5932003,1.6803743,0.5521811,0.68430275,-0.8376039,2.058975,-0.6522355,0.68881774,-1.2862109,-1.2066549,-0.9115602,-0.7961807
110,3,3.0744091510772704,0.50331736,-0.384846,-0.23448217,-0.048023153,-2.1956253,-1.4574022,-0.79313785,-0.7026972,1.7912682,-1.3316956,-0.7117626,0.45490938,-2.2961707,-0.46148574,0.082246274,-1.3930646,-1.0912122,0.52971774,-0.12835807,2.921551
110,4,3.0744091510772704,-0.4395537,-0.28553316,-0.7870588,-1.4242716,0.62011546,-1.5522897,0.96023923,2.0840473,-2.1862888,-1.8219789,1.6486704,1.6270387,-0.4906385,-0.8220422,-2.26411,-1.8103012,3.266967,2.79871,1.3597344,0.16964723
111,0,3.2381189823150636,-1.5974804,0.16539831,-1.1183065,-0.89667124,2.3288393,0.2549552,-0.34410197,-2.42222,1.1183555,-0.27580866,1.5252495,-0.12936246,2.3916376,-0.11502201,-2.2127278,-0.9045415,0.81121224,-2.5475094,0.7346891,1.9549718
111,1,3.2381189823150636,-1.2130846,-0.3805781,-0.21670738,1.333325,-1.6103903,-0.14031743,2.6017652,-1.5193211,0.1738549,-3.0218372,-1.3353143,2.0863483,-0.08279252,2.4089634,2.743253,-1.5179967,0.9127127,1.1916522,-1.1563151,-1.7366992
111,2,3.2381189823150636,-0.67533976,1.9235879,0.41710308,0.50581133,-2.5282857,0.869187,-0.48431998,0.35214394,0.0040612947,1.1293205,-2.2907975,-2.5489058,0.08505159,0.22917837,3.2935586,1.7120926,-0.99732804,-2.2331114,-2.3451514,-1.2119907
111,3,3.2381189823150636,-0.5509153,-0.3005013,-0.6213914,-0.13808963,-0.85644835,-0.73916745,-0.76652384,-1.8798366,-0.21082875,-3.47362,1.5985378,-0.48619115,3.2372315,0.7309795,0.20771672,1.7463137,2.1739306,-0.6517234,-0.7160675,-0.85045063
111,4,3.2381189823150636,-0.7659129,3.9666107,0.65917593,0.7470351,-1.8907616,2.200393,-0.70916456,-1.0205861,-0.17108515,0.37336507,-0.23864748,-1.1303008,-1.4742023,0.8694338,0.27058074,0.78325635,0.524308,-3.1848836,-1.4673854,-0.4081949
112,0,2.919222331047058,-0.13141164,0.05245471,0.61323285,-0.6387699,-0.9642235,-1.653784,0.60234267,-1.2201347,0.24081807,0.80278796,0.6511659,1.1980326,-1.0723144,0.41462445,-1.3595482,-1.8062838,3.0469308,3.4062877,-0.9262817,-0.3237436
112,1,2.919222331047058,-1.5723205,-0.26181382,1.3940682,2.0797014,-1.6161362,-1.6971668,0.7946131,-1.2628102,1.6760106,-0.4889778,-0.689757,2.0617657,2.4042962,0.8382656,-0.5283536,-2.6850646,-2.0231276,-3.0109847,-0.22556868,1.1454847
112,2,2.919222331047058,2.504228,0.1968848,3.273118,-0.5123269,-1.4697577,1.4906713,-1.8340006,-1.8496913,-1.7801902,-2.6985602,1.239995,0.2519408,0.532502,-1.2156106,0.18434551,0.14568928,1.0577924,1.8056077,-0.051694512,-1.8864864
112,3,2.919222331047058,-1.9046414,0.6685588,0.0036825323,0.29723966,0.8317829,-1.9826605,1.1608158,1.6382716,1.0594108,0.8436802,0.78066206,-2.0109513,-2.0501804,1.0641812,-0.3567263,-2.0045228,-2.1393661,0.34877393,0.44273728,1.3829901
112,4,2.919222331047058,3.567714,-0.9397119,0.51540697,-1.1106468,-1.5285658,1.1363161,-0.49616385,0.43571877,-0.4943765,-0.5175791,-0.86488885,0.72359574,2.3667893,-1.1282327,0.82481384,-0.30933625,-1.4099747,0.8889461,-1.1928353,-1.3179777
113,0,3.65877480506897,-1.0976583,3.1354966,-0.731531,1.0081365,-1.8011402,2.4852943,0.99472857,-1.0470821,0.30531433,-1.863219,0.7694132,1.4113339,0.64052916,0.095406845,0.8461205,-0.5074118,2.0203557,-0.4109976,-0.3916803,-2.3411455
113,1,3.65877480506897,-0.6075074,1.2679876,0.97938174,1.5218797,-3.4789398,1.2584058,-0.4627226,-1.2662807,0.82851005,-1.4099529,-1.4381866,2.2993555,3.0318372,0.20346436,3.5823555,-2.1453228,-0.056198902,-3.248079,1.4723674,-1.1114129
113,2,3.65877480506897,0.7752273,4.6443257,-0.07504272,1.2019845,-2.1539893,-1.2790934,0.39123902,-1.0664138,1.1361642,-2.6788936,-0.08695232,-0.73203325,0.51277894,2.14478,1.1748228,0.75241834,-2.2274513,-3.1743,-1.4632685,-0.148083
113,3,3.65877480506897,1.4454504,2.589902,1.6322395,1.6022881,-2.3492713,-1.4891673,-1.4359754,-3.6259983,1.4489846,-1.7749739,-0.95437586,-1.1320564,1.7713196,0.5815895,-0.8287491,3.2046998,-0.46856195,-0.54360056,-1.0211567,-0.8645844
113,4,3.65877480506897,-0.79136974,3.862787,0.030661387,0.689467,-0.12445348,1.3456507,0.22019987,-2.3696198,1.4174819,-0.24979451,-0.65169346,0.16698843,-1.069996,-1.2384101,1.535892,0.8684584,2.1830277,-1.1455107,-0.31696308,-1.8244174
114,0,3.217150115966797,-1.1062052,-1.338836,-1.9753354,-2.1570165,0.67210686,-0.62975466,0.07489352,0.9870893,2.18711,-1.2572055,-1.4892651,2.0783412,1.9895991,-0.0011161525,-1.7534863,2.262435,-0.344644,0.3761181,-0.8544225,-2.5125456
114,1,3.217150115966797,-3.072922,-0.9873505,-1.6124277,0.9478129,3.2554293,-2.2971177,-0.84799033,2.0983558,-1.2005782,2.31975,1.4284366,-1.3853338,-1.3628999,-0.29235807,-2.0959234,-2.839296,0.36088943,-2.7008655,2.2046504,5.01531
114,2,3.217150115966797,-1.0220239,-0.5050592,0.3314227,-1.0630938,-0.33131236,0.38940072,1.3737303,-0.24048604,0.30697307,-0.4502716,0.14424476,0.44217393,-2.6630356,1.8289571,0.48249733,-2.7090168,0.5964113,-1.0089635,-0.48864377,0.3337849
114,3,3.217150115966797,2.0350895,-0.84367996,-2.362949,0.6750892,-1.3407458,-0.7651899,-0.819354,0.13547836,0.7758276,-0.2956655,-0.70764315,2.8177114,0.19234729,0.08241029,-0.98638874,-0.57590497,-1.1992946,-0.3873275,-0.09052632,-0.4669053
114,4,3.217150115966797,1.7857182,-0.71996987,-0.7586934,1.0438937,-1.2712243,-2.8186665,0.3142499,1.1453387,-0.76663196,-1.6820675,-1.2431751,-1.115313,-1.0204685,-1.5608089,-1.5177115,1.0085819,2.6183624,3.2583706,0.023410924,1.4539772
115,0,3.078561544418335,-2.6208284,-2.3472345,-0.7477636,0.16595103,-0.44025463,-0.23309074,0.11191127,2.114616,1.0189797,-2.6562302,-0.37224492,0.6065224,0.4264617,1.3063456,-1.3698955,0.17559318,-0.34918812,-2.6350086,0.7176308,-0.3301218
115,1,3.078561544418335,-2.4104812,-1.1783966,-0.9838025,0.5266545,0.50533634,-0.8078915,0.9872501,-1.0967448,0.7597484,0.046598017,0.31899258,-0.14574772,2.7523339,1.5009955,-0.527396,1.2418805,-3.9657066,0.3127672,-0.5839345,-1.5643307
115,2,3.078561544418335,-0.017816743,-0.815917,-1.0998951,-3.2596228,1.4265475,-0.80446064,-1.52604,3.850713,-2.8762617,1.4267098,-0.41741487,-0.44954637,-1.5362577,-0.10361526,-2.6758566,-0.6349625,1.9776537,2.1240919,2.6209126,0.54051775
115,3,3.078561544418335,0.7438942,-0.91453403,0.13168535,-0.87331396,-0.53674513,-0.17951371,0.9915533,1.6088017,-1.6219692,-0.2930386,0.734882,1.2409085,-3.191925,1.1969001,1.5667106,-2.394602,0.5168869,0.2510541,-1.322084,-1.3998842
115,4,3.078561544418335,3.4813647,-0.42197675,-0.6139555,-0.18440975,-1.1515175,3.9239826,0.45438033,0.011167374,-2.0026968,-1.0636173,-1.0735394,0.15974766,-2.0851057,-1.5080869,-1.7387038,-0.46415615,-0.2638756,-1.66497,0.26238933,0.8609455
116,0,3.0509785652160644,0.44472986,1.3586017,-1.2143377,1.6238887,-1.0639919,-1.6163394,-0.5878984,-1.1207067,0.6882446,1.7207744,-0.39924663,0.956998,-2.1927938,-0.2184392,0.81727034,0.19877319,1.1623334,0.79851913,0.21487185,-0.8185258
116,1,3.0509785652160644,-2.3339882,-0.19950357,0.5244371,-1.0174646,-0.9750694,2.5020156,1.5668019,-0.4333633,-2.4558752,-0.19764273,0.052416645,0.11733541,-1.8015339,1.8144742,1.8589445,1.2653263,-0.14863248,-2.449122,0.68045676,0.019104084
116,2,3.0509785652160644,1.3197086,1.3504765,0.5626304,-1.2045223,0.96737814,0.23991607,0.3833312,1.3312621,-1.3260058,-1.0723693,0.09820737,-2.1675446,-0.8914672,-0.91750425,4.1409802,-1.2055547,-2.970451,0.61688817,0.19592918,-0.954426
116,3,3.0509785652160644,-3.198159,-0.63048697,-0.26959607,0.50710166,-1.01439,1.9572675,2.1150205,2.8642547,-0.36123213,2.1276073,0.53143287,0.88011557,-2.7672586,-0.76846474,0.9849632,-3.691536,-2.0131843,1.4758353,0.49000847,0.57195276
116,4,3.0509785652160644,-1.4647261,-0.25452203,-1.6367697,1.532129,0.20090835,2.5706937,-0.71800834,-0.21061836,2.2546859,-0.5860214,-0.53630763,-2.0960538,0.13571289,-0.62376374,1.454183,3.764529,-2.3516395,-1.1478965,-0.628969,-2.334281
117,0,3.02998743057251,1.7005517,-1.232738,-1.3851551,-2.0040872,1.2658764,1.1643214,1.3684659,2.0740042,-1.0987039,0.74258006,1.2155192,-1.0479369,-0.48168325,-0.9508523,1.8269019,-2.1297233,2.3855677,-2.1657004,-1.0586946,-0.118964955
117,1,3.02998743057251,4.5638566,1.0566208,-1.2574416,-0.8162161,1.2928941,-1.3183613,-1.2500889,-1.3222477,2.2884202,-0.9241634,0.37181044,-0.8955349,0.37871176,-1.5089847,-2.0058875,2.2422993,-0.68799317,-0.35278434,-1.5725179,-1.344218
117,2,3.02998743057251,1.514465,-0.7189299,-1.2586218,-0.1094572,0.050312538,-0.2858416,-1.0538884,1.5968516,0.37437108,1.938257,0.0062058694,-1.3591738,-1.2039598,-0.82173455,-0.32586524,0.5361558,0.42527822,-1.3528436,-0.6827132,1.0482112
117,3,3.02998743057251,1.5741899,0.51167727,-1.1995573,2.1794937,-2.37627,3.6730728,-1.3642423,-2.617186,-0.8671415,-0.68380487,0.2254688,-0.13477357,-0.054305837,-1.4941782,-0.7704193,2.1454155,-0.9531116,-1.155845,0.5870382,0.6448464
117,4,3.02998743057251,-2.822606,0.0052671707,-1.4320759,0.2034218,-0.3780481,-0.14979027,0.16118893,2.2021382,0.13605504,1.3719394,0.114243545,-0.82874876,-2.5741675,-0.11048363,1.3734475,-1.881088,0.8620826,0.9820534,1.2399251,0.5891795
118,0,3.338273620605469,-1.1746933,-1.3106508,-1.2025493,-1.9347574,3.3447683,-1.7017381,0.25469247,0.9850717,-1.3353183,-3.377265,1.5843238,-0.6380683,-2.303814,0.2244034,0.09477953,-0.21010956,2.2934725,2.9967628,0.7688109,0.10447075
118,1,3.338273620605469,-0.19796094,-0.27129647,-1.6504471,1.3623223,-1.2003344,0.13358626,2.790169,4.060959,-1.0229554,-1.1827213,-0.41002274,-0.08972655,-1.5979227,-0.9570185,1.0616814,-3.9397666,1.6972144,-1.4692972,0.2368995,0.5496944
118,2,3.338273620605469,-1.9876231,-1.8941643,-0.617812,-1.1357342,-0.03126554,-1.4532669,-0.046341695,1.2269988,0.8547095,1.2061728,-0.06420901,-0.24492514,-1.362068,0.8171896,0.7949638,2.4959404,-1.3165505,1.2537845,-1.8653008,-1.1754794
118,3,3.338273620605469,0.5946697,-0.33247524,-1.4120551,-2.1248662,-0.055594016,3.19908,-0.66014904,0.96078,-2.2990532,-0.7446573,-0.25298056,-1.9203508,-0.25735086,-0.48022437,1.6305033,0.56469357,2.5507746,-1.133623,3.175866,0.42738247
118,4,3.338273620605469,0.19968659,0.06990735,-1.1728377,1.0610505,-0.4381529,-3.0458806,1.5899134,-0.14025712,1.3548213,-0.23204593,0.64275974,-1.6878382,-1.4557565,-0.62627554,3.078465,-1.442192,-0.9113689,2.1623874,-1.8936087,0.39307475
119,0,3.1265682935714723,0.33799046,1.4050723,-2.5299938,-0.9649119,-0.2928641,-1.6105613,-1.0242903,-0.4206629,0.07100845,0.62163544,1.4217592,1.2634847,-1.7525004,1.3356715,0.7184599,0.8921602,-1.7257102,-0.7428317,0.7013148,0.75890857
119,1,3.1265682935714723,-0.061733816,0.89524716,0.8058893,2.4025617,-1.7610183,-1.1157998,1.5120592,-2.27103,0.41909802,-0.9720611,0.57981694,2.0055099,-1.6817913,-0.4354998,-0.1466097,0.46069035,1.382869,-0.687901,-0.49823582,1.3635429
119,2,3.1265682935714723,-0.96528643,-0.4247499,-0.56139,-0.36395073,-0.5265148,-0.8965319,-1.2730068,-1.4995562,0.50422,0.63417345,-0.8124591,-0.69753385,-0.90546227,0.17206992,0.8516951,2.0660682,3.2509181,2.6995325,-0.034915406,0.5143539
119,3,3.1265682935714723,1.0539287,0.11224475,4.2469764,-0.773407,-1.2036864,1.6206203,0.5180402,-3.9041781,1.1284735,-3.1119747,-0.36644816,-0.94557565,6.429774,1.3572353,0.73797864,-1.1314411,-2.2872326,-1.8814843,-0.17128168,-1.1222916
119,4,3.1265682935714723,0.37329376,-0.6422828,1.2505364,-0.629277,-2.1769595,0.5936748,-0.59669375,-1.1524818,0.8961617,0.80957127,-1.2355697,0.7686139,-0.48747918,-0.6574361,1.0935286,-0.9765858,1.8550345,1.0214345,-0.7181496,2.3495893
120,0,3.0457528114318846,-0.8577501,0.58945197,0.3270897,1.1893097,0.84278506,1.2230774,-1.9587023,-0.5173916,-1.3735169,-2.6959283,0.05289368,1.8369188,0.55533177,-0.38518,2.9582527,0.7063383,0.1622101,-1.5634562,-0.3830938,-0.17739937
120,1,3.0457528114318846,-1.1303461,1.4150707,0.99108946,0.32540968,0.7859136,2.2551844,0.4180974,-1.6336721,0.9604802,-3.310568,1.0903097,-0.76757014,-1.0579697,-1.1623186,1.4444135,0.72819984,-0.71636784,-1.1337608,0.20910811,-0.38037848
120,2,3.0457528114318846,0.32559475,3.433364,2.2879136,3.9628503,-0.41137016,0.97105515,-1.6065656,-1.5452813,-1.4785779,-1.1592226,-0.3987305,-0.3996762,-0.053534087,-2.7641592,0.2889412,-1.571978,-0.7475667,0.18454924,0.6623181,0.766949
120,3,3.0457528114318846,1.0013164,0.4812407,1.2603254,1.1813599,-1.5738828,-1.4259126,-0.90160763,-2.501814,0.74645007,-3.2244093,-0.99695885,4.570188,0.5725481,-0.34297562,2.532375,-0.9941535,1.4993397,-1.0578433,1.3779542,0.5165148
120,4,3.0457528114318846,-0.29201397,1.3005385,-0.61903906,0.34638566,-0.9996985,0.2658598,-1.1960477,-0.026363524,-0.6298655,0.5476433,1.3691701,0.94010776,-0.1341266,1.3730205,0.99983126,-2.575777,-0.61514,-0.6691446,1.6932635,-0.18759578
121,0,2.916443347930908,-2.7662754,2.2023253,-2.497813,-0.6293046,2.8782845,0.5021831,1.5403537,0.72017527,-0.347979,2.0180242,1.7514157,-3.3967159,-2.2339604,0.4745607,-2.6571474,-1.6935889,-2.51293,2.3009522,1.0256892,1.0244468
121,1,2.916443347930908,2.1977813,0.47138974,-1.1328666,-1.836305,0.41529295,-1.6934866,0.95809114,2.1534512,1.285778,0.55998266,-1.0953029,0.95597804,-2.1014893,-1.8787453,0.4996691,-0.7295061,0.40635383,-1.9706863,2.687593,1.6269583
121,2,2.916443347930908,-0.63466567,-0.89438134,-1.8441,-0.12931338,2.088781,-0.5890442,2.691838,-0.36978433,-0.24350518,-0.42362323,0.18207364,-0.26681998,0.4580792,0.5023152,-1.3635353,-0.66081095,1.2207944,-0.250972,0.9732232,-0.36228612
121,3,2.916443347930908,-0.38007188,0.12940854,-1.8014421,-1.0833921,-0.59953576,-1.6120945,-0.41641647,3.918143,-2.0303001,-0.0845573,0.73739576,-1.7687155,-1.2929354,-1.6276615,-0.9249288,3.4802465,1.2874045,2.6526344,0.5621527,1.0541041
121,4,2.916443347930908,-1.165775,-0.3425969,-1.9008542,1.7374958,0.50459015,0.9288436,1.7821498,2.2425315,0.24967116,-0.10993227,0.48460922,-1.1815332,-3.5929377,-0.88967574,-1.1994332,0.3107013,-0.19748142,-0.16874431,-0.40049762,-0.13399048
122,0,3.0899437427520753,-1.3001093,-0.13896492,-1.0981152,-1.6102971,-0.26733777,-0.81773823,-0.1911924,1.5760195,2.159812,-2.3143,-0.9005478,-0.60179895,-0.43745032,-0.82038623,1.7061185,-0.85821253,2.0927682,0.9959642,-1.5058655,-0.8958752
122,1,3.0899437427520753,3.64919,-0.12340883,0.8820662,0.8161902,-3.4059303,0.32302126,-0.85320115,-1.40035,-2.0972004,-1.5194888,-0.6914444,0.5513309,-0.7346377,-1.4023392,0.11197979,1.0195043,1.4828007,2.3514507,-0.3638263,-2.1486862
122,2,3.0899437427520753,0.4692815,1.3727657,-0.86896753,-0.42202717,1.9189291,-2.07719,-0.22659904,2.1186469,-1.0963475,0.1782362,-0.2699856,0.15947074,-0.62730175,-1.3700932,-2.3671982,-2.4091382,-0.17129715,1.1246185,0.3267606,0.5463029
122,3,3.0899437427520753,-3.3105056,0.26128244,-1.1752162,-2.4025903,0.50416,1.4877257,-0.11366608,-1.8133214,1.4549675,0.44037125,0.40289357,-2.03587,2.893177,0.03610678,-0.053319402,2.1214743,-0.16359046,-2.4603786,0.5206588,-0.98169106
122,4,3.0899437427520753,0.33439758,2.5108223,-0.9881621,-2.8498268,0.59628785,-1.2785022,-1.4417255,1.0309088,-2.201651,3.6769884,2.2191157,0.24886093,-2.351189,0.51664394,-1.8530428,-1.4129705,-0.14976786,1.0500981,0.86989206,-0.7063145
123,0,3.4674962520599366,-0.9128981,0.4027461,-2.55276,-0.030260837,4.2362747,-0.174072,-1.3196756,-0.6705947,1.0671629,-0.16604538,-0.017598458,-2.1439326,-1.745767,-0.4963606,-1.7198536,0.7282707,2.4349494,0.50524956,0.6179949,0.8450172
123,1,3.4674962520599366,-0.21102875,-1.0488362,-0.5248696,1.3724264,0.2249567,-0.19462815,-1.4005898,0.648184,3.7343884,-2.1556191,-0.30821386,0.19616154,-2.7469928,-0.45135242,3.1906824,-2.4872787,-2.7224073,-2.211683,-1.9024242,1.10874
123,2,3.4674962520599366,1.416081,-2.3946652,0.19611102,1.2982774,-0.5168258,2.0489693,-1.3793851,-0.96442294,0.16903411,-0.9966049,-0.33819097,0.41169098,-2.409556,-0.58133113,-0.27319053,1.0587262,1.3364463,-1.4145483,0.14399137,-0.23109049
123,3,3.4674962520599366,-0.6835319,-0.8740308,-1.7959151,0.48124644,0.13545541,-1.9455148,-0.5924958,1.2134242,-2.3590872,1.4907167,-0.4452382,1.2264667,-0.25365144,0.18299684,-1.7405422,0.6269614,1.1920531,-2.245179,2.0915248,3.7777514
123,4,3.4674962520599366,-0.14781456,-1.5807353,1.3571976,0.37676772,-1.9920734,0.55486465,2.3676286,-0.7995437,0.12742282,-2.3505158,0.33153608,0.21265663,-0.9718999,0.22855957,2.8467429,-1.6134444,1.3472893,1.8480309,-0.9523406,-2.1178076
124,0,3.4092627286911013,1.3963679,0.41876394,-1.0209694,-1.3842013,0.6383948,2.8503814,0.78113747,-2.1146986,-0.07993998,0.35806608,0.08512303,0.030202536,-1.2560327,-0.091122895,0.52085584,-0.16158782,1.2417649,-1.1348088,1.647911,-1.4822968
124,1,3.4092627286911013,1.348197,0.24610619,-2.519517,0.64028424,5.6637053,1.0626489,-1.4778894,1.1370193,-3.399549,-1.4635493,2.0032823,-1.3851403,-0.30279756,-1.4275286,-1.0947908,-1.711222,0.3272663,-1.6149552,0.83579385,2.1379993
124,2,3.4092627286911013,-1.7704937,-0.29266682,0.17611791,0.80225754,0.6225385,-0.13909778,-1.9446735,0.04006952,0.87151986,1.5628579,0.0283302,-0.33897668,-3.0252585,-1.8718861,-1.4529055,1.0677029,-0.47599438,0.24946944,0.39082062,1.248592
124,3,3.4092627286911013,1.2333865,0.66646963,-0.65724486,0.016714446,-0.24254374,-1.2851851,-0.061033178,-1.4687041,2.3293352,1.1216577,-1.219026,-2.4089148,4.507605,-1.2108423,1.1597418,0.8257042,-0.32131103,-1.9291826,-1.1653153,-0.6628254
124,4,3.4092627286911013,2.2572746,0.8665805,-0.8240404,-0.38225976,0.3642963,2.196849,-0.08630211,-2.0483558,-1.3719285,1.2897377,-1.1792203,-0.8159075,-0.8931792,-1.4679213,0.5129944,1.0079755,1.4087384,-0.5470919,0.55145085,-0.1549624
125,0,3.111053466796875,-0.11822334,2.2145214,2.103964,0.68347764,-2.3658168,1.14598,-0.7364829,0.83830404,-0.78436077,-2.240124,0.639784,-1.6872323,-2.529116,-0.061133467,3.0875854,-1.8890626,1.9507904,-0.54082614,-0.93923235,-0.35253954
125,1,3.111053466796875,3.9308965,0.1307552,0.13425091,-0.93886936,-2.4213314,-2.3553822,-1.5869747,0.6013668,-2.6332428,0.6253631,-0.6676538,1.4590851,-1.0869278,0.96094704,1.0421875,0.8643069,-0.49049202,3.3678637,-1.6350031,-0.64505523
125,2,3.111053466796875,1.2245479,2.717943,0.141444,0.41777876,1.168568,-1.7994846,0.052171495,1.4866041,-1.4088666,1.1200832,1.048633,-1.8048235,-1.7531692,-1.7494863,-1.1867291,-0.64103484,-1.5516748,0.6252016,-0.8200153,0.10914702
125,3,3.111053466796875,-1.542461,-0.15444069,0.84875673,-0.6004371,1.0126948,-1.2585536,-0.8171732,-0.48455524,-0.8753939,2.2469938,-0.012218144,3.0350056,-1.308946,-0.6640922,1.7237396,-0.57337254,1.9484742,-0.75413275,0.17781603,-1.6007686
125,4,3.111053466796875,0.56505346,1.8402094,-1.1744529,-1.7353177,0.092327684,-2.9014297,0.9751924,2.448448,-3.3959067,-0.60085666,-0.2399204,-0.18680471,-2.1559818,0.94026804,2.286699,-0.49827042,0.43940103,2.4661984,-1.2598983,0.92215294
126,0,3.4521485805511474,2.8357906,-0.23978943,-1.5282826,0.013345692,-0.4742188,2.5464997,-2.6018,0.8224523,-2.4249122,-2.4332492,-1.0762664,-0.26176885,1.5247855,-0.6028087,-1.3356373,0.7622627,0.18858288,1.9614422,-0.1714429,-1.7909479
126,1,3.4521485805511474,-2.5640223,0.24579665,1.6716123,-0.78806245,-0.584405,-2.9035878,2.1895642,0.94052196,1.6903132,-0.5832905,0.2882059,0.6796231,-1.6273782,-0.20236593,0.5816466,-1.9423506,0.3424952,0.75170285,-1.7071779,0.12718317
126,2,3.4521485805511474,-1.3759304,-1.3548496,1.4616284,2.7748716,-0.8950382,1.2368189,0.020999067,-0.43597046,-1.0511223,0.38594064,-0.23413149,-0.80288166,-1.1057637,-0.9146328,1.5285674,-0.8271139,-0.47443765,-0.59025127,-1.4632,0.5145813
126,3,3.4521485805511474,0.34470358,1.1678979,-1.0362551,-3.0791738,2.7000582,-1.4392762,-0.9650374,6.127294,-1.4583743,2.1641004,-0.2207286,-2.478167,-1.6587833,-2.673889,-2.616855,-4.1638765,1.0332118,3.7283483,0.96351194,0.14692469
126,4,3.4521485805511474,1.3476746,-0.3433338,-0.77875066,2.2837143,0.8605613,-1.3857783,-1.4837381,-0.32026815,0.20675318,-2.5693502,-1.0555184,-1.0561379,1.2460405,-0.03208221,-1.0365771,0.1419437,-1.5906451,0.24495198,-1.3194072,0.34600276
127,0,3.511315178871155,-1.953963,1.680452,-2.7266881,-0.20141762,2.9385326,-0.031015338,-0.6493502,1.4577215,-2.4338377,1.1707313,1.4997879,-0.7473303,-1.8297805,-1.134411,-1.110559,-2.6793265,-0.58858806,-1.3800936,2.5230858,3.4584162
127,1,3.511315178871155,1.4530011,1.3055494,-0.3853196,-1.2900902,0.14549692,-1.7500252,-0.8607225,1.0509799,-0.39325464,0.14654237,-1.3931011,2.466586,-1.686362,-0.8630693,0.4331872,0.7950057,-0.30288455,-0.45027477,0.67199355,0.5367446
127,2,3.511315178871155,0.15043658,0.00301679,-1.5676502,-0.65485555,-1.5160329,-0.79275584,-0.6767351,-1.1358377,-0.75849575,0.7157157,-1.1318356,1.4877349,1.7625827,1.5861093,0.93009126,0.5729815,-1.9034497,-1.4973639,0.55577874,0.5979976
127,3,3.511315178871155,0.002400931,0.33911553,0.40017465,-2.6567209,0.99174505,1.3657289,0.6219328,-1.6854227,-1.0647694,-0.98949534,-1.5498134,-0.5457151,-2.0516846,-0.49785715,-2.6656928,3.131786,5.8342147,0.8462811,0.6792955,-1.3730503
127,4,3.511315178871155,-1.030665,-0.028728506,0.71703196,3.445221,-1.7667125,-1.7250259,0.049433723,-1.3945162,0.097710274,0.25790778,-1.7919629,-1.1647645,-0.012977057,-0.46987173,1.3247344,-1.0800036,-0.03417522,-0.9593514,-0.7481191,1.7714919
128,0,3.1332256317138674,-1.4714702,-0.8250898,0.7854131,1.4210278,-1.4710315,-3.05005,-1.3884271,0.63445204,-2.0877519,-0.3398711,-0.39772475,1.1312128,0.1424603,0.31283355,2.6677866,0.3955859,-1.0191165,1.020381,-0.3295491,1.0232912
128,1,3.1332256317138674,-0.44394085,0.274323,-2.4962046,1.509802,0.6447303,2.526628,-0.44733027,-0.66000855,0.6289272,1.0433336,-0.8682714,-1.8855457,-1.2131627,-0.7540324,-1.8117918,-0.99043596,-0.53770924,-0.6325221,1.557555,-0.7767036
128,2,3.1332256317138674,0.4735532,1.2625335,1.7674862,-1.227498,-0.61474794,0.41853756,-0.051218998,-2.5088503,-1.4506137,-2.3529904,-0.64637774,0.6968254,2.339439,2.5339158,3.1629705,-1.697855,2.0502708,-2.597277,-0.8490884,-0.66639936
128,3,3.1332256317138674,3.2587306,0.8358745,-0.6233648,-1.1705568,-0.7681732,1.1980609,-0.018498283,0.893213,0.22443928,1.6896732,1.3112282,-1.0909845,-1.1694596,-0.57868683,-0.95148075,-1.4338901,0.044765458,-1.5583827,-1.556909,-0.7808925
128,4,3.1332256317138674,-0.025121596,0.5723848,-2.3460836,-0.8265882,3.1591249,-0.5663826,-1.7920895,1.6803973,-1.3676864,-0.152871,-0.48278674,-0.7983579,0.5653786,-0.45759347,-0.2868101,0.52774876,-2.7157798,-2.7544718,-0.8921728,1.5226892
129,0,3.3193692922592164,-1.0981399,-1.5703119,-1.6091436,0.1095947,-0.3115016,1.7669443,-0.9904386,0.3102055,-0.3551833,-0.34070948,-1.5582473,1.3392097,-1.0104504,0.09223154,-0.3778484,3.1174932,1.8757172,-2.347707,0.31810236,-1.4613076
129,1,3.3193692922592164,-2.8472917,-1.9223242,0.6077214,-0.671698,0.2480384,0.88571095,-1.1090609,-1.7948189,1.9842173,-3.274335,-0.019566087,3.2931259,4.42276,0.504681,0.39485177,1.3566104,1.212922,-2.3169796,-0.16720663,-1.7585591
129,2,3.3193692922592164,0.9544828,-1.9169725,-1.1242403,-2.818727,-0.08229121,0.70036113,-0.290678,1.3109553,2.3168797,1.307663,-0.21443355,-0.7818476,0.1928906,-1.0805187,-2.506087,0.82116276,2.269624,0.3444342,0.40915966,-0.3214222
129,3,3.3193692922592164,-2.3735752,1.1797206,-2.8702364,-2.0374653,4.795954,-1.3055449,1.1097108,3.5500412,-0.545613,0.053305514,2.6204553,-2.3006864,-2.330028,0.91032857,-0.37013078,-2.8974316,-1.9877112,-1.6915653,0.8045554,2.6706655
129,4,3.3193692922592164,-0.016974434,-1.4156897,-2.164406,0.87305427,-0.3918709,1.0803268,1.1674262,1.4305018,0.62129635,-0.38773888,-0.31000078,0.4500989,-0.84800303,0.1025159,0.13648118,-2.1497831,0.9054779,-0.46422157,1.0326954,-1.3187853
130,0,2.975978231430054,0.32361308,0.027537443,0.26812708,1.5686514,-0.6339991,-2.7405574,2.0185857,1.6137669,-1.8947638,-0.8893146,0.40168938,-1.4827299,-0.4133167,0.591258,2.6279957,0.5541518,-1.9205298,-1.3787124,-1.5026325,1.1931496
130,1,2.975978231430054,2.950652,0.85225695,0.6469933,-1.3767564,-1.7960407,-3.146635,-0.6204804,0.8518433,-0.17214432,2.5348523,-1.9949777,-1.0035553,1.7446066,0.20716774,2.5508173,-0.50905925,-0.81556696,0.5306939,-1.7991174,-1.5731983
130,2,2.975978231430054,-0.7241006,-0.8198605,-0.595891,0.38488075,1.7086713,-1.0879498,-0.82678294,0.5993782,-0.71860427,1.4943681,1.1273304,-1.3202865,0.39751217,-0.710244,-1.6905437,-2.0416868,0.6966114,0.87624323,0.7837877,1.4331272
130,3,2.975978231430054,-0.3250149,-0.7362619,0.968075,3.2935812,-2.4729178,-2.172492,-0.18195553,-1.916341,-1.1940992,-1.4852747,-1.3090694,1.5394077,3.4591632,1.6928284,3.1924136,-0.3515768,-1.4262978,0.088689215,-0.32836503,-1.0436385
130,4,2.975978231430054,-1.4945631,0.089308836,3.7799869,-1.0412769,-0.72271997,2.2389412,0.5818524,0.36847723,-2.1161,-1.651289,-0.5343196,-0.64386666,-0.48034653,2.854749,1.900718,0.11493062,-2.9687088,-2.4839313,0.5259902,-0.03741321
131,0,3.2529932022094727,-1.5960646,-0.8074383,0.15865959,0.15178359,0.053192083,0.50262636,-0.29097027,1.0912113,-0.8269618,0.96575385,-0.2561418,0.46667007,0.23113519,-0.912414,-0.12798414,0.7052783,-2.0454807,1.5398747,-0.9390952,-2.8029592
131,1,3.2529932022094727,-1.1251622,-1.2009988,-2.0169213,-0.31739765,-1.1520331,-1.7233795,0.25409266,0.45426083,0.95001084,-1.7527179,-0.16701797,-1.9243199,-2.0807757,2.9803598,-0.80220145,4.235939,-1.0889308,-2.4596639,0.9096565,4.5137854
131,2,3.2529932022094727,0.4051824,0.53222054,-0.43598968,1.1597631,0.20118636,0.048544385,1.0942665,-3.2935252,-0.9675059,0.43988484,-1.8848683,1.8415102,2.947126,0.55916697,-0.10671767,1.1307062,-0.9852646,-2.7181392,0.40217057,-0.91080123
131,3,3.2529932022094727,-2.037679,0.73777103,-0.75325716,0.7994418,1.7623364,-1.5255305,-0.5671992,-0.091045514,-1.2114962,-2.0668097,1.662027,-1.1076409,-2.3889537,0.5264148,0.9410552,-0.8696354,2.0242686,-0.995304,0.0053275716,3.015474
131,4,3.2529932022094727,-0.549344,1.0089952,-0.8152801,-0.9346365,-0.39096856,-2.4751842,-1.1772319,0.33411786,-0.7057932,-0.011019542,-0.9755144,0.24673033,-2.2160697,0.94246495,-1.6178602,3.4955947,-2.0011904,1.7518216,1.8518007,0.1105993
132,0,3.2874685287475587,-2.0945659,-0.64026546,-1.4758992,-0.7521875,3.7679791,-1.9004122,0.7813361,1.9839619,-1.2697728,-0.09114096,4.0959506,-3.800047,-2.383549,0.55090743,-0.8013393,-0.52067715,-1.6246271,-2.606548,2.6473863,2.9804077
132,1,3.2874685287475587,-1.1242896,-0.1623826,-1.973233,0.47654265,-1.0240383,-1.4108362,-0.24613899,0.44446343,0.36873737,0.05960393,-0.43690845,-0.34459376,0.909041,0.94241434,-1.0952865,-0.35653016,-1.6095328,-0.3807197,-0.6321656,2.388444
132,2,3.2874685287475587,-2.5104423,-1.1447833,1.234666,0.09871362,1.4250042,-1.3640754,0.20870705,1.179072,1.8622421,-0.81711704,-2.0807996,-2.2025497,0.4290699,1.3791353,-0.28679273,2.4781625,-2.1749039,-1.7879792,-1.8132392,-0.91032743
132,3,3.2874685287475587,-2.0729318,0.4147449,0.88793653,-1.6340548,2.4417903,-2.370388,-0.3794594,-0.2529205,-2.2231874,-0.81474525,0.17739752,-0.9967816,0.25401443,-0.38687447,3.3400614,0.14875743,1.7834166,0.9357195,1.0556862,-0.29628178
132,4,3.2874685287475587,-0.5561495,-0.476179,-0.0345013,-2.158302,0.3321567,-0.6925298,-1.9314113,-2.6814902,2.410966,-1.1021695,-0.94439316,-0.83017063,1.2222109,-0.023436822,-0.423077,2.9808002,-1.6101537,-0.26506212,-2.1865814,1.0378419
133,0,3.3501076221466066,-0.86579716,-1.0760832,-3.4348085,-1.7667718,3.545082,-0.6760478,0.49838874,0.48598942,-0.19957791,0.29851565,2.885012,-1.919823,-1.3320695,0.16924249,-1.1880901,0.3376912,0.5567612,-2.7457588,3.4764318,3.0032616
133,1,3.3501076221466066,1.2696782,-0.60596645,-0.58664644,0.014862091,-1.5241317,-0.76214856,0.56098634,-1.808208,1.3569174,-0.3579954,0.44855377,0.93040514,-2.5439672,-0.16079752,0.9730643,1.6733207,-1.1437979,2.9053063,-1.2363119,-2.8773022
133,2,3.3501076221466066,-0.9339317,-1.0130951,-1.3882797,-1.7835917,0.69286317,-2.0522172,-0.2914026,2.7671976,-1.2332734,-1.6620431,1.7670708,0.7002476,1.3146565,0.55943453,-1.4375533,-0.24255587,0.914299,-1.0278484,0.5558832,0.73084664
133,3,3.3501076221466066,1.6498638,-1.3240346,-0.007649769,-1.0526439,-0.8143882,0.656947,0.33841702,-0.84349346,-0.21836124,0.7587934,-1.2446672,-2.1003463,-1.6327455,-2.0459738,0.17680071,3.6521752,1.4827676,2.513661,-0.59506583,-0.35597426
133,4,3.3501076221466066,-0.5638494,-1.3172272,-1.6473047,-0.051364068,-0.7001165,0.40955436,0.9003613,1.5128844,-0.23664814,-0.34025243,-1.5628707,-1.9747982,0.75102586,0.31509215,-1.8297049,-0.08991116,3.2765691,-0.592043,-0.37565935,-0.476053
134,0,3.3541380405426025,1.0752697,-1.0295795,-0.017867723,0.55079913,-0.32478046,0.44335547,-0.47272268,-1.6567279,1.4589624,0.6729797,-1.7172737,-1.3356578,-2.0555775,-0.46092233,-1.7030802,3.5993829,0.08373732,2.3342237,-2.3006241,-2.5199976
134,1,3.3541380405426025,-2.207075,-0.2596764,-0.79522437,-0.7676188,2.4155326,-1.3702744,0.87915176,3.8777645,-1.9996992,2.08893,1.7039168,-2.5660307,-3.2384782,-0.6646982,-0.3614189,-3.4411454,-0.94039273,1.4760431,0.69754726,2.4171875
134,2,3.3541380405426025,1.9679935,-1.2154212,3.4243844,0.11287776,-1.3018718,0.8783306,0.61926544,-1.161846,0.41274652,-2.6467168,-0.7761159,0.76214397,3.0720758,-1.9955167,0.040344056,0.09468648,1.2617286,-0.76531446,-1.2038783,-1.1974322
134,3,3.3541380405426025,-1.2172519,-1.1186827,0.14918226,-0.5126369,-0.23163225,-0.5610978,-0.27193588,0.60563534,-0.571246,1.489018,2.137601,3.000863,-2.3851042,0.2683479,-0.04673039,-1.2553762,1.4627409,-1.4286945,0.67431957,0.16910325
134,4,3.3541380405426025,-1.4855083,-1.9645752,-1.4734031,0.8085771,-1.0479801,1.1537286,-0.33778927,2.1174006,2.2236042,0.019049073,-0.9351706,0.4270063,-0.98670155,-0.4528682,0.021704333,1.491157,-0.5622797,-3.7088563,0.292924,-0.80096453
135,0,3.6492526531219482,0.16990648,-0.71298015,0.52515376,-1.3318614,1.2494876,-2.3980181,-1.2120385,-2.708051,1.3289794,0.011350393,-0.09150173,0.29432103,-0.8586261,-1.0768319,0.4637305,4.3885484,-2.868377,3.2357032,-1.3633558,0.7908194
135,1,3.6492526531219482,-0.6039929,0.7871482,-1.8781868,0.26600504,1.4135791,-2.7045302,1.3962303,3.368599,-1.3144982,-0.24698293,0.7001538,-0.8731217,-0.48278204,-0.18569231,-2.1792629,-2.1433651,-0.7820094,1.4904273,1.9718667,1.7816558
135,2,3.6492526531219482,1.0296103,-0.07519854,3.9052641,1.3720379,-2.2248776,0.16314559,0.8058892,-0.62695223,-0.2725427,0.8797257,-0.8804585,1.797978,-1.9236093,-1.865376,0.8283409,-1.9915999,-0.6389456,-1.5018038,-0.78819454,0.4272285
135,3,3.6492526531219482,2.9082818,-0.0816013,-0.8106421,-1.1485772,0.3963458,0.42538157,-1.044548,0.15720613,-3.8512688,-0.5357805,1.4584742,1.3808461,2.3557734,0.12089222,2.0744383,-1.2041795,-2.2900257,-2.0860336,1.6360922,0.38112947
135,4,3.6492526531219482,-0.9179888,0.15129016,-2.7987134,-1.8936667,0.6243879,1.8340122,0.7094861,-0.1512999,1.6126424,-1.4167758,-0.921725,-0.86586326,0.47675902,0.22984318,-2.595403,3.3425984,-1.3811138,-0.772806,0.7040821,1.0913552
136,0,3.5524105072021483,1.7748636,2.8103771,0.5136475,0.6821183,-0.44877103,1.7370502,0.11999893,0.16557759,0.49541,0.15780163,-1.5879096,-0.56015575,-0.6344642,-2.2463164,-2.068731,-0.43824586,3.487207,-2.9753847,1.0288318,0.06537754
136,1,3.5524105072021483,-1.2813818,1.7743598,-0.2773901,-2.5011575,-0.5627163,-1.0882466,-1.0125839,3.826912,-2.6033843,-2.3527381,1.9169289,-1.343346,1.0486671,-0.24162823,0.37554452,-0.9114616,-1.6585845,-1.8916041,2.5739932,2.1442213
136,2,3.5524105072021483,-1.1805627,1.8295553,-1.0125123,-0.16852629,1.0363435,-0.4554322,-0.47177976,-2.3331366,0.013370985,-1.7882307,0.6541781,0.67119706,3.0907032,0.6134367,-1.9092418,1.1173685,0.26774502,-0.041180547,-0.06826494,-0.58613956
136,3,3.5524105072021483,-2.2936316,-0.63804835,-1.382391,0.70745903,-0.16781624,0.5492887,-0.7845245,-3.451053,3.384486,0.7123057,-0.029446239,2.5234113,-2.211768,0.5915555,-0.4435704,0.57271594,0.15699099,-1.6383907,1.2248019,1.6259463
136,4,3.5524105072021483,1.5697442,-0.0036031634,-0.07658791,0.14010784,-1.0596424,-0.019755738,-0.548892,2.1445484,-1.2222203,-0.9169223,-2.1804779,0.30133837,1.9471723,-1.8610545,-0.54658705,-1.6341597,3.595336,-1.1540872,-0.53995097,-1.7823677
137,0,3.3247261524200438,1.6572422,0.7449289,-1.6463598,-0.59943837,-1.377138,0.65943694,-1.104501,0.90625596,1.3639317,1.5386035,-0.21978827,1.0332794,-0.2704317,0.37342948,-0.7976724,1.094111,-1.5102082,-0.48200077,-0.75529206,-2.0697575
137,1,3.3247261524200438,0.46256724,1.0959955,-0.806071,-0.8122007,5.158286,-0.28883097,-1.4305832,1.6540123,-3.5231173,1.7768385,-0.13336444,-1.6028509,-3.499377,-2.0195775,-2.7363453,-1.3746654,-2.4072177,-1.5756093,4.7694798,7.36666
137,2,3.3247261524200438,0.8035048,-0.4800039,0.9355808,0.7904136,-0.4536687,-0.35754764,1.11262,-1.1336473,0.40000916,-1.0953592,-0.51425284,1.6433424,-1.7037575,0.72849923,0.63421047,-0.9659595,0.19027813,0.03507555,-0.7516713,-0.16916135
137,3,3.3247261524200438,0.87976027,-1.2894839,-0.5508694,0.1521793,1.5485549,1.9064989,-1.2692736,1.0399302,-1.5289347,0.643541,0.2545337,0.6675803,0.3292531,-1.5765096,-0.52203983,-2.8560588,0.60334146,-1.8661479,0.80028963,-0.3889001
137,4,3.3247261524200438,0.19236754,-0.31005037,-1.6105294,0.59712404,0.59060204,-0.543257,-0.92378736,1.1213973,-1.4214094,1.7688669,-1.9770228,-0.84786606,-0.6365552,-1.1841258,0.39022478,-0.33594212,3.807495,1.3624427,0.40313217,-0.5293524
138,0,3.168934631347656,-1.8781729,-0.9551152,0.17142995,-0.68159413,-2.2490144,1.7561653,-1.0982585,-1.5326586,1.9527746,-0.64738584,-0.3452516,3.404943,-2.2019534,2.530355,-0.89798844,0.48502097,-3.543438,-0.7139111,1.1852543,-1.1038073
138,1,3.168934631347656,-0.3603841,-0.9327242,1.6384667,0.14027835,-1.2386224,-1.2706238,-1.5647386,-0.5344713,2.364442,-2.928854,-1.6797498,0.7492392,2.5454037,1.0602558,-0.6430454,-0.15818849,-1.9044869,1.69089,-1.3865716,-0.67733586
138,2,3.168934631347656,-0.024364883,0.10858562,-1.6689193,-0.7401373,-0.522659,-1.323253,-0.6038272,-1.8430967,-0.94186515,1.6550509,0.6230532,2.4587445,0.22257447,1.8935558,-0.6207231,-0.6005194,-2.0434484,1.3205764,2.2604256,0.6119673
138,3,3.168934631347656,-1.1532774,0.0731993,-0.097891025,3.5452042,-1.7115254,0.48878035,-0.0673971,2.8199553,-2.563843,-1.5871496,-0.95098776,-1.0361865,-1.9228522,0.91304594,1.3197237,-2.658188,-1.1091903,1.6348289,-0.1887964,-0.013390363
138,4,3.168934631347656,0.053110324,-1.7575774,-1.6188434,-1.8123565,0.035134304,0.16010542,-0.98141295,2.8508646,-1.4686841,0.2771765,-0.08567589,1.18878,0.032489162,-0.3141553,-1.3192391,1.855026,-0.4922708,-2.3547354,-0.67092717,1.1305771
139,0,3.4868757247924806,-1.6317071,0.66926986,0.6853792,-0.90883386,0.71277785,-3.0452082,-0.9756057,-0.82831883,2.488105,0.9234984,1.2517073,0.24281365,-2.10304,1.2735147,0.9645752,-2.382095,-0.68456095,1.7679724,-0.17164575,-0.8086487
139,1,3.4868757247924806,0.4080668,0.62645566,-1.7111521,-0.613024,0.24095026,-1.6031843,-0.4214549,1.6874753,-0.519864,-2.7387955,-0.7878228,0.7210534,-2.1236851,-0.3825372,-2.470519,0.16732822,6.0916295,-2.0451636,1.5914301,2.6968174
139,2,3.4868757247924806,-1.9506552,0.21727273,-0.1060971,-1.7465254,0.3965854,0.78831214,0.19026293,1.0174271,0.5173623,0.6865726,-1.5748465,2.0315607,-0.4805131,1.5489954,0.9199829,-0.4211615,-0.69998056,-1.7158967,-0.73321855,-1.2818207
139,3,3.4868757247924806,3.0565867,0.49240565,0.7940504,-0.9137817,-0.6191462,3.2217183,-0.97062254,0.026321644,-1.0483739,1.062056,-0.41570258,1.463042,-2.6471758,-1.2553196,2.0158992,-1.85942,-0.76788753,-1.2712284,-0.9013512,-1.4050254
139,4,3.4868757247924806,-1.5415022,-1.035862,0.6751692,1.0825622,-2.208406,-0.30575356,-0.44121552,-1.0151556,-0.11823191,0.03678514,-2.307638,0.010223311,3.0211437,0.31644073,1.2982376,0.30525428,-2.2871757,1.398946,-0.8101814,0.40731174
140,0,3.415312576293945,1.3458979,3.863617,-0.06789135,-0.23898527,-0.5580129,1.0289037,-1.535993,0.94119495,-0.9861374,0.78094727,-0.9521058,0.1938987,-1.8171871,0.23863962,3.5091143,-3.05602,-0.34340376,-1.6308494,0.06700912,-0.87991923
140,1,3.415312576293945,-1.0059733,-0.49746284,0.29928112,-2.2007313,0.11902268,-1.845736,1.3809547,2.2565758,-1.5590552,0.8446233,-0.046646744,-0.5223218,2.977943,-2.1031387,-0.30347386,-1.6373221,-2.1440024,2.4557323,0.80393827,0.64038014
140,2,3.415312576293945,-3.9605956,-1.655298,-1.1676207,1.1195043,0.63546455,4.2188506,-0.58827883,0.69262457,0.0921638,1.4825817,2.0721161,0.78561133,-1.7892897,-0.087998606,-2.3866186,3.067157,-1.6089438,-3.1002538,-1.3035699,-2.342458
140,3,3.415312576293945,-2.3575315,-0.9948965,1.9002886,0.4850092,0.15937531,-0.526871,0.031470515,1.549758,-0.14887021,0.92165345,-0.41925412,-0.6377063,-1.9259064,0.4288063,-1.1588128,-0.65002036,-1.1668534,-0.19907326,-1.506885,-0.2603285
140,4,3.415312576293945,1.5238129,-1.2190189,3.1233556,1.6305978,-1.6543573,0.5971946,-1.0835888,0.5814003,-0.5897459,-1.4426056,-0.65185624,-0.29484102,0.26743507,-0.6089824,-1.3936135,-1.1468853,-1.0523496,0.7697784,-1.5646565,-1.1550405
141,0,3.8813886642456055,2.5231373,-1.1921606,-0.42920646,-1.5778791,-2.6837163,0.22136198,0.49075976,-1.4967777,1.3273032,-1.2300929,0.395394,-0.1700742,-0.62459165,0.42533824,3.177096,2.8095636,-1.3334998,-2.1490524,-1.3633796,-0.67103344
141,1,3.8813886642456055,-0.36842126,-0.40140697,-2.3775961,0.24051565,3.4010255,-1.45404,3.338871,-0.09558374,-1.9820012,0.81050617,1.6815987,-0.42757753,-1.6933025,0.36833292,0.85900825,-2.4322689,-0.7323258,1.4424295,0.30726427,0.2974356
141,2,3.8813886642456055,1.4785905,-0.5274118,3.4626374,0.68832314,-2.051268,-1.5521106,-1.8766912,-1.791851,-0.95938194,-1.555366,-0.77292514,0.1546379,0.91355014,-0.8747464,2.0201166,0.6357261,1.0174698,2.5311446,-0.5692466,-0.2568762
141,3,3.8813886642456055,0.694504,-0.95133716,-1.4573807,-0.7377571,-0.115885034,-1.1841718,-0.39683977,-1.7596159,0.15216336,2.1322043,-0.2010114,-0.76373553,5.501602,-0.51810414,-0.9316894,0.98468196,-1.0563891,-1.9980067,-1.2663774,0.33677652
141,4,3.8813886642456055,-0.17817847,-2.1471472,-1.9984372,0.16362248,0.19263533,1.4899648,-1.0280102,1.7302606,-1.0860028,-1.8925735,-1.132748,-1.0717165,0.61016124,-0.785874,-2.1514206,3.267336,1.6161495,-0.36365652,0.089590915,-1.0777918
142,0,2.9213141202926636,-1.3962227,-1.9890827,0.64671993,-0.091209516,0.5351288,-2.0155933,1.1220838,-0.06194342,0.70897275,0.08766989,-0.1874166,1.0402888,-1.6779816,1.2543948,0.122643165,0.22245726,-1.0247856,-1.0267534,-1.4332916,-0.4413202
142,1,2.9213141202926636,-1.0597776,-0.6953588,-0.43596965,-0.5144737,-0.095000714,-1.5683187,-0.050793685,-0.45948738,0.3491536,0.37784,-0.047087997,-2.4645257,0.89151615,1.4074959,0.7196002,0.9360216,-2.361854,-3.2490969,-1.2555064,2.6134157
142,2,2.9213141202926636,0.84353596,-1.1240109,-1.5085607,-1.3855739,-0.73067987,-1.7284062,-0.2268524,-0.66638297,-0.42891276,1.9619222,-0.9216532,-1.4038599,-1.0704232,-0.4020071,-1.3065617,1.1606144,1.6955243,2.8233767,-0.06291417,-0.47868046
142,3,2.9213141202926636,-1.8429635,-1.25,-1.2434934,-0.7299701,-0.98529375,-0.06593843,-0.91970086,1.6787604,1.8191186,-1.2075409,-1.0702417,-2.1806378,1.122898,0.4249894,0.6837023,-0.120708615,-0.5780146,0.62444377,-1.7548933,-1.6246219
142,4,2.9213141202926636,2.106405,-1.0019253,0.7256325,-0.71796596,-1.1287467,4.6954823,-1.4032971,-1.3265781,-2.0485759,-2.41829,-0.8151853,-0.03804397,0.9372246,-0.5393869,-1.1802751,1.4507612,4.1136236,-1.5399251,-0.323592,-0.8149265
143,0,3.0924743890762327,-1.0985968,-1.6110775,-0.40865144,-0.22458594,-1.1275953,-1.5958258,0.914967,-1.4727614,1.1030248,-0.78878367,0.54835945,2.0489886,-0.15169226,1.5543182,1.3122418,2.0874598,1.2228206,-0.41140658,-0.5108496,-1.4033618
143,1,3.0924743890762327,3.0198274,-1.0236071,-1.2006899,-1.6216245,-0.585228,-2.5140939,1.8469039,-0.3726684,0.04768468,-2.3271077,0.64284366,-1.5723646,-0.7196842,-0.97465056,0.95232785,2.4886174,5.8896527,1.9454644,-0.29802704,-1.0092593
143,2,3.0924743890762327,-1.3623816,0.7131272,0.121369086,-0.17097306,-1.4736705,1.050938,0.6508919,-2.0632143,1.8915132,-1.6651129,-0.27272677,0.4767458,-0.025408484,1.8303365,1.3584139,1.3716865,-1.998928,-1.5161605,-1.0693799,-2.0879803
143,3,3.0924743890762327,3.2373466,-0.4862213,0.3089013,0.20430604,-2.1699166,2.8879256,-0.7366615,-1.3182955,-1.5243114,-2.8914785,-1.1035532,3.4775283,0.692331,-0.3174095,-0.7326313,2.1849673,0.015795125,-0.6294768,-1.3572214,-1.3432117
143,4,3.0924743890762327,-0.6976185,-0.27099973,-1.3844944,0.12338909,0.46793625,-1.6029863,1.8509551,1.9497262,-0.5268462,-0.25068963,-0.50348765,0.04216313,-1.8672872,1.8772144,1.763514,-2.0216622,-0.8547963,1.4562434,-0.30247086,0.66325814
144,0,3.190271520614624,-1.3890191,1.3329612,1.0629892,1.4945743,-0.89041394,0.543748,-0.03957668,-0.7553373,2.381658,-1.6139064,-0.6156917,-1.7208366,-0.67630255,-0.20364532,0.46111387,2.4763045,-1.8820064,-1.0753027,-0.9540049,-1.4655458
144,1,3.190271520614624,0.20198657,0.27199566,-0.106285386,1.0218633,2.9361427,-2.0156033,-0.42178446,-0.48224315,-0.65574646,1.7336422,0.70099,-0.6167348,-2.7527788,0.41284257,2.5292413,-1.0393374,-0.45497748,-0.91062313,-0.22722213,1.0230829
144,2,3.190271520614624,-0.4747648,0.1572309,2.116599,0.24475749,0.05358233,-1.3685356,-0.775648,-0.4894272,1.4420222,0.35534766,-0.268863,-1.5403125,0.034768645,-1.5090619,-0.41826254,-0.75059396,0.19056378,1.8295258,-1.4699146,0.8136354
144,3,3.190271520614624,-1.259775,-0.54818267,0.18651788,3.0226834,-2.2679262,1.3151593,-1.0954492,-1.8889045,3.6313665,0.330626,-1.4294114,-0.80539364,4.4451475,-1.2412119,1.4101385,-1.9981673,0.5184909,-2.0847867,0.14660369,-0.530919
144,4,3.190271520614624,-0.96384716,-0.10447007,-1.8340077,0.7266775,-1.7759581,-0.67582923,0.8983399,-0.7730393,3.7654269,2.6388578,-0.8135971,-2.1343205,-0.7265599,-0.6478923,-0.5491702,-0.773248,0.76192987,2.4099376,-0.037314862,0.72388154
145,0,3.3707796573638915,-2.2764747,-0.7920774,-2.5147524,-0.5601404,1.2854072,-0.07331745,-2.376903,2.865863,-1.7996265,0.65775883,-1.198975,1.1755327,4.555411,0.030881904,-2.269813,-0.80979353,0.60413665,-1.3413253,0.46874785,-2.4725077
145,1,3.3707796573638915,-0.94440794,-1.5025959,0.3344268,-1.0764905,-0.39045987,-1.5624791,1.7961142,2.6052961,-0.6995148,-2.8459082,0.28420797,-1.8936912,-0.5796661,-0.114531495,0.4865197,-0.8883276,3.6501222,-0.39960045,0.7144673,0.65957326
145,2,3.3707796573638915,1.7565328,-1.3475884,1.8934966,1.0602843,-1.044435,0.897894,1.7597771,-0.16730846,-0.8464175,-3.2913632,-0.8329947,1.1775818,-1.640411,-1.3201201,0.9927979,0.2690414,2.3707871,-2.2327843,-2.459961,-1.3177401
145,3,3.3707796573638915,1.8711749,1.6880158,0.94828445,-0.014258633,-1.0845793,0.47726387,-2.1700397,-1.7718756,-1.493224,0.40186647,0.33641824,1.0081879,-1.7955682,-0.3012194,-2.0199668,-0.14491919,-0.5975492,-0.41158643,-1.3741235,0.84090847
145,4,3.3707796573638915,-0.21825431,0.1302974,-1.8516871,-1.2999505,0.5808499,-2.3011382,0.36197594,0.22142923,-1.9347831,3.294866,-2.0430336,0.2617765,0.61521584,0.27143693,-0.04124372,1.306956,-0.6800704,-0.39727148,-0.84937805,1.4798926
146,0,3.0716092586517334,1.0426668,-0.4447004,-0.43552682,-1.0492188,-0.565625,2.5008476,0.8994661,0.045351163,-0.06992546,-2.3297937,0.77496284,-0.06308061,0.44414994,1.6258742,0.8632637,0.21473978,-0.03283885,-2.0517092,0.18219191,-1.1800795
146,1,3.0716092586517334,1.7861998,0.0015401227,-2.89779,-2.386586,0.29498333,0.45123294,-0.466249,1.6129109,-2.2142177,-2.8116126,0.6165751,-0.17105426,-0.22883137,0.20111987,-0.8416507,4.9182754,0.2912683,1.2702825,0.2680102,0.696978
146,2,3.0716092586517334,-1.5003828,0.37519255,0.03309382,-0.9132584,0.35663608,-0.27967328,1.2884051,0.67853326,-1.9283999,1.49458,0.9055871,-1.7445338,0.24798012,1.097369,1.7571714,-1.402881,1.661353,2.623538,0.605134,0.27429402
146,3,3.0716092586517334,-0.25591016,0.46319616,2.0153956,0.3002666,-1.4831184,2.5496805,-1.7231044,-2.4798656,-0.7358692,-2.7476723,0.69028425,2.0639608,-2.1831455,1.4815977,1.899257,1.0388703,1.4920696,-2.2031431,-1.6054243,-0.9059328
146,4,3.0716092586517334,-1.6563375,1.3439735,-0.5581366,-1.5055604,0.09379244,-0.971077,1.295988,2.9251528,-0.27108476,-0.052851357,0.092565864,-0.621514,-1.8441646,1.7102206,1.2874457,0.39361444,-2.2931948,-2.4392545,0.082159884,2.1136825
147,0,3.8024878978729246,-1.3955226,-1.0273523,1.7093842,-1.1827621,-0.9668596,1.2479,0.34029734,-0.7259513,1.1600748,-2.6171627,0.31722456,0.28622565,-1.841692,2.7578568,3.4261556,-0.24503894,-0.8227456,-2.0283732,-1.3561442,-2.116158
147,1,3.8024878978729246,-1.9771845,0.547419,0.3291204,0.095683284,2.83891,-1.4814738,-0.12218154,-0.47909,-3.0901756,2.1556187,1.7646408,-0.5845338,-1.3163307,-1.6356851,0.41758513,-2.1529179,-0.39270005,-0.7454635,1.8110182,4.9405932
147,2,3.8024878978729246,0.4225763,-1.3939286,0.6772464,1.4359019,-2.3301506,-0.9262364,-0.49245563,-0.5184205,-1.6024506,-1.0113181,-0.19676968,1.1533585,-0.9433134,-1.2759674,-0.15987124,-0.27116337,-0.07040494,3.2520096,1.0530902,-1.8915691
147,3,3.8024878978729246,2.1247022,-1.644971,1.0073401,-1.1763077,-0.25361547,-2.5608637,0.1494173,-1.9997243,0.10632273,-2.403916,0.07991463,0.6381394,4.360725,1.6098309,-0.038455427,-0.8674233,-0.13072135,-0.5060292,-1.6309069,-0.5626771
147,4,3.8024878978729246,2.0643246,-1.0873837,-0.17616579,-0.23039354,-0.17336668,-1.3314652,1.9001836,-1.2150645,-1.4323754,-1.688098,-0.59439814,0.30348116,-1.3616787,-1.2274827,-2.5696979,1.6984832,2.2917285,2.252974,-0.31061414,1.009302
148,0,3.1538969039916993,-2.6011684,1.454588,-2.0726843,-3.1682067,2.509169,1.1323093,0.0035404817,1.2941177,-2.4980283,-1.2460465,0.71648705,0.45427266,-0.461544,0.81280464,-2.1991732,-0.507043,0.38642916,-0.68940055,2.6131084,2.4746008
148,1,3.1538969039916993,1.0019901,2.8647454,0.9051373,-0.7980327,1.7789793,-2.3158145,-2.038924,-2.1525233,1.2826737,-0.522337,0.36182064,-2.0723324,2.2272122,-0.5569039,-2.4210494,-0.9897099,-1.247019,-1.8822066,0.79697716,2.969375
148,2,3.1538969039916993,-0.37089664,0.0501616,0.50815386,0.2115176,0.04672318,0.12800618,1.5612375,-2.0593207,0.5051576,-0.12920852,1.1872712,0.66665274,-0.32903036,-0.76919025,-0.07493739,-0.19475633,3.5358026,-1.9175147,-0.3331565,-0.9299694
148,3,3.1538969039916993,-1.4028443,3.9482036,2.1714988,-1.1940092,-1.6466227,-0.61764276,-2.0312135,-1.1001954,-1.702211,0.82313365,-0.7090546,3.6973093,1.0865194,1.2512581,-1.4078286,-2.029425,-1.4249372,0.19296844,1.9721518,-0.60655737
148,4,3.1538969039916993,-0.788006,2.5439544,-0.7796867,-0.36220858,-1.4522239,0.98568827,2.147958,0.2359257,0.0728526,0.749789,1.1691961,0.011792772,-2.523067,-0.110808656,0.7876469,-1.1165972,-1.7576293,1.4919786,0.07509156,-0.7258536
149,0,3.798559141159058,3.0498066,-1.1244849,0.40710315,0.05812518,-1.222655,0.75644374,-1.754701,-1.0920839,-1.293684,-2.7296069,-1.2207521,1.6566472,0.8455828,0.7285697,0.19093697,0.83901113,2.5765874,-1.5296409,-0.5497176,-0.5135114
149,1,3.798559141159058,-2.0395157,-0.4502962,1.1561065,-0.7113391,-1.2671257,0.48910788,1.0713573,-1.3244632,0.8997316,-0.054586045,-0.39362535,-0.22255276,-1.3335882,0.6968855,3.8602483,2.2842128,-1.3102336,-1.31879,-2.4896872,-0.71739006
149,2,3.798559141159058,1.4358575,0.19332075,-1.7281094,-0.77718383,3.708804,0.0031486119,-0.45699123,-0.29088032,0.90000683,1.0461658,-0.24035847,-2.6283305,-1.5400829,-0.662144,0.5215003,-0.23979075,-1.6552335,-1.4618798,-0.3556478,1.2098039
149,3,3.798559141159058,-1.6883982,-1.5179378,-1.700624,-0.8515916,0.9034231,-3.6115859,1.0259767,4.4269876,2.4953396,1.5960542,-0.37224957,0.75555336,-1.1375052,-0.61304003,2.484663,-2.9852102,-0.36284852,0.7507417,-1.4983467,-1.420037
149,4,3.798559141159058,3.145514,-2.039122,-1.4826388,-0.14829947,-0.14849862,-0.3788508,0.8419853,1.4271218,-0.38982883,-2.2728076,-1.2302905,1.0849577,3.2757053,0.72144186,1.9460621,-0.34613553,-0.9173846,-2.1035104,-1.1741617,-1.7999097
150,0,3.045002794265747,0.30848646,1.9767,0.46862245,-0.3430734,3.0852654,-2.2573662,-1.4957994,-2.404154,0.92850995,2.8702374,1.4680156,0.23747982,-1.1017194,0.6884368,-1.9478277,-2.622376,1.1795472,-0.23974149,0.46571752,0.90678537
150,1,3.045002794265747,-2.8161867,-0.5590333,-1.2598423,1.5731463,-0.24616557,3.0733209,1.1679955,-1.6044196,2.8793643,0.53073055,2.3427875,-0.9033861,-2.4446058,0.7503093,3.580601,-1.261967,-0.6955249,-1.7317233,0.5887861,-0.7959038
150,2,3.045002794265747,1.1077532,3.6283298,-0.8117089,0.08539639,0.6066299,-1.0574986,-1.030962,-0.2855149,-0.7571233,-0.8996972,2.9404302,-1.5412122,0.025604589,0.08198583,-1.2145025,0.008622078,-2.709005,-0.18397388,0.12368313,0.64782524
150,3,3.045002794265747,-0.45267248,0.8969911,1.1421238,1.1772132,-2.985274,2.678693,-0.39445016,0.729019,-0.6551868,1.1621225,1.9441851,0.4953042,1.8370103,0.34344372,-1.4954052,-1.6938826,-3.903161,-1.0631835,-0.41665995,-1.1828285
150,4,3.045002794265747,1.2486808,1.8854184,0.44617766,1.6100053,2.1552887,-0.810273,-2.7176507,0.13709365,1.5863907,0.99032277,-0.77562493,-2.5612805,-2.0816078,-2.5950902,0.7035039,2.1331682,-1.4968771,-1.7213962,-0.8488973,-0.4925679
151,0,3.4021198749542236,-0.13224055,0.53488046,2.3917732,0.053851202,-0.35988888,-0.44636795,0.15206885,-1.8064989,1.389208,-3.219912,2.076729,-0.66128904,2.5714238,-1.7605518,-2.8165371,-1.2439485,-0.31350547,-0.36379793,0.22651403,-0.42993426
151,1,3.4021198749542236,-1.7355479,-0.41746736,-0.43662468,-1.3236631,-1.5454088,1.7777252,-1.9080075,-1.1041949,2.9788258,-1.0836949,0.100689694,-0.14554305,1.4083389,2.8495166,-1.3902315,-0.12541117,-0.02496152,-1.4775094,-1.0568807,-2.5876355
151,2,3.4021198749542236,-0.028376574,0.21132912,0.9984453,0.05779153,-0.56745565,-1.0789165,-1.0990217,2.0879133,-1.9500707,-0.25012207,0.39269888,-1.4239097,-1.7744603,-1.120665,0.1097478,-0.5351669,-0.5316738,-0.4723885,3.1565576,1.8547565
151,3,3.4021198749542236,-0.9680387,-0.04374703,1.7898349,0.69780964,-0.7330503,1.6701846,-2.0823858,-2.6199021,-2.3660054,-0.37320724,-0.25908154,4.2476645,1.8572959,1.147685,-0.2364026,-1.3595195,-0.45582086,-1.1798363,0.608386,-2.1047626
151,4,3.4021198749542236,-1.7451733,0.1304777,2.1016905,0.026224274,0.52999467,-0.06394304,-1.4284389,-1.4190489,-1.1497165,0.7568334,-0.1316788,-0.42435446,0.38866702,0.19803983,-1.9349617,-1.7903914,3.0703034,-1.5980881,-0.764642,1.6633152
152,0,3.4603878021240235,-0.53960437,-0.08508754,1.4115405,2.9938488,-1.5479443,0.038719274,-1.70411,-2.7353976,-1.9543713,-0.26934114,-0.100449994,0.39887863,-0.835418,0.6082853,-0.32369694,-1.304818,-1.3187422,-1.2234033,0.17743598,0.106535666
152,1,3.4603878021240235,-1.5955927,-0.17739935,-1.1604424,-1.7022796,0.29124448,-0.95479476,0.07605611,-0.9665951,-0.27848017,4.0503373,0.87955004,-1.2369257,0.2665003,0.66757315,2.0737784,0.71518713,-0.95235896,-1.5801003,-0.655697,-1.6087244
152,2,3.4603878021240235,1.2526618,-1.5024765,0.74794084,2.0046363,-2.037064,1.033001,-1.7302457,2.0492816,-2.80388,-0.7411497,-0.42436263,-1.5126938,-1.7116183,-0.78290963,-0.25638017,1.4465314,-1.9288651,-1.1302696,0.36801502,-0.12278525
152,3,3.4603878021240235,-2.389642,-1.1238127,-0.89690846,-0.29007632,-1.1711799,2.1778092,-2.0745382,-0.98307604,0.8363802,-3.5054889,-0.026776852,3.378864,-1.2551795,-0.5231027,0.54755026,1.1180139,-0.13249728,-0.20148864,0.30302033,-2.0975747
152,4,3.4603878021240235,-2.773475,-1.0932963,0.4249665,-2.0379155,-1.22869,-1.5877188,-0.15870942,-1.4431897,-0.09338968,-0.3684141,-0.3073117,-0.031029057,1.4469745,3.0334177,-0.033650097,2.3652103,-2.402653,0.25019622,-0.07948131,-1.656997
153,0,3.2769117832183836,-0.4917472,-0.74689835,1.6696323,-1.433041,-0.62789565,-2.388915,1.4639839,1.3188562,1.233621,0.16402651,0.28232688,0.62112737,1.2672918,0.5835803,0.72876173,-1.527527,-0.023343232,-0.06430722,0.17139673,-0.41244045
153,1,3.2769117832183836,1.4723257,-0.9925588,-0.48128298,-1.5882803,-0.53391975,-2.7931528,2.2188137,0.15701297,-1.0345865,-1.4495386,0.360933,-1.493041,1.475849,-1.9802649,-0.95997155,4.3228464,4.437985,1.3731111,-0.28961182,0.09846444
153,2,3.2769117832183836,-0.66566324,-1.5101683,-1.6094936,-1.7533283,0.022812193,0.36668545,1.1235455,2.491232,0.33582094,-0.27830416,1.3991101,1.4492102,-3.0026727,-0.24507807,1.1638896,-0.91830796,0.37816802,-0.91560465,1.1832907,1.3882091
153,3,3.2769117832183836,3.9082444,-0.47344026,-0.9072855,-0.86280644,-0.6683569,2.9077594,-0.076255046,-1.287805,-3.6356812,-0.62147844,-0.5730185,-0.794518,0.5786469,-0.8424828,-2.348067,4.1578584,-0.22902882,0.1252057,-0.61883944,-0.09152519
153,4,3.2769117832183836,-2.325758,-0.20152092,-2.899413,0.012356289,0.47164214,-2.0965545,-0.29581425,2.6174242,-0.793464,3.6324916,1.0779142,-0.3291368,-2.6134346,0.7142977,-0.24185796,-0.39584443,-1.2240947,1.3209769,0.93603265,0.56647015
154,0,3.3914241790771484,-1.3489152,0.6078966,2.4271927,1.0659348,-1.9819933,2.3982222,-0.5107697,-1.7577206,0.6611987,-0.7374433,-1.5716336,1.2864959,1.6246412,-1.949972,-0.23749073,-0.41457644,0.62189215,0.016914845,-1.2542231,-0.072977655
154,1,3.3914241790771484,3.0500445,-0.012515688,-0.19549239,-2.09369,-1.67096,1.584559,-1.1359736,-0.8422599,-1.9966428,-0.25608167,-1.6197138,4.5704722,-0.96802455,1.1097039,-0.07665543,0.9105057,-2.6908207,0.67249787,-0.33960432,-0.4482154
154,2,3.3914241790771484,0.82605183,-1.1928626,-2.1177166,0.71894413,-2.0654953,1.3545521,0.4568188,-0.8187251,-1.1181556,-0.13525555,-0.766603,0.6733935,1.8368082,-0.74850386,-0.4423266,1.9692209,-0.2579525,-1.8009596,-0.19167589,1.3593134
154,3,3.3914241790771484,-0.41352373,2.4550493,-0.81013656,-0.17537646,-0.75800604,-0.06266468,-0.6353168,-0.40605718,-1.2031829,-1.0904258,-0.05972002,1.008534,2.5249214,-0.76544726,-1.6073248,-0.84695333,4.033974,-2.675754,1.480169,1.3869888
154,4,3.3914241790771484,-2.0231686,0.2517683,3.5425558,0.48538324,-2.3775823,2.6334035,0.3793242,-0.29407823,-0.86115456,-1.4826361,-1.4021283,2.535969,-2.286189,-0.34377944,1.2743661,0.62194836,1.2105205,-3.4745781,-1.0571904,-0.9492807
155,0,3.300101375579834,0.35177726,-0.10771909,-0.1275886,1.3082123,-1.7584732,0.45153448,-0.3623317,-2.5527306,-2.2232714,-0.6460908,0.45476735,0.6817923,0.25034824,-0.9587275,3.8074107,0.38784626,-1.7722328,0.104203805,2.0706758,0.15499444
155,1,3.300101375579834,-0.53491974,-1.0559787,2.2027302,-1.5440643,-1.3756727,0.583788,-2.2936594,-2.6857045,4.198454,-0.17957656,-0.53223264,3.020196,4.402609,-0.854299,0.3772066,-2.3403199,-1.4418367,-1.8610127,-1.5290427,-1.6658518
155,2,3.300101375579834,-2.1226091,-1.4882445,0.1334333,-2.5638945,3.5049622,-0.25633922,-0.37869382,-0.2559689,2.3316524,2.6331239,-0.02793488,-1.7575573,0.1980986,-1.4460423,-3.0430737,0.356715,0.33532846,-2.0750046,0.610303,1.3701034
155,3,3.300101375579834,0.40419725,0.85397017,-1.3061264,-3.2098966,-0.388998,-2.8986025,-1.1447535,-0.306502,0.2510306,-1.6902122,0.60558176,1.4735693,0.86106503,2.323632,1.702099,-0.99896157,-1.0117029,0.24941085,1.3058741,1.5207047
155,4,3.300101375579834,-1.3080319,-0.76376027,0.8233891,0.29086486,-0.003822402,1.6708088,-0.009777994,0.9721823,0.32518327,-0.8034812,-1.1269362,-1.2950045,0.16093113,0.011272436,0.1456048,-1.0571111,-0.8369386,-2.5607727,-0.50481105,0.9895742
156,0,3.0906436443328857,0.619405,-1.5548267,-0.33529624,-0.989358,-0.67229533,-0.08505386,0.08169742,0.6458186,-0.70651734,-0.7991989,-0.3045484,0.3445006,2.0758312,0.7009397,-0.83230656,-1.5107965,-2.056852,0.004812995,0.34666842,-1.561767
156,1,3.0906436443328857,1.6777376,-1.7071712,-2.2964344,0.18827687,-0.527389,-2.2551727,2.9514236,0.018931564,-0.9853195,-1.9508842,-1.1463554,-1.9146664,-1.2093453,-0.86484104,-1.4392874,3.9762003,5.3339,2.0745072,-0.9651542,-0.83882225
156,2,3.0906436443328857,-1.2597041,-1.0014389,0.52758515,-0.8357693,0.123057544,0.27834332,1.0234932,0.605342,0.9512558,-1.5395131,0.18222831,-0.622063,-0.20871581,-0.6722572,0.70506,-2.0056193,-0.49573615,-1.6096512,0.77573925,1.8712835
156,3,3.0906436443328857,3.2477574,-0.69067323,0.45650414,-0.55308646,-2.4473264,1.8897872,-0.39080736,-2.3678017,-0.8055248,-1.2503941,-1.119697,0.4738583,0.1685415,0.17178616,-1.4709854,2.389129,-2.8237648,0.8283452,0.06919484,-1.657556
156,4,3.0906436443328857,-2.3464758,-0.6439432,-3.4402502,0.9453111,0.45059943,-1.0764142,-0.08889915,-0.1177462,-0.54166347,1.7495332,-0.17494227,0.28845957,-1.9874787,0.17900151,1.6201657,-1.9464892,-0.47258213,0.36043063,0.104345195,1.1995771
157,0,3.0891777992248537,-2.4834983,0.06423392,-1.6229516,-1.589415,3.3708193,-1.288017,-0.39946285,0.4063106,-0.26142895,1.8407024,2.0131192,-1.8726578,1.2011998,0.16088803,-0.5046763,-0.7207755,-2.303707,-0.18533745,-1.4333571,2.386592
157,1,3.0891777992248537,0.078431666,-0.90084153,-1.2238886,-1.4784286,-0.3333727,-1.753283,2.1421788,2.424059,-1.0888307,-1.2002934,-0.08406048,-0.18707435,-3.1524336,-0.2503782,-1.3238242,3.6667109,-1.0959026,1.0597253,0.73828685,1.5495033
157,2,3.0891777992248537,-0.35230276,0.6832333,-1.4815384,-1.8093584,0.28991622,-2.1761377,1.9789969,-1.3515764,0.9475573,1.5359172,0.017913556,-1.71114,1.5064423,0.1661823,-0.6147158,-0.51591766,-0.5316267,2.1152465,0.23193277,-0.66008943
157,3,3.0891777992248537,1.8700472,-1.1498092,-1.5872623,-1.4245281,-0.18023823,0.14507161,0.37328,-0.90743685,-1.2633032,-0.23009716,0.01583885,-1.6462756,-3.7619145,-0.9327424,0.7201583,3.4581497,3.4016373,0.7503161,-1.0887141,1.4256201
157,4,3.0891777992248537,-1.5181906,2.2522473,-2.4743943,-1.4056395,0.19450408,-2.8691063,1.222527,1.4816647,1.0689055,0.39477292,0.65645105,-1.0452706,-2.1940846,0.4693462,-0.8726232,0.7186472,0.22775777,2.1309736,-0.20848739,-0.5058997
158,0,3.170803499221802,-0.4856882,1.6751318,-0.33721575,-0.41196218,0.70573264,-1.9675705,-0.48050296,-1.4192371,3.651812,0.05748822,0.23632123,-0.8124402,1.6378052,-0.6513313,-0.7745884,-1.8260232,-2.0041382,-0.8340547,1.5344421,1.5201724
158,1,3.170803499221802,-1.3387629,-0.75490075,-1.6643409,-2.171389,-1.3874966,-0.9980299,-0.70706594,1.1164773,1.2710416,-0.4787591,1.5643672,2.8892093,2.7003198,-0.4149862,0.8568081,-0.46152827,0.9462715,-0.107896045,2.1338053,-1.7730365
158,2,3.170803499221802,0.9960386,-0.044249024,-0.2708965,0.30997813,-0.41275632,1.019617,-0.13573143,0.91124594,-1.2638117,-1.6137977,1.761153,-1.0114266,1.5710255,-1.100153,-0.58626944,-2.4108987,0.99226147,0.15360768,0.2176641,1.1717046
158,3,3.170803499221802,-3.33343,2.917626,-2.8754482,-1.2139965,3.3668225,1.4515939,-1.2302394,1.0894241,-0.23267822,0.5472117,4.251693,0.14186408,-1.9710739,-1.5178216,0.1348224,-1.9942082,-0.43771082,-1.4518124,2.5073678,0.3177697
158,4,3.170803499221802,-0.43845713,3.4104414,2.2454183,-1.2137535,1.7513303,1.1012987,-0.04660345,-2.0467026,0.028490525,0.6959152,0.014364469,-0.29213393,-1.7013146,-0.5188107,0.9829497,-2.0540957,-0.7335884,-1.7858483,0.32505804,1.5255154
159,0,3.131150722503662,-1.1010026,-0.95944977,-2.9799573,-0.70745397,2.0360754,0.81769794,-0.03871346,1.4052657,-0.5997871,0.29342923,1.5624303,0.5293188,-0.029097361,-0.84215754,-1.083874,1.3225583,-0.91828454,-1.0763096,0.2687186,0.11656803
159,1,3.131150722503662,0.84848404,-1.3995504,-2.22934,-1.8365041,-1.2142581,0.37835926,-0.45315439,2.63515,-1.3977566,1.1385119,-1.7932646,1.4032125,-1.5923529,-1.0043327,0.65921575,0.31025875,2.0318525,-0.3428059,1.9169708,-0.012681337
159,2,3.131150722503662,0.8693692,-1.9921035,0.82980955,0.05809386,0.54173,1.9713703,3.0930223,-2.6413124,2.014719,-1.5305629,-1.5263487,0.34459734,0.9303113,0.48311067,-2.0167208,1.3065438,1.7415923,-2.8123305,-1.634407,-1.1262398
159,3,3.131150722503662,0.9469093,0.1488349,-0.05467257,-0.084488824,-1.0155399,2.3610299,-0.015053742,-1.1056283,-2.5092323,0.68598,1.5089746,0.3435894,-1.991725,-1.0468206,-2.7475839,-1.4349316,2.1248274,4.4163547,-0.63195294,-0.31656173
159,4,3.131150722503662,-2.9563696,-2.3731894,-2.089874,-0.991531,1.9316751,-1.3968433,-0.12118758,2.6299286,0.887286,0.92384166,-1.3871365,-1.1597805,-2.969302,0.49572685,-1.4724032,2.2980962,-0.4156891,-0.041682865,-0.14719288,2.9313653
160,0,2.730266809463501,0.5767604,-1.2700866,-0.168638,0.40870586,-0.6481253,-0.9799776,1.549272,0.39727244,-0.30504125,-1.2702351,0.082763664,1.1399179,-1.7036259,1.4971803,1.6130518,0.8987805,-0.653295,-1.3174562,-1.0342039,-0.7223407
160,1,2.730266809463501,-0.26761857,-0.605249,0.11147209,0.119744755,0.5907997,-1.1245444,1.4187735,-1.5010294,0.58706087,-0.70801514,1.4452695,-0.12387958,-3.385583,-1.652864,1.6115466,1.9813176,-0.8500312,1.1671877,-0.42006576,-0.59587246
160,2,2.730266809463501,-2.3904746,0.093175225,-2.2509067,2.523079,-0.8357575,-0.89350146,0.64023876,1.7471025,-0.23698731,2.8105166,0.9923546,-1.297974,-0.1081537,-1.0182784,-0.33515447,-2.081107,1.9098656,0.20177883,1.18519,0.914583
160,3,2.730266809463501,-1.491825,-1.7719414,2.338954,2.952814,-2.4894118,4.347768,0.59440774,-2.8788755,0.20877656,-2.51929,-0.6137303,-0.60159475,-0.5852268,-1.1807005,1.5394623,2.2032223,1.4939711,-2.2455688,0.3873363,-0.311086
160,4,2.730266809463501,0.26888847,-0.5180918,-0.40231246,-0.12426404,-1.5032867,1.6363891,0.13874723,2.052269,-2.4517353,-0.58279395,0.7030976,0.23441465,0.15362778,1.3410215,2.6178296,-2.5825055,-1.019827,-1.8408259,0.9632172,-1.5370247
161,0,3.452631449699402,-1.7026153,0.49527833,-0.106149204,0.54846084,1.5980439,0.05130879,-1.0355663,0.4614999,-1.5386859,1.9931865,0.47799113,-1.0900476,-0.4598172,-0.42732024,-0.1893569,0.4198414,-3.4248106,1.2655619,1.9374219,0.7619025
161,1,3.452631449699402,-0.13867664,0.23876365,0.83704823,1.6840323,0.76742256,4.4175324,-0.14480147,-1.6368556,1.5386732,-2.612492,2.2602835,-0.10359977,-2.393322,0.3062887,0.3166468,0.29904896,-3.5507672,-3.355621,0.59037375,-0.5279
161,2,3.452631449699402,-0.22257227,-0.54000765,3.068358,-0.20186402,-0.5496095,0.21539122,-1.1557956,-0.091298066,-0.18595663,-0.93765426,2.0891957,-0.4875346,1.2143422,-0.61731774,1.4510179,0.36593243,-0.52729374,-1.123809,1.2915655,-0.8131807
161,3,3.452631449699402,-1.0326481,0.26230168,0.9498751,-1.3107544,-1.2935313,-0.34020332,2.6079097,1.8033375,2.8315282,0.16636169,-0.109347045,-0.702317,2.6649945,-1.8191769,-2.1360583,-1.3330761,5.1758404,-1.4258367,-0.63811976,-1.460688
161,4,3.452631449699402,-0.227135,-1.0263644,-1.2051827,-0.5906345,0.61254823,2.871716,-0.6467271,0.7509636,-0.09672662,0.8469855,-1.5218868,2.4220366,-0.6608655,-0.42157805,-1.7754033,0.49872744,1.7822065,-1.1286253,1.3465773,-0.49161783
162,0,3.029114866256714,-0.51871604,-0.8646155,3.3767886,0.59847885,-0.07109305,0.5999409,0.75057846,0.80442494,1.456132,-1.8678375,-0.29477468,-2.627049,0.073537916,-2.003178,-3.0342612,-1.3757817,0.18435925,1.3813906,-0.36498365,2.6214983
162,1,3.029114866256714,2.1288283,-0.7762144,1.5518891,3.2457402,-0.8680636,1.5225075,0.07500911,-1.3547477,0.18417558,-3.0057406,-1.1714375,-1.7857591,-1.8113239,3.0718582,1.7129657,-2.5696838,-3.2769647,0.22522448,-1.5588735,-1.2463466
162,2,3.029114866256714,-0.11292132,-1.4468327,-0.2644305,2.0531442,-1.3089498,-1.2327566,0.8724523,0.2198983,-0.5244306,-0.33822066,-0.7240998,2.0878718,-0.9179562,2.4611964,3.008202,0.14482711,-1.9345391,-0.27246198,-1.4149134,-1.9057931
162,3,3.029114866256714,-0.87167776,0.23635836,0.0060576717,-0.41892278,-0.25308806,-1.3722396,1.5449306,0.98272294,-0.85070556,-3.0100403,0.800141,1.5313454,0.22892363,-0.87517875,0.5199014,-2.924157,0.20564196,1.5385214,1.0320357,2.659395
162,4,3.029114866256714,0.4927986,2.1059408,-0.046136737,0.5823542,-1.0079613,1.2207224,-0.1505631,-2.0087848,0.18278387,-0.014994723,-0.58221453,1.9737557,-0.85606855,0.5793821,-0.20744471,-1.682908,1.2124892,-0.51403195,2.6077259,-1.1184287
163,0,2.645606517791748,-0.7165761,-0.6205062,1.0382255,0.35571736,-0.14687616,-0.5955354,-0.9142323,0.78094727,-1.5528699,-1.1054171,-0.5395723,0.7313962,-0.04777561,1.3461543,-2.4929833,1.8110678,-1.9832695,-1.9283527,0.40421984,-0.15436561
163,1,2.645606517791748,-2.1590006,1.80217,-1.1223553,-0.13963524,2.1956105,-3.341689,-0.7016025,-2.0575764,1.612793,-0.21469417,1.8489984,0.7733001,1.1106898,0.61279535,-1.4584138,-1.2087513,-1.3271587,-0.44354394,1.1386588,1.2409272
163,2,2.645606517791748,-2.147887,-0.28092173,-1.574921,1.6990339,0.7338751,-0.3345528,0.36896843,-0.6822524,1.3456473,-0.047261715,0.6930832,-0.5415513,-1.2379067,-1.2672646,0.98102105,1.6000012,-0.9381857,-2.5225,-0.10565865,0.09808395
163,3,2.645606517791748,-1.3610349,-0.14397913,2.7476547,4.4768634,-3.4850998,-1.2306553,0.8294783,-2.5731108,-1.5334307,-4.0349274,-1.216106,2.2534516,-0.3818328,1.409248,3.4449775,-0.03713607,1.087655,-3.315199,0.13767718,-1.7591242
163,4,2.645606517791748,-0.078298904,-0.82359076,0.6142054,-1.8101662,-1.4352505,-1.8143158,2.018419,1.8939382,0.90682715,-0.35721108,1.1376752,-0.15230806,-2.088237,0.32093507,1.3704395,-0.52760166,-1.0564964,0.35294917,-0.7449345,-1.2528719
164,0,2.577648401260376,0.47418398,0.14563738,-0.64111966,-0.40480357,1.3707206,-2.515699,2.4255688,2.3073454,0.0724633,0.4493245,0.15149555,-1.5690135,-0.7257999,-0.75835365,-1.1284987,-0.58204687,-1.7288836,-0.15700597,0.24282093,0.49333704
164,1,2.577648401260376,2.2148697,0.5149163,1.0954984,-1.2245761,-0.8612296,0.46614495,0.74398834,-0.6076041,-0.24649529,-0.44960093,2.396158,-0.91280526,-0.34172893,-0.5753965,-1.7314651,-1.4089502,0.020207815,2.1676054,0.08269482,0.58172494
164,2,2.577648401260376,-1.038741,-0.20760721,1.3978046,-0.087493934,-0.8004765,2.0045736,-0.26694965,1.4354013,-0.25568166,1.065168,0.6080348,0.50109667,-2.333963,-0.5880405,0.50904125,-1.0957798,0.6993967,0.42795244,-0.70541996,-2.0316784
164,3,2.577648401260376,1.8991647,4.3266854,-2.6141636,-2.5610666,3.7532673,-2.579091,-0.33718297,2.6464462,-2.0447469,-1.0599195,3.7360194,-0.15161496,-3.7341592,-0.53831065,-3.4133184,-2.878316,-0.41191453,0.05401917,3.1013582,4.227293
164,4,2.577648401260376,-0.2425417,0.72279865,-3.1604679,-1.337522,0.7101611,-2.1398087,-1.8662986,-0.5566045,0.5919323,1.7775551,-0.8924294,-0.087579206,0.435425,0.52789104,1.20858,1.4284256,0.43879062,-0.031361703,1.3239521,1.4923666
165,0,3.44278769493103,1.0391562,0.33297512,0.124565944,-0.6261155,-1.1766367,2.0981157,0.33632255,-2.3626277,0.085368976,0.18411954,0.4996538,-0.49128154,0.24032453,-1.1771305,-0.85518974,0.85934424,-0.5125382,-1.2502403,0.7820379,0.59634006
165,1,3.44278769493103,-0.96949196,0.8200909,2.034985,-0.7520277,-0.815621,0.20917018,0.8685451,-1.3659902,-2.9463432,1.2437396,0.19884676,0.7421915,1.1050031,-0.40659937,-2.53011,1.6969059,1.6720021,-1.7666556,1.4432089,-0.35153615
165,2,3.44278769493103,-0.835796,-0.035578508,-1.4515591,-1.0206369,1.8236346,2.2157073,-1.4138092,-0.9019031,1.9995645,0.2908527,-0.18797177,0.4174163,2.0026472,-1.1494198,-0.22360727,0.77171713,-0.5562954,-2.7702346,-1.28313,-1.3967967
165,3,3.44278769493103,2.5554159,-0.89372903,1.2398746,-2.8187094,-2.1728628,-0.036610287,-0.24464461,0.7233748,-1.7483252,1.8140409,-2.1048055,-0.604775,6.0156035,-1.2953178,-0.95579594,-1.3077863,1.2189624,-2.3864408,-0.030285649,0.28572544
165,4,3.44278769493103,-1.0976217,-0.5370276,-2.6010656,-0.23421873,-1.3881855,1.0985062,-0.013524997,1.9287957,-1.0224711,4.115912,1.2192739,-1.1122687,-1.3356103,-1.4055685,-1.317344,-0.6444626,-1.6459303,4.4625874,0.24240954,1.1444288
166,0,3.138972783088684,2.9486341,-1.285388,-2.7770746,-2.5383549,-0.4243341,1.7042902,-1.4985721,0.78309476,-2.8691857,-2.434537,-0.3689919,0.055310052,-0.25049478,-2.2701452,-3.4479287,2.4649446,1.2346426,3.2644317,1.0165482,0.9045659
166,1,3.138972783088684,0.12345163,-2.0381036,-0.86995065,1.3893591,-1.2813143,-1.345935,2.5374968,1.8367484,1.4410422,-1.0267457,0.25971144,1.5722164,-2.6408422,0.54234505,1.3771368,-1.8364793,-0.95179665,-1.6126883,0.19236475,-1.6761367
166,2,3.138972783088684,1.1617965,-1.4577743,0.8218699,0.6644863,-1.6214732,0.54429775,-0.9139538,-1.4226936,0.041380953,-0.56725144,-0.06380088,-0.8084196,2.121729,-0.96793115,0.22501376,0.4218216,-0.05692661,-0.25907034,-0.55898327,-0.3432244
166,3,3.138972783088684,-1.7595776,-1.907354,-3.2125204,-2.3972979,1.3167894,-1.9501843,-0.5413886,5.0173373,-1.119468,2.135112,1.5180326,-1.5341606,-1.6155494,0.1625533,-2.7116485,-0.9075735,1.3038163,3.6881564,0.03871445,0.48706672
166,4,3.138972783088684,1.3389596,-1.6249578,-0.69266456,1.5878589,-0.18372788,-0.39734802,0.35655886,0.29424933,-0.8003494,-1.8363085,0.3247219,-1.5761257,-0.15537523,0.16887294,1.6336899,-0.26363912,-1.1340988,0.42590165,-1.4742486,-1.5706378
167,0,2.5646767616271973,0.60164475,2.0032668,1.5497552,0.5762493,0.20869721,1.061852,-1.3221502,-2.0203483,-0.29706833,-2.6415415,2.145813,-0.37234536,1.0997348,-1.4584004,-1.7781756,-0.47395343,-1.3759679,-1.2818708,-0.4389032,-0.34655035
167,1,2.5646767616271973,-1.6810516,2.9138227,-1.4054812,-2.3024015,2.3112354,-2.4356863,-0.07135202,0.98885614,-0.033491116,1.8329457,-0.70849574,0.05858667,1.0046482,-1.1703017,0.8250616,-3.5342805,1.4967816,-0.86293095,2.3989968,0.61200285
167,2,2.5646767616271973,-0.20401064,2.3218138,-0.41801873,-1.3809109,2.2469826,-1.9481457,0.34047958,-0.27432638,2.1518083,-1.0280372,0.6400434,-2.0689127,-0.40138513,1.0375241,-0.5774382,-2.2295027,2.3098798,-1.0940585,-0.729298,-0.823513
167,3,2.5646767616271973,-1.1522629,-0.578599,-1.76929,-3.0807934,-1.7411734,0.8220093,0.6335972,1.6933675,2.3139286,-1.4443333,0.34484813,0.41094372,-0.31461975,0.23709396,-1.354855,-2.0734286,2.834685,-0.12596323,2.3853283,-1.9191684
167,4,2.5646767616271973,-0.8222647,0.9544449,0.16779709,-0.09251795,-0.39366585,-0.7157717,-1.3078728,1.3447421,1.4478519,0.76597184,-0.13484919,-2.4342592,-3.685942,-1.108256,-1.0985606,0.22286002,-2.7570508,0.9131976,-0.74180335,1.7020279
168,0,3.2867953300476076,1.0354142,0.904699,-2.3298233,0.4116026,0.3381952,0.41925374,-0.8401639,0.18149202,-0.9619321,2.278419,-0.45212993,0.8094762,-3.348459,-1.4440917,-1.2531054,-0.4473676,-1.299198,0.24186891,2.6799402,0.57314456
168,1,3.2867953300476076,-0.13186307,0.86380947,0.0763457,0.46486968,-1.2985544,-2.649487,0.004524743,-0.3944496,2.903811,2.6550171,1.1384625,-1.2737911,-2.1297061,0.39647207,3.7406287,-2.355546,-3.0996425,1.9865234,-1.3552705,-2.3974595
168,2,3.2867953300476076,1.7599671,-0.064420104,3.3070083,1.3002733,-1.3122523,0.35695463,-1.668335,0.15897259,-1.8275994,-1.1866472,-0.5328809,-0.8050741,1.2736492,-1.2727548,-0.83730894,-0.875138,-0.72907096,0.9265654,-0.4746172,-0.30874863
168,3,3.2867953300476076,-1.1531711,-1.5185559,0.32077724,-0.68174237,-0.96878326,0.05429141,1.0344161,-1.0821373,0.64815414,-2.0857534,0.6302851,-2.3833401,2.0086899,1.4048896,1.1202892,3.6076038,-0.8752914,-1.9016565,-1.6084301,-1.3971802
168,4,3.2867953300476076,-1.1367193,-0.3773122,1.9314291,0.72674984,-0.8329523,-2.512504,0.10323664,-0.2966223,1.8156421,-1.5381176,-1.9475168,-2.1946695,-0.5761823,-0.3666787,-0.157324,-0.00074284105,-0.4150552,2.211347,-1.3874174,2.1986105
169,0,3.438993215560913,1.961437,0.3669844,-2.0681741,-1.0267391,0.5878673,0.7490858,-1.16067,-1.0868747,1.1113201,-0.21903908,1.2591146,0.8008567,0.7426904,-0.8637506,-1.7526509,1.1346946,-2.3256714,0.16539128,0.441323,0.15105307
169,1,3.438993215560913,-2.0208056,1.4162431,2.3987985,-0.10174051,2.0347095,-0.31267527,-2.4793665,0.8491353,-3.0479558,-1.5908128,1.1860002,-1.4295232,-2.1387048,-0.50293785,-0.28988522,-2.1301992,-1.0202147,-2.7536342,2.0458088,5.7266674
169,2,3.438993215560913,1.8107421,-0.3564617,-0.33654144,2.097119,-1.400719,1.6902595,0.46609384,0.6879965,-1.7706126,-2.5643601,-1.5652632,0.6196807,-3.2107809,1.0485706,0.52927095,-1.866907,3.8941429,-0.97150326,-0.29029205,-1.471355
169,3,3.438993215560913,-1.4446542,0.67366546,-1.2921067,-1.3251065,-1.143785,-1.764105,-1.392732,-0.20845285,2.8375669,-0.5222904,-0.99644905,1.6508027,0.5524478,-0.11862024,0.635245,-1.8987749,-0.41827384,1.6609571,0.5448741,0.6346512
169,4,3.438993215560913,-0.11768834,0.8819997,0.6676566,-1.9865681,0.29560855,0.6464697,1.7180805,-0.33862364,-1.8203831,2.230216,-0.27769217,-1.7849029,0.68789,-0.91175264,0.07711705,-0.75716484,1.6676593,-0.28574738,1.0192819,-1.0212761
170,0,3.530182933807373,-0.17900419,2.4690933,0.8824417,-0.4004399,1.9457779,-2.1036818,1.04903,-0.61932486,2.2347422,0.9728833,-0.20399906,-2.133636,0.5201409,-0.68435276,-2.4479153,-2.7275693,-1.0862501,1.18282,-0.3367302,1.5275763
170,1,3.530182933807373,-0.02400895,-0.12751617,-0.8044199,2.1771247,-0.43110332,-1.4641955,1.2737464,1.1537476,1.1862262,0.560394,0.46919543,-2.2060091,-2.839658,-0.3233357,-0.35926637,-1.3566409,-2.096626,3.4005942,-1.1186687,0.14637908
170,2,3.530182933807373,-1.2428159,4.308044,0.8272132,-1.2596415,-1.71317,-0.70916736,0.8598333,-1.3764937,0.36950547,-1.3432232,0.07198565,1.0135108,0.97184986,1.6156329,-1.0861665,-2.54972,-3.6294513,2.4252791,-0.6116967,-0.062992506
170,3,3.530182933807373,-0.1144393,2.2532623,-2.947689,-2.3404093,-0.113563485,-0.46833742,-0.74178773,1.4955106,-0.39774022,-0.77036154,0.16478035,0.47994095,-1.282551,-0.8686436,1.563627,-0.2666196,-1.669213,1.4004167,0.75338185,1.3589697
170,4,3.530182933807373,-0.07949207,4.703888,-1.2565056,1.0354519,-0.36359188,-0.3052424,-1.0902848,-0.4820892,-1.9975966,-0.6203313,0.13125625,-1.8291053,-1.1303393,0.36498186,0.7895382,-1.4785562,-1.1108845,-0.30399978,2.7618272,0.4960088
171,0,3.8342452526092528,-0.7010435,-1.3675158,-0.8571443,1.0235533,-1.6977643,0.11613083,-0.91748875,-1.0261872,0.31134155,0.36902195,0.16714966,1.128858,1.8216463,0.03357768,2.5399604,0.045000307,0.9866243,-0.840832,-0.16427498,-0.5524709
171,1,3.8342452526092528,2.0108585,-0.34173575,-0.5372519,-0.08727042,-2.0310485,0.098176,-0.9117487,-1.5499619,0.22745691,-1.4816725,-1.2089226,-0.25332278,0.37801054,0.30136982,-1.7065473,4.026634,1.715215,1.3686329,-0.9230764,-1.2957616
171,2,3.8342452526092528,0.44685602,-1.3460275,-0.3916271,0.8439865,-1.8919598,-0.49203622,-0.4483294,-1.4320766,1.2340757,1.5676217,-0.8749011,-0.23150453,-2.5051663,0.05723441,2.9273067,1.6933578,-0.38232574,0.84774715,0.11968991,-0.25558648
171,3,3.8342452526092528,2.4662898,-0.61323565,-1.4564213,-1.9410764,-1.4778441,-1.6505051,-0.028870659,-2.0740316,1.5174261,-3.5648806,-0.81032526,-0.33519232,7.1804986,0.9939727,-0.067146875,3.327701,-0.13380758,-0.19562078,-1.6880642,-1.5038092
171,4,3.8342452526092528,-0.4251628,-1.1576594,-0.68978906,-1.0541161,1.567414,-1.0915867,-0.45564246,0.77848196,-0.3637362,0.09181605,0.56525064,2.1189702,-0.6068223,-0.15711229,-2.101746,-1.745433,-0.20182203,2.2253544,-0.22778563,1.854112
172,0,2.9679578065872194,-0.19443958,2.6119876,-1.9248852,1.4935362,3.2874868,0.679238,1.09747,0.32992572,1.4069891,-0.48055884,1.5479904,-2.9369571,-2.357908,-0.5331017,-0.3216771,-2.3933053,-1.7780441,-0.04837427,-0.67439973,0.5551581
172,1,2.9679578065872194,-1.9516213,0.65761995,-2.0611799,1.0083584,1.4915948,-1.9323468,-1.8070467,1.8686979,3.0956182,2.1544862,0.78126353,-2.5354993,-2.8317387,0.6535602,3.2806115,-2.551067,-2.1733594,-0.16633749,-0.5669757,0.73084074
172,2,2.9679578065872194,0.43472463,1.7148587,-0.9506923,-0.41810066,-0.27488464,1.5318973,-2.2683501,0.071892954,-0.4235433,0.58399916,1.1690072,-0.5667324,-1.7041233,1.2547909,-1.5422809,-0.37106684,-2.498744,0.22172184,-0.7880405,0.07635697
172,3,2.9679578065872194,-0.5860971,1.8845681,-2.3664088,-0.61933285,2.969472,0.43091285,-0.5579634,-0.9135533,0.13204528,0.24944958,0.12693709,-0.036327306,-0.9109964,0.15840895,-0.99107134,-0.5668872,-3.6671278,-0.14474502,2.740183,2.2194388
172,4,2.9679578065872194,-0.59045994,2.1405182,-1.565054,0.08259772,3.1707113,-0.8971222,1.1797289,1.9593213,-1.3022608,2.1147895,1.5267096,-1.6918837,-2.476455,-1.1077557,-0.42827904,-1.3827037,-1.4877927,-0.19576433,0.66714025,0.63582754
173,0,3.110754632949829,0.81449586,-0.15583153,-1.6335936,0.0671666,2.499757,-1.5791155,1.1724397,3.7352524,-2.8907006,0.1553544,3.370668,0.26419097,-1.1107891,-1.5809451,1.0618631,-2.779922,1.6546052,2.7970293,0.12237947,-2.085736
173,1,3.110754632949829,-0.81581986,1.1700541,-1.4081037,-0.23919103,2.1754296,0.8891669,-1.7269769,-0.24959216,2.9178083,1.8214703,0.122475065,-0.8437938,2.4962065,0.39718062,0.5804895,-1.8752724,-2.4528837,-4.374999,-0.7589006,0.17104566
173,2,3.110754632949829,-0.8213978,1.1270576,-0.11571501,-0.8179111,3.6159177,-0.08756993,0.11667939,-0.36225536,1.3056041,1.3044161,1.9181508,-2.151219,-0.26674148,0.0107625015,-1.3982567,-2.031808,-0.3234995,0.8309717,-1.3589455,-0.97790873
173,3,3.110754632949829,0.6358215,0.9680251,2.7996123,0.06784118,0.5816174,-1.5377092,-1.4265106,-1.079298,-0.32029557,-0.25205415,-0.50689363,-0.40927094,-1.0259503,-0.17640609,-0.6968159,3.2408206,0.31599298,-2.0474098,-0.233569,-0.048764322
173,4,3.110754632949829,-0.053595312,0.6015752,0.6594717,1.8917884,-2.032878,-0.90700287,-0.4430879,0.69477654,0.040778596,1.3108033,0.68006945,0.8405688,-1.8338238,-0.8231601,-1.2771049,-1.8281734,-3.30276,1.9203469,0.39944482,0.7299462
174,0,2.785829544067383,3.0848966,-1.3430325,-2.174973,0.09811214,-0.5773448,1.5165668,-3.2391691,1.3769064,1.4104061,-2.8554778,-1.6664808,-0.18549682,0.28284875,-1.89314,-1.1401877,2.1216464,-1.8455225,1.7637843,-1.0709722,-1.160629
174,1,2.785829544067383,-2.077161,-0.28805378,-1.7135929,-1.5220926,0.4527978,0.8063712,0.72621775,0.32259205,0.15318924,-2.017678,1.7511139,2.5872047,-1.6217858,1.4640698,-2.16521,1.0246412,-2.8069715,-1.7275839,2.1480863,2.1141582
174,2,2.785829544067383,-0.6896532,-0.71939456,2.1085591,-0.4343086,-1.4699938,0.8598862,-0.00467551,-1.632959,1.8476638,-1.556313,-0.25091007,-0.43405548,1.1436026,1.1402746,2.3203337,0.848982,-1.939192,1.3966994,-1.3949745,-1.4185063
174,3,2.785829544067383,0.20049362,-0.07810221,-0.81902605,-1.3667291,3.1803648,-1.7553505,-0.8818998,2.518544,-2.0134873,3.6508186,0.2785254,-0.5434027,0.27089944,-1.023734,-1.2050784,-1.7676327,-1.6055361,3.198084,1.0419462,-0.22015727
174,4,2.785829544067383,1.0763855,-1.3263326,0.681046,1.5882186,-2.4842966,-1.1248109,-1.0265149,-0.47839335,-1.1598158,-0.012087209,1.2668034,1.7775867,-0.5296946,-0.24694803,0.93798226,-1.9142034,0.8872678,0.551818,-0.03959644,0.5157773
175,0,3.1308481693267822,0.89530295,2.7817805,0.89083946,-0.90242374,-2.7196746,-1.5130602,-1.2287624,1.0999817,-1.2515675,-2.1439612,0.54551274,1.8351569,2.6928833,-0.27396083,1.3873206,-1.6667231,2.9209123,0.13230832,-0.8602655,-1.7126038
175,1,3.1308481693267822,-3.3799963,0.5615001,1.0920995,1.1711761,1.08953,0.074599504,-2.0217733,-0.6958381,-3.048765,-0.15927953,0.13378277,3.177091,0.25754392,1.2461835,2.17233,-2.6098444,1.332416,-3.3935401,0.9215905,0.9754132
175,2,3.1308481693267822,1.790308,2.1781008,-0.99344605,-0.1023018,2.1113315,-0.35924104,0.4063326,1.8414499,-0.16674986,-1.3546017,1.2769712,-1.6429654,-0.55802584,-1.4159802,-2.0724216,-2.8387268,4.148686,-0.3398764,0.16964544,-0.43940076
175,3,3.1308481693267822,-0.34844825,-0.1288396,0.9051705,-0.4421721,0.14623049,-2.1628704,-0.8093008,-1.8848256,0.94077474,-2.1499808,-2.0807564,1.2303182,2.461418,0.5008468,1.496335,1.7824467,3.1115978,-3.0589182,-0.87775415,-0.26953068
175,4,3.1308481693267822,0.25584093,1.3831633,1.3633302,2.2606032,-1.2632288,-1.7398123,2.086701,-1.4318811,0.8603078,-1.1318098,-0.3047106,-0.4574854,-0.201452,1.8866522,-0.47953624,-1.4631768,-1.9752033,1.4192408,-1.2716129,-0.3089869
176,0,3.1984066009521483,2.725735,1.5004821,0.2602423,-1.0716431,-2.3773274,0.7548527,-0.5472756,-2.054661,-0.23588845,-0.6206833,-1.4092299,0.031958632,-0.30834284,0.9554661,-2.0326695,1.6737719,0.66681904,-0.41500926,-0.6920566,-1.9411963
176,1,3.1984066009521483,-1.6614653,1.8773595,0.17786293,0.22661984,-2.2824423,-2.8331542,0.8203802,-0.11284683,1.1273637,2.128964,0.9616701,-1.1572636,1.1278396,-0.52793735,2.2655926,0.7488345,-2.7152972,0.14633004,-1.7254413,-1.6840801
176,2,3.1984066009521483,-1.5698352,1.639896,-0.9058235,1.6223552,0.78366905,-2.8761368,-0.42386293,-1.239379,0.57944757,0.5003919,-0.14843583,-2.0443034,-1.1350282,1.5241483,1.789305,-0.2994422,2.5766065,-1.3788638,-0.928515,1.2651584
176,3,3.1984066009521483,1.2903345,-0.6633955,0.54204684,0.74986315,-0.6658119,-3.14473,0.730628,3.4236536,-1.5673807,0.9299883,-0.03113504,-1.2579036,-1.3118443,-1.3731178,-2.1722608,-3.3176212,0.2812396,4.72704,-0.14507258,0.24306387
176,4,3.1984066009521483,-1.5234787,-1.6566978,1.1378186,1.7140211,-1.1056601,-0.754443,0.028465692,-0.43536845,0.81003577,-3.1397696,-0.36850554,0.46071732,-1.173494,1.4402419,2.8389196,0.86147076,-1.0495871,0.03620894,-1.7326751,-1.9221731
177,0,2.5177299976348877,-0.846674,-0.088683955,1.2175089,1.5106752,-1.5933201,-0.5924407,0.5400455,-1.1177979,0.86882555,1.4834716,-0.2631421,-2.962902,1.4851402,0.796453,1.84617,-1.7181996,-0.9256329,0.039336495,-1.5279465,-2.430488
177,1,2.5177299976348877,-0.16124493,-0.86667717,1.7254173,-2.0685785,-2.2910101,-0.06237912,-1.1780127,-2.5044284,2.714332,0.74575514,-1.7479302,2.9149928,0.38458526,0.19134834,-0.91128176,2.4327543,-1.8688048,1.5153244,-0.50087935,-1.8615264
177,2,2.5177299976348877,-0.3248812,-1.836144,-1.5876685,0.8047358,-1.1628184,1.7072484,-2.021105,-2.2500262,1.5991869,-1.7864363,-0.14087562,-0.23099351,0.3934914,0.62109417,1.0898523,0.7188384,-1.4399505,1.3809474,-1.099366,-2.4825196
177,3,2.5177299976348877,-1.0494198,1.3563795,-1.1319281,0.56942636,1.8455677,-1.4810506,-1.3173776,-1.5998479,0.6998012,2.0849142,-0.022030823,-2.1397867,2.2011554,-0.35712174,-2.196768,-0.76073676,-2.5411754,-0.7179213,0.73700756,2.3853867
177,4,2.5177299976348877,-1.6063064,0.11310288,1.3089216,-0.25051048,-1.6187545,-0.9757598,-0.81251985,-1.8867167,-0.4565857,1.5124094,-1.1011614,1.2627547,0.3239813,2.5820622,0.5167943,-1.9238255,-2.1764438,-0.28019556,2.0310035,-0.4572862
178,0,3.231048107147217,-0.06128102,-0.8151864,-2.200535,-2.1934757,2.984019,-0.13898952,1.4647669,1.1856474,-1.6757346,2.5750191,1.2925372,-1.2456168,-0.4105448,-0.87876964,-1.9788026,-1.3168193,-1.085065,-0.21770729,1.479598,1.5782068
178,1,3.231048107147217,-0.28256726,0.348647,-2.532935,-0.8260015,3.9370375,0.18918848,0.70555407,1.0047767,0.4256968,1.3994367,-0.58474326,-3.274638,-2.372201,-1.6209321,-0.3847525,-1.3964117,0.850266,-0.17532639,0.37554774,0.19393149
178,2,3.231048107147217,1.3089215,1.0156969,-2.3460958,-2.175278,0.5783294,-0.88601005,-1.9615852,0.76832926,-0.86893165,-0.9216879,2.7429276,-0.22309855,0.75280046,0.98883814,0.25691417,1.9438838,-3.1856406,-2.3787506,0.8290443,-0.94550496
178,3,3.231048107147217,0.31847996,0.0189252,-1.6120315,1.8976364,1.6531657,1.557665,-1.3475227,0.45133415,-0.8075858,-0.06325364,-1.9902456,-1.4674135,-2.857832,-1.6052241,-1.5869764,0.11174098,2.4383123,0.79661167,1.5500205,0.1951604
178,4,3.231048107147217,-2.6629994,0.6318985,-2.4455023,-2.268411,-0.48358065,-0.0018582302,0.82112217,1.3758907,-1.3302829,3.4514296,-0.5067832,0.6574163,1.008458,-1.5927243,-2.0253334,0.9248675,2.38208,1.3694916,2.1759615,-0.77634025
179,0,3.288584089279175,1.0469548,-1.631949,-2.0673995,-1.0641047,1.7791667,-0.017267963,-0.8400386,1.5967051,-3.4649997,-0.63096625,0.47384274,0.87825084,-1.925521,-0.8440219,-3.1053236,0.9909298,-2.0971715,1.0550154,4.505841,4.251562
179,1,3.288584089279175,-0.9860438,-1.6288484,0.025394907,1.3892409,-2.6572747,1.4760382,2.4415405,-0.78186125,3.367494,-1.5481002,-0.17858972,-0.7701481,-0.23633985,0.6425788,2.7285361,-0.07854847,-1.5848963,-0.14662242,-1.7090118,-1.5746696
179,2,3.288584089279175,-1.0151992,-1.7363963,-0.39563182,-1.8576622,0.64137024,-0.5352353,-0.5986361,0.86926836,0.013015641,1.7230469,1.3447015,-1.0607195,-0.29613805,0.8738908,-0.23046346,2.463656,-1.1728624,-0.05191699,0.16293254,0.49227878
179,3,3.288584089279175,1.9330382,-0.65478754,-2.3205392,-2.2861724,1.1325725,-0.59235275,1.5543978,1.779317,-2.1093614,-2.4693706,-0.68904907,-0.3857327,1.127217,-0.19291009,-2.0028625,-0.358642,3.5458593,3.6937168,0.59319913,-1.2472736
179,4,3.288584089279175,0.3829527,-1.487637,0.29186833,-0.24729224,-1.6824449,-0.70426965,2.1396973,1.1924112,-0.29738325,-0.10279148,0.8638806,1.5169185,-1.6798743,-0.7838171,1.724042,0.57256824,-0.60253704,-0.58660275,-1.9404023,-0.7825314
180,0,2.783074951171875,1.3607426,-1.0901673,-1.3312662,0.9958965,-0.5553965,-1.1263891,0.7754202,1.6905603,-0.89004874,-1.4875661,0.73666215,-0.76692986,-1.0159063,-0.12068034,0.85235286,0.46006882,0.18242079,1.5731606,-1.6873494,-1.1675555
180,1,2.783074951171875,0.57959837,-1.2506351,-2.5175264,-1.5559661,0.8438822,-1.2394469,2.7324293,2.4161763,1.3747864,-1.0886947,1.335925,-2.2149253,-3.3905864,-1.2701464,-2.0126545,0.66688985,-0.9147038,2.8809683,-1.2256535,-0.025243394
180,2,2.783074951171875,-0.85414296,0.72684383,1.2995125,-1.3857074,-0.22470975,1.2859305,-1.456023,-1.898645,0.41649678,-1.5648196,0.23336881,1.4838475,0.6537822,0.6385522,-1.5246044,-0.92250067,0.311931,-0.50192404,0.3616452,0.84772193
180,3,2.783074951171875,-1.3308396,-1.7717909,-0.57823837,0.45355037,-1.7921014,3.9803002,0.20178153,-1.2704959,-0.21148781,1.6973623,-0.94651854,1.0079252,0.5629663,-0.25832275,0.3455774,2.5374444,-2.4130073,-2.4951766,0.45629293,-2.3591638
180,4,2.783074951171875,-1.7780895,-1.4174093,-0.3888982,-1.558229,-2.139563,1.5990666,-0.48231572,1.7605175,1.3441334,-0.16625626,-2.065135,0.24226315,2.8724828,0.932828,0.22273345,-1.9377606,2.2351167,-1.6613052,-0.32278538,-2.6908233
181,0,3.1866454124450683,0.35188413,0.83915234,0.7329818,0.7909573,-1.3906604,-2.2424984,1.4932665,-2.0438812,-0.078664504,-3.191956,0.8474942,-1.9615514,0.8384787,1.5086678,1.4014115,-0.460527,-0.39241743,-0.18959601,-0.04549578,0.30100974
181,1,3.1866454124450683,1.4024345,0.46211487,2.851616,-1.8562113,-1.6853536,4.8392825,-1.8462176,0.30940267,-2.1993096,-2.8461053,0.70873815,0.43862498,-0.22550592,-0.9119878,-0.4512205,0.8266893,-2.9069912,-0.6678736,-1.3915379,-1.984082
181,2,3.1866454124450683,-0.92487264,1.9961424,1.2157974,0.9992825,1.8188823,0.5195785,-1.0639228,-0.443076,-3.0140834,-0.827628,0.7424237,-0.8125595,-1.4696207,-1.7192992,-0.3185736,-1.5455489,0.44335538,-1.931311,1.2405005,3.2747617
181,3,3.1866454124450683,-0.8265551,-1.0715677,-0.92398643,0.53329074,-0.19373478,-3.1384592,-0.22816132,2.796752,0.65995693,-0.83229405,0.49152288,2.638283,-2.8201027,-0.069022395,0.14463972,-2.1263082,2.8931718,1.6741058,-0.6871988,-1.9656184
181,4,3.1866454124450683,-3.1636527,0.4087123,-0.34471363,-1.775341,-0.07636075,-0.57104963,0.661172,-0.30555692,-0.14486311,-1.0516663,2.515096,1.012415,-0.49624276,1.6745425,-1.2787455,-0.5103318,0.2593651,0.026463514,-0.08058254,0.09289043
182,0,2.8292784214019777,3.3230047,0.24161169,-1.3001257,-1.3293858,0.58653086,0.35585216,0.4180342,1.0504735,-0.042467754,-0.9781214,0.29192194,-2.1160378,-1.965773,0.12320141,3.1057522,-1.7333746,-0.47286367,-2.2637851,-0.89649135,-0.4400503
182,1,2.8292784214019777,-0.98242503,0.20842157,0.94707793,-0.9520705,2.6963854,-1.2033559,-1.3114709,0.8818313,0.1336515,2.1795883,-0.4126482,-1.8137585,1.707643,-0.510763,0.53268164,-1.4072037,-2.41482,-2.3506994,-0.5942812,-0.052509815
182,2,2.8292784214019777,-0.6267567,-1.4005369,-1.2855924,-1.739162,1.1463355,0.5388587,-0.17609084,0.6208627,1.7934073,1.4233938,0.00548333,-0.22067079,-0.49144697,-0.49478367,-1.5343102,0.3035168,-0.8543871,0.037653394,-1.5180888,-1.9685992
182,3,2.8292784214019777,1.2432201,-0.1630963,0.043518346,0.86741084,-1.8765743,-1.8513682,-1.752598,-0.9497966,-3.3887691,-2.5612326,0.15946165,1.9632794,1.2041823,2.5709972,0.6430333,-1.384213,3.0214188,-1.7089467,-0.28764838,-0.095416926
182,4,2.8292784214019777,-0.52488637,-1.445576,0.3814369,1.7609158,-1.9092181,0.3747072,0.2033665,1.9341588,-1.2126312,-1.4877958,-1.1799995,-1.8753539,-2.1422198,0.22972895,-0.7182375,-0.70497936,1.6312082,-0.9176305,-0.60100245,0.14853202
183,0,3.2741074085235597,-0.9361469,-0.7202542,1.9048221,0.3094861,-1.7314517,-0.6242866,-1.2012715,-1.0150503,1.8678408,-0.06865861,-1.2288638,1.9091573,2.796467,0.37517026,-1.1574234,-1.3196533,0.8139734,-0.5203448,-0.6057389,-1.7373403
183,1,3.2741074085235597,-2.222283,-2.0807087,2.0692174,1.3966173,-1.7121496,1.2284305,-0.9717363,0.5279557,0.5772238,-0.9360916,1.9884067,4.1691775,-1.6883585,-1.7217251,0.43242094,-0.5018466,0.35387552,0.4781438,-0.06350544,-3.0625257
183,2,3.2741074085235597,-2.0177522,-0.65185535,-0.9390623,-1.6015253,0.70054334,-0.38999742,-0.5696834,1.3907189,-1.3929288,0.7068149,0.80266964,0.37699956,-0.06891555,0.50461495,0.40430552,-1.7174442,-0.7516349,-0.9374719,3.672195,1.0847539
183,3,3.2741074085235597,-3.0813177,-0.612048,-1.1663041,1.8960038,0.28944927,-0.33089724,1.6481243,0.3003247,-0.30840266,3.3758037,-1.3997531,-1.2906239,-0.75644875,0.97051466,3.0103815,-2.5875056,1.1234944,-1.221388,1.5576366,-0.5678832
183,4,3.2741074085235597,-1.9558289,0.24089426,-1.1872419,-1.8081849,1.9522779,0.8019588,-0.14837343,0.9786653,0.9642283,0.31112248,0.78679794,-1.103641,-3.11842,-1.0067366,-1.5809786,0.10819073,-0.9703449,1.2826095,0.58768815,1.9475223
184,0,3.7847365379333495,0.56022495,0.85456485,-0.7058722,-0.37862107,1.5180029,-1.2795818,-1.1288143,1.177242,-2.1932929,-0.022847446,0.73228467,-0.9069368,-1.4741918,0.049863495,-3.1634378,-1.8509064,1.1405386,-0.46800116,0.9288847,4.4006534
184,1,3.7847365379333495,-0.28198493,0.23275015,-2.0907238,-1.1584865,-1.8346436,-1.0156021,1.1823194,-1.0159549,6.0228276,2.526731,-1.1277975,-0.44405627,0.94909716,1.9532422,1.7754692,-0.36982343,-3.5829713,-1.4892327,-2.0179105,-2.5274978
184,2,3.7847365379333495,-0.49056774,-1.5963157,0.09092724,-1.1715844,0.7828924,0.63206166,-0.56557983,1.5944103,1.3208106,-0.3725031,2.1882477,-1.041521,-2.2249956,0.45479375,-0.9405883,1.4053644,-0.75181204,-0.43279895,-0.3856488,-1.703589
184,3,3.7847365379333495,1.4994656,-0.6059152,1.0372385,1.192029,-0.2706313,0.11862803,-0.3087273,-0.3818132,-2.2065134,-2.3516777,-1.2763821,2.0192876,-1.9005151,-0.23137517,0.12696376,-0.011550616,2.6218317,0.8393598,1.3687038,-2.1808403
184,4,3.7847365379333495,-2.1740046,-1.5230254,-0.12802917,-0.16841139,-2.437005,3.1326132,0.60569376,0.6817236,-1.114378,-1.9170715,-0.51884377,1.3883249,1.2596272,-0.75216186,1.7514321,1.7669256,-0.31124306,1.2852417,-0.42991412,-0.9127481
185,0,3.586310291290283,-1.5247397,-0.98141867,-0.5520173,-1.015346,2.1642358,-0.79466486,-0.09327755,2.163414,-0.3463715,0.5828444,1.1703341,-0.9153432,-2.4811153,-1.2224848,-1.4745038,-2.5354316,-1.2572573,-0.4383683,2.5071785,3.892132
185,1,3.586310291290283,2.1654599,-0.92904174,-1.2091401,1.0572597,-1.1344479,-3.133754,2.1303196,-0.36745417,2.999174,1.1326538,-1.122292,-0.14969921,-1.7244246,-0.24577647,0.8491092,-2.0001216,-1.3025486,-0.9421973,-0.4790618,-0.5629925
185,2,3.586310291290283,1.2474065,0.23712212,-0.14734918,0.99079686,-1.3409923,-0.06941903,1.3020372,-2.3827558,-0.5336174,0.47372,0.092323706,-0.5268703,0.09823872,0.59959334,-0.32968614,-1.3678589,-0.848093,-0.030197667,2.0253665,0.38880324
185,3,3.586310291290283,0.17232716,-0.86691624,-1.6665249,-1.7285595,1.2109427,-0.1775114,1.716646,2.0019093,-2.1825016,-2.132938,-0.60349494,-0.11289367,-2.7173996,-2.2954433,-1.2915376,-0.5364324,6.087911,1.0473396,1.7995057,0.08760899
185,4,3.586310291290283,1.4007307,0.32093975,-0.6331262,-0.5646424,-0.47905993,-1.3596047,0.48291898,-0.12326874,0.27092233,0.50807065,0.10003732,-0.9243329,-0.8849239,-0.68049026,2.1811044,-2.3494937,-1.5417825,0.7553911,-0.9631953,-0.0028799768
186,0,3.1712700843811037,1.6874073,-0.6579476,0.8946131,-0.6022551,0.762296,0.3459318,-2.242599,0.86028427,2.784015,-2.63218,-0.7866336,0.08136864,-1.4302943,-1.1817354,-2.4836895,0.107725345,2.06586,1.2550807,-1.4839281,-0.1482335
186,1,3.1712700843811037,1.072566,-0.45979276,0.8788863,0.85291326,-2.0549784,-0.043695975,3.0065567,-2.4247782,-0.23906344,-0.7405251,-0.72764796,1.8650147,1.881089,-0.53896046,-1.5725123,-2.2398465,-2.1036546,1.8084875,1.5436006,-1.8295846
186,2,3.1712700843811037,-0.94604164,-1.6369221,-0.33273458,1.6293359,-3.4754486,-0.22799614,1.350326,-1.9209887,-0.1224948,-2.7367992,-0.8488626,1.8749663,4.131704,0.73301953,2.2084486,-0.8187969,1.7330732,-0.33197337,-1.1554362,-2.4204986
186,3,3.1712700843811037,0.7122743,-0.46029466,-2.0910716,0.28033087,-0.97287655,-3.2785964,-0.4569783,0.88250256,-0.19645436,2.4665487,1.225625,1.4757029,-1.5834992,0.7817169,-0.73619854,-0.6578906,-2.7485695,2.3940582,0.25083488,-0.51267153
186,4,3.1712700843811037,-2.1348464,-1.3942205,-0.52955955,0.45909414,0.8241895,2.202696,-0.73059,0.56846,-1.3802449,0.09482659,-1.6815919,-1.9384712,0.40846825,0.28386626,0.1672517,2.6618843,0.28398108,0.18138841,-0.54618967,-2.5027606
187,0,3.1189431667327883,0.7949769,-0.10706669,3.2823339,-0.09418931,-2.2472286,1.1156734,-1.2630358,-1.8713613,-0.92734295,-2.0343442,1.1188442,0.46516848,0.3213648,0.92630154,4.2530403,0.082266375,-1.7860625,-1.1197352,-1.4659938,-0.35534716
187,1,3.1189431667327883,3.5472147,1.9813559,0.42461511,-0.5332929,0.5733746,-3.1849272,-0.9235374,1.5703007,-1.9459214,1.4665133,1.959187,0.47348177,-2.8764858,0.039591998,-1.0313798,-1.6913048,-1.1221689,-0.15733023,-0.45706028,1.0859493
187,2,3.1189431667327883,0.31396562,-0.5130179,-1.4461335,0.2455286,2.3331313,-1.3075492,-0.23082943,0.047694754,-0.29351932,-0.73572373,2.4460711,0.5109681,-1.6909213,-2.1103644,0.3738907,-1.5686443,-0.16495761,2.067309,1.2458804,1.4421806
187,3,3.1189431667327883,-1.7715921,0.30142775,-1.8535563,-2.316227,1.6101748,-2.4330864,1.6890786,-0.68986785,0.33181047,-1.1132493,0.6002735,0.55214596,3.2314556,2.5755537,0.7057891,-0.9491458,0.12702163,-0.48493367,0.5220555,0.5316208
187,4,3.1189431667327883,0.60111684,-0.037851255,0.15746287,-0.61125433,1.0119009,-2.537021,0.52703214,0.53304505,-1.1783987,-0.45358,0.90080494,-2.2612123,-1.4747663,-0.017547023,-1.0387617,2.0964262,0.86981773,1.7791961,-1.1479281,1.4532166
188,0,3.031532049179077,-1.7715219,-0.49761704,1.1676651,1.4519404,-1.1541082,-2.1926818,0.22182573,0.0017502342,-0.25023782,-0.1365119,0.4562013,-0.48991787,-0.49551323,-0.46258804,0.98964894,0.06316094,0.21626027,1.7047464,-1.0560292,0.08956899
188,1,3.031532049179077,2.144486,2.7007818,-2.2152996,-1.0040846,-0.43045932,2.3400226,-0.39636773,1.68145,0.69387704,-1.1233796,-1.227512,-1.3049016,-1.7780312,-0.5003851,-1.3051128,-3.0952618,-1.4861884,-1.6500585,0.331322,2.422029
188,2,3.031532049179077,-0.12594828,0.3152695,0.62778217,-1.2709007,2.030275,-2.5038853,0.4118896,0.9992375,-0.43415198,-1.225074,1.4573063,-1.1898806,-2.4559832,1.0208282,-0.39536098,-0.16493611,-0.16393086,-1.1523395,-0.65422815,0.587774
188,3,3.031532049179077,2.1881595,0.038150858,-0.21901943,-1.6182545,-0.115009375,2.8249958,-1.3354855,-2.031189,-2.247531,1.6252018,-0.7790048,-0.4895504,-0.014389046,-0.8367872,0.82887065,4.4556284,-0.66786677,-2.683209,-0.5875146,-1.4572244
188,4,3.031532049179077,-0.87527454,0.9319252,2.458826,1.2519485,-0.99600405,-0.32546696,-1.4418721,-1.3927648,1.2784698,0.64464045,-1.5452636,-1.038906,3.5013247,0.3158016,-0.29600945,-0.77644706,0.35544655,-2.9098966,-0.16069084,0.4764583
189,0,3.393773603439331,0.5507763,0.8239254,-1.7440723,-1.8630564,4.390258,-0.14280836,-1.7298028,0.0068303947,-2.8242292,1.2619144,0.05565428,-2.1551144,-1.1535472,-1.8269428,-2.7504423,-0.40989295,-2.182665,0.2908225,2.5532048,3.0534213
189,1,3.393773603439331,1.325336,-0.8667342,0.8405711,0.80821997,-2.772942,-0.63568485,1.7422979,-1.4516708,-0.26564428,2.1894476,-1.2726877,3.7677846,-2.569288,-0.20530574,2.0752387,-2.0758133,-2.0301278,0.9600823,-0.22424613,-1.8330337
189,2,3.393773603439331,-1.1074848,-2.2285423,1.9368204,0.17418575,-1.2497574,-0.7845152,-0.88695157,-0.446305,-0.16862215,-1.8886145,0.78024787,0.6324851,2.922632,0.40022123,-0.11644964,-1.66914,0.62610286,-1.6904798,-0.34544381,-0.73008686
189,3,3.393773603439331,0.11984817,-0.5643045,-0.7049573,-3.243634,1.7357442,-2.2327192,1.0715026,1.7272751,-0.40386248,1.0973245,-1.52532,-1.1638885,-1.0519812,-0.97220284,-2.499088,0.70268774,1.8491244,3.1633344,-1.141404,-0.95611525
189,4,3.393773603439331,-0.6314233,-2.0210392,-2.1498704,0.76183957,-1.0678633,-0.31507295,0.07649913,-1.539736,1.135283,-0.6851776,0.41350156,-0.084228024,0.7003276,-0.19502077,-0.13799025,-0.9361147,0.5851317,1.3828435,-1.5124623,-1.4974412
190,0,2.657548999786377,-0.6684308,2.1610405,2.788702,-1.704123,-2.0357282,0.15466996,-0.15674114,-1.409839,0.51595074,-0.37519312,-1.0589949,0.1131139,-1.0009812,0.50279254,0.9767742,-3.0904918,0.6466072,-0.5155656,0.48318338,-0.21954688
190,1,2.657548999786377,0.61444455,0.65976185,-0.8602143,-1.1301347,-0.50349283,-0.034768723,-0.54544103,0.4294568,-2.060865,0.6514918,-0.2852143,-0.07128354,0.80747,-1.0994028,-1.3295027,0.092715904,-1.102664,1.0662589,-0.5279082,0.12286257
190,2,2.657548999786377,-1.5247585,1.3974134,0.48889893,-1.5046147,1.1929637,0.82410634,1.1223112,-2.0352578,1.0887871,0.5777428,1.8830034,-0.39964715,-0.16998862,0.19488004,-2.8394892,-0.84277266,1.0836135,-2.3863678,0.18500875,0.29563814
190,3,2.657548999786377,-0.9259232,1.5172731,1.2718834,-0.82403755,3.138104,-2.3957574,0.47680932,2.2406113,-1.9923333,4.7911797,-1.5199226,-0.42433965,-2.6451714,-1.9891921,-2.5241613,-1.0568358,-0.38846174,-0.8595231,1.4984437,-0.1714517
190,4,2.657548999786377,0.032297008,0.7114606,1.2235132,-1.686612,-1.901675,-1.717467,-0.012637734,-1.9315485,0.7385089,-2.1093192,-0.59314483,0.59970915,1.9886395,0.3040752,0.13844788,1.8883735,-0.38243735,1.5407221,-1.2381144,0.1585415
191,0,3.2008341789245605,1.7796314,1.4990127,1.199667,-2.2922196,-0.40773255,-1.1043166,-0.95903796,1.4551884,-3.5281081,1.0785266,-0.8100498,-0.8382562,-1.7961159,0.7120994,1.5153955,-0.09845398,-1.6389763,-0.41414753,0.24014425,-1.4398603
191,1,3.2008341789245605,0.4283655,0.2307701,-1.167321,0.5275693,-0.6710627,-1.6951249,-2.0486836,1.3587373,-1.53849,-1.6976798,-1.2115605,3.1269968,0.7239919,1.4787608,3.1619718,-1.6539844,-2.825671,1.2178751,-1.8636787,-3.2705429
191,2,3.2008341789245605,1.8568918,-0.15593725,-0.52991474,2.322109,0.59189606,-0.253837,-0.8066592,-1.4457902,-1.2505637,-1.9991843,2.0407434,-0.14816442,-1.1452816,0.09007338,-0.5821533,-2.8901522,-0.71586835,0.54225546,0.5436839,-0.9306099
191,3,3.2008341789245605,-0.5921754,-0.36113,0.4669021,0.45225132,-1.1831741,-2.2360983,0.61800796,3.9362621,0.22958629,-2.7477674,-0.6145476,-1.4510983,1.1753622,-0.47990263,-0.37811032,-3.1018112,1.558128,0.7618378,-0.16193692,-1.9387805
191,4,3.2008341789245605,-1.6366754,-1.0669892,-0.41501266,-0.15619613,-1.477411,-1.0289035,0.5608803,-0.59565526,0.034988884,-1.5502782,0.564419,0.9366025,-2.3360682,0.028783841,1.3486091,3.26176,-0.32712418,0.24290238,-1.7105247,-1.3758104
192,0,3.2260693073272706,-0.8530461,1.8470008,-2.162811,-1.7220417,-0.64671284,0.83039623,-0.39265338,-1.2330202,-0.023614215,-1.2970223,2.051438,0.6661342,-1.5600065,0.92210424,-0.6387534,-1.0387851,-2.099286,1.1088113,-0.16798416,-0.53135866
192,1,3.2260693073272706,-0.7359232,0.1851252,0.11391159,-1.15234,0.56253386,-1.1337619,-0.8934967,1.3674997,-2.262299,-2.5765822,0.53532296,3.3190546,2.5560815,0.4087975,0.33049822,-0.699509,-0.63699925,-2.473498,0.70599234,-1.5233824
192,2,3.2260693073272706,1.0141932,-0.98929375,-2.2698631,-1.0441055,0.45415863,-1.2190133,1.0476679,-1.481339,0.99246764,-0.961416,0.39797553,1.6281651,-1.2611006,0.27192104,-1.8357507,2.108908,-2.9305873,3.7118855,-0.46915668,-2.4846456
192,3,3.2260693073272706,0.47379565,0.87803286,-1.8927652,-0.07538289,-0.1605927,-2.0722249,-0.8585662,0.013559527,0.0148377605,0.16071984,-0.54536647,-0.94043726,3.938112,-0.6394458,-0.7284433,-1.0539647,-1.2616011,3.433263,-0.33948827,-1.0353353
192,4,3.2260693073272706,1.0606358,0.3848208,-1.5871127,-1.6937292,-0.98861545,-0.15288162,-0.79270965,0.06209406,-1.3106211,1.0399506,-0.14245641,0.43007714,2.0162935,-0.46548367,-1.7213662,1.1240557,-0.09419092,-0.038886685,-0.30967477,0.26294777
193,0,3.5629299163818358,-1.3522587,1.6845378,-1.2161683,0.63154787,-1.1260325,1.1584474,-1.0041575,0.40627766,1.50915,0.4624533,0.87241125,-0.06219455,-1.4305307,0.761203,2.083767,-2.0861588,-3.4563794,-0.7892463,-1.1825975,-0.80411285
193,1,3.5629299163818358,2.3860033,-0.41992792,1.0366383,-2.1269188,-0.34514606,3.9391003,-0.0052966685,-1.1419357,-2.4985366,-2.2881465,0.7497339,0.35410497,0.036582567,-0.5269155,-1.1791952,1.023444,-1.8488718,-0.81267565,1.9890585,1.2411153
193,2,3.5629299163818358,-2.380385,-1.1854845,-0.45768994,-0.1867696,-0.04866844,1.9213645,1.2950662,-1.9008087,1.7961371,-0.6073319,-2.1710913,0.63449484,-0.06714892,2.0214627,-0.01144279,2.7608066,-0.5603016,-2.6366906,-0.6969015,-1.1362259
193,3,3.5629299163818358,-1.0216658,-0.030981928,1.3878844,1.7096634,-1.2944285,-1.3571229,-0.6939849,0.98077583,-0.8489163,-1.4323215,-1.8555937,-0.27766404,5.8301616,-0.54198706,1.771922,-2.1757436,-0.42123526,0.8395794,-1.15807,-2.4498036
193,4,3.5629299163818358,-0.46363702,-1.2906466,-0.5158739,1.0194973,0.79160225,0.2215666,0.9550637,1.80031,-0.32493895,2.4415135,-0.8432909,-1.960691,-0.53555536,-2.0071528,-2.0348082,-0.70828116,0.54357326,-0.16402201,-0.49706507,0.42178681
194,0,2.2847481966018677,-1.9191968,-0.20986024,0.9187497,1.4252343,1.3963499,1.0768225,0.037790786,0.0069098226,1.4382255,0.023253802,1.3331723,0.06368053,0.38616928,-0.3340949,-0.9101807,-1.5476214,0.751955,-1.8589886,0.15933207,-1.6832149
194,1,2.2847481966018677,-1.6135066,-1.4295835,-0.6116019,-0.7013866,0.19476976,-2.0361223,0.37982392,1.8843467,0.7021241,-1.8454678,2.035126,0.17230384,-1.3617293,0.16627406,0.22127785,1.0262293,0.34035778,1.1148639,0.8978326,0.34490114
194,2,2.2847481966018677,-1.7684721,0.32361647,1.0232153,0.81396246,0.43197873,-1.5642399,-0.60258776,-0.37064558,-2.3045049,1.2401297,0.722444,-0.062448766,-2.2131755,1.1006892,0.716136,-0.7300432,0.6148301,1.2045097,1.5800526,2.4275076
194,3,2.2847481966018677,-1.9689468,1.1599345,-2.793472,-2.3571415,1.8923718,-2.5220962,1.770641,0.84882355,-1.0199424,1.2479508,0.5948066,1.1755713,-1.9503045,0.8983287,-0.6682549,-2.7874224,0.011090371,3.2817185,1.1534537,3.5177205
194,4,2.2847481966018677,-0.20353493,0.7548091,-2.9194074,-2.4968975,2.048518,-1.8703461,-0.08976534,0.9827026,2.2501237,1.8009593,-0.53511614,-2.5074782,0.4969461,-0.33427006,-2.0407436,1.6757667,0.48548016,0.79057896,0.065448254,2.0423694
195,0,2.8067373037338257,-1.7536637,0.12077229,2.2109108,0.7780165,-1.1957438,-1.5772846,-0.995531,1.3687809,1.2702398,0.90567327,-2.1380177,0.0704147,3.127814,1.4315953,0.14862525,0.51256967,-0.51639473,-1.6549737,-0.5774585,-1.4806104
195,1,2.8067373037338257,-1.6887522,-1.7879583,-2.091671,1.279175,-2.9272258,1.2931359,1.3554108,0.3196092,1.745185,-2.0354419,1.3201283,1.5905939,1.6642159,0.87757826,-0.9904756,0.16816556,-0.27759293,-0.17653607,-0.86087966,-2.9660456
195,2,2.8067373037338257,-0.07049854,-1.6392636,0.05568371,-0.6680129,-1.8349966,2.2531261,0.6201828,0.26514506,0.78401214,-0.58371013,-0.9298662,0.7947492,1.7471764,-0.32634583,1.7037495,1.126994,0.6075738,-0.8191141,-1.6428152,-1.7836351
195,3,2.8067373037338257,-1.2189883,2.9695294,-1.299426,-0.40639037,4.32414,-1.3598558,-0.9188773,3.9522512,-2.423778,2.6036613,1.6732455,-2.6569967,-3.1881423,-0.8941708,-2.0750349,-3.2309422,-0.2243715,-2.431414,3.1140814,3.5155675
195,4,2.8067373037338257,1.1160587,1.7641959,-1.7152733,-0.4387484,1.1156813,-0.97722316,0.3660735,-0.44817033,1.3579226,-0.19534421,-0.16055693,0.18116556,-1.06576,0.36390966,2.306441,-1.527299,-2.7812204,0.69914776,-0.5648699,-0.28630632
196,0,2.9014269590377806,0.29075193,-0.8889004,0.37583828,0.109142914,-0.5373326,0.47002786,1.2241021,1.229313,0.027907128,-2.891146,1.4079384,0.44284073,-0.35974,-0.10318001,-1.0776427,-1.0600107,0.35071087,-1.5811975,1.4397191,1.0912381
196,1,2.9014269590377806,1.4926121,0.7601317,3.9429178,3.1452076,-1.3469012,3.6591377,0.104371734,-2.1144438,-0.73751056,0.72488475,0.63778764,-2.0020478,-1.1851646,-0.43642583,2.152162,-2.0686183,-0.818596,-1.8540202,-0.28428042,-0.42253557
196,2,2.9014269590377806,-1.4019983,0.14603369,0.6910191,-1.4113417,1.8049877,-0.17538519,0.69224477,2.7098093,-3.0322437,2.8730843,2.4395921,0.43548867,-1.7083567,-0.49171326,0.30804774,-1.2842377,-1.3482126,-0.24103644,3.487496,0.37790874
196,3,2.9014269590377806,-0.7725773,0.11441229,2.4291692,1.317603,1.4221481,0.33998993,-2.0953977,-2.1634266,-0.9215868,1.0663671,-1.558646,2.5377693,3.4312828,0.17195323,2.2995117,-0.9463516,0.12520456,-2.320734,0.034984197,-0.4099823
196,4,2.9014269590377806,0.81893873,-0.6444355,-0.7604653,0.53443664,1.172704,-1.1734264,-1.2326859,-0.9437631,-0.6020885,0.8840866,0.102494955,-0.02778873,-1.6736935,0.6416678,0.75131124,2.783355,-1.1667583,0.9351139,-1.4716294,0.34341362
197,0,3.1350343227386475,1.6920236,-1.7025312,-1.0607501,-0.06012496,-0.46652257,-2.452372,1.5884528,1.3673445,-0.31251952,-0.4598211,0.006370908,0.016238417,-3.0858796,-0.028558195,0.5919719,0.10701932,-0.17810753,2.3198926,0.2697046,1.1184485
197,1,3.1350343227386475,-1.012053,-0.6625661,-1.4470989,-3.1081572,1.7019013,-0.38434386,1.8010923,-0.066097826,-0.2026274,-0.32240266,0.6942156,-1.0784571,0.00021279702,-0.8806467,1.0963805,3.4838479,3.901654,-0.3030963,-1.5502708,-0.8677616
197,2,3.1350343227386475,-0.9406097,-1.6459652,-0.94101447,0.52391607,-0.32846352,-2.212745,-0.96877223,2.4049575,0.13372396,1.5154015,0.86685044,-0.6994035,-0.3034117,-0.84609824,1.7406454,1.0108676,-0.42363676,-0.11411693,-0.9840763,0.43581018
197,3,3.1350343227386475,4.269731,-0.95161515,0.24529941,-0.41452917,-2.6824625,2.723742,-1.4782678,-2.9955971,-1.936348,-3.1834044,-0.6193122,1.6786894,4.0928516,0.39562547,-2.004111,4.6628475,-1.7416567,-0.8734941,-0.060041875,-2.2732549
197,4,3.1350343227386475,-0.82329947,-0.7736649,2.0216892,-0.88677126,-2.2767558,0.056808345,0.34196648,-0.10674319,-0.80688626,0.716248,1.0069748,1.4427061,-1.1143975,-0.37205195,-0.8618489,-0.9333494,-0.7140917,0.8800744,0.40192288,0.37630615
198,0,2.9832129955291746,0.84250265,-1.1903565,-1.0509788,-1.7573843,1.2546856,-1.3329581,0.95450264,0.30492735,0.238207,-1.5457609,0.5210415,0.57286125,1.3529139,-1.5295118,-0.56611,-0.7069327,0.86079997,-0.52581143,-0.21567115,1.5625274
198,1,2.9832129955291746,-1.3439435,-0.7784469,0.9360687,-0.66299456,-0.09623812,-1.874126,1.7130884,-0.6512074,0.90490717,-0.74835604,-1.0864215,-0.97310185,0.2810465,-0.6736879,-0.32001388,2.3636155,0.23621576,-0.12659544,-0.072540134,0.5438058
198,2,2.9832129955291746,1.8013295,-0.0721367,-1.823969,-0.37589335,0.483814,-2.1345909,-0.7727165,-1.5149862,3.684999,0.87295437,-0.7427616,-1.007186,-0.27635986,0.7781054,-0.10924355,-1.6709266,2.7298157,-0.6635853,-1.523443,0.007468087
198,3,2.9832129955291746,-2.6382709,-1.2234366,1.8522137,-0.098634034,-1.2026573,1.3046228,-1.7348721,-1.718842,-0.9434389,-3.0318487,-2.252308,-0.5365475,4.493414,0.6371766,-0.14253639,4.085562,-0.2630861,-2.8129091,0.043972015,1.5943199
198,4,2.9832129955291746,1.0765091,-0.36901492,-0.17734854,-0.9223545,-0.38247284,2.0851948,0.6566335,-1.7285281,-1.8785325,-1.51519,1.2048465,2.1619794,0.60716695,-0.20984651,-0.8439706,-1.0890262,-1.4377232,-1.514185,2.0626352,0.5254844
199,0,3.175969457626343,0.79028153,-0.44444847,-0.9052105,-1.0756756,2.2261715,-0.93070686,0.096127026,1.6650542,-0.80533516,-0.21971312,2.3975406,0.1673329,-0.92858803,-0.4832988,-0.032054972,-0.7546584,-1.024381,-1.9786241,0.08705686,-0.89581126
199,1,3.175969457626343,-0.2423749,0.055205528,0.018412217,3.3673642,-1.2683576,-0.4946245,-0.2806109,-1.4818469,-0.89545697,-0.9770049,-0.46006566,0.7445931,-0.47065824,-0.18412878,0.3087616,1.1472802,0.110166684,-1.8935485,-0.033065323,-1.082869
199,2,3.175969457626343,-1.2007661,1.8090049,4.087246,1.7990243,-0.8189598,-1.0704589,1.4116994,-2.5695312,-0.7064349,-2.0655444,-0.10580792,-0.3075345,4.1392875,-1.2973096,3.116331,-1.5113269,0.5121182,-2.9639657,-0.5772786,-0.6513865
199,3,3.175969457626343,-1.0643709,-0.7059469,-0.38519317,1.6309676,-0.9671738,2.903787,-1.2327538,0.06560435,-1.1214674,-3.277118,0.4517281,-0.84851116,-0.5598457,1.7360193,1.069287,0.51233137,-1.1382598,-1.0833877,0.0744673,-1.2752011
199,4,3.175969457626343,1.439711,1.1925237,2.109045,-1.3327293,-1.8106718,-0.9082994,2.390645,-2.2419834,0.2914858,0.046034995,-0.2971171,-0.64959085,0.34449974,0.7992553,-1.296206,-0.99895626,-1.7238393,-1.5182412,-0.21585634,2.0042288
200,0,2.959052324295044,1.2591873,-0.3108927,-1.1276146,-0.37852028,0.4826645,-0.09688569,0.19675383,-0.4118437,0.7810099,0.4829344,-1.3827509,0.940142,0.8919974,-1.9364455,1.6950469,-1.4534103,-0.6185823,-1.0874803,-0.94564366,-1.2899649
200,1,2.959052324295044,-1.2720178,0.27063265,1.4143662,1.8309016,-2.2228937,-1.4606164,0.10219472,2.8021626,-1.93593,2.477358,-0.12317926,-0.28945005,-2.7282135,-0.98424053,1.508637,-1.774645,-1.3139403,0.0919748,-1.5767118,-1.205871
200,2,2.959052324295044,1.7158415,1.7847214,0.8534369,0.3239994,2.1191394,0.10762346,-1.2632079,0.11574642,-1.7923334,-0.16653964,-0.26797882,-0.21547383,-0.20562382,-0.9753199,-1.9681445,-2.444046,0.04966571,0.69523823,-0.46469104,0.32140875
200,3,2.959052324295044,2.4402716,-1.4552574,0.9284618,-0.60670143,-0.9483503,-1.4730482,-0.6900468,1.8876489,-0.73367196,-3.351168,1.0495144,-0.9972434,3.7617404,-1.6313703,-1.9915172,0.11719125,2.5318046,0.21407548,-0.16020238,-0.21872066
200,4,2.959052324295044,-1.9988303,0.36471748,2.6833627,2.2784295,-2.574569,1.8019464,-2.4565382,-0.23771486,3.3381612,-0.74333537,-2.0196328,-1.0802772,0.44192204,0.6643818,0.79215,-1.8059053,-1.8577818,-1.5035142,-1.4392216,-2.5250654
201,0,2.6141226530075072,-0.8518147,-0.7403762,-1.7565324,-2.071702,-0.46268064,-2.0267777,1.2472998,-0.047681153,-0.8759547,-0.66561794,1.636362,0.65452254,-1.9133863,0.01073491,0.61567134,1.4410715,-2.902794,1.8066094,0.48851684,0.948631
201,1,2.6141226530075072,-0.4070207,0.27837458,0.50848335,-0.3214385,-1.8969302,-2.7911704,-1.4712828,1.453383,0.4485068,-3.6194649,-1.6740866,-0.053521108,2.70088,1.2538413,2.5967975,-2.4156668,-0.09356081,-3.3172102,-0.704146,0.8948755
201,2,2.6141226530075072,1.4517741,0.7158418,0.3418077,-1.6555489,1.4158466,-1.8504863,-0.37627354,-0.96086174,-2.89114,0.5416882,1.0493863,-2.0041382,-0.7754867,-0.9288606,-1.8997229,-0.74123347,0.80943173,3.4596364,0.2293498,1.1458387
201,3,2.6141226530075072,0.35265052,1.0646393,-2.0371835,-1.2582685,0.7518619,-2.289461,-0.7684441,1.2758803,0.288295,-0.0592271,-0.045244943,-2.3987808,1.159161,0.9511081,0.24512766,-2.912357,-3.1643863,-1.7931782,0.69308275,0.12187815
201,4,2.6141226530075072,-1.2171236,-0.9024889,1.7113578,-0.8826379,-2.5003514,-2.0347183,2.2486997,1.275658,-2.277846,0.112424664,0.44151717,0.8006619,1.6957856,-0.47234106,-0.5853561,-1.0812619,-0.3855515,0.80328435,-0.8360822,-0.6495256
202,0,3.6242498397827148,-0.44630304,0.99539715,-1.3140856,-1.1030326,1.6041167,1.9960235,-1.1525896,3.600069,-1.8753074,0.952411,3.2536938,-2.0028453,-1.9721386,-1.0504539,-0.6829253,-3.2392263,0.74398386,-1.9210784,-0.28148267,0.12714936
202,1,3.6242498397827148,0.97631186,2.5374289,-0.2923511,-2.0503721,0.32423136,0.028295705,-2.1265051,3.1538699,-0.44557956,0.8976619,-1.7122413,-0.67505246,-1.3298149,0.60257417,-1.0529349,-2.2270222,-0.9961414,-1.0637544,-0.10894182,-0.69336253
202,2,3.6242498397827148,-0.11443643,3.1231942,-1.9284558,-1.2749487,2.1173866,-1.1442846,-1.8064992,-2.3750107,0.38346326,-0.13970444,0.97576576,0.4931566,-2.342542,3.578219,-0.48404616,0.45379645,-4.592018,1.7583658,0.8385379,-0.18884847
202,3,3.6242498397827148,4.0490937,0.9679582,0.122631654,-0.29431736,0.9593029,0.17275101,-0.4265509,-2.2096589,-1.7543025,0.7947018,-0.9289851,0.30774805,-0.823179,-1.6272461,2.1236873,0.790514,1.039297,-0.56300485,0.93383086,-0.26819667
202,4,3.6242498397827148,0.37750536,0.69953257,0.470883,0.69025016,-1.2557002,-0.9443557,-1.362675,-1.0533272,-0.5801694,-2.1103392,-0.51323205,1.6388508,0.14647539,-0.21175876,-2.8393545,-1.7367874,2.3653781,0.1481809,1.8042403,3.2214942
203,0,3.226353883743286,-0.5454392,0.51598716,-0.9711129,-0.14508374,-1.132438,2.476788,0.0631564,3.655895,-1.8743895,1.9281487,0.73420167,0.43090388,-1.7588936,-0.098989055,0.036009472,-0.30020857,-2.128729,0.21744607,-0.045332093,-1.9629608
203,1,3.226353883743286,-0.97408915,0.589988,0.50377125,-0.050524235,1.0107807,1.5390369,-1.6534637,-0.22665517,1.9027548,2.0127947,1.4699469,-1.2068179,-1.9245291,0.07374898,-0.43458155,-0.55840445,-2.7056153,-1.7857864,2.1470454,0.12613992
203,2,3.226353883743286,-1.2340266,-0.21808141,1.3415365,-0.6143184,0.98552525,-0.12481674,-0.776133,1.7855618,-1.1690257,-0.43387228,-0.84593904,-1.1808789,-1.0726472,1.1033168,3.3730307,-0.32778475,1.789411,-2.9856858,0.5738132,-1.7712753
203,3,3.226353883743286,1.0592049,2.149176,-1.2486726,-0.34848034,1.1275712,-1.6414796,-0.21194613,0.68885946,-3.2123117,0.5903466,0.63838416,1.5373149,-2.9375074,-0.3298665,0.8793221,-2.4667754,-1.0291919,-0.9845831,2.7367136,3.8366172
203,4,3.226353883743286,-1.1118934,0.6119062,-1.9978186,0.5635085,0.53802335,-1.3980395,-0.25345635,-0.39192387,0.51779616,1.0577307,0.50221294,2.3074863,-2.067029,0.11221834,-0.61642784,-0.5161366,-0.76003844,3.0398462,0.10031426,0.19411826
204,0,2.737630748748779,1.9300016,-0.885819,1.2731276,-0.97548926,-0.030852467,0.7093122,-2.3728194,-1.3784115,-0.77146417,1.9707909,-0.609088,-2.2630975,-0.99448466,-1.7448934,-2.1957967,1.0263513,0.2239885,0.0048919013,0.87877506,2.4172647
204,1,2.737630748748779,-1.9457157,0.22306204,0.32526127,-0.9004782,2.9564,-2.5471022,1.755108,0.78779066,-3.1158755,0.7550876,0.7823939,-1.7647597,0.38060996,-0.07152957,-0.6907145,-2.3389738,-2.8866346,1.5601449,0.98836416,3.5887468
204,2,2.737630748748779,-1.3124257,0.1914168,-1.7047544,-2.642188,0.5526,0.7049056,-0.6464056,0.21971345,0.5003208,0.35683972,0.6127836,-1.2087524,1.8086637,2.0614653,-2.114701,1.9388951,-4.031456,-1.6807505,0.6380354,-2.0568352
204,3,2.737630748748779,0.4718715,-0.22655137,-0.4022584,-0.031720143,-0.9491156,-3.024569,-0.1721731,0.89642674,0.7122902,2.3965003,-1.2793114,-0.8324753,-0.206121,-0.18603702,0.6266473,1.0907979,-1.9409349,1.9764545,-1.4540495,-0.59917206
204,4,2.737630748748779,-2.626417,0.039473407,-2.1481566,-1.6285834,2.2824476,-1.1464515,-0.13474421,0.38897994,0.28411347,1.8649276,-0.6081097,-0.84794104,-0.52423126,-0.42173782,0.51323897,1.1737131,2.2117543,-1.0777662,0.78087425,-0.31731027
205,0,2.89414324760437,1.8511554,2.3007565,-1.1614202,-1.5381122,4.0553293,-1.5580622,2.292785,-1.3011074,-1.4179621,0.44583294,0.2868966,-1.6184458,-1.5265188,-0.865882,-1.5595467,-3.7149725,1.835975,3.4836717,0.36443874,0.66797173
205,1,2.89414324760437,-0.96556854,-1.2654777,0.24363574,-1.2365423,-0.9174733,2.355243,-0.9692416,-0.3424316,2.5867288,2.545219,1.2745284,-1.4210624,-1.8871104,-1.6005852,0.7269473,0.21597257,-2.7849672,0.011495776,-0.9553277,-0.8661168
205,2,2.89414324760437,0.6878386,0.7166897,2.5409029,-0.577101,0.7337547,-0.6391172,-0.8009307,-2.4132278,1.6539145,-0.34115124,-0.30174848,0.30202812,-1.3115085,-1.2054706,-3.090269,-0.8219222,-1.7321709,0.90391105,1.4055425,2.3008783
205,3,2.89414324760437,-1.4329101,1.1968534,0.1462546,-0.59329593,-0.60204333,-1.3137093,-0.35355827,-0.85805476,-0.14876397,1.4037373,0.09051781,0.024679786,-2.4521391,-0.4686102,-0.44198167,0.14354663,-1.4912438,1.3701553,-0.74455523,2.0467913
205,4,2.89414324760437,2.3025234,2.604177,-1.6827307,-0.94620806,-0.24863696,0.27694082,0.47995764,1.4054527,-1.993831,0.47351938,1.8493038,-1.5860877,-2.5459979,-1.9625305,-0.07941642,-0.06785972,-2.2452533,2.083267,-0.09271436,-0.36277637
206,0,3.35388388633728,-0.8100876,-0.59016097,-2.0263052,0.42527434,0.8020197,0.34484056,-1.0294796,0.015325115,-0.13807392,0.66955316,0.9139358,-2.399594,2.2866986,0.053394865,-1.1244887,2.0205946,-2.0531108,-0.60496205,0.18045476,-1.4641138
206,1,3.35388388633728,-1.6221503,-0.6238907,-1.0054928,1.2843217,-1.8288883,0.14969145,2.0447233,0.83473724,-1.7698122,-1.7672225,2.5039506,-1.2659657,-2.648762,-0.81021374,1.0234617,1.8199869,0.74544066,-1.2271243,0.5940406,2.0973427
206,2,3.35388388633728,2.6854968,-0.48677862,2.933065,0.28097752,-3.0443482,0.8124151,0.16322963,-0.34246784,1.4356571,-0.03791858,-0.8080143,0.0030213243,-1.6960108,-0.80820364,0.12023452,1.9787352,-0.5426507,-2.030801,-2.235428,-2.5237703
206,3,3.35388388633728,-0.4281055,0.30645844,1.7894566,-0.27348182,-1.8455687,-0.69436485,-1.0562011,-2.2071261,-0.22595425,-2.4810934,-0.44332802,0.2507341,0.79796255,1.4194138,5.7157264,2.5970604,1.490676,-3.5564914,-1.4900512,-1.9041992
206,4,3.35388388633728,-0.70661175,0.11475398,-0.29310527,-0.38568503,-1.4985158,-2.860845,0.65996945,-1.0897056,2.3031833,1.5043,-2.18706,0.9630052,2.5974913,-0.13772881,-0.78267354,0.1722066,-1.9112134,0.9282051,-0.45214805,0.79456884
207,0,3.226980113983154,-0.18963888,2.485406,-0.9256931,-0.31391776,1.0379092,0.65260094,0.041816067,0.2223596,-0.26496774,-2.5297573,2.1377938,-0.07686676,-2.1352425,0.93936485,-0.43545336,0.21014483,-1.9746006,1.2644513,-1.4226002,-2.5195148
207,1,3.226980113983154,0.7268053,0.4804093,1.2605195,0.35724863,-1.5978949,2.4632654,-1.687666,-1.4193788,-0.75697035,0.7087464,-0.28313726,1.7586455,-0.6282887,1.1078908,3.0242636,-0.6709325,-1.9459006,-1.4783857,-0.13538727,0.2518222
207,2,3.226980113983154,-1.8834342,1.9665235,0.4706157,-0.44979063,0.110685214,-1.0235851,-1.2605579,-2.9982488,-0.34209064,-1.3080862,-0.81046367,0.1770353,-1.4257247,1.0058517,2.587475,0.28751183,-0.68403953,3.587054,-0.4385613,2.3633618
207,3,3.226980113983154,1.9154422,0.3462776,2.481379,-1.2617745,-0.4308986,2.5030527,-0.35097948,-2.8535893,0.95739144,-0.3368831,-1.3635026,2.5861397,-0.63378763,0.92256993,-1.1716363,0.14142272,-2.4698832,-1.9874816,1.0416248,-1.2540759
207,4,3.226980113983154,-0.63777435,-0.6396824,-0.59740674,-0.09286234,-0.22649491,0.44775444,-0.7568182,-1.5292472,4.272548,-0.6623514,-0.4541046,1.398514,-0.33087888,0.83537674,-1.1614736,0.19054706,2.925821,-1.3197277,0.3699069,-2.0730364
208,0,3.6484892845153807,2.5322871,-0.06254137,1.2398988,-0.23348542,-2.6047103,1.6131139,-1.7104954,-1.7885287,-0.781679,-1.4857557,-0.95835465,0.15021221,1.4933997,-0.42766336,-0.16651441,0.43110743,2.292289,-0.47408977,0.30566096,-0.061269283
208,1,3.6484892845153807,-0.47740656,-0.77879846,-2.8694773,-2.5802217,2.127135,-3.2606514,1.8357958,3.4276721,-1.914372,1.7056648,0.47941554,-0.6377712,-3.144821,1.4470091,-1.4983785,0.029753026,-3.1234653,0.53963965,2.2406867,4.0433064
208,2,3.6484892845153807,-0.30964103,-1.3120437,-0.0058756783,0.41691244,-1.2369729,0.9271383,0.36199936,-1.795563,0.40085673,0.032803573,1.9624825,-0.68873125,0.022938404,-1.2428191,2.0477831,2.7555306,0.4274737,-1.7673273,-0.30068827,0.04211327
208,3,3.6484892845153807,-1.2731687,-1.769092,-1.3881705,-0.34962285,1.3797338,-0.90768635,0.88887054,4.5316305,-1.3987277,2.3138826,1.9219772,-1.9230454,-2.3726597,-0.45586804,-1.3601863,-0.71516377,-1.3935534,1.5986263,0.23233895,0.50089544
208,4,3.6484892845153807,-1.2061601,-1.194016,0.4390227,-0.042880457,0.058606297,2.4912305,-0.19560081,-0.8893766,-0.062167827,-0.67428005,-0.36564776,-1.1946534,4.1053576,0.061060693,-0.63578224,0.5979441,0.7780446,0.7337091,-1.5634997,-2.4205716
209,0,3.004049825668335,-0.71608114,-0.7264187,-0.5338905,2.0775542,-1.3316095,-0.86103576,0.24406795,-0.25126657,0.47052246,2.0237107,-0.052958753,-1.5017092,-1.3495029,0.018289655,2.869226,-1.8790089,-1.7961392,1.5778017,-1.2171044,-1.4028572
209,1,3.004049825668335,2.5517607,-0.13420808,2.2029295,-0.42168948,-2.6128893,-1.1700166,0.6597781,-1.2540807,-3.6551583,-3.0933256,-0.23559906,1.4288564,-1.1274178,0.20127986,1.2255187,-1.0964702,1.3490254,2.6000476,0.09743579,-1.2584343
209,2,3.004049825668335,3.6720588,-0.939935,1.9099174,0.36168987,-2.8639529,-1.2707769,0.632037,-0.70850736,0.9705538,-1.4690269,-2.3247814,-0.29595038,-0.06817043,0.26916608,1.0936702,1.1287143,-1.2921259,-1.0974935,-2.3639717,-1.076397
209,3,3.004049825668335,0.6511968,-0.7045674,-2.1410406,1.7541254,-0.0653129,-1.3108021,0.7147315,-1.6947826,0.9642667,-0.75905514,-1.311669,1.2703582,-2.1964552,0.20658535,-1.9758627,1.1939332,-0.71434015,1.387278,-1.8452233,-0.25870666
209,4,3.004049825668335,-1.6322587,-0.54883844,-1.0585842,-0.30454823,0.49390885,-1.3400213,2.8049145,1.568685,-0.69674724,1.0181026,-0.38199803,0.58762056,-3.035742,-0.2952276,-1.5511914,-2.3475432,-1.1572196,2.85962,-0.649841,1.0131732
210,0,3.44376745223999,0.43691188,1.2987672,-1.5596398,0.7492209,3.6406407,-1.5940866,-1.1689897,2.8320606,-1.4745604,1.2530388,0.08780771,-1.3940649,-1.4359667,-1.4941473,-0.2600029,-2.1782403,1.9305998,-1.0979528,0.68670934,0.1708172
210,1,3.44376745223999,-1.6465131,-0.7410308,0.7282675,3.5517447,-3.639285,-2.3643131,-1.0682721,0.43960187,1.4175467,-0.13558622,-1.4724817,-0.7817389,1.5569028,-0.7949626,-1.7759421,-1.1964955,-1.3109581,2.349122,1.5718989,0.08474448
210,2,3.44376745223999,-0.46367055,0.18120693,2.291358,2.0636177,-1.7171154,-0.8295777,2.3484662,-1.6912278,-1.6521188,-1.8284137,-0.27126917,0.1264914,-0.8837208,0.88031673,0.86427206,0.8575807,-0.72742254,-1.8680565,-1.2238332,-0.9502789
210,3,3.44376745223999,1.2969115,-0.39632782,3.320741,0.26125944,-0.6749484,-0.84624326,-0.34340823,-2.6927564,1.27687,-1.8275069,-1.0391258,-1.9594064,0.5626081,0.75330555,-1.1544124,-0.3874289,-0.6235,-0.8396971,-0.49692807,1.0935916
210,4,3.44376745223999,0.108602725,-0.32055873,1.988834,0.31601048,-1.9547123,-0.44617784,2.3699217,-1.4976832,1.7692301,-1.4572152,-0.30331045,0.8071454,3.5064642,-2.2545927,-0.719049,-1.3360505,-0.15056007,0.1446857,-1.4401091,-1.1378583
211,0,2.7127624988555907,-0.928416,-1.7295622,-2.5243928,-0.4889642,2.5330114,-2.4347467,0.82108593,2.882196,-1.534648,-1.1651267,3.4333642,-0.9023987,-2.8268764,-1.7071948,-1.9452338,-0.87076753,-0.34712932,0.6282255,4.11717,3.424165
211,1,2.7127624988555907,1.8486644,-1.0701267,-1.6320525,0.03648379,-1.7335645,-2.7067251,0.91831785,0.7580264,0.8759877,0.65038395,-1.9059111,-1.0418566,-0.8886175,0.10163761,2.1366763,0.9488266,0.8288365,0.07075409,-1.2020385,-0.8892051
211,2,2.7127624988555907,1.0593795,-1.9467884,-2.9221108,-0.8220152,-1.0463805,-0.93882,0.43848056,0.062401082,0.887208,0.91740364,1.223253,-0.010438394,-0.7629997,-0.44391692,-0.16387777,0.86925024,1.4885931,-0.5833691,0.23356274,-1.1623746
211,3,2.7127624988555907,0.6113009,-0.72517645,-1.9764882,-2.532442,0.9083384,-0.2646727,0.56695527,3.1632211,-2.007106,-0.5365371,0.55212027,-0.8387503,-1.9266934,-1.8950751,-1.5046412,3.8438613,2.3357441,2.303769,0.13321765,-2.189415
211,4,2.7127624988555907,0.5282704,-0.41017154,-2.7277532,0.46344122,0.6152703,-0.8880012,1.4222842,0.6742446,0.5219429,-0.71941173,-0.751318,-0.18388677,1.2230629,-0.7756883,0.90486425,-0.27608097,1.4388101,0.5478241,-0.2720678,-1.0459023
212,0,3.970198726654053,2.9881854,-1.3157374,0.78523546,-1.3905873,0.27588633,0.32488903,-0.02854638,-1.6400162,-0.38027772,-2.247841,1.0714201,0.93521893,0.2119794,-1.4212157,-0.8916716,0.061003663,-0.059487287,0.96010697,-1.2577521,0.9933122
212,1,3.970198726654053,-0.076838255,-0.39006796,0.3417984,-0.44992316,1.3307493,-1.3769413,3.5662313,-0.45857245,-0.77043384,0.4462142,-0.2876461,-1.574285,1.5487136,0.43641102,0.6497576,-1.8117757,-1.2289544,-1.4308548,-0.6296545,1.5441551
212,2,3.970198726654053,-1.4520003,-1.1102606,-0.72647864,-1.9255126,-1.1162293,0.7691445,-1.9577105,-0.85933864,0.74753577,2.0955656,-0.49707168,-0.9639818,-0.31446466,1.1615374,0.5911702,4.3193917,-1.1240861,0.55361223,-0.81823164,-0.7727922
212,3,3.970198726654053,2.225549,0.41913545,-2.8014157,-1.3016641,0.03557042,-1.7510378,-2.0626328,3.7173152,-0.79911554,2.03228,0.34554023,-1.3356489,-2.3881674,-1.3396477,1.8942126,-1.5942883,-0.54152524,2.3187604,0.63200414,-1.3779687
212,4,3.970198726654053,0.62106794,0.12402876,1.6149166,-0.16581611,-0.7867254,0.43545797,-1.7024506,0.20818141,-1.6519774,-2.3393703,-0.59657013,0.39108673,4.723393,-1.1945226,-1.8205471,-1.6671239,3.1604931,0.88381,0.0025597,-1.2486752
213,0,2.576512098312378,0.67088413,1.2599883,-0.1212128,-1.9250926,-0.24561758,-0.66481775,-0.13934436,-2.2970243,-2.3293521,-1.7495697,-0.35288987,-1.5553358,-0.21538407,1.8980879,2.0537968,2.1598651,0.50087714,0.90996677,0.6044412,-1.0552617
213,1,2.576512098312378,2.7982256,1.7028347,2.605596,-0.085733086,-2.093673,-3.3402114,1.0618175,1.6519403,-2.102742,-2.6156237,0.42250058,-0.26449734,0.41311172,0.7343766,-0.74461466,-2.8151703,-2.371082,-1.0488632,1.7466213,0.26736116
213,2,2.576512098312378,0.79527086,-0.92639095,-1.7109092,-0.88955617,-0.07704335,-2.2595387,2.1391041,-1.234924,-0.41417092,0.5627233,0.009206021,-0.052049227,-0.7743739,0.8314878,0.60948354,-1.223468,1.1024926,1.1563582,-1.4342031,-0.57673293
213,3,2.576512098312378,-0.10087671,0.8240042,1.5685161,-1.3236771,0.17401326,-2.885804,0.5560067,1.215129,-1.5585903,-1.8169891,0.5335721,-1.0557566,-2.0617297,-0.15336494,1.3076195,-2.4374223,1.4949,1.7392263,0.7256732,-0.44571677
213,4,2.576512098312378,-1.9217587,0.08573124,-0.9095322,-1.6786119,-1.1695235,-2.035566,0.21992253,-1.220003,0.827922,0.7429407,-1.1847991,-0.6219854,-0.91159,2.3260343,-1.7581613,2.976956,-0.8764453,0.5360978,-0.31725326,0.24527586
214,0,3.5475414752960206,-2.4187238,0.38330325,-0.50866395,-0.6446036,1.9840279,-1.8470249,3.4028296,-1.4482865,0.6010298,1.1446879,1.6217078,-1.2469711,0.20008412,-1.2194172,-2.6413717,-2.2648246,1.8275499,0.15457532,2.1742578,2.7333424
214,1,3.5475414752960206,-0.28163624,0.055809326,-1.6528282,4.51267,2.5888004,2.6516578,-1.3329126,-1.8088049,-1.3687247,0.603663,-0.36774227,-2.1878846,-0.9392338,0.5516164,-1.3126644,-0.38200682,-1.3785492,-2.8835487,0.4937679,0.8100012
214,2,3.5475414752960206,0.7186323,-0.10102612,0.9448447,1.1968124,0.5342498,1.3217454,0.27340814,1.8085786,-1.0848236,-1.132314,-0.24820165,-1.7120792,-1.0889161,0.489623,-2.5149524,-0.28371412,-0.8151511,-0.7997893,-0.081212446,-0.6174685
214,3,3.5475414752960206,-1.0763617,1.5787259,-0.7042338,-1.2821946,-0.14512366,-2.2720852,1.382134,-0.022417586,1.4790727,3.294736,-1.3707261,-1.0205388,-0.17683683,-0.51292354,0.4616419,-1.4346701,-1.689191,4.1260247,-0.61336684,-0.8934932
214,4,3.5475414752960206,-2.8622668,1.1971922,-1.034571,-0.23828363,0.70494545,3.5686035,-1.3334197,-1.2200794,0.4792419,-0.8968765,0.80227983,-0.73232776,1.6597149,-0.82081664,0.03905833,-0.87112945,0.89434195,-1.41278,0.8076516,0.61412805
215,0,2.8632845878601074,1.0196612,0.61298776,0.9571451,0.5874857,-0.011225035,1.1667877,0.59356505,1.9631379,-1.3715972,-1.3079917,0.8438956,-1.6225611,-0.15275393,-0.9837583,0.16011907,-1.0868847,-1.8312031,-0.7790667,-2.0469837,-1.887192
215,1,2.8632845878601074,-2.410181,-0.23651728,2.7658823,1.2800356,-1.4392786,1.7907358,-0.8699355,2.3237016,1.6717156,1.3294569,0.46680456,-0.741933,-3.9435635,-0.52586156,0.8491554,-3.697406,-3.5715816,-2.8316116,0.2921891,1.6782635
215,2,2.8632845878601074,3.3911197,-0.5058167,-0.3676461,0.07537524,-0.6024259,1.9152197,-0.58855253,-0.83326423,-0.24104983,-0.71164936,-2.1386166,0.3782068,-1.9461997,-1.2782941,1.0430692,-0.6298222,-0.33725053,0.28176308,-1.636189,-1.0986019
215,3,2.8632845878601074,3.1559544,1.1919959,-3.0850418,-2.042208,-0.49865705,0.771799,-1.5934592,-1.3996534,2.2574875,-2.019476,-1.419653,1.0918411,0.994391,1.1690906,-1.8754432,1.4171808,-0.7704112,-1.2661822,1.4932785,-1.104135
215,4,2.8632845878601074,-1.8551748,1.9563618,0.051269908,0.4441403,1.0853325,-0.886085,-0.514006,-0.6149782,1.6134816,1.1981306,1.1861978,-0.74716014,0.25599876,-0.13872421,-1.3799967,-2.2035267,-2.215281,1.0584557,-0.06023524,0.44474992
216,0,2.673312473297119,0.9288842,0.055051576,-0.7951857,0.41052446,2.5828378,-0.6013872,0.8547522,-0.094436206,-2.38405,-1.272701,2.374521,-0.6009625,-0.21416408,-1.7314,-3.5184686,-0.21018435,0.72423327,0.661384,2.0097506,-0.14377916
216,1,2.673312473297119,1.2498647,-0.8118939,-1.584314,2.4610374,-2.0715613,-2.2321458,0.26407677,2.55539,1.5771813,-2.9250102,-0.8556068,0.37904304,-0.06521137,-1.3537802,-0.31673256,-1.4130032,0.34287864,0.013962629,1.6348182,-0.40748656
216,2,2.673312473297119,-2.3125932,-1.0972588,-1.894637,-1.0991088,-1.3458271,2.984228,1.6396664,0.100207195,0.32627332,-2.6221397,-0.7274131,-1.0735631,2.6671426,1.9479709,1.4458925,1.9708503,-1.4045881,-1.7258538,-0.7494353,-2.904291
216,3,2.673312473297119,-0.75136745,2.075485,-0.6429668,-1.1760125,-0.9237996,-0.49392116,-0.1012011,2.0227327,-1.175205,-0.53359044,1.8170738,-1.4598246,0.738442,0.3011465,-2.3428218,-1.9171036,2.3640354,2.6959538,0.084701814,-0.17490026
216,4,2.673312473297119,1.4965552,0.64917105,-1.6502314,-0.2007729,-0.022811474,-0.38776013,1.8255231,-0.9551133,0.8367245,-0.7919086,-1.781281,-0.3586234,-1.6060333,1.4993293,0.06448443,0.14798257,-1.452255,0.72591805,-1.1431466,-1.3574525
217,0,3.02727689743042,-1.9715405,-1.3975945,0.8633122,0.15728687,0.537891,0.14494595,-0.60308266,-1.1886938,1.0696121,0.08245096,-0.14137283,1.239007,1.3431761,-0.4445361,-0.5275654,0.90848374,0.7339103,-1.7024201,-1.0941238,-0.54721296
217,1,3.02727689743042,1.1974492,-0.85731006,-0.78692544,-0.60402524,-0.29452208,0.7123609,-0.6471036,-2.0853825,2.7273076,-0.16110915,-1.5627025,2.895038,0.8750201,0.13414411,-1.2911693,0.8619067,-0.12800999,-1.4295263,-0.15855375,-1.6212106
217,2,3.02727689743042,1.5152577,-0.9315019,0.3483524,1.8159173,0.16873346,0.67851675,-1.2022665,-1.3782021,1.6870834,0.607327,-0.9076222,-0.8258798,-0.8335501,-1.103849,-0.54868466,0.16067073,-0.73246926,-0.052372057,-0.24004914,0.8220197
217,3,3.02727689743042,-1.4794179,0.07992011,-0.3779024,-1.9579558,6.4861712,-1.6150284,-0.9948977,-2.0662775,1.3560354,-0.20173348,0.09891014,-1.181577,-0.0435435,-0.44156542,-1.8792561,-1.3856215,-2.1586742,-2.8718884,5.4063773,5.228661
217,4,3.02727689743042,-0.9897202,-1.2569005,-0.5600781,0.40909675,1.2972622,1.8236263,-1.0139207,0.10340622,2.2469215,0.98903996,0.41860452,-0.038905516,-2.3376222,0.049766336,0.34200916,-0.3050257,-0.34511864,-0.73920107,-0.037409127,-1.3248123
218,0,3.2197662353515626,3.1800735,-0.6004378,0.14039662,1.2469113,-1.6834613,1.3930284,-1.2157735,-1.9071436,-1.2000067,1.9352733,-1.4979732,0.055871382,2.1746495,0.41122356,-0.7370433,-0.8948863,-0.7828748,-0.72466034,2.5604777,-1.7382925
218,1,3.2197662353515626,-0.80030006,-1.724057,-0.5115698,4.2952056,-1.780369,-1.0548762,-0.9477737,0.28277814,3.7509134,-1.6202506,-2.1013873,-0.6619652,0.5406782,-0.19457853,0.5906162,-0.43045557,-0.83865863,-1.4889002,-0.98308456,-2.1794405
218,2,3.2197662353515626,0.58191967,-0.8369326,-0.83738476,-0.46908632,-1.8822964,-0.12967084,1.5140578,-0.014092991,-0.106790245,-1.1271306,1.8481342,1.1749129,2.3276112,0.3971933,1.9067633,-2.5845854,0.74219847,-1.5514137,-0.067282915,-0.64312017
218,3,3.2197662353515626,-1.6102952,0.4511898,-0.7459473,1.2532567,-0.26409733,1.2220398,-0.584692,-0.36180994,0.37242362,-1.0347074,-0.13981116,-0.3261293,-1.2348021,2.8980937,2.6537192,-1.437865,-0.98579544,-1.3456585,-0.154854,-1.9187341
218,4,3.2197662353515626,0.7418378,1.6003157,-0.92658806,1.063889,1.2556907,-1.5319322,-0.58025616,-0.10558374,0.6447799,-1.6355457,0.60538703,0.94856524,-1.3478141,-1.367382,-2.0022945,-1.2600305,-0.24240653,-1.2056116,0.2774433,2.7418847
219,0,3.4565641403198244,-0.25339893,0.046527535,0.67080647,-2.0681572,-0.1905991,-1.7139952,-1.4805307,1.2868291,1.2160472,1.4945027,0.31085736,2.7676399,-0.895116,-1.4403398,-0.6536854,-1.9201376,1.5578023,-0.43365136,1.3158293,-1.0847995
219,1,3.4565641403198244,-1.9319032,-0.91629463,-0.19074416,-2.47544,-1.6993616,-0.7304881,-0.14673738,3.680165,1.3017871,0.025470715,0.9005873,0.226501,1.0842466,-0.8511496,-1.0652512,0.1146451,-3.0075288,-0.036855575,-0.53608894,-0.08237533
219,2,3.4565641403198244,-1.6512948,-1.7871075,0.8091738,0.7584032,-0.5723543,1.7882707,1.4056332,-1.5843818,-0.4538793,-1.0259973,1.655987,3.1836503,-2.0256984,-0.10740509,-2.2322204,0.9017039,0.7905884,-0.11152222,-1.3771914,-2.917836
219,3,3.4565641403198244,-2.815274,-0.8551992,2.892227,-0.12733424,-0.7173204,0.019040523,-1.5574073,0.17307742,-0.23081124,-1.3745226,0.0034167508,-0.5381656,-0.762096,2.8669002,-2.0195248,0.169423,0.33086652,-3.536833,-0.10923838,0.11200096
219,4,3.4565641403198244,-0.837262,-0.8412146,3.4067085,-0.7864407,-1.0828395,3.1811867,0.019964118,1.9832902,1.5837749,-1.3615077,-1.5306444,-1.5113229,0.9038389,-1.1496696,-1.6948467,-0.9451349,-2.2776263,-1.0200841,-1.2740104,-1.3801258
220,0,3.075752019882202,0.18049641,0.0048238407,-0.6842706,2.3790994,-0.1429206,-1.9478376,-0.54122066,-0.8922996,-0.39885795,-2.401066,-1.8702322,0.38124922,-0.26989534,1.5177442,-1.3966203,-1.5999699,-1.1035423,-0.6534364,0.080008075,0.30652586
220,1,3.075752019882202,0.742309,-2.3966916,-3.36652,-0.81538403,-1.4079365,-1.6558888,-0.6858015,0.042254463,0.8779258,-0.5768011,0.20123188,0.897466,0.63399357,0.69692945,-1.519795,3.8838177,-2.0198514,0.9076427,-0.050223652,-1.3442435
220,2,3.075752019882202,-2.043553,-1.6759913,-0.36084902,-2.336341,0.110015646,-0.6024786,-0.063159175,2.572413,-0.9434831,-1.0546584,1.2159593,0.6547312,0.156814,0.8621606,2.5922134,-2.255176,-0.5444293,0.19522476,1.3122113,-1.6237149
220,3,3.075752019882202,-0.04212668,-0.04153643,-1.8397704,-1.6173536,0.07882715,-1.9705055,-0.35176533,0.55353045,1.114225,1.5344191,2.1598527,-0.23383722,-3.0277567,0.8859561,-2.390733,-3.2629526,-1.2168792,-2.2974257,2.53588,3.127199
220,4,3.075752019882202,0.21735305,0.88525075,-0.37873214,-0.31105945,1.4644114,-2.23137,2.0028756,-1.6469865,-0.53660977,0.8295898,1.326759,-1.3636879,-1.1713598,0.8281873,1.8725295,-1.9031631,-0.12505397,-1.4086996,-0.57414764,0.49544385
221,0,3.5175240516662596,-0.33749375,-1.214171,-0.90176934,2.8276374,-0.100332804,-0.26000947,-1.3668544,-0.13564089,-0.06349384,0.3541227,-0.34259003,-1.138784,-1.58674,0.88564754,2.2402048,2.253055,0.09185796,-1.6755642,-1.3177612,0.012325175
221,1,3.5175240516662596,0.09935328,0.019900125,-2.2795124,-1.6211143,2.9625983,-1.0580645,1.4907902,-0.17553063,-2.6942663,2.0086942,0.40063006,0.40154305,-0.6888964,-1.1735209,-1.8729057,-0.960065,0.6330112,2.3644524,2.8636267,1.2846323
221,2,3.5175240516662596,-1.0525097,-0.8729261,1.5889031,0.1964596,-0.23895124,1.0927031,-0.45094752,-0.5280973,3.88244,1.6141123,-1.8288921,-1.5835482,-2.2563787,0.16232614,-0.349839,-1.190963,1.9837449,0.2306887,-1.4923156,-0.97821367
221,3,3.5175240516662596,-0.04590007,-1.6262563,-0.855865,0.9709914,-1.3943056,2.676733,-0.37442786,-1.0031292,1.7453483,2.0877683,0.015266858,0.6913401,4.9696574,-2.2542722,-1.7786994,-1.6634611,1.636183,-1.9881775,-0.5963725,-2.2451816
221,4,3.5175240516662596,-1.634324,-1.8588177,-1.6339022,0.54524636,0.13886735,-0.050233778,-0.51994294,-0.72107476,0.80691737,-0.07962882,-0.90053165,2.8008866,0.6045209,-1.099346,-0.19644609,1.623714,2.5915139,0.98145896,0.17680904,-1.5877246
222,0,3.4195260524749758,-0.6292819,-1.4649681,-0.09428442,-0.87129694,-1.6049991,-1.0877335,-2.080163,0.5175388,-0.9115236,-1.6685448,0.38376293,0.3949401,0.90359867,0.108788915,-0.4538753,1.9341289,-1.7469388,-1.1209729,1.0739505,0.46147567
222,1,3.4195260524749758,-0.20017017,-0.03782458,-0.56430024,-1.3150883,-0.0056763883,-1.6339473,0.6151455,-0.091541104,-0.4779518,0.30693313,-0.7041913,0.5232333,-1.7791475,0.24142912,-4.3284373,-2.491757,1.947855,2.337048,-0.264007,0.40122175
222,2,3.4195260524749758,-0.7385806,-0.04315741,-0.021428186,-0.17815861,-1.2494949,-0.82084453,0.65242237,-0.14942499,-0.31451577,3.1710083,1.3393136,-0.47252855,-1.517745,-1.3962833,1.4123015,-1.9993513,-1.4922262,0.3633121,0.13551384,-0.98912203
222,3,3.4195260524749758,0.52742237,0.28044736,2.2925415,-0.5042199,-1.1329778,-1.5951657,3.541226,-2.2429154,-0.13244377,-2.7284224,-0.13126455,-1.4315519,0.36506912,0.66180235,-0.9017611,0.23999754,-1.6508342,-2.9485312,0.4818353,1.802196
222,4,3.4195260524749758,-0.37076214,-0.27692077,-1.1166627,-0.9870745,-1.2463679,-1.1470702,-1.2173033,0.97664857,-1.4086295,1.1894723,0.06252864,-0.22989577,-2.317605,-1.2275815,-0.070389375,-1.2836058,-0.7160511,4.615915,0.94699377,0.85238934
223,0,3.0028486251831055,1.7815198,4.3934517,-1.3456898,-1.9963357,0.32582763,-1.077602,0.050118946,2.6882076,0.7369052,-1.6064615,1.0166013,-2.0757735,-2.1530693,-0.6189511,1.4711671,-1.8276764,-2.768928,-0.19384116,-0.39880496,0.17589997
223,1,3.0028486251831055,1.9593307,-0.75332636,-1.7124819,-3.0054083,2.1750412,0.9846721,-1.6637741,1.6441599,-2.4415386,1.9836457,1.7952476,2.6009266,-1.3453912,-2.1128466,-1.023517,0.14755504,-1.3625336,2.298186,0.8572384,-0.33745947
223,2,3.0028486251831055,-2.0481179,-0.46188298,0.38124722,-1.0017234,2.3300724,-1.4266757,-1.601789,-1.6342196,1.3652414,-1.0041989,-1.1575481,0.5937999,1.3843583,-0.21890853,-0.5743246,2.1055539,0.68161076,0.40893215,-0.682774,0.14065795
223,3,3.0028486251831055,0.16667728,-0.054765802,2.903173,-1.5644554,-0.6939835,-0.873472,-0.044029545,1.1966175,-0.96674603,-0.39926696,-1.4870242,0.82576936,0.111220844,-0.21834952,1.2898794,0.3108246,1.6520209,-1.6709379,-0.89907867,0.11566148
223,4,3.0028486251831055,-1.6669537,2.0960531,2.4409404,1.2276276,-1.9833816,-0.3406236,0.8202072,0.42854577,-0.4464255,-0.894082,-0.5630053,0.21307713,-0.4713833,-0.8437779,0.17368916,-1.675952,0.0038387743,-1.3966246,-0.62560093,2.0469086
224,0,3.229922151565552,2.19405,-0.7994061,2.2274704,-0.9150189,-1.82489,-0.7491963,-1.1239988,1.4812043,-1.1902759,-0.34859058,-0.77337945,0.046967212,-0.11287857,0.30075964,1.5713536,0.65475816,-0.16596039,-0.16296089,-1.4209231,-0.75865376
224,1,3.229922151565552,-0.1172538,0.8655927,0.9105776,2.4540873,-2.157121,4.9300003,-2.1010482,-0.92395145,-2.5159411,-1.4465432,0.24444495,-0.6374735,-1.7461311,1.288383,0.24809806,-2.1071365,-2.9575174,1.9849747,0.6616064,-0.05752645
224,2,3.229922151565552,1.3142116,1.1567103,-0.43386757,0.88924503,-1.443604,-0.9156598,-0.8132544,-0.31172493,-0.24482876,2.3245533,-0.43991727,1.4240528,-2.064508,-1.7874231,-2.5323453,-0.50312346,-2.393283,0.8009366,2.9451768,2.6111767
224,3,3.229922151565552,0.734257,0.5530294,1.0460082,1.8568469,-2.2641592,0.33574188,3.007655,-3.1407301,-0.17409348,-0.1191575,-0.2713108,-0.20929052,-0.7157778,0.19699961,2.335573,0.5946508,-1.8687965,-0.043372657,1.1937115,-0.32910818
224,4,3.229922151565552,-1.4924242,-0.16291425,-2.2141447,-0.8303571,2.010466,-0.7075438,-0.8641804,-0.18757756,-1.4355398,0.71183294,0.97893006,1.3318915,2.9564164,0.4808142,-1.7006803,-0.79393995,2.1853678,-2.211738,2.0637875,0.97193545
225,0,3.08118360042572,3.1624153,-0.21564777,0.19432461,-0.47567824,-1.0691221,1.3523505,-1.7185466,1.006774,-1.6229159,-1.3446409,-0.13607256,-1.423061,0.31184202,-2.1679,-2.6803977,1.4804894,1.9142781,-3.2676108,-0.11530934,0.12804464
225,1,3.08118360042572,-0.1499184,0.82801414,-0.28520972,0.8116136,-0.18813226,-3.0029988,1.5118126,-0.4142001,-0.09166437,0.42034373,0.5267983,-1.5597528,-3.2074623,1.2438097,0.4373619,-3.1076856,-1.5869879,0.30645564,0.7989519,-0.40453944
225,2,3.08118360042572,-1.8235844,-0.075549915,-1.2125529,0.49501953,0.9127492,-2.3856037,-0.14381033,-2.5919707,3.5453744,-2.1263409,0.008530845,-2.2025824,2.1973782,-1.1954385,-1.2852466,1.5560548,0.95890266,0.72619355,-1.481991,-0.47185698
225,3,3.08118360042572,-0.27517077,0.38331175,-0.41049725,-0.5377811,0.46784228,2.2026453,-1.8484266,-1.941319,-2.5404084,3.7698715,-0.5477173,-1.4007496,1.4014201,-0.5125987,-1.0649476,1.0088602,-1.4731736,-2.1917922,-0.99510705,1.1016983
225,4,3.08118360042572,-0.9402421,-0.5305896,0.772501,-0.31781048,-1.2991592,-1.0702137,1.7719746,-1.254925,-0.062113456,-1.8835143,0.1962496,-1.0333008,-1.4029641,0.9592804,1.6387938,-1.7027265,0.7962701,1.5432326,-2.07757,-1.1924282
226,0,2.490693759918213,0.324366,-0.91468644,-0.32528052,-1.9226018,0.5826144,0.9326766,-1.0837375,-0.2578163,-0.17540242,1.0455667,1.4357365,1.9037278,0.92139447,-1.5337921,-1.9160099,-1.8739458,-0.46772072,0.22043742,1.8111774,0.20712511
226,1,2.490693759918213,1.234841,0.2009827,-0.57938665,-0.28257045,2.5202467,-2.2881875,1.409077,1.530264,-1.5055281,-1.1780494,0.20902342,-1.1874441,-1.102688,-1.8448368,-2.5364738,1.3946217,2.0796041,1.8594688,1.4901433,-0.034189817
226,2,2.490693759918213,-0.024738112,-1.198622,-0.2883725,0.9630832,-1.7164553,-1.2581741,-0.16196208,0.25991386,1.1703463,0.7530294,0.16235419,1.0288631,0.9859706,0.5981453,-0.4156535,-0.40928915,-2.921188,-1.5044041,-0.44937107,0.13939331
226,3,2.490693759918213,3.2248447,-1.3251624,-1.3258501,-1.5057726,-0.95960975,1.7929235,-1.1324064,-0.13432251,-3.0967946,-0.84746546,-0.8681468,1.4157487,1.7222365,-1.4629905,-2.801653,4.3155627,0.71201843,-0.627968,0.35237435,1.084819
226,4,2.490693759918213,-0.15401737,-0.34819606,-3.3294885,-0.21821734,1.7192606,-0.5544673,1.0442758,1.3665334,0.85826296,1.7573855,-1.6253436,0.2166327,-2.5989437,1.0608045,-0.41806236,-2.084389,-1.3727629,2.1904087,1.0710478,-0.19225198
227,0,2.7872137784957887,-0.8133167,-0.7918866,0.76057327,1.1431811,-0.40557536,1.5034664,-1.1246165,-1.4532894,1.8033007,-2.5362685,0.6294093,-1.3614911,-1.2159879,-1.7030947,-2.1080434,1.7306682,2.8553796,-0.3018554,0.53533983,1.9670262
227,1,2.7872137784957887,0.84537023,3.200545,3.969511,-2.354925,1.4321103,-1.7403027,-0.76620805,0.82303894,-3.0723839,2.74254,1.6641638,0.94282705,-2.598394,-1.4808391,1.9575484,-2.843835,0.4443361,2.185392,-0.57965684,-0.99174625
227,2,2.7872137784957887,-2.6771042,0.3027486,1.0503985,2.0548034,0.7361319,0.3018256,-0.639338,-1.5224499,1.6385605,-1.9627143,-0.11803335,-0.07263183,0.78924036,-1.4245328,-1.6325668,-1.0205971,-0.45909908,2.5692842,1.3698385,1.721636
227,3,2.7872137784957887,0.13347517,-0.02357129,-2.171838,-0.72065496,-1.3800216,1.3931446,-0.5533125,0.11044963,-1.8943273,-1.6843077,2.895822,2.4241478,0.77007973,2.560357,-1.3553576,2.0521488,-0.052889075,-2.486705,1.3190656,-1.0534432
227,4,2.7872137784957887,-1.2578739,0.5538546,1.0993874,-1.0851191,-0.16650465,0.056340035,-0.93585414,-0.8772222,1.8625809,-0.23173165,-0.011164711,1.0943404,-0.9656097,1.1356359,-0.7002964,1.1594952,-1.2101842,0.4620474,-0.3234015,0.49177983
228,0,3.1914336681365967,1.9432231,2.1901217,-1.1236683,-0.94441915,-0.63368356,0.9781672,0.11089843,-0.08151103,0.5571778,0.39110693,-0.612076,-1.3843886,-0.9430667,-0.97578347,-3.0221078,0.6881268,0.69111,-0.0058945343,-0.22466403,-0.7217694
228,1,3.1914336681365967,2.5177953,1.3666103,-0.9359794,-0.33784157,-0.9498429,-1.4206744,-0.22229396,4.0880156,-1.8884659,1.552837,-0.32646665,0.11422165,-2.9302137,-1.7522441,-0.47941297,-3.840681,1.8697075,1.7160302,2.4388783,-0.6340028
228,2,3.1914336681365967,-2.2324595,0.3859712,-1.2850666,-0.89103496,0.7202923,-0.12985356,-1.5488901,0.36062914,0.34501386,-2.4198682,1.4864222,0.29898435,3.8251038,-0.9605823,-0.21188742,-0.9092165,1.3151646,-1.0740551,1.2009667,-0.24130318
228,3,3.1914336681365967,-2.5190163,-0.12874652,-1.103437,-0.5141262,-0.48704478,-0.7708952,-0.3800595,1.0026397,-1.4963397,2.5967872,-0.44958505,-0.665362,-1.2614385,2.018219,1.3246531,-0.7920715,0.9900665,1.2961638,-0.86894834,-1.407865
228,4,3.1914336681365967,-3.0291586,0.9415435,0.3592468,-0.07776571,1.4484057,0.5440146,-1.7405205,1.346414,2.4207318,0.5211983,-0.9555315,-2.339548,-2.864437,0.9007661,-1.8719316,1.4323049,-1.8652546,-1.3414305,-2.1827111,0.38469917
229,0,2.9714279651641844,0.32044226,1.2912422,-1.5428759,0.78744143,0.8127912,-1.7562702,-1.4683199,0.96105385,-1.4975337,0.96801436,0.986271,-2.9039688,-2.2648723,-0.5568317,-1.3135923,-0.07238144,-2.7724652,2.1224008,0.092279285,2.247951
229,1,2.9714279651641844,-0.40961653,-0.051306777,-0.60472804,2.6158738,0.79478216,0.354388,-0.5196912,1.6769247,-1.5190661,0.14599875,-0.13711767,-0.3932065,-3.1598296,-1.2163799,-0.72080755,-2.024236,-3.582523,2.184998,1.0735314,0.44862464
229,2,2.9714279651641844,0.68261915,-0.7455151,-1.0440366,1.0829632,0.25661138,-1.3289335,0.47691065,0.099781334,-0.22003247,-0.32918718,-1.9757031,1.906118,-1.8776706,0.0879943,3.3735802,-1.583464,-1.425026,-0.91855747,-0.7752364,-0.119175
229,3,2.9714279651641844,1.8163315,-1.2745708,-0.65310705,-1.2656134,0.17225562,-1.8598377,0.743665,2.8380232,-3.4526565,-0.99919164,0.39597824,-1.971276,1.3502963,-1.2537556,-0.6199018,-0.64428127,2.171438,2.977025,0.11742579,-0.4647833
229,4,2.9714279651641844,-1.9960526,0.045420274,-0.14358275,-1.3166921,0.10404008,2.413609,-1.7956806,0.86517495,-0.26412544,0.20349717,-0.16980095,2.0385625,-1.0647566,-0.5089245,-1.1465138,-1.2480452,-2.8872235,0.54720503,-0.25816122,-1.1448572
230,0,3.1190011978149412,-0.6951542,1.5273533,-0.12820502,-1.6965146,0.81340545,-0.74005544,0.47822168,0.07208986,3.4745188,-0.03355841,1.3871374,-0.19129322,-2.1987052,-0.19458155,0.007104448,-1.2326797,-1.9682474,0.7639351,-0.75759864,0.1678683
230,1,3.1190011978149412,2.9543655,2.1405923,-0.38979337,-2.7389252,0.449153,-0.11947761,-0.62670046,3.359927,-0.097341955,-0.117122844,1.5036931,-1.670788,-3.6639166,-0.12360611,-2.5525572,-0.96786165,-2.8360066,2.13224,0.65817773,1.8521272
230,2,3.1190011978149412,-1.6033643,1.5428396,-0.8045752,0.15206781,-0.41531178,-1.9003879,0.6117078,-0.015496557,-0.5552552,2.203447,-1.8582011,1.1205078,-1.9467586,0.35342953,0.9011106,1.4255273,-0.40358275,2.7309363,-0.70531726,-0.70120275
230,3,3.1190011978149412,-0.6980203,0.85430294,-1.8242719,-0.5607696,0.10040845,0.45306927,-2.2408662,2.1086547,-0.23101312,2.5253701,-0.4769068,-0.5015998,-1.5050693,-2.0420237,2.5033991,-1.913484,-1.3441124,1.4763132,1.3888606,0.7198545
230,4,3.1190011978149412,-2.323829,3.21651,-2.8227234,-0.58838457,3.4429812,0.3745593,-0.02057423,1.7595885,-2.9346647,2.2002635,0.64499277,-0.13862577,-2.7199965,0.32797778,1.910683,-2.620905,1.0667775,-0.8202517,2.434881,-0.5401552
231,0,3.058656406402588,0.67209363,-0.26757717,1.5326313,0.60351205,-2.2827036,-0.37942514,-0.11625761,2.2113853,0.41545588,-1.52433,-0.8574047,0.3334764,-0.46419394,0.37470922,0.17621763,-3.8036675,-0.3325858,-0.9740206,0.24311253,0.5721069
231,1,3.058656406402588,-0.408804,2.9366999,0.1390461,-1.3387359,0.9798991,-2.6683698,-0.29590243,0.1372483,-2.231972,2.072888,-0.093699016,-1.0969881,0.43512294,-1.4594553,-0.0025059879,-1.3874139,0.05300349,2.0083244,0.5284408,4.4859123
231,2,3.058656406402588,-0.11894254,-0.4085859,0.55635357,-0.5888808,-0.27628064,-0.90476227,-0.55966413,0.3021629,-0.5677039,2.1062,-0.8326268,0.016423339,1.2474227,-1.2031399,-2.1148014,-1.8521508,-1.0708249,1.0370923,1.6243334,1.3271904
231,3,3.058656406402588,-0.2965924,-1.1946048,1.0496356,2.3885899,-2.8768559,1.4601,2.5877953,-2.7211688,-1.0044882,-2.3704612,2.7895987,1.6779625,2.9499295,0.59097725,-0.74817365,-1.2271365,-1.0816323,-0.8052787,0.5638748,-2.304643
231,4,3.058656406402588,-2.3660738,-0.98732823,1.0641654,-1.2853523,-1.9561315,2.5291102,-0.4760445,-1.2905532,3.0779989,-0.000927198,-0.7320321,0.46791604,-1.4021311,0.73076123,-1.0417049,0.099077195,-1.4917809,1.964159,-1.0489749,-1.1627932
232,0,3.133133554458618,3.1219661,-0.97218764,1.1353313,0.020241577,-3.031699,-1.304062,1.3947085,-2.6256053,0.6591456,-1.461651,-0.59082234,4.5985107e-05,-1.5108356,0.4334119,1.8605449,1.0032426,-1.2562319,0.9837501,-0.29100183,-0.88901997
232,1,3.133133554458618,-1.9663324,-0.46335706,-1.2729949,-1.3704677,2.9976778,-1.5208219,1.5595659,1.311308,-2.0923939,-0.5848141,2.9203935,-0.9624787,0.9490707,0.057663053,0.93318635,-2.4379635,-1.4133501,-1.185321,1.1899267,1.8113376
232,2,3.133133554458618,-0.274054,-0.5885046,-0.06522455,-0.47664818,-0.8375819,1.4249349,-1.1851102,0.31845054,-0.51062816,-0.5597222,0.24485643,-1.7458223,-1.5228224,0.4311371,-0.81576145,1.0605352,-0.7580852,1.4025444,0.79612386,-0.86144716
232,3,3.133133554458618,0.099462844,-0.46802938,-1.0209062,1.1337882,-1.0419753,-2.4008238,2.0267062,-0.3770292,-0.6387024,0.54189736,0.43332338,-2.5051026,1.4002712,1.7165657,1.1833355,-1.1012806,-3.608879,0.73549676,-1.1661522,0.23585209
232,4,3.133133554458618,1.1438639,-0.890839,-0.5672421,-2.3620248,-0.56177694,1.8212416,-0.61859894,-0.07881416,-2.6825676,-0.40059367,-1.7374004,-0.8102529,3.961487,-1.0479783,-1.5078145,2.2231505,5.255854,-2.923893,0.2622393,-1.0427065
233,0,3.677250289916992,-0.35283986,-1.4532921,3.031525,0.33857852,-2.319161,2.132081,0.93485355,0.67038065,0.21084924,-0.84202164,-0.021743434,1.4536477,-0.9454955,0.2770986,1.0669183,-0.057652757,2.404563,-1.5303296,-1.1663237,-2.5085826
233,1,3.677250289916992,-2.6369624,-0.100628495,2.3278697,1.0407364,-0.70714146,5.9461823,-2.0509663,-1.7804103,-0.48449937,0.052720807,-0.89911705,2.9666138,1.7944454,1.3352457,-0.56003857,-0.18542124,-1.6273043,-4.1623306,-0.4646269,-1.4718076
233,2,3.677250289916992,-1.8511959,-0.8988838,-2.5543725,0.012124813,0.31484482,-0.69650483,2.0065994,1.0247033,1.9254454,-0.41579327,0.8010281,0.776297,-0.030079875,0.79061574,-0.15538187,0.3914945,0.046710063,-1.0055331,0.56313163,-0.6867454
233,3,3.677250289916992,-0.59895736,-0.9039084,-0.7207289,-0.9681653,1.4418193,0.31395286,-1.0233431,-0.70211744,4.8292737,-1.6505177,-1.8355685,-1.6412027,3.2775486,-0.3778077,-0.41105893,0.100231804,1.5239072,-2.6034424,0.32978344,1.3034208
233,4,3.677250289916992,-1.4651469,-0.1512651,0.05311415,1.313768,1.2959836,-1.2572223,0.20809497,1.5847883,0.44619992,2.6260374,0.05826399,-0.9168107,-3.2155898,-0.35962936,2.579448,-2.5053918,-0.57227254,0.5613749,0.710975,0.37536508
234,0,2.9710814714431764,0.7212463,-1.1231068,0.74066067,0.027558422,-0.9783986,-1.4993802,0.08698317,-0.1936817,-0.33354744,-0.36415127,-0.7751212,-1.091208,1.2957649,-0.65419596,-0.16176492,0.7397834,1.5721244,-0.8307142,-0.5806759,-0.88878113
234,1,2.9710814714431764,-2.7429688,-0.38734612,-1.1119641,-2.8340447,5.0190926,-2.3362513,0.71190566,2.3620813,-2.427437,0.04747926,1.945615,-0.9564794,-2.8673065,-0.80201596,-3.062405,-2.8469768,-0.9220187,0.68778837,3.5898511,6.37905
234,2,2.9710814714431764,0.09783364,-1.4467481,1.6562157,1.0957754,-2.6649964,-1.0642625,2.3182318,-1.5107132,0.52194375,0.63222224,0.9263336,0.94372106,-0.92479527,0.14644282,1.3759011,-1.8238815,-0.28909394,-0.59675056,-1.5378596,-0.61960316
234,3,2.9710814714431764,0.54254794,-2.3376572,-1.19961,-0.8594014,-0.1057575,-0.36498952,0.22867398,0.23776942,0.19455154,1.2903932,-0.45256126,0.8342854,0.048656497,-0.9078673,0.5219874,1.1390475,-0.814803,-0.40610582,0.041133717,-0.40094218
234,4,2.9710814714431764,-1.3992044,-0.5212935,-1.1047266,-2.2640147,0.78891504,-2.8173163,-0.25105998,1.8126138,-0.3623275,-2.0612338,-0.66599536,-1.3285867,0.76698476,-0.17985594,-0.77943045,2.3952677,1.7869354,0.99718136,-0.25723195,-0.18274279
235,0,3.3640388011932374,0.5671197,2.416245,-0.32684976,0.39626482,1.1451269,2.0735807,-2.003699,-0.88571286,-2.2622962,1.8626097,1.0592062,-2.5327997,-2.293629,-1.618906,-1.6375041,-0.17394823,-0.62005854,0.104019105,0.5937774,-0.044045445
235,1,3.3640388011932374,0.46038467,1.3206214,-0.06771976,0.58935744,2.450264,-1.8755665,-0.8738338,0.9760083,-1.0581405,-1.8471793,-0.8758726,-0.25142142,-2.9790335,-0.2650954,1.4381119,-1.3753914,-3.4206815,1.4386586,2.1349707,0.9147563
235,2,3.3640388011932374,-1.8444133,-1.8261259,-0.37397903,0.9009158,-0.21367374,0.39620832,2.678464,0.48328695,-1.6076138,1.1804191,-1.3102432,0.7240761,0.45137233,0.7407239,2.395561,-1.2756648,-0.56644183,-1.2728244,-0.6578115,0.89137906
235,3,3.3640388011932374,1.0276355,-0.43915164,-0.4896414,-0.34096643,0.0044294116,-1.7940382,-0.150489,2.8498666,-2.1029072,-0.30986848,-1.9140383,-0.282221,0.7808293,-0.93240464,-2.2092347,-1.709756,1.9159276,4.8367395,-1.0326161,-0.8572979
235,4,3.3640388011932374,-1.701952,-0.7249542,-0.011568846,0.6140293,-0.38697827,3.644894,-0.46066853,-0.23404488,-2.2611318,0.026915831,-0.024319943,2.1009204,0.48546392,-0.91947925,-1.6278416,0.20383196,-2.844875,-0.046258613,0.573622,-1.673463
236,0,2.92597975730896,0.9989062,-0.7914858,-0.6043123,-0.5128325,0.39947233,0.32401797,-1.8075986,0.075087056,0.14380425,0.6046965,-1.3592225,-0.40757886,-2.2516992,0.70309657,1.5968246,-1.1481433,0.24572012,-0.43347815,-0.6728243,-1.8975936
236,1,2.92597975730896,-1.0271087,-2.052766,-1.0220149,1.138262,-2.7935286,-1.2559574,-0.19349149,0.25742337,-0.23759809,-3.3655584,-0.4372392,3.0399578,-0.59467506,3.2592032,0.39912194,-0.709671,0.56909275,-2.272888,0.94169384,0.9193111
236,2,2.92597975730896,-2.3916447,-2.0920873,-0.54460776,1.4745278,0.4851174,0.8517597,-1.2135499,-1.4186625,-0.13564089,-2.8368618,-0.38302225,-0.05806305,2.958402,-0.14225687,0.9542415,1.6340363,0.6095552,-2.004754,-1.2517502,-0.6884954
236,3,2.92597975730896,-1.8201885,0.009502553,-2.117648,-0.6680325,3.300629,-0.27854303,0.21603519,1.4936491,-1.1434969,-0.025899798,-0.23653121,-1.3156987,1.426503,-0.28828862,-1.1666662,-2.7462845,-3.1288228,0.2639753,1.5347389,1.6538155
236,4,2.92597975730896,2.0827348,-0.793213,0.44518298,-0.08987663,-0.55019796,-2.6550057,1.3265127,0.49652296,0.98847747,0.84144133,-1.1119533,-0.74178934,1.2978561,0.047409322,-0.649764,-1.8306538,-1.6719941,0.23075874,-1.3431094,-1.4968592
237,0,2.6827394723892213,0.23112245,-0.7353023,1.0329162,0.3612271,-0.7663746,1.1158816,-1.1039749,1.3467458,-0.988575,-0.29758966,-0.3979603,-0.8146217,-0.020451605,-0.22818616,0.8317541,-2.1626015,-0.7680464,-2.278159,-0.022724628,0.017506756
237,1,2.6827394723892213,1.0324391,0.10294129,-1.1714755,-1.6479282,0.063774325,1.298596,0.091454685,-0.21189895,-0.5711384,-1.1778527,0.3794161,-0.63899165,-1.0825198,1.0941494,-1.701016,0.22680518,-2.8192322,1.7018833,-0.3601133,-0.8813779
237,2,2.6827394723892213,0.8372229,0.63086015,0.9260848,1.0518819,-1.2343038,0.010643934,-0.60787517,-0.3437103,-0.09330911,-2.7833998,1.3645387,-2.005209,-0.8751818,-0.5936903,1.3029358,1.1800544,-2.9925067,-1.8751086,-0.65928614,0.41104195
237,3,2.6827394723892213,-2.338444,1.0576414,-0.8976086,1.4544357,1.5583608,0.4065677,0.21927817,-1.126428,-0.050677378,-1.3988513,2.6509163,0.20382234,-1.3979573,0.28237718,5.559398,-3.254912,-1.5692526,-0.39637163,-1.0380152,-1.1626819
237,4,2.6827394723892213,2.36649,-0.90595466,-0.20741068,-1.2592477,-2.0239356,-1.2361453,0.21375722,-1.0056782,-0.9958793,-0.31538355,1.5977645,0.13125555,-2.9564586,1.1603193,0.21126963,1.3790852,2.302259,0.17655104,-0.2025617,-0.41670337
238,0,3.0987786769866945,-0.42864928,-1.3087243,-0.6492219,-1.3468325,-1.1242797,-1.3227646,1.360472,1.4937005,1.8757596,0.32876146,-0.21175668,-1.2888216,-2.5647125,-0.43087724,-0.7805976,-0.08496864,1.4716008,0.83864737,-1.0618399,-0.7146987
238,1,3.0987786769866945,-0.81270707,-0.8008686,-1.3548396,2.483359,-1.3623123,-0.9182408,-0.15627158,-2.6908934,3.5021188,-0.46251976,-0.41886452,1.7596265,0.18519057,0.9982751,0.80576366,-2.3692026,-2.656716,-2.9151947,-1.056698,-1.7220839
238,2,3.0987786769866945,0.47802377,0.3167385,1.2911891,-0.885163,-0.5916484,0.14271443,-0.15899397,-2.0705214,-1.8145401,-3.1011038,-0.18385606,0.9118638,1.1112002,-1.1764859,-2.1457,0.97050977,3.2518377,-0.6277869,0.289959,-1.5176885
238,3,3.0987786769866945,-1.830858,-0.5621073,-0.5154161,-1.5644441,0.08175131,-1.3087367,-0.1126327,1.036623,-0.33117634,2.2696066,0.213685,-1.1097187,-0.6224582,1.173343,1.3826694,-1.4110771,-0.7143308,-1.6558107,-0.17718342,-1.091357
238,4,3.0987786769866945,2.7760756,0.06349908,0.36972657,-2.2495282,-1.0031313,0.63599,-2.1416924,-1.3759295,-1.1901201,-1.6554266,-0.17386258,-0.22490454,2.0159938,-0.36132583,-1.2376231,1.1912233,-0.6959013,0.67615885,-1.737837,-1.7793264
239,0,3.438278865814209,-1.0627427,-0.5359516,-0.8952536,0.02374268,-1.0134934,0.49188817,1.154597,0.86116195,0.12582707,-0.95881975,0.60334337,0.054239742,-1.447775,1.8675882,2.1113334,-0.27292165,0.08137117,-1.2324247,0.1266189,-0.63470227
239,1,3.438278865814209,0.6543548,-0.52557296,-1.3712244,-0.9800495,-0.43753123,-1.8410145,0.8783658,0.18891892,0.43089828,-1.9014906,-0.20221077,-0.29027578,-1.5796098,-1.2733788,-1.1260116,5.95676,5.17529,1.6073415,-0.8478222,-1.1670831
239,2,3.438278865814209,-0.968437,-0.8095909,-1.1228151,-0.2966334,-1.428154,0.26348212,0.61132836,1.0476054,0.54109585,0.16740061,0.048705943,-0.6596537,0.22103654,0.88968694,-0.33006504,2.830021,-1.5582229,-0.47233775,-0.8732893,-0.98838294
239,3,3.438278865814209,3.5843234,-0.6762751,1.23525,1.1301373,-1.5846325,2.8050323,-0.62543744,-2.6192281,-0.9560301,-3.4216824,-0.31366307,0.6204827,2.8287816,-1.6491903,-1.5216767,4.204673,-0.09519569,-0.18072589,-0.6550083,-1.3548267
239,4,3.438278865814209,-2.268646,-0.17606948,0.5160205,0.15757307,2.0543814,-0.15911274,0.7471067,-0.9987267,-0.47288966,-1.487146,-1.106313,1.139052,-0.4660525,1.154527,-0.6034675,-1.2494327,0.6900481,0.5513499,0.83780134,1.7913033
240,0,2.972069025039673,1.4162973,0.84303343,-0.38419765,0.91204214,-2.1049218,0.11306755,-0.078906134,-1.0321507,1.1584151,-2.8196068,1.5805697,0.55790746,-0.41902265,0.8907553,-0.24662489,-2.4174912,-2.4187565,-0.51821053,-1.0663397,-0.64386815
240,1,2.972069025039673,3.3753386,0.4539413,0.7749627,-2.0310414,-1.4110731,-0.1556124,1.6717044,-1.8249916,-2.2327414,-3.2193837,-0.6663062,0.37532467,3.1130083,-0.31906825,-2.1898797,1.651451,-2.3764014,0.7198342,-1.4902878,-1.1958216
240,2,2.972069025039673,1.0319786,-0.0155275045,-0.5318384,-0.4617038,-1.2225958,-2.102774,-1.386741,2.889708,-1.7351242,-0.9084771,-0.49051958,-1.8169221,1.7018695,0.11220878,-0.84158504,-1.2468057,-0.76434934,1.1914752,-0.6464801,-1.3324522
240,3,2.972069025039673,-0.2530337,0.8719136,-3.650371,-1.1547498,1.7163196,0.037652716,0.24828872,-1.6912521,-0.12677935,-0.6256455,0.8130783,-1.7603757,1.4136839,0.15119903,-0.076737486,0.5196881,-1.6674844,-1.9753779,-0.9501527,-0.8111851
240,4,2.972069025039673,-0.46015754,-0.5591058,0.65844077,-0.21786378,-1.5149313,0.3241781,-1.947984,-1.1938806,-1.2948458,0.1775885,0.9820311,-1.7241595,1.6029856,-0.036650952,-1.5359828,3.2524712,-3.1183338,-1.9201581,-0.8005704,-0.38880354
241,0,2.960902547836304,-0.5421078,0.31388104,1.1042582,1.2307504,-0.17548805,-2.1858306,0.0048014955,-1.0650204,0.08790823,-2.2028742,-0.72637236,-0.3749156,0.9675421,-0.060467742,1.6414726,0.20639932,2.3071375,-2.3088841,-0.42169586,2.075178
241,1,2.960902547836304,1.9666852,-0.69553244,3.9152155,1.2363223,-1.4334285,4.3798814,-1.4324983,-1.8676703,1.7584176,-0.4195767,-0.11604044,-2.0059192,1.143707,-2.007082,-0.47607732,-0.5829213,-0.8665441,-2.2803621,-1.6740812,-2.8284948
241,2,2.960902547836304,-1.8626906,-1.5374094,-0.16641209,-0.44793996,2.131136,-1.1755402,-0.24736577,0.18980902,0.005218777,2.6181352,0.14992683,-0.58452433,-0.6029527,0.25205064,1.3074311,1.8317502,-1.0986009,-2.6668956,0.73921037,0.5658684
241,3,2.960902547836304,-1.9677123,0.19056046,-1.5265257,0.26798803,-0.3145005,-2.3065772,-0.5741992,-1.9245694,3.1948347,-2.5329676,0.6292894,3.0328054,2.2241452,0.051044013,-0.066426024,-0.690528,-1.2337394,0.72630554,0.7856503,1.3755506
241,4,2.960902547836304,-1.4880183,0.09578504,0.5907316,-1.5368792,0.61774355,-0.99559844,-1.7846345,-0.14785072,0.91985077,2.0200934,1.0625001,0.899248,0.47537848,-1.5326762,1.8211381,1.204808,2.1423423,-0.5888601,-0.81086963,-0.5381658
242,0,3.8469369888305662,1.2705213,-0.55401015,1.0773263,-1.3493277,-2.7022724,-0.84990406,2.620597,0.5982741,1.2621515,-2.1220849,0.4621136,-0.88365865,-1.2700167,-0.4148737,0.67338896,-1.6001118,-0.5093662,1.3335723,-0.64823794,-0.088065274
242,1,3.8469369888305662,0.09848152,-0.6132625,0.72249824,-1.5654579,0.18202376,-0.6490633,-1.1956756,-0.87005854,1.3432642,0.3489153,-0.67803955,-0.1301921,3.1308558,0.063214,-0.26699907,0.7411441,-1.4949251,-1.957417,0.18477482,0.56979066
242,2,3.8469369888305662,1.7120246,0.36027586,-1.0336918,-1.477785,-0.65256685,-1.679191,1.249456,-1.7769096,0.3641452,-0.08485122,0.37762195,-0.67612773,-0.071427256,-0.5685095,-0.72556704,0.047216564,-0.29148665,3.607545,2.6158645,0.545265
242,3,3.8469369888305662,0.9193951,1.3159405,-1.0184023,0.27823275,-1.3542767,-1.1600715,3.5270736,-0.5141389,-1.8381513,-1.6650105,0.5753255,-0.21140085,-0.19323534,2.611944,6.0385604,-2.520916,-1.2911396,-1.3160384,-1.3908125,-0.77259123
242,4,3.8469369888305662,1.9342661,-0.78388375,-2.2853913,-2.1655548,0.068636395,-0.56032723,0.038623318,-0.1449811,-1.8274304,-0.3665833,1.4838617,0.007954762,-1.6702409,-0.07363728,-1.5780543,3.6528394,2.20719,0.16321167,0.2691059,1.8131708
243,0,3.0507421016693117,0.80872446,-1.2877419,-1.2109005,0.81696004,-1.431806,-2.0416474,-0.1726066,-0.14845671,1.0900855,-2.5892484,0.5087446,-0.033969294,-0.22181769,-0.1669833,0.65871555,-0.2384669,1.2021128,-0.10833591,1.935201,-0.121961474
243,1,3.0507421016693117,-0.591758,-0.55266887,1.3469371,0.6405206,-2.1214244,2.1472359,-1.3610514,0.30169156,-1.083659,-0.77181464,1.0509869,0.302792,0.9673351,-0.89802325,1.9072275,1.74865,-0.9517551,0.237819,-0.58264697,-3.0804877
243,2,3.0507421016693117,-0.79665834,0.73133093,-2.0835543,0.4962876,3.9423637,-1.0517081,-0.9803768,1.3991765,-1.3994684,1.7353388,1.5112537,-2.512155,-2.8059287,-1.4015296,-2.0219991,-1.7868099,-0.84694016,-2.1779044,4.3403687,2.7697592
243,3,3.0507421016693117,-2.4831495,1.2150637,-0.740572,-1.003431,0.8262944,-2.0884106,1.6792417,-1.0887483,1.5928622,1.2388409,0.81153727,0.78301775,-3.6548777,1.8980585,3.5410511,-2.2570326,-0.55707186,-0.24141927,-1.1257199,-1.0876101
243,4,3.0507421016693117,-1.7464651,-0.9245271,-0.067194514,-0.9522592,1.0248063,0.91875213,1.260449,1.2882826,-1.2027221,-1.1242099,2.768628,-1.019126,-1.1472629,-0.2672784,2.3170514,-0.3337857,-0.9008065,-1.7065709,0.69140357,0.47704592
244,0,3.4353875160217284,-1.8982074,-0.6606259,-0.29757616,-1.0582045,0.91802084,0.8075714,-0.4050672,-1.4257892,-0.16254185,0.24555825,0.7806164,-1.140715,0.708597,0.571046,-2.998329,1.9762088,2.5504394,2.3010592,0.22990358,-0.865741
244,1,3.4353875160217284,-1.5513189,-0.007871677,-0.33453688,-0.29442796,2.1277328,0.18866138,-1.0236056,-0.44511002,2.079015,2.6529636,1.2787583,2.0641785,-1.3948284,0.17385504,-0.97372544,-0.045776907,-1.179116,-3.6990411,0.60165817,-0.3102441
244,2,3.4353875160217284,-3.5218284,-0.5962236,2.0417726,0.9672638,0.8227504,-1.4886141,-0.6040229,-3.1309671,2.041581,0.95216554,0.29353148,-1.077258,0.4523548,0.6896077,-0.93283004,5.2450123,-1.4113895,-2.1919107,1.1903353,-0.8940482
244,3,3.4353875160217284,-0.5016397,1.0449467,-0.9870134,2.6002278,-1.9367257,0.45073125,0.71514463,-1.0110352,1.4193237,-2.4607816,0.6642783,-1.5069274,1.8319757,-0.9140005,3.271794,0.5676897,1.8558223,-2.8381476,0.08300461,-0.8644872
244,4,3.4353875160217284,2.4880955,1.3852652,1.5437578,0.01575042,0.1431442,1.1752281,0.1265285,1.068494,-0.618907,-1.4909424,1.6565975,1.7052703,-3.6990247,-2.0458257,3.659053,-0.595351,-1.3262836,0.7116027,-0.7062182,-1.56465
245,0,3.397184371948242,-2.1913702,0.30522695,1.4453837,2.9152668,-0.2360779,2.3460102,-0.018467877,0.08711893,-2.019457,-0.23236898,-1.0336143,-1.2630885,-1.0323191,0.40809032,1.1343237,0.7584055,-0.12215077,-2.759153,-1.1206512,-1.1029042
245,1,3.397184371948242,2.4021697,2.0345705,1.1346694,-0.27201205,-1.0892422,0.47578618,-0.9920597,-0.62876105,-3.0384476,-1.4258828,0.5047111,-0.013181072,-1.4515156,0.003440976,-0.3842219,0.17987654,-3.159997,-0.34968793,-1.0971031,2.8740716
245,2,3.397184371948242,0.45579,-1.1726774,0.89478844,-0.41508394,-2.0661857,0.37152448,-0.73181885,-0.2093276,1.4746664,0.38379413,-1.2788483,1.449178,-1.2784615,0.5730048,2.2696688,0.33748317,-1.8486335,0.71886706,-0.6108011,-1.7494453
245,3,3.397184371948242,-0.35839075,0.011072449,-2.0619678,-2.4629636,2.7018979,-2.1510367,-0.55661017,-2.40916,5.4492416,-1.6211634,0.52321017,0.1449164,4.829379,1.9454948,-0.4575668,-3.0672202,0.6810761,-2.333117,0.17103279,-0.13396063
245,4,3.397184371948242,-0.9014536,-0.9572571,-2.7148988,-0.77774644,-0.24652919,0.2305166,-0.05395143,-0.8226929,0.03536757,-0.35767475,-1.0106683,1.6842531,0.15636137,1.5814514,0.094364375,2.8883238,0.011678576,1.8074017,0.7207507,-1.541614
246,0,2.9673766136169433,2.654452,-1.3178161,-1.6428839,-2.3401928,0.03324213,2.2007864,-2.029511,2.4703274,-1.3876163,-2.0846405,-0.41993526,-0.006287852,2.3813097,-1.8769828,-0.51191145,0.985731,-0.13766319,0.564995,0.45853415,-1.2366431
246,1,2.9673766136169433,1.9936872,0.07070777,-1.0996176,0.37352988,-0.056450862,-2.5298915,0.8360126,2.0075681,-0.7110884,0.61002046,0.2239048,-1.2288842,-2.813273,-0.45902872,0.007949853,-1.85081,0.28362647,2.3991318,-0.2834733,0.19201055
246,2,2.9673766136169433,-1.118096,-0.19019035,-0.41519073,1.4332348,0.39950177,0.7866858,-0.95327914,-3.0566573,-0.47114944,0.8043465,-0.8977699,-0.046112567,-2.5604103,-0.45516348,0.8687234,1.3639814,0.46563867,-1.0985901,0.117340505,2.5344174
246,3,2.9673766136169433,-0.8456567,-1.2539297,-1.2444718,-0.3688213,1.0457876,-1.152245,0.20354864,2.0486472,1.6835325,3.6018324,-0.4718523,0.0800404,-3.2967126,-1.4026798,-0.43410072,-2.3390048,-0.6842085,3.6448462,0.6781912,-1.909211
246,4,2.9673766136169433,2.8402414,0.0060166977,-0.6900857,1.4562376,1.0860779,-0.4441209,0.3175642,-0.2951841,-1.9523506,-2.4915025,-0.36840376,-0.6525278,3.0747342,0.5643682,0.7662845,-0.026444321,-1.969161,-0.55128986,-0.2963587,-0.77784157
247,0,3.2603211641311645,0.68477654,0.25243,-2.487892,0.62920034,2.376753,-1.3713307,0.41549724,0.6510626,-1.4556564,1.0635884,2.5155373,0.6577178,-0.16925427,-0.18294334,-3.7675495,-0.8289705,-2.1627045,-0.52013886,2.4615726,1.5861992
247,1,3.2603211641311645,3.5126429,-0.02213597,-1.6055502,-1.2978163,-0.15282173,-0.9392053,-1.1684021,-1.785724,0.5895665,-2.2723725,0.16966796,2.3770845,-0.5644813,0.57227194,2.5465114,0.9691092,-0.2992972,-0.25587553,-1.0185174,-1.6424828
247,2,3.2603211641311645,-0.65730566,-0.27862275,-0.02821892,-2.0983288,-0.6162581,-0.8232076,0.2467636,1.8660476,-2.5184507,-1.0984242,0.6775138,1.513413,1.1048398,-1.3209983,1.1739538,0.4042619,-0.6123752,0.89086026,1.1422696,3.0417857
247,3,3.2603211641311645,-1.4089086,-1.1179546,-0.84825194,-1.2088832,-0.6317635,3.9924948,1.324704,-1.164488,0.5508046,-0.3861197,0.9443685,-1.1947453,0.61150616,-0.45248857,-1.3413249,5.1953616,-0.09114296,-1.0647529,-0.9699802,-1.6500223
247,4,3.2603211641311645,-2.3603384,0.516469,-0.37989593,-0.7514774,-0.8254263,1.1493934,1.9659607,0.47237766,-0.5216044,0.83265984,-0.2461916,-1.9849566,-0.0442734,0.046289746,1.060676,1.7397637,-1.5508811,-0.4188643,0.16251034,0.5734555
248,0,3.5591742038726806,0.9022955,-0.44110805,-0.615101,0.8616574,1.0293767,1.4546688,-0.6244122,1.9614795,-3.2828774,1.131643,0.048945513,-1.4358388,0.1768905,-0.6137927,0.84133476,-1.3973454,-1.2604434,-0.40280935,-0.09837408,-1.6309884
248,1,3.5591742038726806,-1.1765313,-0.67709434,-1.4440895,-0.81773543,2.628606,0.11584377,-0.75197905,0.21860188,0.7593273,0.14763251,-1.4909487,-2.1536498,-0.95843554,-2.7567172,-3.3061805,5.0220513,1.010588,-0.7478458,0.2749253,-0.71448183
248,2,3.5591742038726806,-0.52029413,0.4444535,-1.1103026,-0.24449907,-1.1810998,1.621179,-2.1536152,-0.76599246,0.6998042,-0.5412635,2.186937,-0.14552684,0.24701586,-1.6325111,1.5873985,1.970309,-2.0119286,-3.0705104,-0.15447146,0.25804892
248,3,3.5591742038726806,0.8500443,-0.20819005,-0.3827894,-1.038682,-0.80947477,0.49279097,-0.08456651,-0.31807473,0.06136714,-0.2251293,-0.08175432,-0.7011197,-2.1837,-0.71063924,-1.9681537,2.9567153,-1.9929128,1.5844047,-0.39606935,-0.116281
248,4,3.5591742038726806,-2.4742372,0.046731733,-2.2471445,-2.7340264,2.2299502,4.3618064,-1.2879231,-0.00024207578,-1.1580184,0.27834627,-0.23793516,0.18371962,0.42156836,0.6976897,-3.395481,0.86486965,-1.2433279,-2.7215111,2.601216,-0.3216856
249,0,2.7626272678375243,1.3831751,1.6826788,3.1888187,-0.6198371,-0.3411758,-1.5477879,-0.8191031,-1.2340912,2.3905656,-0.69435716,-0.89496374,0.013342709,-0.6407314,-1.0114104,0.35361892,-2.098183,-0.66799957,-0.750551,-0.68970144,0.28871563
249,1,2.7626272678375243,0.24453951,-1.3740764,-1.9256508,0.4375424,-1.0005244,-1.4856619,-1.8011822,1.0870914,1.016261,0.09698983,-0.2768051,-0.22338912,-0.41436458,-1.5711815,1.0192633,0.8864267,0.10638867,1.0537995,-0.870325,-0.77937835
249,2,2.7626272678375243,-1.6364733,0.5226451,-1.9911445,0.37772968,2.4907815,0.31817204,-1.0169444,2.2720702,0.21166663,-0.66888934,2.2366812,-2.6410294,-2.5512483,-0.7154503,-0.59094113,-1.895768,-2.7995512,2.2468593,-0.7364498,1.9293511
249,3,2.7626272678375243,0.28761536,0.7112287,-2.3151476,-1.7083625,-0.86156225,-1.7799956,0.25439206,1.7154789,2.7442043,0.15307036,-1.7782816,0.04109913,-1.1726916,1.8928218,3.3158374,-2.1811287,-0.19819133,-1.4599546,0.22976474,-1.435169
249,4,2.7626272678375243,-1.822926,0.9827542,-1.0393754,0.107431866,0.93548644,-0.67159534,0.014646971,-0.22943173,-1.0436951,2.0527098,2.8265994,-1.6443142,-3.1450133,1.4177978,2.325164,-1.2552567,-2.1649425,-0.7864846,1.2408419,0.48556724
250,0,3.2036705493927,-1.6846671,-1.0844305,-1.6383325,0.23752151,0.25696638,-0.5629694,-1.971891,-0.26833057,-1.9397538,0.11543718,0.0014424681,1.380217,-2.054062,0.15102187,0.44036022,2.0500822,2.058172,1.2593315,1.3133069,1.5497475
250,1,3.2036705493927,0.8896916,0.92647797,-0.15205815,-1.719908,-0.8640334,-3.2903247,-1.4709733,3.7592258,-1.5523614,-3.4061942,-0.67538106,0.16145098,-1.838683,0.4133355,1.5524616,-0.5529281,-2.5144863,2.593639,2.2048357,0.93354017
250,2,3.2036705493927,-3.2162726,-1.2208489,-1.1418512,0.6301169,-1.6666106,0.26582366,1.7401843,-3.111684,-1.733204,1.5566262,0.7667215,2.0374177,-0.7594821,2.797827,1.6303477,1.596511,0.27452198,-0.14033002,-0.07685787,0.06557932
250,3,3.2036705493927,-1.9529994,0.5289545,-0.61599505,-0.8042533,0.7785885,-1.1882873,0.39922762,0.1256314,-0.6095803,2.7913353,-0.2779801,-2.3095653,-1.3855525,-1.3015157,-0.8595319,-0.92336655,0.2753411,3.3327584,0.2416953,1.6568984
250,4,3.2036705493927,-0.7392748,-1.1546614,-2.0817583,1.6066947,0.9655404,-0.07512528,-0.3638931,1.2071822,1.1689215,-0.5835908,-1.4672319,-1.1773703,-1.2724555,0.25576335,-2.1279633,3.4924705,-1.3513994,-0.3328197,-0.24368532,-0.48616308
251,0,3.0656177282333372,-1.9565037,-1.6706989,1.1911806,-0.49345282,-1.0875883,0.61320174,0.006076377,0.946203,0.7824675,2.3178606,-1.1018103,-1.8156224,-0.22477943,-0.7095317,0.0029994943,1.9090205,-2.906297,-0.8674547,-1.3611808,-0.987923
251,1,3.0656177282333372,3.5874069,-1.0978751,-2.0619457,-1.7999656,-1.4710878,-0.058917798,-0.0016077723,-1.4590234,0.92097473,-2.4718325,0.9909768,0.67858815,1.3603053,0.37720963,-1.2007741,0.40303826,-1.746188,0.7203017,0.754541,-1.5718851
251,2,3.0656177282333372,0.5539729,-1.5738986,1.3929777,0.19999604,-1.138261,-0.43380776,-0.16603325,0.6720413,1.6328893,-0.38140166,0.40432316,-0.1959898,-2.098936,-0.7771189,1.2137204,-1.3616594,-0.27506348,0.9164653,-1.077466,-1.9474373
251,3,3.0656177282333372,-1.3849878,0.33783814,-0.49556676,0.28188333,4.2775254,-2.7323594,0.17794482,-1.1207284,-2.125925,2.3385956,0.61823326,-0.9996769,-2.4078555,1.112359,-0.3570628,-0.4457673,-1.3105865,-2.1700168,1.6289783,3.820795
251,4,3.0656177282333372,-0.8166504,-0.038820595,-2.6004736,-1.0801783,-1.3257174,-0.77520204,0.78249764,-1.198754,0.93371075,0.04112924,1.9874846,0.7445723,-3.1860495,1.6110424,-0.6751281,2.351016,-3.2771986,1.2002466,1.0827963,-1.0294642
252,0,3.4680013179779055,0.4736223,1.2809793,-0.37220123,0.88081175,-3.2374065,-0.26940462,-2.179141,-0.49078077,1.3236161,-1.9696274,-0.6732675,0.13436957,3.4498086,-0.3968399,1.9904039,2.037268,-0.5485925,-1.1692063,-1.7389754,-2.0931268
252,1,3.4680013179779055,0.34832284,2.2533972,2.332221,0.39220047,-2.0754158,1.515042,-1.2411168,-1.5485641,-2.3931773,-1.4762478,-0.2157281,0.433482,0.91989905,0.39141154,1.6942267,0.47199017,0.5332764,-0.5587968,0.11102465,-1.6156899
252,2,3.4680013179779055,-0.15040253,1.2711806,0.37737688,0.45418876,-2.9215245,-0.5645859,0.43749562,-1.5291862,2.060435,-2.0754862,-3.2390273,0.83848006,1.134212,0.74400234,-0.8715262,1.4790856,-0.5264758,-0.40739536,-0.41608298,-0.23011877
252,3,3.4680013179779055,0.5650748,-1.1133564,0.81726843,0.9195948,-2.0643866,-1.7090287,0.12780091,-1.8172148,0.27390164,-2.7973287,0.25398323,0.12387341,-0.50325465,0.091760315,2.1828966,4.1067023,4.854885,-1.490905,-0.8800519,-1.5885086
252,4,3.4680013179779055,-1.0274348,4.249923,1.2017286,0.886496,-1.5367335,-2.456342,0.10605804,-0.53556216,0.33833313,-0.10506629,-1.0824646,0.1885283,1.9153372,0.063009165,-1.2582304,-2.440833,2.1783965,-1.0155544,-0.668295,0.22161125
253,0,2.998045015335083,1.9155183,0.73525876,3.6750236,1.4312463,-2.2953253,-0.013864805,-2.5431564,-1.9068382,-1.1840277,-1.3049034,-1.8395469,0.31247953,1.178325,1.0967922,0.894895,-0.1357153,-0.8076253,-0.1685073,-1.4368794,-2.3477397
253,1,2.998045015335083,0.19934982,0.36922827,1.7584522,-0.4913192,-3.53495,2.444785,-2.4748223,-1.2060835,-1.1761435,-3.5483205,-2.1638036,1.777876,2.1715817,2.0908515,1.1230311,1.4988216,-0.58837724,0.1349657,-1.3869894,-1.8916839
253,2,2.998045015335083,-0.9436702,0.72451663,0.69016165,0.31662712,-2.9717486,-0.8610441,-0.9463343,1.4405531,-1.1449988,-1.7912787,-3.0207434,-0.04044468,0.37057108,3.3854492,0.9840584,1.0918738,0.48641422,-2.491118,-1.4355289,-0.7119356
253,3,2.998045015335083,1.7445608,1.4991992,1.0649015,-0.2855442,-1.7251172,-1.2734809,0.56910956,-2.1429155,-0.229518,-1.8585002,-1.2908072,0.10768196,1.4981483,1.1678333,0.7817912,1.6382535,2.3452637,-1.9296145,-0.3870853,-0.9718185
253,4,2.998045015335083,-0.75174505,-0.63050973,-2.0819824,0.6090009,-1.1387016,-0.5312849,2.2576745,0.72235096,0.28819126,2.2673774,-0.9551896,-0.04629528,-1.6066557,0.75615585,0.19500184,-0.34788883,2.1595705,-2.0560665,0.44354418,-0.8146481
254,0,3.2249176025390627,0.5928131,-1.7774636,-1.3157811,-0.24345748,-0.20119324,0.8841264,-1.0947227,0.4043589,3.294751,-0.2983683,-2.4502456,-0.53656065,2.077984,-0.71247554,-1.913443,2.5386505,0.81041026,-0.54099876,-1.5960295,-1.3978179
254,1,3.2249176025390627,0.08378546,-1.3690557,0.8563008,-1.5731115,-2.6942065,1.7543626,-0.2850113,-3.2051966,1.0358651,-0.3023237,0.16027504,1.9953882,-0.29759538,2.7503548,1.149253,1.0229954,-1.8138632,-2.7136314,-1.1393162,-0.4639547
254,2,3.2249176025390627,0.31128225,0.22630426,-1.4593611,2.2498834,-2.7787042,-0.860971,1.0461448,-1.0905356,1.7993999,-0.6536425,-2.220995,-1.4842591,1.4961941,-0.4724261,2.8834412,0.37978357,-0.46797246,-0.35139972,-1.8974093,-0.6000057
254,3,3.2249176025390627,-0.4602648,0.004215644,-3.0365605,-1.2234558,4.05605,-2.5604455,-1.902627,3.1468093,-0.4406177,3.796993,-1.2354612,-1.6096599,-1.8150002,0.20842902,-1.8281581,-1.1688204,-1.1464368,0.51960826,0.770699,3.916293
254,4,3.2249176025390627,0.73623997,0.6577875,0.6772083,0.56220824,-1.4974238,-1.4288602,-0.6709749,-2.0983748,0.5003293,-1.3309854,0.04278107,-0.8003638,-1.686352,2.1928556,2.2258654,-0.6951536,-0.89790875,-0.6590285,0.34307542,0.022365214
255,0,3.155998373031616,0.50027,-0.58108646,2.7763324,-2.3923452,-0.23209746,0.86634064,0.3730278,-1.7911979,1.5483302,-1.664894,-1.2763147,-0.09038223,0.92028284,-0.58052456,0.16672058,0.3843448,1.6929476,-0.37331104,-0.356676,0.098772675
255,1,3.155998373031616,-0.17660733,-1.996172,-0.336219,1.4165586,-1.3058658,2.4671853,-1.8702395,0.9756637,-1.5172808,-0.50005555,0.10916486,-0.15199517,1.6075602,-0.3674553,-0.8803488,2.3983076,0.9446797,-1.1967404,-0.8070664,-1.242175
255,2,3.155998373031616,-0.8903977,0.47581863,0.2006343,0.1048315,2.5030844,-1.9369268,-0.6999726,3.1902263,-1.0423859,0.9838814,0.61084855,-2.3637717,-2.5960217,-0.75029516,-2.0513816,-2.6419637,-1.4266158,-0.12507176,3.115289,4.069012
255,3,3.155998373031616,-0.45824954,-0.17146026,-1.500047,-0.28432617,-1.5540805,-1.815926,1.4309089,-0.8303476,2.7954762,-0.534659,-0.9483283,1.8912619,1.3664575,1.2073991,4.168782,-0.8988702,-1.0888466,-0.5661847,-0.063120164,-2.1236472
255,4,3.155998373031616,1.5046173,1.9458226,-1.0850523,-1.3871047,0.7608651,-0.5795981,-0.49547628,1.9224089,-1.3224161,1.2870163,2.109373,-0.6190671,0.02825245,0.21110444,0.42607805,-1.666165,-2.14497,0.47894785,-0.74087274,-0.7303543
