********  (C) Copyright Rosetta Commons Member Institutions.  ***************
* Use of Rosetta for commercial purposes may require purchase of a license. *
********  See LICENSE.md or email license@uw.edu for more details. **********
core.init: (0) Checking for fconfig files in pwd and ./rosetta/flags 
core.init: (0) Rosetta version: rosetta.source.release-408 r408 2025.37+release.df75a9c df75a9c48e763e52a7aa3f5dfba077f4da88dbf5 https://www.rosettacommons.org 2025-09-09T20:16:19.418486
core.init: (0) Rosetta extras: [mpi]
core.init: (0) command: /tigress/MOLBIO/local/src/rosetta.source.release-408/main/source/bin/rosetta_scripts -s /scratch/gpfs/KAIYIJIANG/zijie/work/immune-design/tetramer_gate/reference_metrics/1R51/rosetta/alanine_scan/00_AB/input_dimer.pdb -parser:protocol /scratch/gpfs/KAIYIJIANG/zijie/work/immune-design/tetramer_gate/reference_metrics/1R51/rosetta/alanine_scan/00_AB/ddg_scan.xml -nstruct 1 -jd2:no_output true -constant_seed -jran 1729 -ignore_unrecognized_res true -overwrite -out:file:score_only /scratch/gpfs/KAIYIJIANG/zijie/work/immune-design/tetramer_gate/reference_metrics/1R51/rosetta/alanine_scan/00_AB/ddg_scan.sc
basic.random.init_random_generator: (0) Constant seed mode, seed=1729 seed_offset=0 real_seed=1729
basic.random.init_random_generator: (0) RandomGenerator:init: Normal mode, seed=1729 RG_type=mt19937
core.init: (0) Resolved executable path: /projects/MOLBIO/local/src/rosetta.source.release-408/main/source/build/src/release/linux/5.14/64/x86/gcc/14/mpi/rosetta_scripts.mpi.linuxgccrelease
core.init: (0) Looking for database based on location of executable: /projects/MOLBIO/local/src/rosetta.source.release-408/main/database/
protocols.jd2.PDBJobInputter: (0) Instantiate PDBJobInputter
protocols.jd2.PDBJobInputter: (0) PDBJobInputter::fill_jobs
protocols.jd2.PDBJobInputter: (0) pushed /scratch/gpfs/KAIYIJIANG/zijie/work/immune-design/tetramer_gate/reference_metrics/1R51/rosetta/alanine_scan/00_AB/input_dimer.pdb nstruct index 1
protocols.evaluation.ChiWellRmsdEvaluatorCreator: (0) Evaluation Creator active ... 
protocols.jd2.PDBJobInputter: (0) PDBJobInputter::pose_from_job
protocols.jd2.PDBJobInputter: (0) filling pose from PDB /scratch/gpfs/KAIYIJIANG/zijie/work/immune-design/tetramer_gate/reference_metrics/1R51/rosetta/alanine_scan/00_AB/input_dimer.pdb
core.chemical.GlobalResidueTypeSet: (0) Finished initializing fa_standard residue type set.  Created 985 residue types
core.chemical.GlobalResidueTypeSet: (0) Total time to initialize 0.547666 seconds.
core.import_pose.import_pose: (0) File '/scratch/gpfs/KAIYIJIANG/zijie/work/immune-design/tetramer_gate/reference_metrics/1R51/rosetta/alanine_scan/00_AB/input_dimer.pdb' automatically determined to be of type PDB from contents.
core.conformation.Conformation: (0) [ WARNING ] missing heavyatom:  OXT on residue SER:CtermProteinFull 295
core.conformation.Conformation: (0) [ WARNING ] missing heavyatom:  OXT on residue SER:CtermProteinFull 590
protocols.rosetta_scripts.RosettaScriptsParser: (0) dock_design_filename=/scratch/gpfs/KAIYIJIANG/zijie/work/immune-design/tetramer_gate/reference_metrics/1R51/rosetta/alanine_scan/00_AB/ddg_scan.xml
protocols.rosetta_scripts.RosettaScriptsParser: (0) Validating input script...
protocols.rosetta_scripts.RosettaScriptsSchemaValidator: (0) Generating XML Schema for rosetta_scripts...
protocols.rosetta_scripts.RosettaScriptsSchemaValidator: (0) ...done
protocols.rosetta_scripts.RosettaScriptsSchemaValidator: (0) Initializing schema validator...
protocols.rosetta_scripts.RosettaScriptsSchemaValidator: (0) ...done
protocols.rosetta_scripts.RosettaScriptsParser: (0) ...done
protocols.rosetta_scripts.RosettaScriptsParser: (0) Parsed script:
<ROSETTASCRIPTS>
	<SCOREFXNS>
		<ScoreFunction name="scan_score" weights="ref2015"/>
	</SCOREFXNS>
	<TASKOPERATIONS>
		<ReadResfile filename="/scratch/gpfs/KAIYIJIANG/zijie/work/immune-design/tetramer_gate/reference_metrics/1R51/rosetta/alanine_scan/00_AB/scan.resfile" name="scan_positions"/>
	</TASKOPERATIONS>
	<MOVERS>
		<ddG chain_num="2" name="binding_dg" relax_bound="false" relax_unbound="false" repack_bound="false" repack_unbound="false" scorefxn="scan_score"/>
	</MOVERS>
	<FILTERS>
		<DdGScan ddG_mover="binding_dg" name="alanine_scan" repeats="1" report_diffs="1" scorefxn="scan_score" task_operations="scan_positions" write2pdb="0"/>
	</FILTERS>
	<PROTOCOLS>
		<Add filter_name="alanine_scan"/>
	</PROTOCOLS>
	<OUTPUT scorefxn="scan_score"/>
</ROSETTASCRIPTS>
core.scoring.ScoreFunctionFactory: (0) SCOREFUNCTION: ref2015
core.scoring.etable: (0) Starting energy table calculation
core.scoring.etable: (0) smooth_etable: changing atr/rep split to bottom of energy well
core.scoring.etable: (0) smooth_etable: spline smoothing lj etables (maxdis = 6)
core.scoring.etable: (0) smooth_etable: spline smoothing solvation etables (max_dis = 6)
core.scoring.etable: (0) Finished calculating energy tables.
basic.io.database: (0) Database file opened: scoring/score_functions/hbonds/ref2015_params/HBPoly1D.csv
basic.io.database: (0) Database file opened: scoring/score_functions/hbonds/ref2015_params/HBFadeIntervals.csv
basic.io.database: (0) Database file opened: scoring/score_functions/hbonds/ref2015_params/HBEval.csv
basic.io.database: (0) Database file opened: scoring/score_functions/hbonds/ref2015_params/DonStrength.csv
basic.io.database: (0) Database file opened: scoring/score_functions/hbonds/ref2015_params/AccStrength.csv
basic.io.database: (0) Database file opened: scoring/score_functions/rama/fd/all.ramaProb
basic.io.database: (0) Database file opened: scoring/score_functions/rama/fd/prepro.ramaProb
basic.io.database: (0) Database file opened: scoring/score_functions/omega/omega_ppdep.all.txt
basic.io.database: (0) Database file opened: scoring/score_functions/omega/omega_ppdep.gly.txt
basic.io.database: (0) Database file opened: scoring/score_functions/omega/omega_ppdep.pro.txt
basic.io.database: (0) Database file opened: scoring/score_functions/omega/omega_ppdep.valile.txt
basic.io.database: (0) Database file opened: scoring/score_functions/P_AA_pp/P_AA
basic.io.database: (0) Database file opened: scoring/score_functions/P_AA_pp/P_AA_n
core.scoring.P_AA: (0) shapovalov_lib::shap_p_aa_pp_smooth_level of 1( aka low_smooth ) got activated.
basic.io.database: (0) Database file opened: scoring/score_functions/P_AA_pp/shapovalov/10deg/kappa131/a20.prop
core.scoring.etable: (0) Starting energy table calculation
core.scoring.etable: (0) smooth_etable: changing atr/rep split to bottom of energy well
core.scoring.etable: (0) smooth_etable: spline smoothing lj etables (maxdis = 6)
core.scoring.etable: (0) smooth_etable: spline smoothing solvation etables (max_dis = 6)
core.scoring.etable: (0) Finished calculating energy tables.
basic.io.database: (0) Database file opened: scoring/score_functions/PairEPotential/pdb_pair_stats_fine
basic.io.database: (0) Database file opened: scoring/score_functions/InterchainPotential/interchain_env_log.txt
basic.io.database: (0) Database file opened: scoring/score_functions/InterchainPotential/interchain_pair_log.txt
basic.io.database: (0) Database file opened: scoring/score_functions/EnvPairPotential/env_log.txt
basic.io.database: (0) Database file opened: scoring/score_functions/EnvPairPotential/cbeta_den.txt
basic.io.database: (0) Database file opened: scoring/score_functions/EnvPairPotential/pair_log.txt
basic.io.database: (0) Database file opened: scoring/score_functions/EnvPairPotential/cenpack_log.txt
core.scoring.ramachandran: (0) shapovalov_lib::shap_rama_smooth_level of 4( aka highest_smooth ) got activated.
basic.io.database: (0) Database file opened: scoring/score_functions/rama/shapovalov/kappa25/all.ramaProb
protocols.jd2.parser.ScoreFunctionLoader: (0) defined score function "scan_score" with weights "ref2015"
protocols.jd2.parser.TaskOperationLoader: (0) Defined TaskOperation named "scan_positions" of type ReadResfile
protocols.rosetta_scripts.RosettaScriptsParser: (0) Defined mover named "binding_dg" of type ddG
core.pack.task.xml_util: (0) Object alanine_scan reading the following task_operations: Adding the following task operations
scan_positions 
protocols.rosetta_scripts.RosettaScriptsParser: (0) Defined filter named "alanine_scan" of type DdGScan
protocols.rosetta_scripts.ParsedProtocol: (0) ParsedProtocol mover with the following settings
protocols.rosetta_scripts.ParsedProtocol: (0) Added filter "alanine_scan"
protocols.jd2.PDBJobInputter: (0) PDBJobInputter::pose_from_job
protocols.jd2.PDBJobInputter: (0) filling pose from saved copy /scratch/gpfs/KAIYIJIANG/zijie/work/immune-design/tetramer_gate/reference_metrics/1R51/rosetta/alanine_scan/00_AB/input_dimer.pdb
protocols.rosetta_scripts.ParsedProtocol: (0) =======================BEGIN FILTER alanine_scan=======================
protocols.rosetta_scripts.ParsedProtocol: (0) =======================END FILTER alanine_scan=======================
protocols.rosetta_scripts.ParsedProtocol: (0) setting status to success
protocols.rosetta_scripts.ParsedProtocol: (0) Set filter value for alanine_scan to: -99999
protocols.rosetta_scripts.ParsedProtocol.REPORT: (0) ============Begin report for alanine_scan==================
core.pack.task: (0) Packer task: initialize from command line() 
basic.io.database: (0) Database file opened: scoring/score_functions/elec_cp_reps.dat
core.scoring.elec.util: (0) Read 40 countpair representative atoms
core.pack.dunbrack.RotamerLibrary: (0) shapovalov_lib_fixes_enable option is true.
core.pack.dunbrack.RotamerLibrary: (0) shapovalov_lib::shap_dun10_smooth_level of 1( aka lowest_smooth ) got activated.
core.pack.dunbrack.RotamerLibrary: (0) Binary rotamer library selected: /projects/MOLBIO/local/src/rosetta.source.release-408/main/database/rotamer/shapovalov/StpDwn_0-0-0/Dunbrack10.lib.bin
core.pack.dunbrack.RotamerLibrary: (0) Using Dunbrack library binary file '/projects/MOLBIO/local/src/rosetta.source.release-408/main/database/rotamer/shapovalov/StpDwn_0-0-0/Dunbrack10.lib.bin'.
core.pack.dunbrack.RotamerLibrary: (0) Dunbrack 2010 library took 0.084963 seconds to load from binary
core.pack.pack_rotamers: (0) built 0 rotamers at 0 positions.
core.pack.interaction_graph.interaction_graph_factory: (0) Instantiating DensePDInteractionGraph
basic.thread_manager.RosettaThreadManager: (0) [ WARNING ] A work vector of size zero was passed to the RosettaThreadManager!  Duly returning without doing anything.
protocols.simple_filters.DdGScan: (0) 
-------------------------------------------------------------------
 Scores                       Bound      Unbound      Wghtd.Delta
-------------------------------------------------------------------
 fa_atr                   -3307.815    -3087.674     -220.140
 fa_rep                     671.684      638.846       32.839
 fa_sol                    2192.593     2058.669      133.924
 fa_intra_rep                 8.353        8.353        0.000
 fa_intra_sol_xover4        131.759      131.759        0.000
 lk_ball_wtd                -57.277      -61.911        4.634
 fa_elec                   -911.803     -842.708      -69.096
 hbond_sr_bb               -139.013     -139.013        0.000
 hbond_lr_bb               -218.459     -194.262      -24.197
 hbond_bb_sc                -88.874      -82.601       -6.273
 hbond_sc                   -79.804      -72.745       -7.059
 omega                       84.752       84.752        0.000
 fa_dun                    1576.900     1576.900        0.000
 p_aa_pp                    -96.497      -96.497        0.000
 ref                        177.003      177.003        0.000
 rama_prepro                 30.879       30.879        0.000
 total                      -25.619      129.750
-------------------------------------------------------------------
Sum ddg: -155.368
protocols.simple_filters.DdGScan: (0) input_dimer_0001 wild-type binding ddG  = -155.368
core.pack.task: (0) Packer task: initialize from command line() 
core.pack.pack_rotamers: (0) built 1 rotamers at 1 positions.
core.pack.interaction_graph.interaction_graph_factory: (0) Instantiating PDInteractionGraph
protocols.simple_filters.DdGScan: (0) 
-------------------------------------------------------------------
 Scores                       Bound      Unbound      Wghtd.Delta
-------------------------------------------------------------------
 fa_atr                   -3307.058    -3087.663     -219.395
 fa_rep                     667.033      638.836       28.198
 fa_sol                    2188.356     2058.468      129.888
 fa_intra_rep                 8.347        8.347        0.000
 fa_intra_sol_xover4        131.709      131.709        0.000
 lk_ball_wtd                -57.270      -61.904        4.635
 fa_elec                   -911.981     -842.738      -69.243
 hbond_sr_bb               -139.013     -139.013        0.000
 hbond_lr_bb               -218.459     -194.262      -24.197
 hbond_bb_sc                -88.874      -82.601       -6.273
 hbond_sc                   -79.804      -72.745       -7.059
 omega                       84.752       84.752        0.000
 fa_dun                    1567.169     1567.169        0.000
 p_aa_pp                    -96.497      -96.497        0.000
 ref                        178.617      178.617        0.000
 rama_prepro                 30.879       30.879        0.000
 total                      -42.091      121.355
-------------------------------------------------------------------
Sum ddg: -163.446
protocols.simple_filters.DdGScan: (0) input_dimer_0001 DdGScan binding ddG for mutation SER1ALA = -163.446
protocols.rosetta_scripts.ParsedProtocol.REPORT: (0)  Residue A1SER->ALA :   -8.0781
core.pack.task: (0) Packer task: initialize from command line() 
core.pack.pack_rotamers: (0) built 1 rotamers at 1 positions.
core.pack.interaction_graph.interaction_graph_factory: (0) Instantiating DensePDInteractionGraph
protocols.simple_filters.DdGScan: (0) 
-------------------------------------------------------------------
 Scores                       Bound      Unbound      Wghtd.Delta
-------------------------------------------------------------------
 fa_atr                   -3307.815    -3087.674     -220.140
 fa_rep                     671.684      638.846       32.839
 fa_sol                    2192.593     2058.669      133.924
 fa_intra_rep                 8.353        8.353        0.000
 fa_intra_sol_xover4        131.759      131.759        0.000
 lk_ball_wtd                -57.277      -61.911        4.634
 fa_elec                   -911.803     -842.708      -69.096
 hbond_sr_bb               -139.013     -139.013        0.000
 hbond_lr_bb               -218.459     -194.262      -24.197
 hbond_bb_sc                -88.874      -82.601       -6.273
 hbond_sc                   -79.804      -72.745       -7.059
 omega                       84.752       84.752        0.000
 fa_dun                    1576.900     1576.900        0.000
 p_aa_pp                    -96.497      -96.497        0.000
 ref                        177.003      177.003        0.000
 rama_prepro                 30.879       30.879        0.000
 total                      -25.619      129.750
-------------------------------------------------------------------
Sum ddg: -155.368
protocols.simple_filters.DdGScan: (0) input_dimer_0001 DdGScan binding ddG for mutation ALA2ALA = -155.368
protocols.rosetta_scripts.ParsedProtocol.REPORT: (0)  Residue A2ALA->ALA :    0.0000
core.pack.task: (0) Packer task: initialize from command line() 
core.pack.pack_rotamers: (0) built 1 rotamers at 1 positions.
core.pack.interaction_graph.interaction_graph_factory: (0) Instantiating PDInteractionGraph
protocols.simple_filters.DdGScan: (0) 
-------------------------------------------------------------------
 Scores                       Bound      Unbound      Wghtd.Delta
-------------------------------------------------------------------
 fa_atr                   -3302.696    -3084.234     -218.463
 fa_rep                     671.213      638.758       32.455
 fa_sol                    2193.972     2059.430      134.542
 fa_intra_rep                 8.337        8.337        0.000
 fa_intra_sol_xover4        131.710      131.710        0.000
 lk_ball_wtd                -57.080      -61.795        4.715
 fa_elec                   -911.787     -842.703      -69.083
 hbond_sr_bb               -139.013     -139.013        0.000
 hbond_lr_bb               -218.459     -194.262      -24.197
 hbond_bb_sc                -88.874      -82.601       -6.273
 hbond_sc                   -79.804      -72.745       -7.059
 omega                       84.757       84.757        0.000
 fa_dun                    1576.494     1576.494        0.000
 p_aa_pp                    -95.690      -95.690        0.000
 ref                        175.685      175.685        0.000
 rama_prepro                 31.521       31.521        0.000
 total                      -19.714      133.649
-------------------------------------------------------------------
Sum ddg: -153.363
protocols.simple_filters.DdGScan: (0) input_dimer_0001 DdGScan binding ddG for mutation VAL3ALA = -153.363
protocols.rosetta_scripts.ParsedProtocol.REPORT: (0)  Residue A3VAL->ALA :    2.0054
core.pack.task: (0) Packer task: initialize from command line() 
core.pack.pack_rotamers: (0) built 1 rotamers at 1 positions.
core.pack.interaction_graph.interaction_graph_factory: (0) Instantiating PDInteractionGraph
protocols.simple_filters.DdGScan: (0) 
-------------------------------------------------------------------
 Scores                       Bound      Unbound      Wghtd.Delta
-------------------------------------------------------------------
 fa_atr                   -3304.489    -3087.061     -217.428
 fa_rep                     671.308      638.845       32.463
 fa_sol                    2189.929     2058.009      131.920
 fa_intra_rep                 8.114        8.114        0.000
 fa_intra_sol_xover4        131.315      131.315        0.000
 lk_ball_wtd                -57.288      -61.832        4.545
 fa_elec                   -911.987     -842.632      -69.355
 hbond_sr_bb               -139.013     -139.013        0.000
 hbond_lr_bb               -218.459     -194.262      -24.197
 hbond_bb_sc                -88.874      -82.601       -6.273
 hbond_sc                   -79.804      -72.745       -7.059
 omega                       84.752       84.752        0.000
 fa_dun                    1563.960     1563.960        0.000
 p_aa_pp                    -95.962      -95.962        0.000
 ref                        179.042      179.042        0.000
 rama_prepro                 31.338       31.338        0.000
 total                      -36.116      119.269
-------------------------------------------------------------------
Sum ddg: -155.385
protocols.simple_filters.DdGScan: (0) input_dimer_0001 DdGScan binding ddG for mutation LYS4ALA = -155.385
protocols.rosetta_scripts.ParsedProtocol.REPORT: (0)  Residue A4LYS->ALA :   -0.0166
core.pack.task: (0) Packer task: initialize from command line() 
core.pack.pack_rotamers: (0) built 1 rotamers at 1 positions.
core.pack.interaction_graph.interaction_graph_factory: (0) Instantiating DensePDInteractionGraph
protocols.simple_filters.DdGScan: (0) 
-------------------------------------------------------------------
 Scores                       Bound      Unbound      Wghtd.Delta
-------------------------------------------------------------------
 fa_atr                   -3307.815    -3087.674     -220.140
 fa_rep                     671.684      638.846       32.839
 fa_sol                    2192.593     2058.669      133.924
 fa_intra_rep                 8.353        8.353        0.000
 fa_intra_sol_xover4        131.759      131.759        0.000
 lk_ball_wtd                -57.277      -61.911        4.634
 fa_elec                   -911.803     -842.708      -69.096
 hbond_sr_bb               -139.013     -139.013        0.000
 hbond_lr_bb               -218.459     -194.262      -24.197
 hbond_bb_sc                -88.874      -82.601       -6.273
 hbond_sc                   -79.804      -72.745       -7.059
 omega                       84.752       84.752        0.000
 fa_dun                    1576.900     1576.900        0.000
 p_aa_pp                    -96.497      -96.497        0.000
 ref                        177.003      177.003        0.000
 rama_prepro                 30.879       30.879        0.000
 total                      -25.619      129.750
-------------------------------------------------------------------
Sum ddg: -155.368
protocols.simple_filters.DdGScan: (0) input_dimer_0001 DdGScan binding ddG for mutation ALA5ALA = -155.368
protocols.rosetta_scripts.ParsedProtocol.REPORT: (0)  Residue A5ALA->ALA :    0.0000
core.pack.task: (0) Packer task: initialize from command line() 
core.pack.pack_rotamers: (0) built 1 rotamers at 1 positions.
core.pack.interaction_graph.interaction_graph_factory: (0) Instantiating DensePDInteractionGraph
protocols.simple_filters.DdGScan: (0) 
-------------------------------------------------------------------
 Scores                       Bound      Unbound      Wghtd.Delta
-------------------------------------------------------------------
 fa_atr                   -3307.815    -3087.674     -220.140
 fa_rep                     671.684      638.846       32.839
 fa_sol                    2192.593     2058.669      133.924
 fa_intra_rep                 8.353        8.353        0.000
 fa_intra_sol_xover4        131.759      131.759        0.000
 lk_ball_wtd                -57.277      -61.911        4.634
 fa_elec                   -911.803     -842.708      -69.096
 hbond_sr_bb               -139.013     -139.013        0.000
 hbond_lr_bb               -218.459     -194.262      -24.197
 hbond_bb_sc                -88.874      -82.601       -6.273
 hbond_sc                   -79.804      -72.745       -7.059
 omega                       84.752       84.752        0.000
 fa_dun                    1576.900     1576.900        0.000
 p_aa_pp                    -96.497      -96.497        0.000
 ref                        177.003      177.003        0.000
 rama_prepro                 30.879       30.879        0.000
 total                      -25.619      129.750
-------------------------------------------------------------------
Sum ddg: -155.368
protocols.simple_filters.DdGScan: (0) input_dimer_0001 DdGScan binding ddG for mutation ALA6ALA = -155.368
protocols.rosetta_scripts.ParsedProtocol.REPORT: (0)  Residue A6ALA->ALA :    0.0000
core.pack.task: (0) Packer task: initialize from command line() 
core.pack.pack_rotamers: (0) built 1 rotamers at 1 positions.
core.pack.interaction_graph.interaction_graph_factory: (0) Instantiating PDInteractionGraph
protocols.simple_filters.DdGScan: (0) 
-------------------------------------------------------------------
 Scores                       Bound      Unbound      Wghtd.Delta
-------------------------------------------------------------------
 fa_atr                   -3301.483    -3082.368     -219.115
 fa_rep                     671.077      638.396       32.681
 fa_sol                    2185.909     2052.496      133.413
 fa_intra_rep                 8.341        8.341        0.000
 fa_intra_sol_xover4        131.316      131.316        0.000
 lk_ball_wtd                -56.035      -60.675        4.640
 fa_elec                   -911.080     -841.734      -69.346
 hbond_sr_bb               -139.013     -139.013        0.000
 hbond_lr_bb               -218.459     -194.262      -24.197
 hbond_bb_sc                -88.874      -82.601       -6.273
 hbond_sc                   -79.804      -72.745       -7.059
 omega                       84.752       84.752        0.000
 fa_dun                    1574.140     1574.140        0.000
 p_aa_pp                    -96.923      -96.923        0.000
 ref                        178.422      178.422        0.000
 rama_prepro                 30.890       30.890        0.000
 total                      -26.824      128.433
-------------------------------------------------------------------
Sum ddg: -155.257
protocols.simple_filters.DdGScan: (0) input_dimer_0001 DdGScan binding ddG for mutation ARG7ALA = -155.257
protocols.rosetta_scripts.ParsedProtocol.REPORT: (0)  Residue A7ARG->ALA :    0.1113
core.pack.task: (0) Packer task: initialize from command line() 
core.pack.pack_rotamers: (0) built 1 rotamers at 1 positions.
core.pack.interaction_graph.interaction_graph_factory: (0) Instantiating PDInteractionGraph
protocols.simple_filters.DdGScan: (0) 
-------------------------------------------------------------------
 Scores                       Bound      Unbound      Wghtd.Delta
-------------------------------------------------------------------
 fa_atr                   -3298.484    -3079.284     -219.200
 fa_rep                     671.119      638.366       32.753
 fa_sol                    2188.740     2056.322      132.417
 fa_intra_rep                 8.326        8.326        0.000
 fa_intra_sol_xover4        131.209      131.209        0.000
 lk_ball_wtd                -57.417      -62.099        4.682
 fa_elec                   -909.899     -840.873      -69.026
 hbond_sr_bb               -139.013     -139.013        0.000
 hbond_lr_bb               -218.459     -194.262      -24.197
 hbond_bb_sc                -87.453      -81.181       -6.273
 hbond_sc                   -79.804      -72.745       -7.059
 omega                       84.752       84.752        0.000
 fa_dun                    1573.113     1573.113        0.000
 p_aa_pp                    -96.839      -96.839        0.000
 ref                        177.745      177.745        0.000
 rama_prepro                 30.936       30.936        0.000
 total                      -21.427      134.475
-------------------------------------------------------------------
Sum ddg: -155.902
protocols.simple_filters.DdGScan: (0) input_dimer_0001 DdGScan binding ddG for mutation TYR8ALA = -155.902
protocols.rosetta_scripts.ParsedProtocol.REPORT: (0)  Residue A8TYR->ALA :   -0.5341
core.pack.task: (0) Packer task: initialize from command line() 
core.pack.pack_rotamers: (0) built 1 rotamers at 1 positions.
core.pack.interaction_graph.interaction_graph_factory: (0) Instantiating PDInteractionGraph
protocols.simple_filters.DdGScan: (0) 
-------------------------------------------------------------------
 Scores                       Bound      Unbound      Wghtd.Delta
-------------------------------------------------------------------
 fa_atr                   -3311.722    -3091.534     -220.188
 fa_rep                     864.205      831.366       32.839
 fa_sol                    2190.833     2056.866      133.967
 fa_intra_rep                 8.354        8.354        0.000
 fa_intra_sol_xover4        131.759      131.759        0.000
 lk_ball_wtd                -57.141      -61.797        4.656
 fa_elec                   -911.930     -842.833      -69.097
 hbond_sr_bb               -139.013     -139.013        0.000
 hbond_lr_bb               -218.459     -194.262      -24.197
 hbond_bb_sc                -88.874      -82.601       -6.273
 hbond_sc                   -79.804      -72.745       -7.059
 omega                       84.971       84.971        0.000
 fa_dun                    1576.900     1576.900        0.000
 p_aa_pp                    -92.943      -92.943        0.000
 ref                        177.529      177.529        0.000
 rama_prepro                 35.557       35.557        0.000
 total                      170.224      325.576
-------------------------------------------------------------------
Sum ddg: -155.352
protocols.simple_filters.DdGScan: (0) input_dimer_0001 DdGScan binding ddG for mutation GLY9ALA = -155.352
protocols.rosetta_scripts.ParsedProtocol.REPORT: (0)  Residue A9GLY->ALA :    0.0164
core.pack.task: (0) Packer task: initialize from command line() 
core.pack.pack_rotamers: (0) built 1 rotamers at 1 positions.
core.pack.interaction_graph.interaction_graph_factory: (0) Instantiating PDInteractionGraph
protocols.simple_filters.DdGScan: (0) 
-------------------------------------------------------------------
 Scores                       Bound      Unbound      Wghtd.Delta
-------------------------------------------------------------------
 fa_atr                   -3297.114    -3081.831     -215.283
 fa_rep                     668.553      636.969       31.583
 fa_sol                    2179.505     2051.059      128.446
 fa_intra_rep                 8.342        8.342        0.000
 fa_intra_sol_xover4        131.583      131.583        0.000
 lk_ball_wtd                -57.741      -62.004        4.263
 fa_elec                   -914.013     -842.795      -71.219
 hbond_sr_bb               -139.013     -139.013        0.000
 hbond_lr_bb               -218.459     -194.262      -24.197
 hbond_bb_sc                -88.874      -82.601       -6.273
 hbond_sc                   -79.008      -71.949       -7.059
 omega                       84.752       84.752        0.000
 fa_dun                    1570.769     1570.769        0.000
 p_aa_pp                    -96.189      -96.189        0.000
 ref                        179.042      179.042        0.000
 rama_prepro                 31.644       31.644        0.000
 total                      -36.221      123.518
-------------------------------------------------------------------
Sum ddg: -159.739
protocols.simple_filters.DdGScan: (0) input_dimer_0001 DdGScan binding ddG for mutation LYS10ALA = -159.739
protocols.rosetta_scripts.ParsedProtocol.REPORT: (0)  Residue A10LYS->ALA :   -4.3704
core.pack.task: (0) Packer task: initialize from command line() 
core.pack.pack_rotamers: (0) built 1 rotamers at 1 positions.
core.pack.interaction_graph.interaction_graph_factory: (0) Instantiating PDInteractionGraph
protocols.simple_filters.DdGScan: (0) 
-------------------------------------------------------------------
 Scores                       Bound      Unbound      Wghtd.Delta
-------------------------------------------------------------------
 fa_atr                   -3305.093    -3085.562     -219.531
 fa_rep                     671.462      638.632       32.831
 fa_sol                    2185.697     2053.366      132.331
 fa_intra_rep                 8.350        8.350        0.000
 fa_intra_sol_xover4        131.429      131.429        0.000
 lk_ball_wtd                -56.636      -61.399        4.763
 fa_elec                   -909.656     -840.841      -68.815
 hbond_sr_bb               -139.013     -139.013        0.000
 hbond_lr_bb               -218.459     -194.262      -24.197
 hbond_bb_sc                -88.228      -81.955       -6.273
 hbond_sc                   -79.804      -72.745       -7.059
 omega                       84.752       84.752        0.000
 fa_dun                    1573.580     1573.580        0.000
 p_aa_pp                    -96.772      -96.772        0.000
 ref                        180.473      180.473        0.000
 rama_prepro                 30.902       30.902        0.000
 total                      -27.014      128.935
-------------------------------------------------------------------
Sum ddg: -155.95
protocols.simple_filters.DdGScan: (0) input_dimer_0001 DdGScan binding ddG for mutation ASP11ALA = -155.95
protocols.rosetta_scripts.ParsedProtocol.REPORT: (0)  Residue A11ASP->ALA :   -0.5814
core.pack.task: (0) Packer task: initialize from command line() 
core.pack.pack_rotamers: (0) built 1 rotamers at 1 positions.
core.pack.interaction_graph.interaction_graph_factory: (0) Instantiating PDInteractionGraph
protocols.simple_filters.DdGScan: (0) 
-------------------------------------------------------------------
 Scores                       Bound      Unbound      Wghtd.Delta
-------------------------------------------------------------------
 fa_atr                   -3305.446    -3086.016     -219.430
 fa_rep                     671.546      638.712       32.835
 fa_sol                    2188.117     2055.897      132.220
 fa_intra_rep                 8.349        8.349        0.000
 fa_intra_sol_xover4        131.440      131.440        0.000
 lk_ball_wtd                -56.798      -61.085        4.288
 fa_elec                   -911.246     -842.683      -68.564
 hbond_sr_bb               -139.013     -139.013        0.000
 hbond_lr_bb               -218.459     -194.262      -24.197
 hbond_bb_sc                -88.874      -82.601       -6.273
 hbond_sc                   -78.073      -72.745       -5.328
 omega                       84.752       84.752        0.000
 fa_dun                    1575.226     1575.226        0.000
 p_aa_pp                    -95.259      -95.259        0.000
 ref                        179.668      179.668        0.000
 rama_prepro                 31.754       31.754        0.000
 total                      -22.315      132.134
-------------------------------------------------------------------
Sum ddg: -154.449
protocols.simple_filters.DdGScan: (0) input_dimer_0001 DdGScan binding ddG for mutation ASN12ALA = -154.449
protocols.rosetta_scripts.ParsedProtocol.REPORT: (0)  Residue A12ASN->ALA :    0.9190
core.pack.task: (0) Packer task: initialize from command line() 
core.pack.pack_rotamers: (0) built 1 rotamers at 1 positions.
core.pack.interaction_graph.interaction_graph_factory: (0) Instantiating PDInteractionGraph
protocols.simple_filters.DdGScan: (0) 
-------------------------------------------------------------------
 Scores                       Bound      Unbound      Wghtd.Delta
-------------------------------------------------------------------
 fa_atr                   -3301.980    -3082.466     -219.514
 fa_rep                     671.233      638.626       32.608
 fa_sol                    2193.471     2059.477      133.994
 fa_intra_rep                 8.339        8.339        0.000
 fa_intra_sol_xover4        131.710      131.710        0.000
 lk_ball_wtd                -57.122      -61.756        4.634
 fa_elec                   -911.884     -842.737      -69.148
 hbond_sr_bb               -139.013     -139.013        0.000
 hbond_lr_bb               -218.459     -194.262      -24.197
 hbond_bb_sc                -88.874      -82.601       -6.273
 hbond_sc                   -79.804      -72.745       -7.059
 omega                       84.682       84.682        0.000
 fa_dun                    1576.857     1576.857        0.000
 p_aa_pp                    -95.955      -95.955        0.000
 ref                        175.685      175.685        0.000
 rama_prepro                 31.527       31.527        0.000
 total                      -19.587      135.369
-------------------------------------------------------------------
Sum ddg: -154.955
protocols.simple_filters.DdGScan: (0) input_dimer_0001 DdGScan binding ddG for mutation VAL13ALA = -154.955
protocols.rosetta_scripts.ParsedProtocol.REPORT: (0)  Residue A13VAL->ALA :    0.4131
core.pack.task: (0) Packer task: initialize from command line() 
core.pack.pack_rotamers: (0) built 1 rotamers at 1 positions.
core.pack.interaction_graph.interaction_graph_factory: (0) Instantiating PDInteractionGraph
protocols.simple_filters.DdGScan: (0) 
-------------------------------------------------------------------
 Scores                       Bound      Unbound      Wghtd.Delta
-------------------------------------------------------------------
 fa_atr                   -3305.663    -3086.180     -219.484
 fa_rep                     671.684      638.846       32.839
 fa_sol                    2189.339     2056.393      132.946
 fa_intra_rep                 8.342        8.342        0.000
 fa_intra_sol_xover4        131.415      131.415        0.000
 lk_ball_wtd                -57.365      -62.104        4.739
 fa_elec                   -908.444     -840.612      -67.832
 hbond_sr_bb               -139.013     -139.013        0.000
 hbond_lr_bb               -218.459     -194.262      -24.197
 hbond_bb_sc                -88.874      -82.601       -6.273
 hbond_sc                   -79.085      -72.026       -7.059
 omega                       84.752       84.752        0.000
 fa_dun                    1574.625     1574.625        0.000
 p_aa_pp                    -96.143      -96.143        0.000
 ref                        178.422      178.422        0.000
 rama_prepro                 31.157       31.157        0.000
 total                      -23.310      131.010
-------------------------------------------------------------------
Sum ddg: -154.32
protocols.simple_filters.DdGScan: (0) input_dimer_0001 DdGScan binding ddG for mutation ARG14ALA = -154.32
protocols.rosetta_scripts.ParsedProtocol.REPORT: (0)  Residue A14ARG->ALA :    1.0477
core.pack.task: (0) Packer task: initialize from command line() 
core.pack.pack_rotamers: (0) built 1 rotamers at 1 positions.
core.pack.interaction_graph.interaction_graph_factory: (0) Instantiating PDInteractionGraph
protocols.simple_filters.DdGScan: (0) 
-------------------------------------------------------------------
 Scores                       Bound      Unbound      Wghtd.Delta
-------------------------------------------------------------------
 fa_atr                   -3304.494    -3084.546     -219.947
 fa_rep                     671.657      638.819       32.839
 fa_sol                    2191.211     2057.155      134.056
 fa_intra_rep                 8.352        8.352        0.000
 fa_intra_sol_xover4        131.727      131.727        0.000
 lk_ball_wtd                -57.090      -61.724        4.634
 fa_elec                   -911.768     -842.687      -69.081
 hbond_sr_bb               -139.013     -139.013        0.000
 hbond_lr_bb               -218.459     -194.262      -24.197
 hbond_bb_sc                -88.874      -82.601       -6.273
 hbond_sc                   -79.804      -72.745       -7.059
 omega                       84.752       84.752        0.000
 fa_dun                    1576.197     1576.197        0.000
 p_aa_pp                    -96.119      -96.119        0.000
 ref                        175.073      175.073        0.000
 rama_prepro                 31.250       31.250        0.000
 total                      -25.400      129.628
-------------------------------------------------------------------
Sum ddg: -155.028
protocols.simple_filters.DdGScan: (0) input_dimer_0001 DdGScan binding ddG for mutation CYS35ALA = -155.028
protocols.rosetta_scripts.ParsedProtocol.REPORT: (0)  Residue A35CYS->ALA :    0.3401
core.pack.task: (0) Packer task: initialize from command line() 
core.pack.pack_rotamers: (0) built 1 rotamers at 1 positions.
core.pack.interaction_graph.interaction_graph_factory: (0) Instantiating PDInteractionGraph
protocols.simple_filters.DdGScan: (0) 
-------------------------------------------------------------------
 Scores                       Bound      Unbound      Wghtd.Delta
-------------------------------------------------------------------
 fa_atr                   -3301.353    -3082.926     -218.428
 fa_rep                     671.143      638.495       32.648
 fa_sol                    2192.113     2057.384      134.729
 fa_intra_rep                 8.339        8.339        0.000
 fa_intra_sol_xover4        131.697      131.697        0.000
 lk_ball_wtd                -57.298      -61.905        4.607
 fa_elec                   -911.940     -842.771      -69.169
 hbond_sr_bb               -139.013     -139.013        0.000
 hbond_lr_bb               -218.459     -194.262      -24.197
 hbond_bb_sc                -88.874      -82.601       -6.273
 hbond_sc                   -79.804      -72.745       -7.059
 omega                       84.752       84.752        0.000
 fa_dun                    1576.536     1576.536        0.000
 p_aa_pp                    -95.875      -95.875        0.000
 ref                        176.666      176.666        0.000
 rama_prepro                 31.566       31.566        0.000
 total                      -19.802      133.340
-------------------------------------------------------------------
Sum ddg: -153.142
protocols.simple_filters.DdGScan: (0) input_dimer_0001 DdGScan binding ddG for mutation LEU37ALA = -153.142
protocols.rosetta_scripts.ParsedProtocol.REPORT: (0)  Residue A37LEU->ALA :    2.2264
core.pack.task: (0) Packer task: initialize from command line() 
core.pack.pack_rotamers: (0) built 1 rotamers at 1 positions.
core.pack.interaction_graph.interaction_graph_factory: (0) Instantiating PDInteractionGraph
protocols.simple_filters.DdGScan: (0) 
-------------------------------------------------------------------
 Scores                       Bound      Unbound      Wghtd.Delta
-------------------------------------------------------------------
 fa_atr                   -3306.439    -3086.523     -219.916
 fa_rep                     671.500      638.665       32.835
 fa_sol                    2187.463     2054.367      133.096
 fa_intra_rep                 8.353        8.353        0.000
 fa_intra_sol_xover4        131.719      131.719        0.000
 lk_ball_wtd                -57.176      -61.749        4.573
 fa_elec                   -911.369     -842.487      -68.881
 hbond_sr_bb               -139.013     -139.013        0.000
 hbond_lr_bb               -218.459     -194.262      -24.197
 hbond_bb_sc                -88.874      -82.601       -6.273
 hbond_sc                   -79.804      -72.745       -7.059
 omega                       84.752       84.752        0.000
 fa_dun                    1576.223     1576.223        0.000
 p_aa_pp                    -96.860      -96.860        0.000
 ref                        178.617      178.617        0.000
 rama_prepro                 30.669       30.669        0.000
 total                      -28.696      127.127
-------------------------------------------------------------------
Sum ddg: -155.822
protocols.simple_filters.DdGScan: (0) input_dimer_0001 DdGScan binding ddG for mutation SER45ALA = -155.822
protocols.rosetta_scripts.ParsedProtocol.REPORT: (0)  Residue A45SER->ALA :   -0.4542
core.pack.task: (0) Packer task: initialize from command line() 
core.pack.pack_rotamers: (0) built 1 rotamers at 1 positions.
core.pack.interaction_graph.interaction_graph_factory: (0) Instantiating PDInteractionGraph
protocols.simple_filters.DdGScan: (0) 
-------------------------------------------------------------------
 Scores                       Bound      Unbound      Wghtd.Delta
-------------------------------------------------------------------
 fa_atr                   -3295.340    -3082.573     -212.767
 fa_rep                     671.063      638.467       32.595
 fa_sol                    2188.887     2056.702      132.184
 fa_intra_rep                 8.333        8.333        0.000
 fa_intra_sol_xover4        131.519      131.519        0.000
 lk_ball_wtd                -57.062      -61.774        4.712
 fa_elec                   -911.149     -842.271      -68.878
 hbond_sr_bb               -139.013     -139.013        0.000
 hbond_lr_bb               -218.459     -194.262      -24.197
 hbond_bb_sc                -88.874      -82.601       -6.273
 hbond_sc                   -79.804      -72.745       -7.059
 omega                       84.752       84.752        0.000
 fa_dun                    1574.278     1574.278        0.000
 p_aa_pp                    -96.304      -96.304        0.000
 ref                        177.745      177.745        0.000
 rama_prepro                 30.988       30.988        0.000
 total                      -18.438      131.244
-------------------------------------------------------------------
Sum ddg: -149.682
protocols.simple_filters.DdGScan: (0) input_dimer_0001 DdGScan binding ddG for mutation TYR46ALA = -149.682
protocols.rosetta_scripts.ParsedProtocol.REPORT: (0)  Residue A46TYR->ALA :    5.6863
core.pack.task: (0) Packer task: initialize from command line() 
core.pack.pack_rotamers: (0) built 1 rotamers at 1 positions.
core.pack.interaction_graph.interaction_graph_factory: (0) Instantiating PDInteractionGraph
protocols.simple_filters.DdGScan: (0) 
-------------------------------------------------------------------
 Scores                       Bound      Unbound      Wghtd.Delta
-------------------------------------------------------------------
 fa_atr                   -3304.680    -3085.460     -219.220
 fa_rep                     670.436      638.646       31.789
 fa_sol                    2190.237     2056.186      134.051
 fa_intra_rep                 8.348        8.348        0.000
 fa_intra_sol_xover4        131.700      131.700        0.000
 lk_ball_wtd                -57.133      -61.699        4.566
 fa_elec                   -912.071     -843.034      -69.038
 hbond_sr_bb               -139.013     -139.013        0.000
 hbond_lr_bb               -218.459     -194.262      -24.197
 hbond_bb_sc                -88.874      -82.601       -6.273
 hbond_sc                   -79.804      -72.745       -7.059
 omega                       84.752       84.752        0.000
 fa_dun                    1576.705     1576.705        0.000
 p_aa_pp                    -95.855      -95.855        0.000
 ref                        177.176      177.176        0.000
 rama_prepro                 31.264       31.264        0.000
 total                      -25.271      130.110
-------------------------------------------------------------------
Sum ddg: -155.38
protocols.simple_filters.DdGScan: (0) input_dimer_0001 DdGScan binding ddG for mutation THR47ALA = -155.38
protocols.rosetta_scripts.ParsedProtocol.REPORT: (0)  Residue A47THR->ALA :   -0.0120
core.pack.task: (0) Packer task: initialize from command line() 
core.pack.pack_rotamers: (0) built 1 rotamers at 1 positions.
core.pack.interaction_graph.interaction_graph_factory: (0) Instantiating DensePDInteractionGraph
protocols.simple_filters.DdGScan: (0) 
-------------------------------------------------------------------
 Scores                       Bound      Unbound      Wghtd.Delta
-------------------------------------------------------------------
 fa_atr                   -3307.815    -3087.674     -220.140
 fa_rep                     671.684      638.846       32.839
 fa_sol                    2192.593     2058.669      133.924
 fa_intra_rep                 8.353        8.353        0.000
 fa_intra_sol_xover4        131.759      131.759        0.000
 lk_ball_wtd                -57.277      -61.911        4.634
 fa_elec                   -911.803     -842.708      -69.096
 hbond_sr_bb               -139.013     -139.013        0.000
 hbond_lr_bb               -218.459     -194.262      -24.197
 hbond_bb_sc                -88.874      -82.601       -6.273
 hbond_sc                   -79.804      -72.745       -7.059
 omega                       84.752       84.752        0.000
 fa_dun                    1576.900     1576.900        0.000
 p_aa_pp                    -96.497      -96.497        0.000
 ref                        177.003      177.003        0.000
 rama_prepro                 30.879       30.879        0.000
 total                      -25.619      129.750
-------------------------------------------------------------------
Sum ddg: -155.368
protocols.simple_filters.DdGScan: (0) input_dimer_0001 DdGScan binding ddG for mutation ALA49ALA = -155.368
protocols.rosetta_scripts.ParsedProtocol.REPORT: (0)  Residue A49ALA->ALA :    0.0000
core.pack.task: (0) Packer task: initialize from command line() 
core.pack.pack_rotamers: (0) built 1 rotamers at 1 positions.
core.pack.interaction_graph.interaction_graph_factory: (0) Instantiating PDInteractionGraph
protocols.simple_filters.DdGScan: (0) 
-------------------------------------------------------------------
 Scores                       Bound      Unbound      Wghtd.Delta
-------------------------------------------------------------------
 fa_atr                   -3303.532    -3086.434     -217.099
 fa_rep                     671.680      638.818       32.862
 fa_sol                    2186.831     2057.265      129.566
 fa_intra_rep                 8.349        8.349        0.000
 fa_intra_sol_xover4        131.481      131.481        0.000
 lk_ball_wtd                -57.446      -61.836        4.390
 fa_elec                   -910.170     -842.652      -67.518
 hbond_sr_bb               -139.013     -139.013        0.000
 hbond_lr_bb               -218.459     -194.262      -24.197
 hbond_bb_sc                -86.886      -82.601       -4.285
 hbond_sc                   -79.804      -72.745       -7.059
 omega                       84.752       84.752        0.000
 fa_dun                    1575.215     1575.215        0.000
 p_aa_pp                    -96.334      -96.334        0.000
 ref                        179.668      179.668        0.000
 rama_prepro                 30.848       30.848        0.000
 total                      -22.818      130.521
-------------------------------------------------------------------
Sum ddg: -153.34
protocols.simple_filters.DdGScan: (0) input_dimer_0001 DdGScan binding ddG for mutation ASN51ALA = -153.34
protocols.rosetta_scripts.ParsedProtocol.REPORT: (0)  Residue A51ASN->ALA :    2.0284
core.pack.task: (0) Packer task: initialize from command line() 
core.pack.pack_rotamers: (0) built 1 rotamers at 1 positions.
core.pack.interaction_graph.interaction_graph_factory: (0) Instantiating PDInteractionGraph
protocols.simple_filters.DdGScan: (0) 
-------------------------------------------------------------------
 Scores                       Bound      Unbound      Wghtd.Delta
-------------------------------------------------------------------
 fa_atr                   -3307.101    -3086.948     -220.153
 fa_rep                     671.383      638.544       32.839
 fa_sol                    2189.835     2056.005      133.830
 fa_intra_rep                 8.350        8.350        0.000
 fa_intra_sol_xover4        131.701      131.701        0.000
 lk_ball_wtd                -57.553      -62.175        4.622
 fa_elec                   -912.402     -843.581      -68.821
 hbond_sr_bb               -139.013     -139.013        0.000
 hbond_lr_bb               -218.459     -194.262      -24.197
 hbond_bb_sc                -88.874      -82.601       -6.273
 hbond_sc                   -79.804      -72.745       -7.059
 omega                       84.752       84.752        0.000
 fa_dun                    1575.256     1575.256        0.000
 p_aa_pp                    -96.762      -96.762        0.000
 ref                        178.617      178.617        0.000
 rama_prepro                 30.690       30.690        0.000
 total                      -29.384      125.829
-------------------------------------------------------------------
Sum ddg: -155.213
protocols.simple_filters.DdGScan: (0) input_dimer_0001 DdGScan binding ddG for mutation SER52ALA = -155.213
protocols.rosetta_scripts.ParsedProtocol.REPORT: (0)  Residue A52SER->ALA :    0.1553
core.pack.task: (0) Packer task: initialize from command line() 
core.pack.pack_rotamers: (0) built 1 rotamers at 1 positions.
core.pack.interaction_graph.interaction_graph_factory: (0) Instantiating PDInteractionGraph
protocols.simple_filters.DdGScan: (0) 
-------------------------------------------------------------------
 Scores                       Bound      Unbound      Wghtd.Delta
-------------------------------------------------------------------
 fa_atr                   -3300.341    -3082.370     -217.971
 fa_rep                     669.269      636.485       32.785
 fa_sol                    2191.816     2057.677      134.139
 fa_intra_rep                 8.318        8.318        0.000
 fa_intra_sol_xover4        131.681      131.681        0.000
 lk_ball_wtd                -56.823      -61.781        4.958
 fa_elec                   -912.034     -842.841      -69.194
 hbond_sr_bb               -139.013     -139.013        0.000
 hbond_lr_bb               -218.459     -194.262      -24.197
 hbond_bb_sc                -88.874      -82.601       -6.273
 hbond_sc                   -79.804      -72.745       -7.059
 omega                       84.766       84.766        0.000
 fa_dun                    1576.398     1576.398        0.000
 p_aa_pp                    -95.446      -95.446        0.000
 ref                        176.024      176.024        0.000
 rama_prepro                 31.790       31.790        0.000
 total                      -20.733      132.079
-------------------------------------------------------------------
Sum ddg: -152.812
protocols.simple_filters.DdGScan: (0) input_dimer_0001 DdGScan binding ddG for mutation ILE54ALA = -152.812
protocols.rosetta_scripts.ParsedProtocol.REPORT: (0)  Residue A54ILE->ALA :    2.5565
core.pack.task: (0) Packer task: initialize from command line() 
core.pack.pack_rotamers: (0) built 1 rotamers at 1 positions.
core.pack.interaction_graph.interaction_graph_factory: (0) Instantiating PDInteractionGraph
protocols.simple_filters.DdGScan: (0) 
-------------------------------------------------------------------
 Scores                       Bound      Unbound      Wghtd.Delta
-------------------------------------------------------------------
 fa_atr                   -3303.289    -3083.766     -219.523
 fa_rep                     671.544      638.785       32.759
 fa_sol                    2194.072     2059.689      134.383
 fa_intra_rep                 8.344        8.344        0.000
 fa_intra_sol_xover4        131.710      131.710        0.000
 lk_ball_wtd                -57.056      -61.691        4.634
 fa_elec                   -911.798     -842.694      -69.104
 hbond_sr_bb               -139.013     -139.013        0.000
 hbond_lr_bb               -218.459     -194.262      -24.197
 hbond_bb_sc                -88.874      -82.601       -6.273
 hbond_sc                   -79.804      -72.745       -7.059
 omega                       84.783       84.783        0.000
 fa_dun                    1576.788     1576.788        0.000
 p_aa_pp                    -95.893      -95.893        0.000
 ref                        175.685      175.685        0.000
 rama_prepro                 31.337       31.337        0.000
 total                      -19.922      134.458
-------------------------------------------------------------------
Sum ddg: -154.38
protocols.simple_filters.DdGScan: (0) input_dimer_0001 DdGScan binding ddG for mutation VAL55ALA = -154.38
protocols.rosetta_scripts.ParsedProtocol.REPORT: (0)  Residue A55VAL->ALA :    0.9884
core.pack.task: (0) Packer task: initialize from command line() 
core.pack.pack_rotamers: (0) built 1 rotamers at 1 positions.
core.pack.interaction_graph.interaction_graph_factory: (0) Instantiating DensePDInteractionGraph
protocols.simple_filters.DdGScan: (0) 
-------------------------------------------------------------------
 Scores                       Bound      Unbound      Wghtd.Delta
-------------------------------------------------------------------
 fa_atr                   -3307.815    -3087.674     -220.140
 fa_rep                     671.684      638.846       32.839
 fa_sol                    2192.593     2058.669      133.924
 fa_intra_rep                 8.353        8.353        0.000
 fa_intra_sol_xover4        131.759      131.759        0.000
 lk_ball_wtd                -57.277      -61.911        4.634
 fa_elec                   -911.803     -842.708      -69.096
 hbond_sr_bb               -139.013     -139.013        0.000
 hbond_lr_bb               -218.459     -194.262      -24.197
 hbond_bb_sc                -88.874      -82.601       -6.273
 hbond_sc                   -79.804      -72.745       -7.059
 omega                       84.752       84.752        0.000
 fa_dun                    1576.900     1576.900        0.000
 p_aa_pp                    -96.497      -96.497        0.000
 ref                        177.003      177.003        0.000
 rama_prepro                 30.879       30.879        0.000
 total                      -25.619      129.750
-------------------------------------------------------------------
Sum ddg: -155.368
protocols.simple_filters.DdGScan: (0) input_dimer_0001 DdGScan binding ddG for mutation ALA56ALA = -155.368
protocols.rosetta_scripts.ParsedProtocol.REPORT: (0)  Residue A56ALA->ALA :    0.0000
core.pack.task: (0) Packer task: initialize from command line() 
core.pack.pack_rotamers: (0) built 1 rotamers at 1 positions.
core.pack.interaction_graph.interaction_graph_factory: (0) Instantiating PDInteractionGraph
protocols.simple_filters.DdGScan: (0) 
-------------------------------------------------------------------
 Scores                       Bound      Unbound      Wghtd.Delta
-------------------------------------------------------------------
 fa_atr                   -3304.905    -3085.373     -219.533
 fa_rep                     673.692      640.854       32.839
 fa_sol                    2189.614     2056.097      133.517
 fa_intra_rep                 8.348        8.348        0.000
 fa_intra_sol_xover4        131.703      131.703        0.000
 lk_ball_wtd                -57.304      -61.999        4.695
 fa_elec                   -911.642     -842.837      -68.806
 hbond_sr_bb               -139.013     -139.013        0.000
 hbond_lr_bb               -218.459     -194.262      -24.197
 hbond_bb_sc                -88.874      -82.601       -6.273
 hbond_sc                   -79.008      -71.949       -7.059
 omega                       84.752       84.752        0.000
 fa_dun                    1576.374     1576.374        0.000
 p_aa_pp                    -96.829      -96.829        0.000
 ref                        177.176      177.176        0.000
 rama_prepro                 30.381       30.381        0.000
 total                      -23.993      130.823
-------------------------------------------------------------------
Sum ddg: -154.816
protocols.simple_filters.DdGScan: (0) input_dimer_0001 DdGScan binding ddG for mutation THR57ALA = -154.816
protocols.rosetta_scripts.ParsedProtocol.REPORT: (0)  Residue A57THR->ALA :    0.5518
core.pack.task: (0) Packer task: initialize from command line() 
core.pack.pack_rotamers: (0) built 1 rotamers at 1 positions.
core.pack.interaction_graph.interaction_graph_factory: (0) Instantiating PDInteractionGraph
protocols.simple_filters.DdGScan: (0) 
-------------------------------------------------------------------
 Scores                       Bound      Unbound      Wghtd.Delta
-------------------------------------------------------------------
 fa_atr                   -3305.638    -3086.427     -219.212
 fa_rep                     671.666      638.844       32.822
 fa_sol                    2185.824     2054.321      131.503
 fa_intra_rep                 8.351        8.351        0.000
 fa_intra_sol_xover4        131.018      131.018        0.000
 lk_ball_wtd                -56.495      -61.398        4.903
 fa_elec                   -905.929     -838.425      -67.504
 hbond_sr_bb               -139.013     -139.013        0.000
 hbond_lr_bb               -218.459     -194.262      -24.197
 hbond_bb_sc                -88.874      -82.601       -6.273
 hbond_sc                   -79.804      -72.745       -7.059
 omega                       84.752       84.752        0.000
 fa_dun                    1573.360     1573.360        0.000
 p_aa_pp                    -96.971      -96.971        0.000
 ref                        180.473      180.473        0.000
 rama_prepro                 30.628       30.628        0.000
 total                      -25.109      129.907
-------------------------------------------------------------------
Sum ddg: -155.017
protocols.simple_filters.DdGScan: (0) input_dimer_0001 DdGScan binding ddG for mutation ASP58ALA = -155.017
protocols.rosetta_scripts.ParsedProtocol.REPORT: (0)  Residue A58ASP->ALA :    0.3515
core.pack.task: (0) Packer task: initialize from command line() 
core.pack.pack_rotamers: (0) built 1 rotamers at 1 positions.
core.pack.interaction_graph.interaction_graph_factory: (0) Instantiating PDInteractionGraph
protocols.simple_filters.DdGScan: (0) 
-------------------------------------------------------------------
 Scores                       Bound      Unbound      Wghtd.Delta
-------------------------------------------------------------------
 fa_atr                   -3306.947    -3087.294     -219.653
 fa_rep                     671.699      638.867       32.832
 fa_sol                    2188.000     2056.062      131.938
 fa_intra_rep                 8.352        8.352        0.000
 fa_intra_sol_xover4        131.736      131.736        0.000
 lk_ball_wtd                -57.141      -61.832        4.690
 fa_elec                   -911.513     -842.525      -68.988
 hbond_sr_bb               -139.013     -139.013        0.000
 hbond_lr_bb               -218.459     -194.262      -24.197
 hbond_bb_sc                -88.874      -82.601       -6.273
 hbond_sc                   -79.804      -72.745       -7.059
 omega                       84.752       84.752        0.000
 fa_dun                    1573.189     1573.189        0.000
 p_aa_pp                    -96.745      -96.745        0.000
 ref                        178.617      178.617        0.000
 rama_prepro                 30.723       30.723        0.000
 total                      -31.427      125.282
-------------------------------------------------------------------
Sum ddg: -156.709
protocols.simple_filters.DdGScan: (0) input_dimer_0001 DdGScan binding ddG for mutation SER59ALA = -156.709
protocols.rosetta_scripts.ParsedProtocol.REPORT: (0)  Residue A59SER->ALA :   -1.3411
core.pack.task: (0) Packer task: initialize from command line() 
core.pack.pack_rotamers: (0) built 1 rotamers at 1 positions.
core.pack.interaction_graph.interaction_graph_factory: (0) Instantiating PDInteractionGraph
protocols.simple_filters.DdGScan: (0) 
-------------------------------------------------------------------
 Scores                       Bound      Unbound      Wghtd.Delta
-------------------------------------------------------------------
 fa_atr                   -3302.208    -3082.914     -219.294
 fa_rep                     671.300      638.502       32.798
 fa_sol                    2185.602     2052.275      133.327
 fa_intra_rep                 8.309        8.309        0.000
 fa_intra_sol_xover4        131.442      131.442        0.000
 lk_ball_wtd                -56.670      -61.415        4.746
 fa_elec                   -908.618     -839.097      -69.521
 hbond_sr_bb               -139.013     -139.013        0.000
 hbond_lr_bb               -218.459     -194.262      -24.197
 hbond_bb_sc                -88.874      -82.601       -6.273
 hbond_sc                   -79.804      -72.745       -7.059
 omega                       84.752       84.752        0.000
 fa_dun                    1574.388     1574.388        0.000
 p_aa_pp                    -96.514      -96.514        0.000
 ref                        179.042      179.042        0.000
 rama_prepro                 31.074       31.074        0.000
 total                      -24.249      131.225
-------------------------------------------------------------------
Sum ddg: -155.474
protocols.simple_filters.DdGScan: (0) input_dimer_0001 DdGScan binding ddG for mutation LYS61ALA = -155.474
protocols.rosetta_scripts.ParsedProtocol.REPORT: (0)  Residue A61LYS->ALA :   -0.1053
core.pack.task: (0) Packer task: initialize from command line() 
core.pack.pack_rotamers: (0) built 1 rotamers at 1 positions.
core.pack.interaction_graph.interaction_graph_factory: (0) Instantiating PDInteractionGraph
protocols.simple_filters.DdGScan: (0) 
-------------------------------------------------------------------
 Scores                       Bound      Unbound      Wghtd.Delta
-------------------------------------------------------------------
 fa_atr                   -3303.924    -3085.645     -218.279
 fa_rep                     671.636      638.814       32.821
 fa_sol                    2186.297     2055.011      131.286
 fa_intra_rep                 8.350        8.350        0.000
 fa_intra_sol_xover4        131.527      131.527        0.000
 lk_ball_wtd                -57.052      -61.098        4.046
 fa_elec                   -910.573     -842.353      -68.220
 hbond_sr_bb               -139.013     -139.013        0.000
 hbond_lr_bb               -218.459     -194.262      -24.197
 hbond_bb_sc                -87.725      -82.601       -5.124
 hbond_sc                   -78.005      -72.745       -5.261
 omega                       84.752       84.752        0.000
 fa_dun                    1575.675     1575.675        0.000
 p_aa_pp                    -97.203      -97.203        0.000
 ref                        179.668      179.668        0.000
 rama_prepro                 30.359       30.359        0.000
 total                      -23.691      129.237
-------------------------------------------------------------------
Sum ddg: -152.928
protocols.simple_filters.DdGScan: (0) input_dimer_0001 DdGScan binding ddG for mutation ASN62ALA = -152.928
protocols.rosetta_scripts.ParsedProtocol.REPORT: (0)  Residue A62ASN->ALA :    2.4405
core.pack.task: (0) Packer task: initialize from command line() 
core.pack.pack_rotamers: (0) built 1 rotamers at 1 positions.
core.pack.interaction_graph.interaction_graph_factory: (0) Instantiating PDInteractionGraph
protocols.simple_filters.DdGScan: (0) 
-------------------------------------------------------------------
 Scores                       Bound      Unbound      Wghtd.Delta
-------------------------------------------------------------------
 fa_atr                   -3304.355    -3085.035     -219.320
 fa_rep                     671.414      638.577       32.838
 fa_sol                    2189.301     2056.134      133.167
 fa_intra_rep                 8.348        8.348        0.000
 fa_intra_sol_xover4        131.694      131.694        0.000
 lk_ball_wtd                -56.955      -61.598        4.643
 fa_elec                   -911.789     -842.666      -69.123
 hbond_sr_bb               -139.013     -139.013        0.000
 hbond_lr_bb               -218.459     -194.262      -24.197
 hbond_bb_sc                -88.874      -82.601       -6.273
 hbond_sc                   -79.804      -72.745       -7.059
 omega                       84.752       84.752        0.000
 fa_dun                    1576.411     1576.411        0.000
 p_aa_pp                    -96.894      -96.894        0.000
 ref                        177.176      177.176        0.000
 rama_prepro                 30.423       30.423        0.000
 total                      -26.622      128.702
-------------------------------------------------------------------
Sum ddg: -155.324
protocols.simple_filters.DdGScan: (0) input_dimer_0001 DdGScan binding ddG for mutation THR63ALA = -155.324
protocols.rosetta_scripts.ParsedProtocol.REPORT: (0)  Residue A63THR->ALA :    0.0439
core.pack.task: (0) Packer task: initialize from command line() 
core.pack.pack_rotamers: (0) built 1 rotamers at 1 positions.
core.pack.interaction_graph.interaction_graph_factory: (0) Instantiating PDInteractionGraph
protocols.simple_filters.DdGScan: (0) 
-------------------------------------------------------------------
 Scores                       Bound      Unbound      Wghtd.Delta
-------------------------------------------------------------------
 fa_atr                   -3303.983    -3084.830     -219.153
 fa_rep                     671.512      638.732       32.780
 fa_sol                    2192.151     2057.763      134.387
 fa_intra_rep                 8.330        8.330        0.000
 fa_intra_sol_xover4        131.686      131.686        0.000
 lk_ball_wtd                -56.980      -61.634        4.653
 fa_elec                   -911.876     -842.855      -69.021
 hbond_sr_bb               -139.013     -139.013        0.000
 hbond_lr_bb               -218.459     -194.262      -24.197
 hbond_bb_sc                -88.874      -82.601       -6.273
 hbond_sc                   -79.804      -72.745       -7.059
 omega                       84.822       84.822        0.000
 fa_dun                    1574.793     1574.793        0.000
 p_aa_pp                    -96.270      -96.270        0.000
 ref                        176.024      176.024        0.000
 rama_prepro                 30.747       30.747        0.000
 total                      -25.195      128.687
-------------------------------------------------------------------
Sum ddg: -153.882
protocols.simple_filters.DdGScan: (0) input_dimer_0001 DdGScan binding ddG for mutation ILE66ALA = -153.882
protocols.rosetta_scripts.ParsedProtocol.REPORT: (0)  Residue A66ILE->ALA :    1.4863
core.pack.task: (0) Packer task: initialize from command line() 
core.pack.pack_rotamers: (0) built 1 rotamers at 1 positions.
core.pack.interaction_graph.interaction_graph_factory: (0) Instantiating PDInteractionGraph
protocols.simple_filters.DdGScan: (0) 
-------------------------------------------------------------------
 Scores                       Bound      Unbound      Wghtd.Delta
-------------------------------------------------------------------
 fa_atr                   -3302.018    -3083.191     -218.826
 fa_rep                     670.632      638.540       32.092
 fa_sol                    2189.119     2056.040      133.079
 fa_intra_rep                 8.345        8.345        0.000
 fa_intra_sol_xover4        131.008      131.008        0.000
 lk_ball_wtd                -56.600      -61.375        4.775
 fa_elec                   -911.700     -842.629      -69.071
 hbond_sr_bb               -139.013     -139.013        0.000
 hbond_lr_bb               -218.459     -194.262      -24.197
 hbond_bb_sc                -88.874      -82.601       -6.273
 hbond_sc                   -79.804      -72.745       -7.059
 omega                       84.752       84.752        0.000
 fa_dun                    1574.447     1574.447        0.000
 p_aa_pp                    -96.107      -96.107        0.000
 ref                        178.628      178.628        0.000
 rama_prepro                 30.831       30.831        0.000
 total                      -24.811      130.669
-------------------------------------------------------------------
Sum ddg: -155.48
protocols.simple_filters.DdGScan: (0) input_dimer_0001 DdGScan binding ddG for mutation HIS86ALA = -155.48
protocols.rosetta_scripts.ParsedProtocol.REPORT: (0)  Residue A86HIS->ALA :   -0.1115
core.pack.task: (0) Packer task: initialize from command line() 
core.pack.pack_rotamers: (0) built 1 rotamers at 1 positions.
core.pack.interaction_graph.interaction_graph_factory: (0) Instantiating PDInteractionGraph
protocols.simple_filters.DdGScan: (0) 
-------------------------------------------------------------------
 Scores                       Bound      Unbound      Wghtd.Delta
-------------------------------------------------------------------
 fa_atr                   -3302.990    -3085.203     -217.787
 fa_rep                     669.815      638.588       31.227
 fa_sol                    2184.754     2055.736      129.019
 fa_intra_rep                 8.331        8.331        0.000
 fa_intra_sol_xover4        131.201      131.201        0.000
 lk_ball_wtd                -57.337      -61.707        4.370
 fa_elec                   -906.812     -842.682      -64.130
 hbond_sr_bb               -139.013     -139.013        0.000
 hbond_lr_bb               -218.459     -194.262      -24.197
 hbond_bb_sc                -88.874      -82.601       -6.273
 hbond_sc                   -79.804      -72.745       -7.059
 omega                       84.752       84.752        0.000
 fa_dun                    1572.183     1572.183        0.000
 p_aa_pp                    -96.382      -96.382        0.000
 ref                        179.042      179.042        0.000
 rama_prepro                 31.067       31.067        0.000
 total                      -28.523      126.308
-------------------------------------------------------------------
Sum ddg: -154.831
protocols.simple_filters.DdGScan: (0) input_dimer_0001 DdGScan binding ddG for mutation LYS90ALA = -154.831
protocols.rosetta_scripts.ParsedProtocol.REPORT: (0)  Residue A90LYS->ALA :    0.5374
core.pack.task: (0) Packer task: initialize from command line() 
core.pack.pack_rotamers: (0) built 1 rotamers at 1 positions.
core.pack.interaction_graph.interaction_graph_factory: (0) Instantiating PDInteractionGraph
protocols.simple_filters.DdGScan: (0) 
-------------------------------------------------------------------
 Scores                       Bound      Unbound      Wghtd.Delta
-------------------------------------------------------------------
 fa_atr                   -3298.717    -3080.975     -217.741
 fa_rep                     671.276      638.534       32.742
 fa_sol                    2190.229     2057.904      132.325
 fa_intra_rep                 8.334        8.334        0.000
 fa_intra_sol_xover4        131.472      131.472        0.000
 lk_ball_wtd                -57.138      -61.622        4.485
 fa_elec                   -912.709     -842.472      -70.236
 hbond_sr_bb               -139.013     -139.013        0.000
 hbond_lr_bb               -218.459     -194.262      -24.197
 hbond_bb_sc                -88.874      -82.601       -6.273
 hbond_sc                   -79.804      -72.745       -7.059
 omega                       84.752       84.752        0.000
 fa_dun                    1574.551     1574.551        0.000
 p_aa_pp                    -95.839      -95.839        0.000
 ref                        177.745      177.745        0.000
 rama_prepro                 31.601       31.601        0.000
 total                      -20.589      135.365
-------------------------------------------------------------------
Sum ddg: -155.954
protocols.simple_filters.DdGScan: (0) input_dimer_0001 DdGScan binding ddG for mutation TYR91ALA = -155.954
protocols.rosetta_scripts.ParsedProtocol.REPORT: (0)  Residue A91TYR->ALA :   -0.5861
core.pack.task: (0) Packer task: initialize from command line() 
core.pack.pack_rotamers: (0) built 1 rotamers at 1 positions.
core.pack.interaction_graph.interaction_graph_factory: (0) Instantiating PDInteractionGraph
protocols.simple_filters.DdGScan: (0) 
-------------------------------------------------------------------
 Scores                       Bound      Unbound      Wghtd.Delta
-------------------------------------------------------------------
 fa_atr                   -3300.744    -3080.990     -219.754
 fa_rep                     671.334      638.497       32.837
 fa_sol                    2188.445     2054.479      133.966
 fa_intra_rep                 8.350        8.350        0.000
 fa_intra_sol_xover4        130.964      130.964        0.000
 lk_ball_wtd                -57.351      -62.028        4.676
 fa_elec                   -909.532     -840.425      -69.106
 hbond_sr_bb               -139.013     -139.013        0.000
 hbond_lr_bb               -218.459     -194.262      -24.197
 hbond_bb_sc                -87.332      -81.060       -6.273
 hbond_sc                   -79.804      -72.745       -7.059
 omega                       84.752       84.752        0.000
 fa_dun                    1574.083     1574.083        0.000
 p_aa_pp                    -96.091      -96.091        0.000
 ref                        178.628      178.628        0.000
 rama_prepro                 31.028       31.028        0.000
 total                      -20.740      134.170
-------------------------------------------------------------------
Sum ddg: -154.91
protocols.simple_filters.DdGScan: (0) input_dimer_0001 DdGScan binding ddG for mutation HIS93ALA = -154.91
protocols.rosetta_scripts.ParsedProtocol.REPORT: (0)  Residue A93HIS->ALA :    0.4580
core.pack.task: (0) Packer task: initialize from command line() 
core.pack.pack_rotamers: (0) built 1 rotamers at 1 positions.
core.pack.interaction_graph.interaction_graph_factory: (0) Instantiating PDInteractionGraph
protocols.simple_filters.DdGScan: (0) 
-------------------------------------------------------------------
 Scores                       Bound      Unbound      Wghtd.Delta
-------------------------------------------------------------------
 fa_atr                   -3300.578    -3082.813     -217.765
 fa_rep                     671.294      638.479       32.815
 fa_sol                    2192.247     2057.800      134.447
 fa_intra_rep                 8.329        8.329        0.000
 fa_intra_sol_xover4        131.611      131.611        0.000
 lk_ball_wtd                -56.885      -61.787        4.902
 fa_elec                   -911.677     -842.492      -69.185
 hbond_sr_bb               -139.013     -139.013        0.000
 hbond_lr_bb               -218.459     -194.262      -24.197
 hbond_bb_sc                -88.874      -82.601       -6.273
 hbond_sc                   -79.804      -72.745       -7.059
 omega                       84.752       84.752        0.000
 fa_dun                    1574.718     1574.718        0.000
 p_aa_pp                    -96.271      -96.271        0.000
 ref                        177.109      177.109        0.000
 rama_prepro                 31.736       31.736        0.000
 total                      -19.764      132.552
-------------------------------------------------------------------
Sum ddg: -152.316
protocols.simple_filters.DdGScan: (0) input_dimer_0001 DdGScan binding ddG for mutation PHE159ALA = -152.316
protocols.rosetta_scripts.ParsedProtocol.REPORT: (0)  Residue A159PHE->ALA :    3.0526
core.pack.task: (0) Packer task: initialize from command line() 
core.pack.pack_rotamers: (0) built 1 rotamers at 1 positions.
core.pack.interaction_graph.interaction_graph_factory: (0) Instantiating PDInteractionGraph
protocols.simple_filters.DdGScan: (0) 
-------------------------------------------------------------------
 Scores                       Bound      Unbound      Wghtd.Delta
-------------------------------------------------------------------
 fa_atr                   -3301.449    -3081.319     -220.130
 fa_rep                     670.980      638.141       32.839
 fa_sol                    2188.568     2054.648      133.920
 fa_intra_rep                 8.334        8.334        0.000
 fa_intra_sol_xover4        131.184      131.184        0.000
 lk_ball_wtd                -57.257      -61.893        4.636
 fa_elec                   -910.954     -841.866      -69.088
 hbond_sr_bb               -139.013     -139.013        0.000
 hbond_lr_bb               -218.459     -194.262      -24.197
 hbond_bb_sc                -88.874      -82.601       -6.273
 hbond_sc                   -78.803      -71.744       -7.059
 omega                       84.752       84.752        0.000
 fa_dun                    1575.023     1575.023        0.000
 p_aa_pp                    -96.353      -96.353        0.000
 ref                        176.067      176.067        0.000
 rama_prepro                 30.932       30.932        0.000
 total                      -25.321      130.031
-------------------------------------------------------------------
Sum ddg: -155.352
protocols.simple_filters.DdGScan: (0) input_dimer_0001 DdGScan binding ddG for mutation TRP160ALA = -155.352
protocols.rosetta_scripts.ParsedProtocol.REPORT: (0)  Residue A160TRP->ALA :    0.0161
core.pack.task: (0) Packer task: initialize from command line() 
core.pack.pack_rotamers: (0) built 1 rotamers at 1 positions.
core.pack.interaction_graph.interaction_graph_factory: (0) Instantiating PDInteractionGraph
protocols.simple_filters.DdGScan: (0) 
-------------------------------------------------------------------
 Scores                       Bound      Unbound      Wghtd.Delta
-------------------------------------------------------------------
 fa_atr                   -3309.465    -3088.754     -220.711
 fa_rep                     682.038      649.059       32.979
 fa_sol                    2191.882     2058.121      133.762
 fa_intra_rep                 8.357        8.357        0.000
 fa_intra_sol_xover4        131.759      131.759        0.000
 lk_ball_wtd                -57.264      -61.924        4.660
 fa_elec                   -912.400     -843.342      -69.058
 hbond_sr_bb               -139.013     -139.013        0.000
 hbond_lr_bb               -218.459     -194.262      -24.197
 hbond_bb_sc                -88.874      -82.601       -6.273
 hbond_sc                   -79.804      -72.745       -7.059
 omega                       84.822       84.822        0.000
 fa_dun                    1576.900     1576.900        0.000
 p_aa_pp                    -93.965      -93.965        0.000
 ref                        177.529      177.529        0.000
 rama_prepro                 32.951       32.951        0.000
 total                      -13.005      142.892
-------------------------------------------------------------------
Sum ddg: -155.897
protocols.simple_filters.DdGScan: (0) input_dimer_0001 DdGScan binding ddG for mutation GLY161ALA = -155.897
protocols.rosetta_scripts.ParsedProtocol.REPORT: (0)  Residue A161GLY->ALA :   -0.5292
core.pack.task: (0) Packer task: initialize from command line() 
core.pack.pack_rotamers: (0) built 1 rotamers at 1 positions.
core.pack.interaction_graph.interaction_graph_factory: (0) Instantiating PDInteractionGraph
protocols.simple_filters.DdGScan: (0) 
-------------------------------------------------------------------
 Scores                       Bound      Unbound      Wghtd.Delta
-------------------------------------------------------------------
 fa_atr                   -3296.904    -3077.611     -219.294
 fa_rep                     670.961      638.171       32.790
 fa_sol                    2191.365     2058.058      133.307
 fa_intra_rep                 8.328        8.328        0.000
 fa_intra_sol_xover4        131.244      131.244        0.000
 lk_ball_wtd                -56.710      -61.433        4.723
 fa_elec                   -910.791     -841.850      -68.940
 hbond_sr_bb               -139.013     -139.013        0.000
 hbond_lr_bb               -218.459     -194.262      -24.197
 hbond_bb_sc                -88.874      -82.601       -6.273
 hbond_sc                   -79.804      -72.745       -7.059
 omega                       84.752       84.752        0.000
 fa_dun                    1573.148     1573.148        0.000
 p_aa_pp                    -96.540      -96.540        0.000
 ref                        177.109      177.109        0.000
 rama_prepro                 30.832       30.832        0.000
 total                      -19.354      135.590
-------------------------------------------------------------------
Sum ddg: -154.944
protocols.simple_filters.DdGScan: (0) input_dimer_0001 DdGScan binding ddG for mutation PHE162ALA = -154.944
protocols.rosetta_scripts.ParsedProtocol.REPORT: (0)  Residue A162PHE->ALA :    0.4243
core.pack.task: (0) Packer task: initialize from command line() 
core.pack.pack_rotamers: (0) built 1 rotamers at 1 positions.
core.pack.interaction_graph.interaction_graph_factory: (0) Instantiating PDInteractionGraph
protocols.simple_filters.DdGScan: (0) 
-------------------------------------------------------------------
 Scores                       Bound      Unbound      Wghtd.Delta
-------------------------------------------------------------------
 fa_atr                   -3302.976    -3085.636     -217.340
 fa_rep                     671.121      638.395       32.726
 fa_sol                    2192.182     2058.084      134.098
 fa_intra_rep                 8.339        8.339        0.000
 fa_intra_sol_xover4        131.642      131.642        0.000
 lk_ball_wtd                -56.892      -61.683        4.791
 fa_elec                   -911.651     -842.620      -69.031
 hbond_sr_bb               -139.013     -139.013        0.000
 hbond_lr_bb               -218.459     -194.262      -24.197
 hbond_bb_sc                -88.874      -82.601       -6.273
 hbond_sc                   -79.804      -72.745       -7.059
 omega                       84.752       84.752        0.000
 fa_dun                    1573.872     1573.872        0.000
 p_aa_pp                    -96.359      -96.359        0.000
 ref                        176.666      176.666        0.000
 rama_prepro                 30.728       30.728        0.000
 total                      -24.726      127.559
-------------------------------------------------------------------
Sum ddg: -152.285
protocols.simple_filters.DdGScan: (0) input_dimer_0001 DdGScan binding ddG for mutation LEU163ALA = -152.285
protocols.rosetta_scripts.ParsedProtocol.REPORT: (0)  Residue A163LEU->ALA :    3.0827
core.pack.task: (0) Packer task: initialize from command line() 
core.pack.pack_rotamers: (0) built 1 rotamers at 1 positions.
core.pack.interaction_graph.interaction_graph_factory: (0) Instantiating PDInteractionGraph
protocols.simple_filters.DdGScan: (0) 
-------------------------------------------------------------------
 Scores                       Bound      Unbound      Wghtd.Delta
-------------------------------------------------------------------
 fa_atr                   -3303.626    -3084.612     -219.014
 fa_rep                     671.678      638.889       32.789
 fa_sol                    2182.940     2051.646      131.294
 fa_intra_rep                 8.349        8.349        0.000
 fa_intra_sol_xover4        131.138      131.138        0.000
 lk_ball_wtd                -56.842      -61.368        4.526
 fa_elec                   -908.085     -838.500      -69.584
 hbond_sr_bb               -139.013     -139.013        0.000
 hbond_lr_bb               -218.459     -194.262      -24.197
 hbond_bb_sc                -87.759      -81.486       -6.273
 hbond_sc                   -79.804      -72.745       -7.059
 omega                       84.752       84.752        0.000
 fa_dun                    1574.158     1574.158        0.000
 p_aa_pp                    -95.626      -95.626        0.000
 ref                        180.473      180.473        0.000
 rama_prepro                 32.208       32.208        0.000
 total                      -23.517      134.002
-------------------------------------------------------------------
Sum ddg: -157.518
protocols.simple_filters.DdGScan: (0) input_dimer_0001 DdGScan binding ddG for mutation ASP165ALA = -157.518
protocols.rosetta_scripts.ParsedProtocol.REPORT: (0)  Residue A165ASP->ALA :   -2.1502
core.pack.task: (0) Packer task: initialize from command line() 
core.pack.pack_rotamers: (0) built 1 rotamers at 1 positions.
core.pack.interaction_graph.interaction_graph_factory: (0) Instantiating PDInteractionGraph
protocols.simple_filters.DdGScan: (0) 
-------------------------------------------------------------------
 Scores                       Bound      Unbound      Wghtd.Delta
-------------------------------------------------------------------
 fa_atr                   -3304.315    -3085.054     -219.260
 fa_rep                     670.336      638.721       31.615
 fa_sol                    2186.141     2055.393      130.747
 fa_intra_rep                 8.337        8.337        0.000
 fa_intra_sol_xover4        130.321      130.321        0.000
 lk_ball_wtd                -57.441      -61.415        3.974
 fa_elec                   -905.200     -841.611      -63.588
 hbond_sr_bb               -139.013     -139.013        0.000
 hbond_lr_bb               -218.459     -194.262      -24.197
 hbond_bb_sc                -88.874      -82.601       -6.273
 hbond_sc                   -79.804      -72.745       -7.059
 omega                       84.752       84.752        0.000
 fa_dun                    1573.763     1573.763        0.000
 p_aa_pp                    -96.443      -96.443        0.000
 ref                        181.052      181.052        0.000
 rama_prepro                 30.799       30.799        0.000
 total                      -24.046      129.995
-------------------------------------------------------------------
Sum ddg: -154.041
protocols.simple_filters.DdGScan: (0) input_dimer_0001 DdGScan binding ddG for mutation GLU166ALA = -154.041
protocols.rosetta_scripts.ParsedProtocol.REPORT: (0)  Residue A166GLU->ALA :    1.3271
core.pack.task: (0) Packer task: initialize from command line() 
core.pack.pack_rotamers: (0) built 1 rotamers at 1 positions.
core.pack.interaction_graph.interaction_graph_factory: (0) Instantiating PDInteractionGraph
protocols.simple_filters.DdGScan: (0) 
-------------------------------------------------------------------
 Scores                       Bound      Unbound      Wghtd.Delta
-------------------------------------------------------------------
 fa_atr                   -3300.110    -3085.026     -215.084
 fa_rep                     670.399      638.756       31.644
 fa_sol                    2188.612     2056.948      131.664
 fa_intra_rep                 8.333        8.333        0.000
 fa_intra_sol_xover4        131.487      131.487        0.000
 lk_ball_wtd                -56.417      -61.497        5.081
 fa_elec                   -912.083     -842.069      -70.014
 hbond_sr_bb               -139.013     -139.013        0.000
 hbond_lr_bb               -218.459     -194.262      -24.197
 hbond_bb_sc                -88.874      -82.601       -6.273
 hbond_sc                   -79.804      -72.745       -7.059
 omega                       84.752       84.752        0.000
 fa_dun                    1575.057     1575.057        0.000
 p_aa_pp                    -95.798      -95.798        0.000
 ref                        177.745      177.745        0.000
 rama_prepro                 31.340       31.340        0.000
 total                      -22.832      131.407
-------------------------------------------------------------------
Sum ddg: -154.239
protocols.simple_filters.DdGScan: (0) input_dimer_0001 DdGScan binding ddG for mutation TYR167ALA = -154.239
protocols.rosetta_scripts.ParsedProtocol.REPORT: (0)  Residue A167TYR->ALA :    1.1297
core.pack.task: (0) Packer task: initialize from command line() 
core.pack.pack_rotamers: (0) built 1 rotamers at 1 positions.
core.pack.interaction_graph.interaction_graph_factory: (0) Instantiating PDInteractionGraph
protocols.simple_filters.DdGScan: (0) 
-------------------------------------------------------------------
 Scores                       Bound      Unbound      Wghtd.Delta
-------------------------------------------------------------------
 fa_atr                   -3303.848    -3084.015     -219.832
 fa_rep                     671.464      638.625       32.839
 fa_sol                    2188.042     2054.682      133.360
 fa_intra_rep                 8.348        8.348        0.000
 fa_intra_sol_xover4        131.700      131.700        0.000
 lk_ball_wtd                -57.164      -61.788        4.625
 fa_elec                   -910.948     -841.747      -69.201
 hbond_sr_bb               -139.013     -139.013        0.000
 hbond_lr_bb               -218.459     -194.262      -24.197
 hbond_bb_sc                -86.687      -80.414       -6.273
 hbond_sc                   -79.804      -72.745       -7.059
 omega                       84.752       84.752        0.000
 fa_dun                    1576.399     1576.399        0.000
 p_aa_pp                    -95.980      -95.980        0.000
 ref                        177.176      177.176        0.000
 rama_prepro                 31.273       31.273        0.000
 total                      -22.749      132.990
-------------------------------------------------------------------
Sum ddg: -155.739
protocols.simple_filters.DdGScan: (0) input_dimer_0001 DdGScan binding ddG for mutation THR168ALA = -155.739
protocols.rosetta_scripts.ParsedProtocol.REPORT: (0)  Residue A168THR->ALA :   -0.3708
core.pack.task: (0) Packer task: initialize from command line() 
core.pack.pack_rotamers: (0) built 1 rotamers at 1 positions.
core.pack.interaction_graph.interaction_graph_factory: (0) Instantiating PDInteractionGraph
protocols.simple_filters.DdGScan: (0) 
-------------------------------------------------------------------
 Scores                       Bound      Unbound      Wghtd.Delta
-------------------------------------------------------------------
 fa_atr                   -3306.574    -3086.971     -219.603
 fa_rep                     671.622      638.800       32.823
 fa_sol                    2190.819     2058.170      132.649
 fa_intra_rep                 8.349        8.349        0.000
 fa_intra_sol_xover4        131.693      131.693        0.000
 lk_ball_wtd                -57.415      -61.818        4.403
 fa_elec                   -911.518     -842.918      -68.600
 hbond_sr_bb               -139.013     -139.013        0.000
 hbond_lr_bb               -218.459     -194.262      -24.197
 hbond_bb_sc                -88.874      -82.601       -6.273
 hbond_sc                   -78.005      -72.745       -5.261
 omega                       84.752       84.752        0.000
 fa_dun                    1576.850     1576.850        0.000
 p_aa_pp                    -95.167      -95.167        0.000
 ref                        177.176      177.176        0.000
 rama_prepro                 32.079       32.079        0.000
 total                      -21.683      132.376
-------------------------------------------------------------------
Sum ddg: -154.059
protocols.simple_filters.DdGScan: (0) input_dimer_0001 DdGScan binding ddG for mutation THR169ALA = -154.059
protocols.rosetta_scripts.ParsedProtocol.REPORT: (0)  Residue A169THR->ALA :    1.3092
core.pack.task: (0) Packer task: initialize from command line() 
core.pack.pack_rotamers: (0) built 1 rotamers at 1 positions.
core.pack.interaction_graph.interaction_graph_factory: (0) Instantiating PDInteractionGraph
protocols.simple_filters.DdGScan: (0) 
-------------------------------------------------------------------
 Scores                       Bound      Unbound      Wghtd.Delta
-------------------------------------------------------------------
 fa_atr                   -3303.803    -3084.973     -218.830
 fa_rep                     671.340      638.527       32.813
 fa_sol                    2192.215     2058.490      133.725
 fa_intra_rep                 8.340        8.340        0.000
 fa_intra_sol_xover4        131.676      131.676        0.000
 lk_ball_wtd                -57.287      -61.966        4.679
 fa_elec                   -911.989     -842.915      -69.074
 hbond_sr_bb               -139.013     -139.013        0.000
 hbond_lr_bb               -218.459     -194.262      -24.197
 hbond_bb_sc                -88.874      -82.601       -6.273
 hbond_sc                   -79.804      -72.745       -7.059
 omega                       84.752       84.752        0.000
 fa_dun                    1575.805     1575.805        0.000
 p_aa_pp                    -96.162      -96.162        0.000
 ref                        176.666      176.666        0.000
 rama_prepro                 30.987       30.987        0.000
 total                      -23.607      130.609
-------------------------------------------------------------------
Sum ddg: -154.217
protocols.simple_filters.DdGScan: (0) input_dimer_0001 DdGScan binding ddG for mutation LEU170ALA = -154.217
protocols.rosetta_scripts.ParsedProtocol.REPORT: (0)  Residue A170LEU->ALA :    1.1516
core.pack.task: (0) Packer task: initialize from command line() 
core.pack.pack_rotamers: (0) built 1 rotamers at 1 positions.
core.pack.interaction_graph.interaction_graph_factory: (0) Instantiating DensePDInteractionGraph
protocols.simple_filters.DdGScan: (0) 
-------------------------------------------------------------------
 Scores                       Bound      Unbound      Wghtd.Delta
-------------------------------------------------------------------
 fa_atr                   -3307.815    -3087.674     -220.140
 fa_rep                     671.684      638.846       32.839
 fa_sol                    2192.593     2058.669      133.924
 fa_intra_rep                 8.353        8.353        0.000
 fa_intra_sol_xover4        131.759      131.759        0.000
 lk_ball_wtd                -57.277      -61.911        4.634
 fa_elec                   -911.803     -842.708      -69.096
 hbond_sr_bb               -139.013     -139.013        0.000
 hbond_lr_bb               -218.459     -194.262      -24.197
 hbond_bb_sc                -88.874      -82.601       -6.273
 hbond_sc                   -79.804      -72.745       -7.059
 omega                       84.752       84.752        0.000
 fa_dun                    1576.900     1576.900        0.000
 p_aa_pp                    -96.497      -96.497        0.000
 ref                        177.003      177.003        0.000
 rama_prepro                 30.879       30.879        0.000
 total                      -25.619      129.750
-------------------------------------------------------------------
Sum ddg: -155.368
protocols.simple_filters.DdGScan: (0) input_dimer_0001 DdGScan binding ddG for mutation ALA225ALA = -155.368
protocols.rosetta_scripts.ParsedProtocol.REPORT: (0)  Residue A225ALA->ALA :    0.0000
core.pack.task: (0) Packer task: initialize from command line() 
core.pack.pack_rotamers: (0) built 1 rotamers at 1 positions.
core.pack.interaction_graph.interaction_graph_factory: (0) Instantiating PDInteractionGraph
protocols.simple_filters.DdGScan: (0) 
-------------------------------------------------------------------
 Scores                       Bound      Unbound      Wghtd.Delta
-------------------------------------------------------------------
 fa_atr                   -3306.539    -3086.451     -220.088
 fa_rep                     672.219      639.380       32.839
 fa_sol                    2187.057     2054.016      133.042
 fa_intra_rep                 8.351        8.351        0.000
 fa_intra_sol_xover4        131.681      131.681        0.000
 lk_ball_wtd                -57.132      -61.974        4.842
 fa_elec                   -912.067     -842.648      -69.419
 hbond_sr_bb               -139.013     -139.013        0.000
 hbond_lr_bb               -218.459     -194.262      -24.197
 hbond_bb_sc                -87.533      -81.260       -6.273
 hbond_sc                   -79.804      -72.745       -7.059
 omega                       84.752       84.752        0.000
 fa_dun                    1576.773     1576.773        0.000
 p_aa_pp                    -96.277      -96.277        0.000
 ref                        178.617      178.617        0.000
 rama_prepro                 31.138       31.138        0.000
 total                      -26.236      130.078
-------------------------------------------------------------------
Sum ddg: -156.314
protocols.simple_filters.DdGScan: (0) input_dimer_0001 DdGScan binding ddG for mutation SER226ALA = -156.314
protocols.rosetta_scripts.ParsedProtocol.REPORT: (0)  Residue A226SER->ALA :   -0.9458
core.pack.task: (0) Packer task: initialize from command line() 
core.pack.pack_rotamers: (0) built 1 rotamers at 1 positions.
core.pack.interaction_graph.interaction_graph_factory: (0) Instantiating PDInteractionGraph
protocols.simple_filters.DdGScan: (0) 
-------------------------------------------------------------------
 Scores                       Bound      Unbound      Wghtd.Delta
-------------------------------------------------------------------
 fa_atr                   -3301.259    -3084.698     -216.561
 fa_rep                     671.436      638.656       32.781
 fa_sol                    2186.948     2056.158      130.790
 fa_intra_rep                 8.348        8.348        0.000
 fa_intra_sol_xover4        130.908      130.908        0.000
 lk_ball_wtd                -56.636      -61.724        5.088
 fa_elec                   -910.513     -841.527      -68.986
 hbond_sr_bb               -139.013     -139.013        0.000
 hbond_lr_bb               -218.459     -194.262      -24.197
 hbond_bb_sc                -88.874      -82.601       -6.273
 hbond_sc                   -79.804      -72.745       -7.059
 omega                       84.752       84.752        0.000
 fa_dun                    1572.321     1572.321        0.000
 p_aa_pp                    -96.521      -96.521        0.000
 ref                        179.779      179.779        0.000
 rama_prepro                 30.817       30.817        0.000
 total                      -25.769      128.649
-------------------------------------------------------------------
Sum ddg: -154.418
protocols.simple_filters.DdGScan: (0) input_dimer_0001 DdGScan binding ddG for mutation GLN228ALA = -154.418
protocols.rosetta_scripts.ParsedProtocol.REPORT: (0)  Residue A228GLN->ALA :    0.9501
core.pack.task: (0) Packer task: initialize from command line() 
core.pack.pack_rotamers: (0) built 1 rotamers at 1 positions.
core.pack.interaction_graph.interaction_graph_factory: (0) Instantiating DensePDInteractionGraph
protocols.simple_filters.DdGScan: (0) 
-------------------------------------------------------------------
 Scores                       Bound      Unbound      Wghtd.Delta
-------------------------------------------------------------------
 fa_atr                   -3307.815    -3087.674     -220.140
 fa_rep                     671.684      638.846       32.839
 fa_sol                    2192.593     2058.669      133.924
 fa_intra_rep                 8.353        8.353        0.000
 fa_intra_sol_xover4        131.759      131.759        0.000
 lk_ball_wtd                -57.277      -61.911        4.634
 fa_elec                   -911.803     -842.708      -69.096
 hbond_sr_bb               -139.013     -139.013        0.000
 hbond_lr_bb               -218.459     -194.262      -24.197
 hbond_bb_sc                -88.874      -82.601       -6.273
 hbond_sc                   -79.804      -72.745       -7.059
 omega                       84.752       84.752        0.000
 fa_dun                    1576.900     1576.900        0.000
 p_aa_pp                    -96.497      -96.497        0.000
 ref                        177.003      177.003        0.000
 rama_prepro                 30.879       30.879        0.000
 total                      -25.619      129.750
-------------------------------------------------------------------
Sum ddg: -155.368
protocols.simple_filters.DdGScan: (0) input_dimer_0001 DdGScan binding ddG for mutation ALA229ALA = -155.368
protocols.rosetta_scripts.ParsedProtocol.REPORT: (0)  Residue A229ALA->ALA :    0.0000
core.pack.task: (0) Packer task: initialize from command line() 
core.pack.pack_rotamers: (0) built 1 rotamers at 1 positions.
core.pack.interaction_graph.interaction_graph_factory: (0) Instantiating PDInteractionGraph
protocols.simple_filters.DdGScan: (0) 
-------------------------------------------------------------------
 Scores                       Bound      Unbound      Wghtd.Delta
-------------------------------------------------------------------
 fa_atr                   -3296.406    -3077.188     -219.218
 fa_rep                     666.353      633.529       32.825
 fa_sol                    2190.941     2056.890      134.052
 fa_intra_rep                 8.347        8.347        0.000
 fa_intra_sol_xover4        131.732      131.732        0.000
 lk_ball_wtd                -57.249      -61.892        4.643
 fa_elec                   -911.683     -842.614      -69.070
 hbond_sr_bb               -139.013     -139.013        0.000
 hbond_lr_bb               -218.459     -194.262      -24.197
 hbond_bb_sc                -88.874      -82.601       -6.273
 hbond_sc                   -79.804      -72.745       -7.059
 omega                       84.752       84.752        0.000
 fa_dun                    1573.257     1573.257        0.000
 p_aa_pp                    -96.465      -96.465        0.000
 ref                        176.670      176.670        0.000
 rama_prepro                 30.755       30.755        0.000
 total                      -25.144      129.153
-------------------------------------------------------------------
Sum ddg: -154.297
protocols.simple_filters.DdGScan: (0) input_dimer_0001 DdGScan binding ddG for mutation MET231ALA = -154.297
protocols.rosetta_scripts.ParsedProtocol.REPORT: (0)  Residue A231MET->ALA :    1.0711
core.pack.task: (0) Packer task: initialize from command line() 
core.pack.pack_rotamers: (0) built 1 rotamers at 1 positions.
core.pack.interaction_graph.interaction_graph_factory: (0) Instantiating PDInteractionGraph
protocols.simple_filters.DdGScan: (0) 
-------------------------------------------------------------------
 Scores                       Bound      Unbound      Wghtd.Delta
-------------------------------------------------------------------
 fa_atr                   -3298.850    -3084.416     -214.434
 fa_rep                     670.142      638.786       31.356
 fa_sol                    2189.019     2056.950      132.069
 fa_intra_rep                 8.332        8.332        0.000
 fa_intra_sol_xover4        131.412      131.412        0.000
 lk_ball_wtd                -56.470      -61.534        5.064
 fa_elec                   -910.688     -841.652      -69.035
 hbond_sr_bb               -139.013     -139.013        0.000
 hbond_lr_bb               -218.459     -194.262      -24.197
 hbond_bb_sc                -88.874      -82.601       -6.273
 hbond_sc                   -79.804      -72.745       -7.059
 omega                       84.752       84.752        0.000
 fa_dun                    1574.850     1574.850        0.000
 p_aa_pp                    -96.591      -96.591        0.000
 ref                        177.745      177.745        0.000
 rama_prepro                 30.814       30.814        0.000
 total                      -21.680      130.828
-------------------------------------------------------------------
Sum ddg: -152.509
protocols.simple_filters.DdGScan: (0) input_dimer_0001 DdGScan binding ddG for mutation TYR232ALA = -152.509
protocols.rosetta_scripts.ParsedProtocol.REPORT: (0)  Residue A232TYR->ALA :    2.8596
core.pack.task: (0) Packer task: initialize from command line() 
core.pack.pack_rotamers: (0) built 1 rotamers at 1 positions.
core.pack.interaction_graph.interaction_graph_factory: (0) Instantiating PDInteractionGraph
protocols.simple_filters.DdGScan: (0) 
-------------------------------------------------------------------
 Scores                       Bound      Unbound      Wghtd.Delta
-------------------------------------------------------------------
 fa_atr                   -3305.490    -3086.328     -219.163
 fa_rep                     666.858      638.759       28.099
 fa_sol                    2187.179     2055.765      131.413
 fa_intra_rep                 8.349        8.349        0.000
 fa_intra_sol_xover4        131.509      131.509        0.000
 lk_ball_wtd                -57.106      -61.501        4.395
 fa_elec                   -910.618     -841.775      -68.843
 hbond_sr_bb               -139.013     -139.013        0.000
 hbond_lr_bb               -218.459     -194.262      -24.197
 hbond_bb_sc                -88.874      -82.601       -6.273
 hbond_sc                   -79.804      -72.745       -7.059
 omega                       84.752       84.752        0.000
 fa_dun                    1570.220     1570.220        0.000
 p_aa_pp                    -96.475      -96.475        0.000
 ref                        181.052      181.052        0.000
 rama_prepro                 31.042       31.042        0.000
 total                      -34.876      126.751
-------------------------------------------------------------------
Sum ddg: -161.626
protocols.simple_filters.DdGScan: (0) input_dimer_0001 DdGScan binding ddG for mutation GLU236ALA = -161.626
protocols.rosetta_scripts.ParsedProtocol.REPORT: (0)  Residue A236GLU->ALA :   -6.2583
core.pack.task: (0) Packer task: initialize from command line() 
core.pack.pack_rotamers: (0) built 1 rotamers at 1 positions.
core.pack.interaction_graph.interaction_graph_factory: (0) Instantiating PDInteractionGraph
protocols.simple_filters.DdGScan: (0) 
-------------------------------------------------------------------
 Scores                       Bound      Unbound      Wghtd.Delta
-------------------------------------------------------------------
 fa_atr                   -3299.185    -3079.488     -219.696
 fa_rep                     671.244      638.436       32.808
 fa_sol                    2192.415     2058.483      133.932
 fa_intra_rep                 8.341        8.341        0.000
 fa_intra_sol_xover4        131.671      131.671        0.000
 lk_ball_wtd                -56.371      -61.044        4.674
 fa_elec                   -911.801     -842.627      -69.174
 hbond_sr_bb               -139.013     -139.013        0.000
 hbond_lr_bb               -218.459     -194.262      -24.197
 hbond_bb_sc                -88.874      -82.601       -6.273
 hbond_sc                   -79.804      -72.745       -7.059
 omega                       84.752       84.752        0.000
 fa_dun                    1575.179     1575.179        0.000
 p_aa_pp                    -96.547      -96.547        0.000
 ref                        176.666      176.666        0.000
 rama_prepro                 30.516       30.516        0.000
 total                      -19.268      135.719
-------------------------------------------------------------------
Sum ddg: -154.986
protocols.simple_filters.DdGScan: (0) input_dimer_0001 DdGScan binding ddG for mutation LEU239ALA = -154.986
protocols.rosetta_scripts.ParsedProtocol.REPORT: (0)  Residue A239LEU->ALA :    0.3817
core.pack.task: (0) Packer task: initialize from command line() 
core.pack.pack_rotamers: (0) built 1 rotamers at 1 positions.
core.pack.interaction_graph.interaction_graph_factory: (0) Instantiating PDInteractionGraph
protocols.simple_filters.DdGScan: (0) 
-------------------------------------------------------------------
 Scores                       Bound      Unbound      Wghtd.Delta
-------------------------------------------------------------------
 fa_atr                   -3305.364    -3085.819     -219.545
 fa_rep                     671.278      638.500       32.778
 fa_sol                    2190.110     2056.457      133.654
 fa_intra_rep                 8.349        8.349        0.000
 fa_intra_sol_xover4        131.676      131.676        0.000
 lk_ball_wtd                -57.326      -61.802        4.477
 fa_elec                   -912.526     -843.295      -69.231
 hbond_sr_bb               -139.013     -139.013        0.000
 hbond_lr_bb               -218.459     -194.262      -24.197
 hbond_bb_sc                -88.874      -82.601       -6.273
 hbond_sc                   -79.804      -72.745       -7.059
 omega                       84.752       84.752        0.000
 fa_dun                    1576.642     1576.642        0.000
 p_aa_pp                    -96.557      -96.557        0.000
 ref                        177.176      177.176        0.000
 rama_prepro                 31.382       31.382        0.000
 total                      -26.556      128.842
-------------------------------------------------------------------
Sum ddg: -155.397
protocols.simple_filters.DdGScan: (0) input_dimer_0001 DdGScan binding ddG for mutation THR247ALA = -155.397
protocols.rosetta_scripts.ParsedProtocol.REPORT: (0)  Residue A247THR->ALA :   -0.0291
core.pack.task: (0) Packer task: initialize from command line() 
core.pack.pack_rotamers: (0) built 1 rotamers at 1 positions.
core.pack.interaction_graph.interaction_graph_factory: (0) Instantiating PDInteractionGraph
protocols.simple_filters.DdGScan: (0) 
-------------------------------------------------------------------
 Scores                       Bound      Unbound      Wghtd.Delta
-------------------------------------------------------------------
 fa_atr                   -3301.409    -3082.386     -219.023
 fa_rep                     670.877      638.686       32.192
 fa_sol                    2185.614     2053.925      131.689
 fa_intra_rep                 8.349        8.349        0.000
 fa_intra_sol_xover4        131.282      131.282        0.000
 lk_ball_wtd                -57.229      -61.355        4.126
 fa_elec                   -913.357     -843.040      -70.317
 hbond_sr_bb               -139.013     -139.013        0.000
 hbond_lr_bb               -218.459     -194.262      -24.197
 hbond_bb_sc                -88.874      -82.601       -6.273
 hbond_sc                   -79.804      -72.745       -7.059
 omega                       84.752       84.752        0.000
 fa_dun                    1574.060     1574.060        0.000
 p_aa_pp                    -96.318      -96.318        0.000
 ref                        178.628      178.628        0.000
 rama_prepro                 30.887       30.887        0.000
 total                      -30.013      128.849
-------------------------------------------------------------------
Sum ddg: -158.863
protocols.simple_filters.DdGScan: (0) input_dimer_0001 DdGScan binding ddG for mutation HIS256ALA = -158.863
protocols.rosetta_scripts.ParsedProtocol.REPORT: (0)  Residue A256HIS->ALA :   -3.4944
core.pack.task: (0) Packer task: initialize from command line() 
core.pack.pack_rotamers: (0) built 1 rotamers at 1 positions.
core.pack.interaction_graph.interaction_graph_factory: (0) Instantiating PDInteractionGraph
protocols.simple_filters.DdGScan: (0) 
-------------------------------------------------------------------
 Scores                       Bound      Unbound      Wghtd.Delta
-------------------------------------------------------------------
 fa_atr                   -3306.090    -3086.832     -219.258
 fa_rep                     671.276      638.452       32.824
 fa_sol                    2188.786     2056.926      131.860
 fa_intra_rep                 8.351        8.351        0.000
 fa_intra_sol_xover4        131.023      131.023        0.000
 lk_ball_wtd                -56.878      -61.729        4.850
 fa_elec                   -909.849     -842.066      -67.784
 hbond_sr_bb               -139.013     -139.013        0.000
 hbond_lr_bb               -218.459     -194.262      -24.197
 hbond_bb_sc                -88.874      -82.601       -6.273
 hbond_sc                   -79.804      -72.745       -7.059
 omega                       84.752       84.752        0.000
 fa_dun                    1573.495     1573.495        0.000
 p_aa_pp                    -97.263      -97.263        0.000
 ref                        180.473      180.473        0.000
 rama_prepro                 25.806       25.806        0.000
 total                      -32.268      122.769
-------------------------------------------------------------------
Sum ddg: -155.037
protocols.simple_filters.DdGScan: (0) input_dimer_0001 DdGScan binding ddG for mutation ASP283ALA = -155.037
protocols.rosetta_scripts.ParsedProtocol.REPORT: (0)  Residue A283ASP->ALA :    0.3311
core.pack.task: (0) Packer task: initialize from command line() 
core.pack.pack_rotamers: (0) built 1 rotamers at 1 positions.
core.pack.interaction_graph.interaction_graph_factory: (0) Instantiating PDInteractionGraph
protocols.simple_filters.DdGScan: (0) 
-------------------------------------------------------------------
 Scores                       Bound      Unbound      Wghtd.Delta
-------------------------------------------------------------------
 fa_atr                   -3305.786    -3087.255     -218.531
 fa_rep                     673.732      638.850       34.882
 fa_sol                    2189.779     2058.498      131.282
 fa_intra_rep                 8.351        8.351        0.000
 fa_intra_sol_xover4        131.668      131.668        0.000
 lk_ball_wtd                -57.122      -61.935        4.813
 fa_elec                   -912.126     -842.493      -69.632
 hbond_sr_bb               -139.013     -139.013        0.000
 hbond_lr_bb               -218.459     -194.262      -24.197
 hbond_bb_sc                -88.874      -82.601       -6.273
 hbond_sc                   -79.804      -72.745       -7.059
 omega                       84.810       84.810        0.000
 fa_dun                    1576.628     1576.628        0.000
 p_aa_pp                    -95.216      -95.216        0.000
 ref                        179.971      179.971        0.000
 rama_prepro                 26.119       26.119        0.000
 total                      -25.340      129.376
-------------------------------------------------------------------
Sum ddg: -154.716
protocols.simple_filters.DdGScan: (0) input_dimer_0001 DdGScan binding ddG for mutation PRO284ALA = -154.716
protocols.rosetta_scripts.ParsedProtocol.REPORT: (0)  Residue A284PRO->ALA :    0.6524
core.pack.task: (0) Packer task: initialize from command line() 
core.pack.pack_rotamers: (0) built 1 rotamers at 1 positions.
core.pack.interaction_graph.interaction_graph_factory: (0) Instantiating PDInteractionGraph
protocols.simple_filters.DdGScan: (0) 
-------------------------------------------------------------------
 Scores                       Bound      Unbound      Wghtd.Delta
-------------------------------------------------------------------
 fa_atr                   -3303.370    -3085.182     -218.189
 fa_rep                     671.624      638.794       32.830
 fa_sol                    2186.616     2055.099      131.517
 fa_intra_rep                 8.349        8.349        0.000
 fa_intra_sol_xover4        130.930      130.930        0.000
 lk_ball_wtd                -57.107      -61.877        4.770
 fa_elec                   -910.493     -841.908      -68.585
 hbond_sr_bb               -139.013     -139.013        0.000
 hbond_lr_bb               -218.459     -194.262      -24.197
 hbond_bb_sc                -88.874      -82.601       -6.273
 hbond_sc                   -78.073      -72.745       -5.328
 omega                       84.752       84.752        0.000
 fa_dun                    1573.554     1573.554        0.000
 p_aa_pp                    -97.205      -97.205        0.000
 ref                        179.668      179.668        0.000
 rama_prepro                 30.678       30.678        0.000
 total                      -26.422      127.033
-------------------------------------------------------------------
Sum ddg: -153.454
protocols.simple_filters.DdGScan: (0) input_dimer_0001 DdGScan binding ddG for mutation ASN285ALA = -153.454
protocols.rosetta_scripts.ParsedProtocol.REPORT: (0)  Residue A285ASN->ALA :    1.9138
core.pack.task: (0) Packer task: initialize from command line() 
core.pack.pack_rotamers: (0) built 1 rotamers at 1 positions.
core.pack.interaction_graph.interaction_graph_factory: (0) Instantiating PDInteractionGraph
protocols.simple_filters.DdGScan: (0) 
-------------------------------------------------------------------
 Scores                       Bound      Unbound      Wghtd.Delta
-------------------------------------------------------------------
 fa_atr                   -3310.868    -3089.759     -221.109
 fa_rep                     689.451      656.313       33.137
 fa_sol                    2191.903     2057.906      133.996
 fa_intra_rep                 8.354        8.354        0.000
 fa_intra_sol_xover4        131.759      131.759        0.000
 lk_ball_wtd                -56.954      -61.804        4.850
 fa_elec                   -911.599     -842.720      -68.879
 hbond_sr_bb               -139.013     -139.013        0.000
 hbond_lr_bb               -218.459     -194.262      -24.197
 hbond_bb_sc                -88.874      -82.601       -6.273
 hbond_sc                   -79.804      -72.745       -7.059
 omega                       84.644       84.644        0.000
 fa_dun                    1576.900     1576.900        0.000
 p_aa_pp                    -97.126      -97.126        0.000
 ref                        177.529      177.529        0.000
 rama_prepro                 30.131       30.131        0.000
 total                      -12.025      143.508
-------------------------------------------------------------------
Sum ddg: -155.533
protocols.simple_filters.DdGScan: (0) input_dimer_0001 DdGScan binding ddG for mutation GLY286ALA = -155.533
protocols.rosetta_scripts.ParsedProtocol.REPORT: (0)  Residue A286GLY->ALA :   -0.1647
core.pack.task: (0) Packer task: initialize from command line() 
core.pack.pack_rotamers: (0) built 1 rotamers at 1 positions.
core.pack.interaction_graph.interaction_graph_factory: (0) Instantiating PDInteractionGraph
protocols.simple_filters.DdGScan: (0) 
-------------------------------------------------------------------
 Scores                       Bound      Unbound      Wghtd.Delta
-------------------------------------------------------------------
 fa_atr                   -3302.564    -3083.859     -218.705
 fa_rep                     671.395      638.736       32.659
 fa_sol                    2191.250     2057.503      133.747
 fa_intra_rep                 8.340        8.340        0.000
 fa_intra_sol_xover4        131.664      131.664        0.000
 lk_ball_wtd                -56.828      -61.502        4.673
 fa_elec                   -911.862     -842.914      -68.948
 hbond_sr_bb               -139.013     -139.013        0.000
 hbond_lr_bb               -218.459     -194.262      -24.197
 hbond_bb_sc                -88.874      -82.601       -6.273
 hbond_sc                   -79.804      -72.745       -7.059
 omega                       84.752       84.752        0.000
 fa_dun                    1576.119     1576.119        0.000
 p_aa_pp                    -95.971      -95.971        0.000
 ref                        176.666      176.666        0.000
 rama_prepro                 31.768       31.768        0.000
 total                      -21.420      132.684
-------------------------------------------------------------------
Sum ddg: -154.103
protocols.simple_filters.DdGScan: (0) input_dimer_0001 DdGScan binding ddG for mutation LEU287ALA = -154.103
protocols.rosetta_scripts.ParsedProtocol.REPORT: (0)  Residue A287LEU->ALA :    1.2649
core.pack.task: (0) Packer task: initialize from command line() 
core.pack.pack_rotamers: (0) built 1 rotamers at 1 positions.
core.pack.interaction_graph.interaction_graph_factory: (0) Instantiating PDInteractionGraph
protocols.simple_filters.DdGScan: (0) 
-------------------------------------------------------------------
 Scores                       Bound      Unbound      Wghtd.Delta
-------------------------------------------------------------------
 fa_atr                   -3299.643    -3080.994     -218.650
 fa_rep                     670.288      637.494       32.794
 fa_sol                    2193.024     2059.120      133.903
 fa_intra_rep                 8.336        8.336        0.000
 fa_intra_sol_xover4        131.645      131.645        0.000
 lk_ball_wtd                -56.730      -61.317        4.588
 fa_elec                   -911.932     -842.846      -69.086
 hbond_sr_bb               -139.013     -139.013        0.000
 hbond_lr_bb               -218.459     -194.262      -24.197
 hbond_bb_sc                -88.874      -82.601       -6.273
 hbond_sc                   -79.804      -72.745       -7.059
 omega                       84.755       84.755        0.000
 fa_dun                    1574.116     1574.116        0.000
 p_aa_pp                    -95.270      -95.270        0.000
 ref                        176.024      176.024        0.000
 rama_prepro                 32.230       32.230        0.000
 total                      -19.305      134.675
-------------------------------------------------------------------
Sum ddg: -153.979
protocols.simple_filters.DdGScan: (0) input_dimer_0001 DdGScan binding ddG for mutation ILE288ALA = -153.979
protocols.rosetta_scripts.ParsedProtocol.REPORT: (0)  Residue A288ILE->ALA :    1.3888
core.pack.task: (0) Packer task: initialize from command line() 
core.pack.pack_rotamers: (0) built 1 rotamers at 1 positions.
core.pack.interaction_graph.interaction_graph_factory: (0) Instantiating PDInteractionGraph
protocols.simple_filters.DdGScan: (0) 
-------------------------------------------------------------------
 Scores                       Bound      Unbound      Wghtd.Delta
-------------------------------------------------------------------
 fa_atr                   -3303.023    -3084.298     -218.725
 fa_rep                     671.366      638.679       32.688
 fa_sol                    2187.469     2054.477      132.993
 fa_intra_rep                 8.347        8.347        0.000
 fa_intra_sol_xover4        131.598      131.598        0.000
 lk_ball_wtd                -57.246      -61.971        4.725
 fa_elec                   -910.791     -841.401      -69.390
 hbond_sr_bb               -139.013     -139.013        0.000
 hbond_lr_bb               -218.459     -194.262      -24.197
 hbond_bb_sc                -88.874      -82.601       -6.273
 hbond_sc                   -78.064      -71.005       -7.059
 omega                       84.752       84.752        0.000
 fa_dun                    1574.839     1574.839        0.000
 p_aa_pp                    -96.381      -96.381        0.000
 ref                        179.042      179.042        0.000
 rama_prepro                 31.370       31.370        0.000
 total                      -23.066      132.173
-------------------------------------------------------------------
Sum ddg: -155.239
protocols.simple_filters.DdGScan: (0) input_dimer_0001 DdGScan binding ddG for mutation LYS289ALA = -155.239
protocols.rosetta_scripts.ParsedProtocol.REPORT: (0)  Residue A289LYS->ALA :    0.1292
core.pack.task: (0) Packer task: initialize from command line() 
core.pack.pack_rotamers: (0) built 1 rotamers at 1 positions.
core.pack.interaction_graph.interaction_graph_factory: (0) Instantiating PDInteractionGraph
protocols.simple_filters.DdGScan: (0) 
-------------------------------------------------------------------
 Scores                       Bound      Unbound      Wghtd.Delta
-------------------------------------------------------------------
 fa_atr                   -3303.792    -3085.955     -217.836
 fa_rep                     672.777      639.538       33.239
 fa_sol                    2192.233     2057.941      134.293
 fa_intra_rep                 8.350        8.350        0.000
 fa_intra_sol_xover4        131.735      131.735        0.000
 lk_ball_wtd                -57.300      -61.887        4.587
 fa_elec                   -912.475     -843.125      -69.350
 hbond_sr_bb               -139.013     -139.013        0.000
 hbond_lr_bb               -218.459     -194.262      -24.197
 hbond_bb_sc                -88.874      -82.601       -6.273
 hbond_sc                   -79.804      -72.745       -7.059
 omega                       84.752       84.752        0.000
 fa_dun                    1573.876     1573.876        0.000
 p_aa_pp                    -96.295      -96.295        0.000
 ref                        175.073      175.073        0.000
 rama_prepro                 30.711       30.711        0.000
 total                      -26.503      126.093
-------------------------------------------------------------------
Sum ddg: -152.596
protocols.simple_filters.DdGScan: (0) input_dimer_0001 DdGScan binding ddG for mutation CYS290ALA = -152.596
protocols.rosetta_scripts.ParsedProtocol.REPORT: (0)  Residue A290CYS->ALA :    2.7723
core.pack.task: (0) Packer task: initialize from command line() 
core.pack.pack_rotamers: (0) built 1 rotamers at 1 positions.
core.pack.interaction_graph.interaction_graph_factory: (0) Instantiating PDInteractionGraph
protocols.simple_filters.DdGScan: (0) 
-------------------------------------------------------------------
 Scores                       Bound      Unbound      Wghtd.Delta
-------------------------------------------------------------------
 fa_atr                   -3304.988    -3085.495     -219.493
 fa_rep                     671.666      638.805       32.861
 fa_sol                    2189.719     2057.080      132.639
 fa_intra_rep                 8.347        8.347        0.000
 fa_intra_sol_xover4        131.701      131.701        0.000
 lk_ball_wtd                -56.818      -61.528        4.710
 fa_elec                   -911.960     -842.790      -69.169
 hbond_sr_bb               -139.013     -139.013        0.000
 hbond_lr_bb               -218.459     -194.262      -24.197
 hbond_bb_sc                -88.874      -82.601       -6.273
 hbond_sc                   -79.804      -72.745       -7.059
 omega                       84.752       84.752        0.000
 fa_dun                    1576.687     1576.687        0.000
 p_aa_pp                    -95.819      -95.819        0.000
 ref                        177.176      177.176        0.000
 rama_prepro                 31.599       31.599        0.000
 total                      -24.087      131.895
-------------------------------------------------------------------
Sum ddg: -155.982
protocols.simple_filters.DdGScan: (0) input_dimer_0001 DdGScan binding ddG for mutation THR291ALA = -155.982
protocols.rosetta_scripts.ParsedProtocol.REPORT: (0)  Residue A291THR->ALA :   -0.6136
core.pack.task: (0) Packer task: initialize from command line() 
core.pack.pack_rotamers: (0) built 1 rotamers at 1 positions.
core.pack.interaction_graph.interaction_graph_factory: (0) Instantiating PDInteractionGraph
protocols.simple_filters.DdGScan: (0) 
-------------------------------------------------------------------
 Scores                       Bound      Unbound      Wghtd.Delta
-------------------------------------------------------------------
 fa_atr                   -3301.983    -3083.533     -218.451
 fa_rep                     670.876      638.347       32.529
 fa_sol                    2193.686     2059.628      134.058
 fa_intra_rep                 8.339        8.339        0.000
 fa_intra_sol_xover4        131.719      131.719        0.000
 lk_ball_wtd                -57.004      -61.815        4.810
 fa_elec                   -911.871     -842.642      -69.229
 hbond_sr_bb               -139.013     -139.013        0.000
 hbond_lr_bb               -218.459     -194.262      -24.197
 hbond_bb_sc                -88.874      -82.601       -6.273
 hbond_sc                   -79.804      -72.745       -7.059
 omega                       84.777       84.777        0.000
 fa_dun                    1576.585     1576.585        0.000
 p_aa_pp                    -95.242      -95.242        0.000
 ref                        175.685      175.685        0.000
 rama_prepro                 31.761       31.761        0.000
 total                      -18.822      134.990
-------------------------------------------------------------------
Sum ddg: -153.811
protocols.simple_filters.DdGScan: (0) input_dimer_0001 DdGScan binding ddG for mutation VAL292ALA = -153.811
protocols.rosetta_scripts.ParsedProtocol.REPORT: (0)  Residue A292VAL->ALA :    1.5567
core.pack.task: (0) Packer task: initialize from command line() 
core.pack.pack_rotamers: (0) built 1 rotamers at 1 positions.
core.pack.interaction_graph.interaction_graph_factory: (0) Instantiating PDInteractionGraph
protocols.simple_filters.DdGScan: (0) 
-------------------------------------------------------------------
 Scores                       Bound      Unbound      Wghtd.Delta
-------------------------------------------------------------------
 fa_atr                   -3310.235    -3088.932     -221.303
 fa_rep                     741.408      642.070       99.339
 fa_sol                    2192.074     2058.167      133.907
 fa_intra_rep                 8.354        8.354        0.000
 fa_intra_sol_xover4        131.759      131.759        0.000
 lk_ball_wtd                -57.298      -61.785        4.487
 fa_elec                   -911.555     -842.488      -69.066
 hbond_sr_bb               -139.013     -139.013        0.000
 hbond_lr_bb               -218.459     -194.262      -24.197
 hbond_bb_sc                -88.874      -82.601       -6.273
 hbond_sc                   -79.804      -72.745       -7.059
 omega                       84.820       84.820        0.000
 fa_dun                    1576.900     1576.900        0.000
 p_aa_pp                    -95.877      -95.877        0.000
 ref                        177.529      177.529        0.000
 rama_prepro                 31.556       31.556        0.000
 total                       43.287      133.453
-------------------------------------------------------------------
Sum ddg: -90.1655
protocols.simple_filters.DdGScan: (0) input_dimer_0001 DdGScan binding ddG for mutation GLY293ALA = -90.1655
protocols.rosetta_scripts.ParsedProtocol.REPORT: (0)  Residue A293GLY->ALA :   65.2027
core.pack.task: (0) Packer task: initialize from command line() 
core.pack.pack_rotamers: (0) built 1 rotamers at 1 positions.
core.pack.interaction_graph.interaction_graph_factory: (0) Instantiating PDInteractionGraph
protocols.simple_filters.DdGScan: (0) 
-------------------------------------------------------------------
 Scores                       Bound      Unbound      Wghtd.Delta
-------------------------------------------------------------------
 fa_atr                   -3299.726    -3079.606     -220.120
 fa_rep                     671.321      638.483       32.839
 fa_sol                    2183.565     2049.646      133.919
 fa_intra_rep                 8.330        8.330        0.000
 fa_intra_sol_xover4        131.395      131.395        0.000
 lk_ball_wtd                -57.916      -62.550        4.634
 fa_elec                   -906.239     -837.113      -69.125
 hbond_sr_bb               -139.013     -139.013        0.000
 hbond_lr_bb               -218.459     -194.262      -24.197
 hbond_bb_sc                -85.947      -79.674       -6.273
 hbond_sc                   -79.804      -72.745       -7.059
 omega                       84.752       84.752        0.000
 fa_dun                    1567.402     1567.402        0.000
 p_aa_pp                    -96.328      -96.328        0.000
 ref                        178.422      178.422        0.000
 rama_prepro                 31.049       31.049        0.000
 total                      -27.195      128.188
-------------------------------------------------------------------
Sum ddg: -155.382
protocols.simple_filters.DdGScan: (0) input_dimer_0001 DdGScan binding ddG for mutation ARG294ALA = -155.382
protocols.rosetta_scripts.ParsedProtocol.REPORT: (0)  Residue A294ARG->ALA :   -0.0143
core.pack.task: (0) Packer task: initialize from command line() 
core.pack.pack_rotamers: (0) built 1 rotamers at 1 positions.
core.pack.interaction_graph.interaction_graph_factory: (0) Instantiating PDInteractionGraph
protocols.simple_filters.DdGScan: (0) 
-------------------------------------------------------------------
 Scores                       Bound      Unbound      Wghtd.Delta
-------------------------------------------------------------------
 fa_atr                   -3307.008    -3087.535     -219.474
 fa_rep                     670.831      638.846       31.986
 fa_sol                    2189.002     2058.212      130.790
 fa_intra_rep                 8.345        8.345        0.000
 fa_intra_sol_xover4        131.705      131.705        0.000
 lk_ball_wtd                -57.590      -61.916        4.326
 fa_elec                   -911.463     -842.895      -68.569
 hbond_sr_bb               -139.013     -139.013        0.000
 hbond_lr_bb               -218.459     -194.262      -24.197
 hbond_bb_sc                -88.874      -82.601       -6.273
 hbond_sc                   -79.804      -72.745       -7.059
 omega                       84.752       84.752        0.000
 fa_dun                    1562.278     1562.278        0.000
 p_aa_pp                    -96.497      -96.497        0.000
 ref                        178.617      178.617        0.000
 rama_prepro                 30.879       30.879        0.000
 total                      -42.299      116.171
-------------------------------------------------------------------
Sum ddg: -158.47
protocols.simple_filters.DdGScan: (0) input_dimer_0001 DdGScan binding ddG for mutation SER295ALA = -158.47
protocols.rosetta_scripts.ParsedProtocol.REPORT: (0)  Residue A295SER->ALA :   -3.1017
core.pack.task: (0) Packer task: initialize from command line() 
core.pack.pack_rotamers: (0) built 1 rotamers at 1 positions.
core.pack.interaction_graph.interaction_graph_factory: (0) Instantiating PDInteractionGraph
protocols.simple_filters.DdGScan: (0) 
-------------------------------------------------------------------
 Scores                       Bound      Unbound      Wghtd.Delta
-------------------------------------------------------------------
 fa_atr                   -3307.058    -3087.663     -219.395
 fa_rep                     667.033      638.836       28.198
 fa_sol                    2188.356     2058.468      129.888
 fa_intra_rep                 8.347        8.347        0.000
 fa_intra_sol_xover4        131.709      131.709        0.000
 lk_ball_wtd                -57.270      -61.904        4.635
 fa_elec                   -911.981     -842.738      -69.243
 hbond_sr_bb               -139.013     -139.013        0.000
 hbond_lr_bb               -218.459     -194.262      -24.197
 hbond_bb_sc                -88.874      -82.601       -6.273
 hbond_sc                   -79.804      -72.745       -7.059
 omega                       84.752       84.752        0.000
 fa_dun                    1567.169     1567.169        0.000
 p_aa_pp                    -96.497      -96.497        0.000
 ref                        178.617      178.617        0.000
 rama_prepro                 30.879       30.879        0.000
 total                      -42.091      121.355
-------------------------------------------------------------------
Sum ddg: -163.446
protocols.simple_filters.DdGScan: (0) input_dimer_0001 DdGScan binding ddG for mutation SER296ALA = -163.446
protocols.rosetta_scripts.ParsedProtocol.REPORT: (0)  Residue B1SER->ALA :   -8.0781
core.pack.task: (0) Packer task: initialize from command line() 
core.pack.pack_rotamers: (0) built 1 rotamers at 1 positions.
core.pack.interaction_graph.interaction_graph_factory: (0) Instantiating DensePDInteractionGraph
protocols.simple_filters.DdGScan: (0) 
-------------------------------------------------------------------
 Scores                       Bound      Unbound      Wghtd.Delta
-------------------------------------------------------------------
 fa_atr                   -3307.815    -3087.674     -220.140
 fa_rep                     671.684      638.846       32.839
 fa_sol                    2192.593     2058.669      133.924
 fa_intra_rep                 8.353        8.353        0.000
 fa_intra_sol_xover4        131.759      131.759        0.000
 lk_ball_wtd                -57.277      -61.911        4.634
 fa_elec                   -911.803     -842.708      -69.096
 hbond_sr_bb               -139.013     -139.013        0.000
 hbond_lr_bb               -218.459     -194.262      -24.197
 hbond_bb_sc                -88.874      -82.601       -6.273
 hbond_sc                   -79.804      -72.745       -7.059
 omega                       84.752       84.752        0.000
 fa_dun                    1576.900     1576.900        0.000
 p_aa_pp                    -96.497      -96.497        0.000
 ref                        177.003      177.003        0.000
 rama_prepro                 30.879       30.879        0.000
 total                      -25.619      129.750
-------------------------------------------------------------------
Sum ddg: -155.368
protocols.simple_filters.DdGScan: (0) input_dimer_0001 DdGScan binding ddG for mutation ALA297ALA = -155.368
protocols.rosetta_scripts.ParsedProtocol.REPORT: (0)  Residue B2ALA->ALA :    0.0000
core.pack.task: (0) Packer task: initialize from command line() 
core.pack.pack_rotamers: (0) built 1 rotamers at 1 positions.
core.pack.interaction_graph.interaction_graph_factory: (0) Instantiating PDInteractionGraph
protocols.simple_filters.DdGScan: (0) 
-------------------------------------------------------------------
 Scores                       Bound      Unbound      Wghtd.Delta
-------------------------------------------------------------------
 fa_atr                   -3302.696    -3084.234     -218.463
 fa_rep                     671.213      638.758       32.455
 fa_sol                    2193.972     2059.430      134.542
 fa_intra_rep                 8.337        8.337        0.000
 fa_intra_sol_xover4        131.710      131.710        0.000
 lk_ball_wtd                -57.080      -61.795        4.715
 fa_elec                   -911.787     -842.703      -69.083
 hbond_sr_bb               -139.013     -139.013        0.000
 hbond_lr_bb               -218.459     -194.262      -24.197
 hbond_bb_sc                -88.874      -82.601       -6.273
 hbond_sc                   -79.804      -72.745       -7.059
 omega                       84.757       84.757        0.000
 fa_dun                    1576.494     1576.494        0.000
 p_aa_pp                    -95.690      -95.690        0.000
 ref                        175.685      175.685        0.000
 rama_prepro                 31.521       31.521        0.000
 total                      -19.714      133.649
-------------------------------------------------------------------
Sum ddg: -153.363
protocols.simple_filters.DdGScan: (0) input_dimer_0001 DdGScan binding ddG for mutation VAL298ALA = -153.363
protocols.rosetta_scripts.ParsedProtocol.REPORT: (0)  Residue B3VAL->ALA :    2.0054
core.pack.task: (0) Packer task: initialize from command line() 
core.pack.pack_rotamers: (0) built 1 rotamers at 1 positions.
core.pack.interaction_graph.interaction_graph_factory: (0) Instantiating PDInteractionGraph
protocols.simple_filters.DdGScan: (0) 
-------------------------------------------------------------------
 Scores                       Bound      Unbound      Wghtd.Delta
-------------------------------------------------------------------
 fa_atr                   -3304.489    -3087.061     -217.428
 fa_rep                     671.308      638.845       32.463
 fa_sol                    2189.929     2058.009      131.920
 fa_intra_rep                 8.114        8.114        0.000
 fa_intra_sol_xover4        131.315      131.315        0.000
 lk_ball_wtd                -57.288      -61.832        4.545
 fa_elec                   -911.987     -842.632      -69.355
 hbond_sr_bb               -139.013     -139.013        0.000
 hbond_lr_bb               -218.459     -194.262      -24.197
 hbond_bb_sc                -88.874      -82.601       -6.273
 hbond_sc                   -79.804      -72.745       -7.059
 omega                       84.752       84.752        0.000
 fa_dun                    1563.960     1563.960        0.000
 p_aa_pp                    -95.962      -95.962        0.000
 ref                        179.042      179.042        0.000
 rama_prepro                 31.338       31.338        0.000
 total                      -36.116      119.269
-------------------------------------------------------------------
Sum ddg: -155.385
protocols.simple_filters.DdGScan: (0) input_dimer_0001 DdGScan binding ddG for mutation LYS299ALA = -155.385
protocols.rosetta_scripts.ParsedProtocol.REPORT: (0)  Residue B4LYS->ALA :   -0.0166
core.pack.task: (0) Packer task: initialize from command line() 
core.pack.pack_rotamers: (0) built 1 rotamers at 1 positions.
core.pack.interaction_graph.interaction_graph_factory: (0) Instantiating DensePDInteractionGraph
protocols.simple_filters.DdGScan: (0) 
-------------------------------------------------------------------
 Scores                       Bound      Unbound      Wghtd.Delta
-------------------------------------------------------------------
 fa_atr                   -3307.815    -3087.674     -220.140
 fa_rep                     671.684      638.846       32.839
 fa_sol                    2192.593     2058.669      133.924
 fa_intra_rep                 8.353        8.353        0.000
 fa_intra_sol_xover4        131.759      131.759        0.000
 lk_ball_wtd                -57.277      -61.911        4.634
 fa_elec                   -911.803     -842.708      -69.096
 hbond_sr_bb               -139.013     -139.013        0.000
 hbond_lr_bb               -218.459     -194.262      -24.197
 hbond_bb_sc                -88.874      -82.601       -6.273
 hbond_sc                   -79.804      -72.745       -7.059
 omega                       84.752       84.752        0.000
 fa_dun                    1576.900     1576.900        0.000
 p_aa_pp                    -96.497      -96.497        0.000
 ref                        177.003      177.003        0.000
 rama_prepro                 30.879       30.879        0.000
 total                      -25.619      129.750
-------------------------------------------------------------------
Sum ddg: -155.368
protocols.simple_filters.DdGScan: (0) input_dimer_0001 DdGScan binding ddG for mutation ALA300ALA = -155.368
protocols.rosetta_scripts.ParsedProtocol.REPORT: (0)  Residue B5ALA->ALA :    0.0000
core.pack.task: (0) Packer task: initialize from command line() 
core.pack.pack_rotamers: (0) built 1 rotamers at 1 positions.
core.pack.interaction_graph.interaction_graph_factory: (0) Instantiating DensePDInteractionGraph
protocols.simple_filters.DdGScan: (0) 
-------------------------------------------------------------------
 Scores                       Bound      Unbound      Wghtd.Delta
-------------------------------------------------------------------
 fa_atr                   -3307.815    -3087.674     -220.140
 fa_rep                     671.684      638.846       32.839
 fa_sol                    2192.593     2058.669      133.924
 fa_intra_rep                 8.353        8.353        0.000
 fa_intra_sol_xover4        131.759      131.759        0.000
 lk_ball_wtd                -57.277      -61.911        4.634
 fa_elec                   -911.803     -842.708      -69.096
 hbond_sr_bb               -139.013     -139.013        0.000
 hbond_lr_bb               -218.459     -194.262      -24.197
 hbond_bb_sc                -88.874      -82.601       -6.273
 hbond_sc                   -79.804      -72.745       -7.059
 omega                       84.752       84.752        0.000
 fa_dun                    1576.900     1576.900        0.000
 p_aa_pp                    -96.497      -96.497        0.000
 ref                        177.003      177.003        0.000
 rama_prepro                 30.879       30.879        0.000
 total                      -25.619      129.750
-------------------------------------------------------------------
Sum ddg: -155.368
protocols.simple_filters.DdGScan: (0) input_dimer_0001 DdGScan binding ddG for mutation ALA301ALA = -155.368
protocols.rosetta_scripts.ParsedProtocol.REPORT: (0)  Residue B6ALA->ALA :    0.0000
core.pack.task: (0) Packer task: initialize from command line() 
core.pack.pack_rotamers: (0) built 1 rotamers at 1 positions.
core.pack.interaction_graph.interaction_graph_factory: (0) Instantiating PDInteractionGraph
protocols.simple_filters.DdGScan: (0) 
-------------------------------------------------------------------
 Scores                       Bound      Unbound      Wghtd.Delta
-------------------------------------------------------------------
 fa_atr                   -3301.483    -3082.368     -219.115
 fa_rep                     671.077      638.396       32.681
 fa_sol                    2185.909     2052.496      133.413
 fa_intra_rep                 8.341        8.341        0.000
 fa_intra_sol_xover4        131.316      131.316        0.000
 lk_ball_wtd                -56.035      -60.675        4.640
 fa_elec                   -911.080     -841.734      -69.346
 hbond_sr_bb               -139.013     -139.013        0.000
 hbond_lr_bb               -218.459     -194.262      -24.197
 hbond_bb_sc                -88.874      -82.601       -6.273
 hbond_sc                   -79.804      -72.745       -7.059
 omega                       84.752       84.752        0.000
 fa_dun                    1574.140     1574.140        0.000
 p_aa_pp                    -96.923      -96.923        0.000
 ref                        178.422      178.422        0.000
 rama_prepro                 30.890       30.890        0.000
 total                      -26.824      128.433
-------------------------------------------------------------------
Sum ddg: -155.257
protocols.simple_filters.DdGScan: (0) input_dimer_0001 DdGScan binding ddG for mutation ARG302ALA = -155.257
protocols.rosetta_scripts.ParsedProtocol.REPORT: (0)  Residue B7ARG->ALA :    0.1113
core.pack.task: (0) Packer task: initialize from command line() 
core.pack.pack_rotamers: (0) built 1 rotamers at 1 positions.
core.pack.interaction_graph.interaction_graph_factory: (0) Instantiating PDInteractionGraph
protocols.simple_filters.DdGScan: (0) 
-------------------------------------------------------------------
 Scores                       Bound      Unbound      Wghtd.Delta
-------------------------------------------------------------------
 fa_atr                   -3298.484    -3079.284     -219.200
 fa_rep                     671.119      638.366       32.753
 fa_sol                    2188.740     2056.322      132.417
 fa_intra_rep                 8.326        8.326        0.000
 fa_intra_sol_xover4        131.209      131.209        0.000
 lk_ball_wtd                -57.417      -62.099        4.682
 fa_elec                   -909.899     -840.873      -69.026
 hbond_sr_bb               -139.013     -139.013        0.000
 hbond_lr_bb               -218.459     -194.262      -24.197
 hbond_bb_sc                -87.453      -81.181       -6.273
 hbond_sc                   -79.804      -72.745       -7.059
 omega                       84.752       84.752        0.000
 fa_dun                    1573.113     1573.113        0.000
 p_aa_pp                    -96.839      -96.839        0.000
 ref                        177.745      177.745        0.000
 rama_prepro                 30.936       30.936        0.000
 total                      -21.427      134.475
-------------------------------------------------------------------
Sum ddg: -155.902
protocols.simple_filters.DdGScan: (0) input_dimer_0001 DdGScan binding ddG for mutation TYR303ALA = -155.902
protocols.rosetta_scripts.ParsedProtocol.REPORT: (0)  Residue B8TYR->ALA :   -0.5341
core.pack.task: (0) Packer task: initialize from command line() 
core.pack.pack_rotamers: (0) built 1 rotamers at 1 positions.
core.pack.interaction_graph.interaction_graph_factory: (0) Instantiating PDInteractionGraph
protocols.simple_filters.DdGScan: (0) 
-------------------------------------------------------------------
 Scores                       Bound      Unbound      Wghtd.Delta
-------------------------------------------------------------------
 fa_atr                   -3311.722    -3091.534     -220.188
 fa_rep                     864.205      831.366       32.839
 fa_sol                    2190.833     2056.866      133.967
 fa_intra_rep                 8.354        8.354        0.000
 fa_intra_sol_xover4        131.759      131.759        0.000
 lk_ball_wtd                -57.141      -61.797        4.656
 fa_elec                   -911.930     -842.833      -69.097
 hbond_sr_bb               -139.013     -139.013        0.000
 hbond_lr_bb               -218.459     -194.262      -24.197
 hbond_bb_sc                -88.874      -82.601       -6.273
 hbond_sc                   -79.804      -72.745       -7.059
 omega                       84.971       84.971        0.000
 fa_dun                    1576.900     1576.900        0.000
 p_aa_pp                    -92.943      -92.943        0.000
 ref                        177.529      177.529        0.000
 rama_prepro                 35.557       35.557        0.000
 total                      170.224      325.576
-------------------------------------------------------------------
Sum ddg: -155.352
protocols.simple_filters.DdGScan: (0) input_dimer_0001 DdGScan binding ddG for mutation GLY304ALA = -155.352
protocols.rosetta_scripts.ParsedProtocol.REPORT: (0)  Residue B9GLY->ALA :    0.0164
core.pack.task: (0) Packer task: initialize from command line() 
core.pack.pack_rotamers: (0) built 1 rotamers at 1 positions.
core.pack.interaction_graph.interaction_graph_factory: (0) Instantiating PDInteractionGraph
protocols.simple_filters.DdGScan: (0) 
-------------------------------------------------------------------
 Scores                       Bound      Unbound      Wghtd.Delta
-------------------------------------------------------------------
 fa_atr                   -3297.114    -3081.831     -215.283
 fa_rep                     668.553      636.969       31.583
 fa_sol                    2179.505     2051.059      128.446
 fa_intra_rep                 8.342        8.342        0.000
 fa_intra_sol_xover4        131.583      131.583        0.000
 lk_ball_wtd                -57.741      -62.004        4.263
 fa_elec                   -914.013     -842.795      -71.219
 hbond_sr_bb               -139.013     -139.013        0.000
 hbond_lr_bb               -218.459     -194.262      -24.197
 hbond_bb_sc                -88.874      -82.601       -6.273
 hbond_sc                   -79.008      -71.949       -7.059
 omega                       84.752       84.752        0.000
 fa_dun                    1570.769     1570.769        0.000
 p_aa_pp                    -96.189      -96.189        0.000
 ref                        179.042      179.042        0.000
 rama_prepro                 31.644       31.644        0.000
 total                      -36.221      123.518
-------------------------------------------------------------------
Sum ddg: -159.739
protocols.simple_filters.DdGScan: (0) input_dimer_0001 DdGScan binding ddG for mutation LYS305ALA = -159.739
protocols.rosetta_scripts.ParsedProtocol.REPORT: (0)  Residue B10LYS->ALA :   -4.3704
core.pack.task: (0) Packer task: initialize from command line() 
core.pack.pack_rotamers: (0) built 1 rotamers at 1 positions.
core.pack.interaction_graph.interaction_graph_factory: (0) Instantiating PDInteractionGraph
protocols.simple_filters.DdGScan: (0) 
-------------------------------------------------------------------
 Scores                       Bound      Unbound      Wghtd.Delta
-------------------------------------------------------------------
 fa_atr                   -3305.093    -3085.562     -219.531
 fa_rep                     671.462      638.632       32.831
 fa_sol                    2185.697     2053.366      132.331
 fa_intra_rep                 8.350        8.350        0.000
 fa_intra_sol_xover4        131.429      131.429        0.000
 lk_ball_wtd                -56.636      -61.399        4.763
 fa_elec                   -909.656     -840.841      -68.815
 hbond_sr_bb               -139.013     -139.013        0.000
 hbond_lr_bb               -218.459     -194.262      -24.197
 hbond_bb_sc                -88.228      -81.955       -6.273
 hbond_sc                   -79.804      -72.745       -7.059
 omega                       84.752       84.752        0.000
 fa_dun                    1573.580     1573.580        0.000
 p_aa_pp                    -96.772      -96.772        0.000
 ref                        180.473      180.473        0.000
 rama_prepro                 30.902       30.902        0.000
 total                      -27.014      128.935
-------------------------------------------------------------------
Sum ddg: -155.95
protocols.simple_filters.DdGScan: (0) input_dimer_0001 DdGScan binding ddG for mutation ASP306ALA = -155.95
protocols.rosetta_scripts.ParsedProtocol.REPORT: (0)  Residue B11ASP->ALA :   -0.5814
core.pack.task: (0) Packer task: initialize from command line() 
core.pack.pack_rotamers: (0) built 1 rotamers at 1 positions.
core.pack.interaction_graph.interaction_graph_factory: (0) Instantiating PDInteractionGraph
protocols.simple_filters.DdGScan: (0) 
-------------------------------------------------------------------
 Scores                       Bound      Unbound      Wghtd.Delta
-------------------------------------------------------------------
 fa_atr                   -3305.446    -3086.016     -219.430
 fa_rep                     671.546      638.712       32.835
 fa_sol                    2188.117     2055.897      132.220
 fa_intra_rep                 8.349        8.349        0.000
 fa_intra_sol_xover4        131.440      131.440        0.000
 lk_ball_wtd                -56.798      -61.085        4.288
 fa_elec                   -911.246     -842.683      -68.564
 hbond_sr_bb               -139.013     -139.013        0.000
 hbond_lr_bb               -218.459     -194.262      -24.197
 hbond_bb_sc                -88.874      -82.601       -6.273
 hbond_sc                   -78.073      -72.745       -5.328
 omega                       84.752       84.752        0.000
 fa_dun                    1575.226     1575.226        0.000
 p_aa_pp                    -95.259      -95.259        0.000
 ref                        179.668      179.668        0.000
 rama_prepro                 31.754       31.754        0.000
 total                      -22.315      132.134
-------------------------------------------------------------------
Sum ddg: -154.449
protocols.simple_filters.DdGScan: (0) input_dimer_0001 DdGScan binding ddG for mutation ASN307ALA = -154.449
protocols.rosetta_scripts.ParsedProtocol.REPORT: (0)  Residue B12ASN->ALA :    0.9190
core.pack.task: (0) Packer task: initialize from command line() 
core.pack.pack_rotamers: (0) built 1 rotamers at 1 positions.
core.pack.interaction_graph.interaction_graph_factory: (0) Instantiating PDInteractionGraph
protocols.simple_filters.DdGScan: (0) 
-------------------------------------------------------------------
 Scores                       Bound      Unbound      Wghtd.Delta
-------------------------------------------------------------------
 fa_atr                   -3301.980    -3082.466     -219.514
 fa_rep                     671.233      638.626       32.608
 fa_sol                    2193.471     2059.477      133.994
 fa_intra_rep                 8.339        8.339        0.000
 fa_intra_sol_xover4        131.710      131.710        0.000
 lk_ball_wtd                -57.122      -61.756        4.634
 fa_elec                   -911.884     -842.737      -69.148
 hbond_sr_bb               -139.013     -139.013        0.000
 hbond_lr_bb               -218.459     -194.262      -24.197
 hbond_bb_sc                -88.874      -82.601       -6.273
 hbond_sc                   -79.804      -72.745       -7.059
 omega                       84.682       84.682        0.000
 fa_dun                    1576.857     1576.857        0.000
 p_aa_pp                    -95.955      -95.955        0.000
 ref                        175.685      175.685        0.000
 rama_prepro                 31.527       31.527        0.000
 total                      -19.587      135.369
-------------------------------------------------------------------
Sum ddg: -154.955
protocols.simple_filters.DdGScan: (0) input_dimer_0001 DdGScan binding ddG for mutation VAL308ALA = -154.955
protocols.rosetta_scripts.ParsedProtocol.REPORT: (0)  Residue B13VAL->ALA :    0.4131
core.pack.task: (0) Packer task: initialize from command line() 
core.pack.pack_rotamers: (0) built 1 rotamers at 1 positions.
core.pack.interaction_graph.interaction_graph_factory: (0) Instantiating PDInteractionGraph
protocols.simple_filters.DdGScan: (0) 
-------------------------------------------------------------------
 Scores                       Bound      Unbound      Wghtd.Delta
-------------------------------------------------------------------
 fa_atr                   -3305.663    -3086.180     -219.484
 fa_rep                     671.684      638.846       32.839
 fa_sol                    2189.339     2056.393      132.946
 fa_intra_rep                 8.342        8.342        0.000
 fa_intra_sol_xover4        131.415      131.415        0.000
 lk_ball_wtd                -57.365      -62.104        4.739
 fa_elec                   -908.444     -840.612      -67.832
 hbond_sr_bb               -139.013     -139.013        0.000
 hbond_lr_bb               -218.459     -194.262      -24.197
 hbond_bb_sc                -88.874      -82.601       -6.273
 hbond_sc                   -79.085      -72.026       -7.059
 omega                       84.752       84.752        0.000
 fa_dun                    1574.625     1574.625        0.000
 p_aa_pp                    -96.143      -96.143        0.000
 ref                        178.422      178.422        0.000
 rama_prepro                 31.157       31.157        0.000
 total                      -23.310      131.010
-------------------------------------------------------------------
Sum ddg: -154.32
protocols.simple_filters.DdGScan: (0) input_dimer_0001 DdGScan binding ddG for mutation ARG309ALA = -154.32
protocols.rosetta_scripts.ParsedProtocol.REPORT: (0)  Residue B14ARG->ALA :    1.0477
core.pack.task: (0) Packer task: initialize from command line() 
core.pack.pack_rotamers: (0) built 1 rotamers at 1 positions.
core.pack.interaction_graph.interaction_graph_factory: (0) Instantiating PDInteractionGraph
protocols.simple_filters.DdGScan: (0) 
-------------------------------------------------------------------
 Scores                       Bound      Unbound      Wghtd.Delta
-------------------------------------------------------------------
 fa_atr                   -3304.494    -3084.546     -219.947
 fa_rep                     671.657      638.819       32.839
 fa_sol                    2191.211     2057.155      134.056
 fa_intra_rep                 8.352        8.352        0.000
 fa_intra_sol_xover4        131.727      131.727        0.000
 lk_ball_wtd                -57.090      -61.724        4.634
 fa_elec                   -911.768     -842.687      -69.081
 hbond_sr_bb               -139.013     -139.013        0.000
 hbond_lr_bb               -218.459     -194.262      -24.197
 hbond_bb_sc                -88.874      -82.601       -6.273
 hbond_sc                   -79.804      -72.745       -7.059
 omega                       84.752       84.752        0.000
 fa_dun                    1576.197     1576.197        0.000
 p_aa_pp                    -96.119      -96.119        0.000
 ref                        175.073      175.073        0.000
 rama_prepro                 31.250       31.250        0.000
 total                      -25.400      129.628
-------------------------------------------------------------------
Sum ddg: -155.028
protocols.simple_filters.DdGScan: (0) input_dimer_0001 DdGScan binding ddG for mutation CYS330ALA = -155.028
protocols.rosetta_scripts.ParsedProtocol.REPORT: (0)  Residue B35CYS->ALA :    0.3401
core.pack.task: (0) Packer task: initialize from command line() 
core.pack.pack_rotamers: (0) built 1 rotamers at 1 positions.
core.pack.interaction_graph.interaction_graph_factory: (0) Instantiating PDInteractionGraph
protocols.simple_filters.DdGScan: (0) 
-------------------------------------------------------------------
 Scores                       Bound      Unbound      Wghtd.Delta
-------------------------------------------------------------------
 fa_atr                   -3301.353    -3082.926     -218.428
 fa_rep                     671.143      638.495       32.648
 fa_sol                    2192.113     2057.384      134.729
 fa_intra_rep                 8.339        8.339        0.000
 fa_intra_sol_xover4        131.697      131.697        0.000
 lk_ball_wtd                -57.298      -61.905        4.607
 fa_elec                   -911.940     -842.771      -69.169
 hbond_sr_bb               -139.013     -139.013        0.000
 hbond_lr_bb               -218.459     -194.262      -24.197
 hbond_bb_sc                -88.874      -82.601       -6.273
 hbond_sc                   -79.804      -72.745       -7.059
 omega                       84.752       84.752        0.000
 fa_dun                    1576.536     1576.536        0.000
 p_aa_pp                    -95.875      -95.875        0.000
 ref                        176.666      176.666        0.000
 rama_prepro                 31.566       31.566        0.000
 total                      -19.802      133.340
-------------------------------------------------------------------
Sum ddg: -153.142
protocols.simple_filters.DdGScan: (0) input_dimer_0001 DdGScan binding ddG for mutation LEU332ALA = -153.142
protocols.rosetta_scripts.ParsedProtocol.REPORT: (0)  Residue B37LEU->ALA :    2.2264
core.pack.task: (0) Packer task: initialize from command line() 
core.pack.pack_rotamers: (0) built 1 rotamers at 1 positions.
core.pack.interaction_graph.interaction_graph_factory: (0) Instantiating PDInteractionGraph
protocols.simple_filters.DdGScan: (0) 
-------------------------------------------------------------------
 Scores                       Bound      Unbound      Wghtd.Delta
-------------------------------------------------------------------
 fa_atr                   -3306.439    -3086.523     -219.916
 fa_rep                     671.500      638.665       32.835
 fa_sol                    2187.463     2054.367      133.096
 fa_intra_rep                 8.353        8.353        0.000
 fa_intra_sol_xover4        131.719      131.719        0.000
 lk_ball_wtd                -57.176      -61.749        4.573
 fa_elec                   -911.369     -842.487      -68.881
 hbond_sr_bb               -139.013     -139.013        0.000
 hbond_lr_bb               -218.459     -194.262      -24.197
 hbond_bb_sc                -88.874      -82.601       -6.273
 hbond_sc                   -79.804      -72.745       -7.059
 omega                       84.752       84.752        0.000
 fa_dun                    1576.223     1576.223        0.000
 p_aa_pp                    -96.860      -96.860        0.000
 ref                        178.617      178.617        0.000
 rama_prepro                 30.669       30.669        0.000
 total                      -28.696      127.127
-------------------------------------------------------------------
Sum ddg: -155.822
protocols.simple_filters.DdGScan: (0) input_dimer_0001 DdGScan binding ddG for mutation SER340ALA = -155.822
protocols.rosetta_scripts.ParsedProtocol.REPORT: (0)  Residue B45SER->ALA :   -0.4542
core.pack.task: (0) Packer task: initialize from command line() 
core.pack.pack_rotamers: (0) built 1 rotamers at 1 positions.
core.pack.interaction_graph.interaction_graph_factory: (0) Instantiating PDInteractionGraph
protocols.simple_filters.DdGScan: (0) 
-------------------------------------------------------------------
 Scores                       Bound      Unbound      Wghtd.Delta
-------------------------------------------------------------------
 fa_atr                   -3295.340    -3082.573     -212.767
 fa_rep                     671.063      638.467       32.595
 fa_sol                    2188.887     2056.702      132.184
 fa_intra_rep                 8.333        8.333        0.000
 fa_intra_sol_xover4        131.519      131.519        0.000
 lk_ball_wtd                -57.062      -61.774        4.712
 fa_elec                   -911.149     -842.271      -68.878
 hbond_sr_bb               -139.013     -139.013        0.000
 hbond_lr_bb               -218.459     -194.262      -24.197
 hbond_bb_sc                -88.874      -82.601       -6.273
 hbond_sc                   -79.804      -72.745       -7.059
 omega                       84.752       84.752        0.000
 fa_dun                    1574.278     1574.278        0.000
 p_aa_pp                    -96.304      -96.304        0.000
 ref                        177.745      177.745        0.000
 rama_prepro                 30.988       30.988        0.000
 total                      -18.438      131.244
-------------------------------------------------------------------
Sum ddg: -149.682
protocols.simple_filters.DdGScan: (0) input_dimer_0001 DdGScan binding ddG for mutation TYR341ALA = -149.682
protocols.rosetta_scripts.ParsedProtocol.REPORT: (0)  Residue B46TYR->ALA :    5.6863
core.pack.task: (0) Packer task: initialize from command line() 
core.pack.pack_rotamers: (0) built 1 rotamers at 1 positions.
core.pack.interaction_graph.interaction_graph_factory: (0) Instantiating PDInteractionGraph
protocols.simple_filters.DdGScan: (0) 
-------------------------------------------------------------------
 Scores                       Bound      Unbound      Wghtd.Delta
-------------------------------------------------------------------
 fa_atr                   -3304.680    -3085.460     -219.220
 fa_rep                     670.436      638.646       31.789
 fa_sol                    2190.237     2056.186      134.051
 fa_intra_rep                 8.348        8.348        0.000
 fa_intra_sol_xover4        131.700      131.700        0.000
 lk_ball_wtd                -57.133      -61.699        4.566
 fa_elec                   -912.071     -843.034      -69.038
 hbond_sr_bb               -139.013     -139.013        0.000
 hbond_lr_bb               -218.459     -194.262      -24.197
 hbond_bb_sc                -88.874      -82.601       -6.273
 hbond_sc                   -79.804      -72.745       -7.059
 omega                       84.752       84.752        0.000
 fa_dun                    1576.705     1576.705        0.000
 p_aa_pp                    -95.855      -95.855        0.000
 ref                        177.176      177.176        0.000
 rama_prepro                 31.264       31.264        0.000
 total                      -25.271      130.110
-------------------------------------------------------------------
Sum ddg: -155.38
protocols.simple_filters.DdGScan: (0) input_dimer_0001 DdGScan binding ddG for mutation THR342ALA = -155.38
protocols.rosetta_scripts.ParsedProtocol.REPORT: (0)  Residue B47THR->ALA :   -0.0120
core.pack.task: (0) Packer task: initialize from command line() 
core.pack.pack_rotamers: (0) built 1 rotamers at 1 positions.
core.pack.interaction_graph.interaction_graph_factory: (0) Instantiating DensePDInteractionGraph
protocols.simple_filters.DdGScan: (0) 
-------------------------------------------------------------------
 Scores                       Bound      Unbound      Wghtd.Delta
-------------------------------------------------------------------
 fa_atr                   -3307.815    -3087.674     -220.140
 fa_rep                     671.684      638.846       32.839
 fa_sol                    2192.593     2058.669      133.924
 fa_intra_rep                 8.353        8.353        0.000
 fa_intra_sol_xover4        131.759      131.759        0.000
 lk_ball_wtd                -57.277      -61.911        4.634
 fa_elec                   -911.803     -842.708      -69.096
 hbond_sr_bb               -139.013     -139.013        0.000
 hbond_lr_bb               -218.459     -194.262      -24.197
 hbond_bb_sc                -88.874      -82.601       -6.273
 hbond_sc                   -79.804      -72.745       -7.059
 omega                       84.752       84.752        0.000
 fa_dun                    1576.900     1576.900        0.000
 p_aa_pp                    -96.497      -96.497        0.000
 ref                        177.003      177.003        0.000
 rama_prepro                 30.879       30.879        0.000
 total                      -25.619      129.750
-------------------------------------------------------------------
Sum ddg: -155.368
protocols.simple_filters.DdGScan: (0) input_dimer_0001 DdGScan binding ddG for mutation ALA344ALA = -155.368
protocols.rosetta_scripts.ParsedProtocol.REPORT: (0)  Residue B49ALA->ALA :    0.0000
core.pack.task: (0) Packer task: initialize from command line() 
core.pack.pack_rotamers: (0) built 1 rotamers at 1 positions.
core.pack.interaction_graph.interaction_graph_factory: (0) Instantiating PDInteractionGraph
protocols.simple_filters.DdGScan: (0) 
-------------------------------------------------------------------
 Scores                       Bound      Unbound      Wghtd.Delta
-------------------------------------------------------------------
 fa_atr                   -3303.532    -3086.434     -217.099
 fa_rep                     671.680      638.818       32.862
 fa_sol                    2186.831     2057.265      129.566
 fa_intra_rep                 8.349        8.349        0.000
 fa_intra_sol_xover4        131.481      131.481        0.000
 lk_ball_wtd                -57.446      -61.836        4.390
 fa_elec                   -910.170     -842.652      -67.518
 hbond_sr_bb               -139.013     -139.013        0.000
 hbond_lr_bb               -218.459     -194.262      -24.197
 hbond_bb_sc                -86.886      -82.601       -4.285
 hbond_sc                   -79.804      -72.745       -7.059
 omega                       84.752       84.752        0.000
 fa_dun                    1575.215     1575.215        0.000
 p_aa_pp                    -96.334      -96.334        0.000
 ref                        179.668      179.668        0.000
 rama_prepro                 30.848       30.848        0.000
 total                      -22.818      130.521
-------------------------------------------------------------------
Sum ddg: -153.34
protocols.simple_filters.DdGScan: (0) input_dimer_0001 DdGScan binding ddG for mutation ASN346ALA = -153.34
protocols.rosetta_scripts.ParsedProtocol.REPORT: (0)  Residue B51ASN->ALA :    2.0284
core.pack.task: (0) Packer task: initialize from command line() 
core.pack.pack_rotamers: (0) built 1 rotamers at 1 positions.
core.pack.interaction_graph.interaction_graph_factory: (0) Instantiating PDInteractionGraph
protocols.simple_filters.DdGScan: (0) 
-------------------------------------------------------------------
 Scores                       Bound      Unbound      Wghtd.Delta
-------------------------------------------------------------------
 fa_atr                   -3307.101    -3086.948     -220.153
 fa_rep                     671.383      638.544       32.839
 fa_sol                    2189.835     2056.005      133.830
 fa_intra_rep                 8.350        8.350        0.000
 fa_intra_sol_xover4        131.701      131.701        0.000
 lk_ball_wtd                -57.553      -62.175        4.622
 fa_elec                   -912.402     -843.581      -68.821
 hbond_sr_bb               -139.013     -139.013        0.000
 hbond_lr_bb               -218.459     -194.262      -24.197
 hbond_bb_sc                -88.874      -82.601       -6.273
 hbond_sc                   -79.804      -72.745       -7.059
 omega                       84.752       84.752        0.000
 fa_dun                    1575.256     1575.256        0.000
 p_aa_pp                    -96.762      -96.762        0.000
 ref                        178.617      178.617        0.000
 rama_prepro                 30.690       30.690        0.000
 total                      -29.384      125.829
-------------------------------------------------------------------
Sum ddg: -155.213
protocols.simple_filters.DdGScan: (0) input_dimer_0001 DdGScan binding ddG for mutation SER347ALA = -155.213
protocols.rosetta_scripts.ParsedProtocol.REPORT: (0)  Residue B52SER->ALA :    0.1553
core.pack.task: (0) Packer task: initialize from command line() 
core.pack.pack_rotamers: (0) built 1 rotamers at 1 positions.
core.pack.interaction_graph.interaction_graph_factory: (0) Instantiating PDInteractionGraph
protocols.simple_filters.DdGScan: (0) 
-------------------------------------------------------------------
 Scores                       Bound      Unbound      Wghtd.Delta
-------------------------------------------------------------------
 fa_atr                   -3300.341    -3082.370     -217.971
 fa_rep                     669.269      636.485       32.785
 fa_sol                    2191.816     2057.677      134.139
 fa_intra_rep                 8.318        8.318        0.000
 fa_intra_sol_xover4        131.681      131.681        0.000
 lk_ball_wtd                -56.823      -61.781        4.958
 fa_elec                   -912.034     -842.841      -69.194
 hbond_sr_bb               -139.013     -139.013        0.000
 hbond_lr_bb               -218.459     -194.262      -24.197
 hbond_bb_sc                -88.874      -82.601       -6.273
 hbond_sc                   -79.804      -72.745       -7.059
 omega                       84.766       84.766        0.000
 fa_dun                    1576.398     1576.398        0.000
 p_aa_pp                    -95.446      -95.446        0.000
 ref                        176.024      176.024        0.000
 rama_prepro                 31.790       31.790        0.000
 total                      -20.733      132.079
-------------------------------------------------------------------
Sum ddg: -152.812
protocols.simple_filters.DdGScan: (0) input_dimer_0001 DdGScan binding ddG for mutation ILE349ALA = -152.812
protocols.rosetta_scripts.ParsedProtocol.REPORT: (0)  Residue B54ILE->ALA :    2.5565
core.pack.task: (0) Packer task: initialize from command line() 
core.pack.pack_rotamers: (0) built 1 rotamers at 1 positions.
core.pack.interaction_graph.interaction_graph_factory: (0) Instantiating PDInteractionGraph
protocols.simple_filters.DdGScan: (0) 
-------------------------------------------------------------------
 Scores                       Bound      Unbound      Wghtd.Delta
-------------------------------------------------------------------
 fa_atr                   -3303.289    -3083.766     -219.523
 fa_rep                     671.544      638.785       32.759
 fa_sol                    2194.072     2059.689      134.383
 fa_intra_rep                 8.344        8.344        0.000
 fa_intra_sol_xover4        131.710      131.710        0.000
 lk_ball_wtd                -57.056      -61.691        4.634
 fa_elec                   -911.798     -842.694      -69.104
 hbond_sr_bb               -139.013     -139.013        0.000
 hbond_lr_bb               -218.459     -194.262      -24.197
 hbond_bb_sc                -88.874      -82.601       -6.273
 hbond_sc                   -79.804      -72.745       -7.059
 omega                       84.783       84.783        0.000
 fa_dun                    1576.788     1576.788        0.000
 p_aa_pp                    -95.893      -95.893        0.000
 ref                        175.685      175.685        0.000
 rama_prepro                 31.337       31.337        0.000
 total                      -19.922      134.458
-------------------------------------------------------------------
Sum ddg: -154.38
protocols.simple_filters.DdGScan: (0) input_dimer_0001 DdGScan binding ddG for mutation VAL350ALA = -154.38
protocols.rosetta_scripts.ParsedProtocol.REPORT: (0)  Residue B55VAL->ALA :    0.9884
core.pack.task: (0) Packer task: initialize from command line() 
core.pack.pack_rotamers: (0) built 1 rotamers at 1 positions.
core.pack.interaction_graph.interaction_graph_factory: (0) Instantiating DensePDInteractionGraph
protocols.simple_filters.DdGScan: (0) 
-------------------------------------------------------------------
 Scores                       Bound      Unbound      Wghtd.Delta
-------------------------------------------------------------------
 fa_atr                   -3307.815    -3087.674     -220.140
 fa_rep                     671.684      638.846       32.839
 fa_sol                    2192.593     2058.669      133.924
 fa_intra_rep                 8.353        8.353        0.000
 fa_intra_sol_xover4        131.759      131.759        0.000
 lk_ball_wtd                -57.277      -61.911        4.634
 fa_elec                   -911.803     -842.708      -69.096
 hbond_sr_bb               -139.013     -139.013        0.000
 hbond_lr_bb               -218.459     -194.262      -24.197
 hbond_bb_sc                -88.874      -82.601       -6.273
 hbond_sc                   -79.804      -72.745       -7.059
 omega                       84.752       84.752        0.000
 fa_dun                    1576.900     1576.900        0.000
 p_aa_pp                    -96.497      -96.497        0.000
 ref                        177.003      177.003        0.000
 rama_prepro                 30.879       30.879        0.000
 total                      -25.619      129.750
-------------------------------------------------------------------
Sum ddg: -155.368
protocols.simple_filters.DdGScan: (0) input_dimer_0001 DdGScan binding ddG for mutation ALA351ALA = -155.368
protocols.rosetta_scripts.ParsedProtocol.REPORT: (0)  Residue B56ALA->ALA :    0.0000
core.pack.task: (0) Packer task: initialize from command line() 
core.pack.pack_rotamers: (0) built 1 rotamers at 1 positions.
core.pack.interaction_graph.interaction_graph_factory: (0) Instantiating PDInteractionGraph
protocols.simple_filters.DdGScan: (0) 
-------------------------------------------------------------------
 Scores                       Bound      Unbound      Wghtd.Delta
-------------------------------------------------------------------
 fa_atr                   -3304.905    -3085.373     -219.533
 fa_rep                     673.692      640.854       32.839
 fa_sol                    2189.614     2056.097      133.517
 fa_intra_rep                 8.348        8.348        0.000
 fa_intra_sol_xover4        131.703      131.703        0.000
 lk_ball_wtd                -57.304      -61.999        4.695
 fa_elec                   -911.642     -842.837      -68.806
 hbond_sr_bb               -139.013     -139.013        0.000
 hbond_lr_bb               -218.459     -194.262      -24.197
 hbond_bb_sc                -88.874      -82.601       -6.273
 hbond_sc                   -79.008      -71.949       -7.059
 omega                       84.752       84.752        0.000
 fa_dun                    1576.374     1576.374        0.000
 p_aa_pp                    -96.829      -96.829        0.000
 ref                        177.176      177.176        0.000
 rama_prepro                 30.381       30.381        0.000
 total                      -23.993      130.823
-------------------------------------------------------------------
Sum ddg: -154.816
protocols.simple_filters.DdGScan: (0) input_dimer_0001 DdGScan binding ddG for mutation THR352ALA = -154.816
protocols.rosetta_scripts.ParsedProtocol.REPORT: (0)  Residue B57THR->ALA :    0.5518
core.pack.task: (0) Packer task: initialize from command line() 
core.pack.pack_rotamers: (0) built 1 rotamers at 1 positions.
core.pack.interaction_graph.interaction_graph_factory: (0) Instantiating PDInteractionGraph
protocols.simple_filters.DdGScan: (0) 
-------------------------------------------------------------------
 Scores                       Bound      Unbound      Wghtd.Delta
-------------------------------------------------------------------
 fa_atr                   -3305.638    -3086.427     -219.212
 fa_rep                     671.666      638.844       32.822
 fa_sol                    2185.824     2054.321      131.503
 fa_intra_rep                 8.351        8.351        0.000
 fa_intra_sol_xover4        131.018      131.018        0.000
 lk_ball_wtd                -56.495      -61.398        4.903
 fa_elec                   -905.929     -838.425      -67.504
 hbond_sr_bb               -139.013     -139.013        0.000
 hbond_lr_bb               -218.459     -194.262      -24.197
 hbond_bb_sc                -88.874      -82.601       -6.273
 hbond_sc                   -79.804      -72.745       -7.059
 omega                       84.752       84.752        0.000
 fa_dun                    1573.360     1573.360        0.000
 p_aa_pp                    -96.971      -96.971        0.000
 ref                        180.473      180.473        0.000
 rama_prepro                 30.628       30.628        0.000
 total                      -25.109      129.907
-------------------------------------------------------------------
Sum ddg: -155.017
protocols.simple_filters.DdGScan: (0) input_dimer_0001 DdGScan binding ddG for mutation ASP353ALA = -155.017
protocols.rosetta_scripts.ParsedProtocol.REPORT: (0)  Residue B58ASP->ALA :    0.3515
core.pack.task: (0) Packer task: initialize from command line() 
core.pack.pack_rotamers: (0) built 1 rotamers at 1 positions.
core.pack.interaction_graph.interaction_graph_factory: (0) Instantiating PDInteractionGraph
protocols.simple_filters.DdGScan: (0) 
-------------------------------------------------------------------
 Scores                       Bound      Unbound      Wghtd.Delta
-------------------------------------------------------------------
 fa_atr                   -3306.947    -3087.294     -219.653
 fa_rep                     671.699      638.867       32.832
 fa_sol                    2188.000     2056.062      131.938
 fa_intra_rep                 8.352        8.352        0.000
 fa_intra_sol_xover4        131.736      131.736        0.000
 lk_ball_wtd                -57.141      -61.832        4.690
 fa_elec                   -911.513     -842.525      -68.988
 hbond_sr_bb               -139.013     -139.013        0.000
 hbond_lr_bb               -218.459     -194.262      -24.197
 hbond_bb_sc                -88.874      -82.601       -6.273
 hbond_sc                   -79.804      -72.745       -7.059
 omega                       84.752       84.752        0.000
 fa_dun                    1573.189     1573.189        0.000
 p_aa_pp                    -96.745      -96.745        0.000
 ref                        178.617      178.617        0.000
 rama_prepro                 30.723       30.723        0.000
 total                      -31.427      125.282
-------------------------------------------------------------------
Sum ddg: -156.709
protocols.simple_filters.DdGScan: (0) input_dimer_0001 DdGScan binding ddG for mutation SER354ALA = -156.709
protocols.rosetta_scripts.ParsedProtocol.REPORT: (0)  Residue B59SER->ALA :   -1.3411
core.pack.task: (0) Packer task: initialize from command line() 
core.pack.pack_rotamers: (0) built 1 rotamers at 1 positions.
core.pack.interaction_graph.interaction_graph_factory: (0) Instantiating PDInteractionGraph
protocols.simple_filters.DdGScan: (0) 
-------------------------------------------------------------------
 Scores                       Bound      Unbound      Wghtd.Delta
-------------------------------------------------------------------
 fa_atr                   -3302.208    -3082.914     -219.294
 fa_rep                     671.300      638.502       32.798
 fa_sol                    2185.602     2052.275      133.327
 fa_intra_rep                 8.309        8.309        0.000
 fa_intra_sol_xover4        131.442      131.442        0.000
 lk_ball_wtd                -56.670      -61.415        4.746
 fa_elec                   -908.618     -839.097      -69.521
 hbond_sr_bb               -139.013     -139.013        0.000
 hbond_lr_bb               -218.459     -194.262      -24.197
 hbond_bb_sc                -88.874      -82.601       -6.273
 hbond_sc                   -79.804      -72.745       -7.059
 omega                       84.752       84.752        0.000
 fa_dun                    1574.388     1574.388        0.000
 p_aa_pp                    -96.514      -96.514        0.000
 ref                        179.042      179.042        0.000
 rama_prepro                 31.074       31.074        0.000
 total                      -24.249      131.225
-------------------------------------------------------------------
Sum ddg: -155.474
protocols.simple_filters.DdGScan: (0) input_dimer_0001 DdGScan binding ddG for mutation LYS356ALA = -155.474
protocols.rosetta_scripts.ParsedProtocol.REPORT: (0)  Residue B61LYS->ALA :   -0.1053
core.pack.task: (0) Packer task: initialize from command line() 
core.pack.pack_rotamers: (0) built 1 rotamers at 1 positions.
core.pack.interaction_graph.interaction_graph_factory: (0) Instantiating PDInteractionGraph
protocols.simple_filters.DdGScan: (0) 
-------------------------------------------------------------------
 Scores                       Bound      Unbound      Wghtd.Delta
-------------------------------------------------------------------
 fa_atr                   -3303.924    -3085.645     -218.279
 fa_rep                     671.636      638.814       32.821
 fa_sol                    2186.297     2055.011      131.286
 fa_intra_rep                 8.350        8.350        0.000
 fa_intra_sol_xover4        131.527      131.527        0.000
 lk_ball_wtd                -57.052      -61.098        4.046
 fa_elec                   -910.573     -842.353      -68.220
 hbond_sr_bb               -139.013     -139.013        0.000
 hbond_lr_bb               -218.459     -194.262      -24.197
 hbond_bb_sc                -87.725      -82.601       -5.124
 hbond_sc                   -78.005      -72.745       -5.261
 omega                       84.752       84.752        0.000
 fa_dun                    1575.675     1575.675        0.000
 p_aa_pp                    -97.203      -97.203        0.000
 ref                        179.668      179.668        0.000
 rama_prepro                 30.359       30.359        0.000
 total                      -23.691      129.237
-------------------------------------------------------------------
Sum ddg: -152.928
protocols.simple_filters.DdGScan: (0) input_dimer_0001 DdGScan binding ddG for mutation ASN357ALA = -152.928
protocols.rosetta_scripts.ParsedProtocol.REPORT: (0)  Residue B62ASN->ALA :    2.4405
core.pack.task: (0) Packer task: initialize from command line() 
core.pack.pack_rotamers: (0) built 1 rotamers at 1 positions.
core.pack.interaction_graph.interaction_graph_factory: (0) Instantiating PDInteractionGraph
protocols.simple_filters.DdGScan: (0) 
-------------------------------------------------------------------
 Scores                       Bound      Unbound      Wghtd.Delta
-------------------------------------------------------------------
 fa_atr                   -3304.355    -3085.035     -219.320
 fa_rep                     671.414      638.577       32.838
 fa_sol                    2189.301     2056.134      133.167
 fa_intra_rep                 8.348        8.348        0.000
 fa_intra_sol_xover4        131.694      131.694        0.000
 lk_ball_wtd                -56.955      -61.598        4.643
 fa_elec                   -911.789     -842.666      -69.123
 hbond_sr_bb               -139.013     -139.013        0.000
 hbond_lr_bb               -218.459     -194.262      -24.197
 hbond_bb_sc                -88.874      -82.601       -6.273
 hbond_sc                   -79.804      -72.745       -7.059
 omega                       84.752       84.752        0.000
 fa_dun                    1576.411     1576.411        0.000
 p_aa_pp                    -96.894      -96.894        0.000
 ref                        177.176      177.176        0.000
 rama_prepro                 30.423       30.423        0.000
 total                      -26.622      128.702
-------------------------------------------------------------------
Sum ddg: -155.324
protocols.simple_filters.DdGScan: (0) input_dimer_0001 DdGScan binding ddG for mutation THR358ALA = -155.324
protocols.rosetta_scripts.ParsedProtocol.REPORT: (0)  Residue B63THR->ALA :    0.0439
core.pack.task: (0) Packer task: initialize from command line() 
core.pack.pack_rotamers: (0) built 1 rotamers at 1 positions.
core.pack.interaction_graph.interaction_graph_factory: (0) Instantiating PDInteractionGraph
protocols.simple_filters.DdGScan: (0) 
-------------------------------------------------------------------
 Scores                       Bound      Unbound      Wghtd.Delta
-------------------------------------------------------------------
 fa_atr                   -3303.983    -3084.830     -219.153
 fa_rep                     671.512      638.732       32.780
 fa_sol                    2192.151     2057.763      134.387
 fa_intra_rep                 8.330        8.330        0.000
 fa_intra_sol_xover4        131.686      131.686        0.000
 lk_ball_wtd                -56.980      -61.634        4.653
 fa_elec                   -911.876     -842.855      -69.021
 hbond_sr_bb               -139.013     -139.013        0.000
 hbond_lr_bb               -218.459     -194.262      -24.197
 hbond_bb_sc                -88.874      -82.601       -6.273
 hbond_sc                   -79.804      -72.745       -7.059
 omega                       84.822       84.822        0.000
 fa_dun                    1574.793     1574.793        0.000
 p_aa_pp                    -96.270      -96.270        0.000
 ref                        176.024      176.024        0.000
 rama_prepro                 30.747       30.747        0.000
 total                      -25.195      128.687
-------------------------------------------------------------------
Sum ddg: -153.882
protocols.simple_filters.DdGScan: (0) input_dimer_0001 DdGScan binding ddG for mutation ILE361ALA = -153.882
protocols.rosetta_scripts.ParsedProtocol.REPORT: (0)  Residue B66ILE->ALA :    1.4863
core.pack.task: (0) Packer task: initialize from command line() 
core.pack.pack_rotamers: (0) built 1 rotamers at 1 positions.
core.pack.interaction_graph.interaction_graph_factory: (0) Instantiating PDInteractionGraph
protocols.simple_filters.DdGScan: (0) 
-------------------------------------------------------------------
 Scores                       Bound      Unbound      Wghtd.Delta
-------------------------------------------------------------------
 fa_atr                   -3302.018    -3083.191     -218.826
 fa_rep                     670.632      638.540       32.092
 fa_sol                    2189.119     2056.040      133.079
 fa_intra_rep                 8.345        8.345        0.000
 fa_intra_sol_xover4        131.008      131.008        0.000
 lk_ball_wtd                -56.600      -61.375        4.775
 fa_elec                   -911.700     -842.629      -69.071
 hbond_sr_bb               -139.013     -139.013        0.000
 hbond_lr_bb               -218.459     -194.262      -24.197
 hbond_bb_sc                -88.874      -82.601       -6.273
 hbond_sc                   -79.804      -72.745       -7.059
 omega                       84.752       84.752        0.000
 fa_dun                    1574.447     1574.447        0.000
 p_aa_pp                    -96.107      -96.107        0.000
 ref                        178.628      178.628        0.000
 rama_prepro                 30.831       30.831        0.000
 total                      -24.811      130.669
-------------------------------------------------------------------
Sum ddg: -155.48
protocols.simple_filters.DdGScan: (0) input_dimer_0001 DdGScan binding ddG for mutation HIS381ALA = -155.48
protocols.rosetta_scripts.ParsedProtocol.REPORT: (0)  Residue B86HIS->ALA :   -0.1115
core.pack.task: (0) Packer task: initialize from command line() 
core.pack.pack_rotamers: (0) built 1 rotamers at 1 positions.
core.pack.interaction_graph.interaction_graph_factory: (0) Instantiating PDInteractionGraph
protocols.simple_filters.DdGScan: (0) 
-------------------------------------------------------------------
 Scores                       Bound      Unbound      Wghtd.Delta
-------------------------------------------------------------------
 fa_atr                   -3302.990    -3085.203     -217.787
 fa_rep                     669.815      638.588       31.227
 fa_sol                    2184.754     2055.736      129.019
 fa_intra_rep                 8.331        8.331        0.000
 fa_intra_sol_xover4        131.201      131.201        0.000
 lk_ball_wtd                -57.337      -61.707        4.370
 fa_elec                   -906.812     -842.682      -64.130
 hbond_sr_bb               -139.013     -139.013        0.000
 hbond_lr_bb               -218.459     -194.262      -24.197
 hbond_bb_sc                -88.874      -82.601       -6.273
 hbond_sc                   -79.804      -72.745       -7.059
 omega                       84.752       84.752        0.000
 fa_dun                    1572.183     1572.183        0.000
 p_aa_pp                    -96.382      -96.382        0.000
 ref                        179.042      179.042        0.000
 rama_prepro                 31.067       31.067        0.000
 total                      -28.523      126.308
-------------------------------------------------------------------
Sum ddg: -154.831
protocols.simple_filters.DdGScan: (0) input_dimer_0001 DdGScan binding ddG for mutation LYS385ALA = -154.831
protocols.rosetta_scripts.ParsedProtocol.REPORT: (0)  Residue B90LYS->ALA :    0.5374
core.pack.task: (0) Packer task: initialize from command line() 
core.pack.pack_rotamers: (0) built 1 rotamers at 1 positions.
core.pack.interaction_graph.interaction_graph_factory: (0) Instantiating PDInteractionGraph
protocols.simple_filters.DdGScan: (0) 
-------------------------------------------------------------------
 Scores                       Bound      Unbound      Wghtd.Delta
-------------------------------------------------------------------
 fa_atr                   -3298.717    -3080.975     -217.741
 fa_rep                     671.276      638.534       32.742
 fa_sol                    2190.229     2057.904      132.325
 fa_intra_rep                 8.334        8.334        0.000
 fa_intra_sol_xover4        131.472      131.472        0.000
 lk_ball_wtd                -57.138      -61.622        4.485
 fa_elec                   -912.709     -842.472      -70.236
 hbond_sr_bb               -139.013     -139.013        0.000
 hbond_lr_bb               -218.459     -194.262      -24.197
 hbond_bb_sc                -88.874      -82.601       -6.273
 hbond_sc                   -79.804      -72.745       -7.059
 omega                       84.752       84.752        0.000
 fa_dun                    1574.551     1574.551        0.000
 p_aa_pp                    -95.839      -95.839        0.000
 ref                        177.745      177.745        0.000
 rama_prepro                 31.601       31.601        0.000
 total                      -20.589      135.365
-------------------------------------------------------------------
Sum ddg: -155.954
protocols.simple_filters.DdGScan: (0) input_dimer_0001 DdGScan binding ddG for mutation TYR386ALA = -155.954
protocols.rosetta_scripts.ParsedProtocol.REPORT: (0)  Residue B91TYR->ALA :   -0.5861
core.pack.task: (0) Packer task: initialize from command line() 
core.pack.pack_rotamers: (0) built 1 rotamers at 1 positions.
core.pack.interaction_graph.interaction_graph_factory: (0) Instantiating PDInteractionGraph
protocols.simple_filters.DdGScan: (0) 
-------------------------------------------------------------------
 Scores                       Bound      Unbound      Wghtd.Delta
-------------------------------------------------------------------
 fa_atr                   -3300.744    -3080.990     -219.754
 fa_rep                     671.334      638.497       32.837
 fa_sol                    2188.445     2054.479      133.966
 fa_intra_rep                 8.350        8.350        0.000
 fa_intra_sol_xover4        130.964      130.964        0.000
 lk_ball_wtd                -57.351      -62.028        4.676
 fa_elec                   -909.532     -840.425      -69.106
 hbond_sr_bb               -139.013     -139.013        0.000
 hbond_lr_bb               -218.459     -194.262      -24.197
 hbond_bb_sc                -87.332      -81.060       -6.273
 hbond_sc                   -79.804      -72.745       -7.059
 omega                       84.752       84.752        0.000
 fa_dun                    1574.083     1574.083        0.000
 p_aa_pp                    -96.091      -96.091        0.000
 ref                        178.628      178.628        0.000
 rama_prepro                 31.028       31.028        0.000
 total                      -20.740      134.170
-------------------------------------------------------------------
Sum ddg: -154.91
protocols.simple_filters.DdGScan: (0) input_dimer_0001 DdGScan binding ddG for mutation HIS388ALA = -154.91
protocols.rosetta_scripts.ParsedProtocol.REPORT: (0)  Residue B93HIS->ALA :    0.4580
core.pack.task: (0) Packer task: initialize from command line() 
core.pack.pack_rotamers: (0) built 1 rotamers at 1 positions.
core.pack.interaction_graph.interaction_graph_factory: (0) Instantiating PDInteractionGraph
protocols.simple_filters.DdGScan: (0) 
-------------------------------------------------------------------
 Scores                       Bound      Unbound      Wghtd.Delta
-------------------------------------------------------------------
 fa_atr                   -3300.578    -3082.813     -217.765
 fa_rep                     671.294      638.479       32.815
 fa_sol                    2192.247     2057.800      134.447
 fa_intra_rep                 8.329        8.329        0.000
 fa_intra_sol_xover4        131.611      131.611        0.000
 lk_ball_wtd                -56.885      -61.787        4.902
 fa_elec                   -911.677     -842.492      -69.185
 hbond_sr_bb               -139.013     -139.013        0.000
 hbond_lr_bb               -218.459     -194.262      -24.197
 hbond_bb_sc                -88.874      -82.601       -6.273
 hbond_sc                   -79.804      -72.745       -7.059
 omega                       84.752       84.752        0.000
 fa_dun                    1574.718     1574.718        0.000
 p_aa_pp                    -96.271      -96.271        0.000
 ref                        177.109      177.109        0.000
 rama_prepro                 31.736       31.736        0.000
 total                      -19.764      132.552
-------------------------------------------------------------------
Sum ddg: -152.316
protocols.simple_filters.DdGScan: (0) input_dimer_0001 DdGScan binding ddG for mutation PHE454ALA = -152.316
protocols.rosetta_scripts.ParsedProtocol.REPORT: (0)  Residue B159PHE->ALA :    3.0526
core.pack.task: (0) Packer task: initialize from command line() 
core.pack.pack_rotamers: (0) built 1 rotamers at 1 positions.
core.pack.interaction_graph.interaction_graph_factory: (0) Instantiating PDInteractionGraph
protocols.simple_filters.DdGScan: (0) 
-------------------------------------------------------------------
 Scores                       Bound      Unbound      Wghtd.Delta
-------------------------------------------------------------------
 fa_atr                   -3301.449    -3081.319     -220.130
 fa_rep                     670.980      638.141       32.839
 fa_sol                    2188.568     2054.648      133.920
 fa_intra_rep                 8.334        8.334        0.000
 fa_intra_sol_xover4        131.184      131.184        0.000
 lk_ball_wtd                -57.257      -61.893        4.636
 fa_elec                   -910.954     -841.866      -69.088
 hbond_sr_bb               -139.013     -139.013        0.000
 hbond_lr_bb               -218.459     -194.262      -24.197
 hbond_bb_sc                -88.874      -82.601       -6.273
 hbond_sc                   -78.803      -71.744       -7.059
 omega                       84.752       84.752        0.000
 fa_dun                    1575.023     1575.023        0.000
 p_aa_pp                    -96.353      -96.353        0.000
 ref                        176.067      176.067        0.000
 rama_prepro                 30.932       30.932        0.000
 total                      -25.321      130.031
-------------------------------------------------------------------
Sum ddg: -155.352
protocols.simple_filters.DdGScan: (0) input_dimer_0001 DdGScan binding ddG for mutation TRP455ALA = -155.352
protocols.rosetta_scripts.ParsedProtocol.REPORT: (0)  Residue B160TRP->ALA :    0.0161
core.pack.task: (0) Packer task: initialize from command line() 
core.pack.pack_rotamers: (0) built 1 rotamers at 1 positions.
core.pack.interaction_graph.interaction_graph_factory: (0) Instantiating PDInteractionGraph
protocols.simple_filters.DdGScan: (0) 
-------------------------------------------------------------------
 Scores                       Bound      Unbound      Wghtd.Delta
-------------------------------------------------------------------
 fa_atr                   -3309.465    -3088.754     -220.711
 fa_rep                     682.038      649.059       32.979
 fa_sol                    2191.882     2058.121      133.762
 fa_intra_rep                 8.357        8.357        0.000
 fa_intra_sol_xover4        131.759      131.759        0.000
 lk_ball_wtd                -57.264      -61.924        4.660
 fa_elec                   -912.400     -843.342      -69.058
 hbond_sr_bb               -139.013     -139.013        0.000
 hbond_lr_bb               -218.459     -194.262      -24.197
 hbond_bb_sc                -88.874      -82.601       -6.273
 hbond_sc                   -79.804      -72.745       -7.059
 omega                       84.822       84.822        0.000
 fa_dun                    1576.900     1576.900        0.000
 p_aa_pp                    -93.965      -93.965        0.000
 ref                        177.529      177.529        0.000
 rama_prepro                 32.951       32.951        0.000
 total                      -13.005      142.892
-------------------------------------------------------------------
Sum ddg: -155.897
protocols.simple_filters.DdGScan: (0) input_dimer_0001 DdGScan binding ddG for mutation GLY456ALA = -155.897
protocols.rosetta_scripts.ParsedProtocol.REPORT: (0)  Residue B161GLY->ALA :   -0.5292
core.pack.task: (0) Packer task: initialize from command line() 
core.pack.pack_rotamers: (0) built 1 rotamers at 1 positions.
core.pack.interaction_graph.interaction_graph_factory: (0) Instantiating PDInteractionGraph
protocols.simple_filters.DdGScan: (0) 
-------------------------------------------------------------------
 Scores                       Bound      Unbound      Wghtd.Delta
-------------------------------------------------------------------
 fa_atr                   -3296.904    -3077.611     -219.294
 fa_rep                     670.961      638.171       32.790
 fa_sol                    2191.365     2058.058      133.307
 fa_intra_rep                 8.328        8.328        0.000
 fa_intra_sol_xover4        131.244      131.244        0.000
 lk_ball_wtd                -56.710      -61.433        4.723
 fa_elec                   -910.791     -841.850      -68.940
 hbond_sr_bb               -139.013     -139.013        0.000
 hbond_lr_bb               -218.459     -194.262      -24.197
 hbond_bb_sc                -88.874      -82.601       -6.273
 hbond_sc                   -79.804      -72.745       -7.059
 omega                       84.752       84.752        0.000
 fa_dun                    1573.148     1573.148        0.000
 p_aa_pp                    -96.540      -96.540        0.000
 ref                        177.109      177.109        0.000
 rama_prepro                 30.832       30.832        0.000
 total                      -19.354      135.590
-------------------------------------------------------------------
Sum ddg: -154.944
protocols.simple_filters.DdGScan: (0) input_dimer_0001 DdGScan binding ddG for mutation PHE457ALA = -154.944
protocols.rosetta_scripts.ParsedProtocol.REPORT: (0)  Residue B162PHE->ALA :    0.4243
core.pack.task: (0) Packer task: initialize from command line() 
core.pack.pack_rotamers: (0) built 1 rotamers at 1 positions.
core.pack.interaction_graph.interaction_graph_factory: (0) Instantiating PDInteractionGraph
protocols.simple_filters.DdGScan: (0) 
-------------------------------------------------------------------
 Scores                       Bound      Unbound      Wghtd.Delta
-------------------------------------------------------------------
 fa_atr                   -3302.976    -3085.636     -217.340
 fa_rep                     671.121      638.395       32.726
 fa_sol                    2192.182     2058.084      134.098
 fa_intra_rep                 8.339        8.339        0.000
 fa_intra_sol_xover4        131.642      131.642        0.000
 lk_ball_wtd                -56.892      -61.683        4.791
 fa_elec                   -911.651     -842.620      -69.031
 hbond_sr_bb               -139.013     -139.013        0.000
 hbond_lr_bb               -218.459     -194.262      -24.197
 hbond_bb_sc                -88.874      -82.601       -6.273
 hbond_sc                   -79.804      -72.745       -7.059
 omega                       84.752       84.752        0.000
 fa_dun                    1573.872     1573.872        0.000
 p_aa_pp                    -96.359      -96.359        0.000
 ref                        176.666      176.666        0.000
 rama_prepro                 30.728       30.728        0.000
 total                      -24.726      127.559
-------------------------------------------------------------------
Sum ddg: -152.285
protocols.simple_filters.DdGScan: (0) input_dimer_0001 DdGScan binding ddG for mutation LEU458ALA = -152.285
protocols.rosetta_scripts.ParsedProtocol.REPORT: (0)  Residue B163LEU->ALA :    3.0827
core.pack.task: (0) Packer task: initialize from command line() 
core.pack.pack_rotamers: (0) built 1 rotamers at 1 positions.
core.pack.interaction_graph.interaction_graph_factory: (0) Instantiating PDInteractionGraph
protocols.simple_filters.DdGScan: (0) 
-------------------------------------------------------------------
 Scores                       Bound      Unbound      Wghtd.Delta
-------------------------------------------------------------------
 fa_atr                   -3303.626    -3084.612     -219.014
 fa_rep                     671.678      638.889       32.789
 fa_sol                    2182.940     2051.646      131.294
 fa_intra_rep                 8.349        8.349        0.000
 fa_intra_sol_xover4        131.138      131.138        0.000
 lk_ball_wtd                -56.842      -61.368        4.526
 fa_elec                   -908.085     -838.500      -69.584
 hbond_sr_bb               -139.013     -139.013        0.000
 hbond_lr_bb               -218.459     -194.262      -24.197
 hbond_bb_sc                -87.759      -81.486       -6.273
 hbond_sc                   -79.804      -72.745       -7.059
 omega                       84.752       84.752        0.000
 fa_dun                    1574.158     1574.158        0.000
 p_aa_pp                    -95.626      -95.626        0.000
 ref                        180.473      180.473        0.000
 rama_prepro                 32.208       32.208        0.000
 total                      -23.517      134.002
-------------------------------------------------------------------
Sum ddg: -157.518
protocols.simple_filters.DdGScan: (0) input_dimer_0001 DdGScan binding ddG for mutation ASP460ALA = -157.518
protocols.rosetta_scripts.ParsedProtocol.REPORT: (0)  Residue B165ASP->ALA :   -2.1502
core.pack.task: (0) Packer task: initialize from command line() 
core.pack.pack_rotamers: (0) built 1 rotamers at 1 positions.
core.pack.interaction_graph.interaction_graph_factory: (0) Instantiating PDInteractionGraph
protocols.simple_filters.DdGScan: (0) 
-------------------------------------------------------------------
 Scores                       Bound      Unbound      Wghtd.Delta
-------------------------------------------------------------------
 fa_atr                   -3304.315    -3085.054     -219.260
 fa_rep                     670.336      638.721       31.615
 fa_sol                    2186.141     2055.393      130.747
 fa_intra_rep                 8.337        8.337        0.000
 fa_intra_sol_xover4        130.321      130.321        0.000
 lk_ball_wtd                -57.441      -61.415        3.974
 fa_elec                   -905.200     -841.611      -63.588
 hbond_sr_bb               -139.013     -139.013        0.000
 hbond_lr_bb               -218.459     -194.262      -24.197
 hbond_bb_sc                -88.874      -82.601       -6.273
 hbond_sc                   -79.804      -72.745       -7.059
 omega                       84.752       84.752        0.000
 fa_dun                    1573.763     1573.763        0.000
 p_aa_pp                    -96.443      -96.443        0.000
 ref                        181.052      181.052        0.000
 rama_prepro                 30.799       30.799        0.000
 total                      -24.046      129.995
-------------------------------------------------------------------
Sum ddg: -154.041
protocols.simple_filters.DdGScan: (0) input_dimer_0001 DdGScan binding ddG for mutation GLU461ALA = -154.041
protocols.rosetta_scripts.ParsedProtocol.REPORT: (0)  Residue B166GLU->ALA :    1.3271
core.pack.task: (0) Packer task: initialize from command line() 
core.pack.pack_rotamers: (0) built 1 rotamers at 1 positions.
core.pack.interaction_graph.interaction_graph_factory: (0) Instantiating PDInteractionGraph
protocols.simple_filters.DdGScan: (0) 
-------------------------------------------------------------------
 Scores                       Bound      Unbound      Wghtd.Delta
-------------------------------------------------------------------
 fa_atr                   -3300.110    -3085.026     -215.084
 fa_rep                     670.399      638.756       31.644
 fa_sol                    2188.612     2056.948      131.664
 fa_intra_rep                 8.333        8.333        0.000
 fa_intra_sol_xover4        131.487      131.487        0.000
 lk_ball_wtd                -56.417      -61.497        5.081
 fa_elec                   -912.083     -842.069      -70.014
 hbond_sr_bb               -139.013     -139.013        0.000
 hbond_lr_bb               -218.459     -194.262      -24.197
 hbond_bb_sc                -88.874      -82.601       -6.273
 hbond_sc                   -79.804      -72.745       -7.059
 omega                       84.752       84.752        0.000
 fa_dun                    1575.057     1575.057        0.000
 p_aa_pp                    -95.798      -95.798        0.000
 ref                        177.745      177.745        0.000
 rama_prepro                 31.340       31.340        0.000
 total                      -22.832      131.407
-------------------------------------------------------------------
Sum ddg: -154.239
protocols.simple_filters.DdGScan: (0) input_dimer_0001 DdGScan binding ddG for mutation TYR462ALA = -154.239
protocols.rosetta_scripts.ParsedProtocol.REPORT: (0)  Residue B167TYR->ALA :    1.1297
core.pack.task: (0) Packer task: initialize from command line() 
core.pack.pack_rotamers: (0) built 1 rotamers at 1 positions.
core.pack.interaction_graph.interaction_graph_factory: (0) Instantiating PDInteractionGraph
protocols.simple_filters.DdGScan: (0) 
-------------------------------------------------------------------
 Scores                       Bound      Unbound      Wghtd.Delta
-------------------------------------------------------------------
 fa_atr                   -3303.848    -3084.015     -219.832
 fa_rep                     671.464      638.625       32.839
 fa_sol                    2188.042     2054.682      133.360
 fa_intra_rep                 8.348        8.348        0.000
 fa_intra_sol_xover4        131.700      131.700        0.000
 lk_ball_wtd                -57.164      -61.788        4.625
 fa_elec                   -910.948     -841.747      -69.201
 hbond_sr_bb               -139.013     -139.013        0.000
 hbond_lr_bb               -218.459     -194.262      -24.197
 hbond_bb_sc                -86.687      -80.414       -6.273
 hbond_sc                   -79.804      -72.745       -7.059
 omega                       84.752       84.752        0.000
 fa_dun                    1576.399     1576.399        0.000
 p_aa_pp                    -95.980      -95.980        0.000
 ref                        177.176      177.176        0.000
 rama_prepro                 31.273       31.273        0.000
 total                      -22.749      132.990
-------------------------------------------------------------------
Sum ddg: -155.739
protocols.simple_filters.DdGScan: (0) input_dimer_0001 DdGScan binding ddG for mutation THR463ALA = -155.739
protocols.rosetta_scripts.ParsedProtocol.REPORT: (0)  Residue B168THR->ALA :   -0.3708
core.pack.task: (0) Packer task: initialize from command line() 
core.pack.pack_rotamers: (0) built 1 rotamers at 1 positions.
core.pack.interaction_graph.interaction_graph_factory: (0) Instantiating PDInteractionGraph
protocols.simple_filters.DdGScan: (0) 
-------------------------------------------------------------------
 Scores                       Bound      Unbound      Wghtd.Delta
-------------------------------------------------------------------
 fa_atr                   -3306.574    -3086.971     -219.603
 fa_rep                     671.622      638.800       32.823
 fa_sol                    2190.819     2058.170      132.649
 fa_intra_rep                 8.349        8.349        0.000
 fa_intra_sol_xover4        131.693      131.693        0.000
 lk_ball_wtd                -57.415      -61.818        4.403
 fa_elec                   -911.518     -842.918      -68.600
 hbond_sr_bb               -139.013     -139.013        0.000
 hbond_lr_bb               -218.459     -194.262      -24.197
 hbond_bb_sc                -88.874      -82.601       -6.273
 hbond_sc                   -78.005      -72.745       -5.261
 omega                       84.752       84.752        0.000
 fa_dun                    1576.850     1576.850        0.000
 p_aa_pp                    -95.167      -95.167        0.000
 ref                        177.176      177.176        0.000
 rama_prepro                 32.079       32.079        0.000
 total                      -21.683      132.376
-------------------------------------------------------------------
Sum ddg: -154.059
protocols.simple_filters.DdGScan: (0) input_dimer_0001 DdGScan binding ddG for mutation THR464ALA = -154.059
protocols.rosetta_scripts.ParsedProtocol.REPORT: (0)  Residue B169THR->ALA :    1.3092
core.pack.task: (0) Packer task: initialize from command line() 
core.pack.pack_rotamers: (0) built 1 rotamers at 1 positions.
core.pack.interaction_graph.interaction_graph_factory: (0) Instantiating PDInteractionGraph
protocols.simple_filters.DdGScan: (0) 
-------------------------------------------------------------------
 Scores                       Bound      Unbound      Wghtd.Delta
-------------------------------------------------------------------
 fa_atr                   -3303.803    -3084.973     -218.830
 fa_rep                     671.340      638.527       32.813
 fa_sol                    2192.215     2058.490      133.725
 fa_intra_rep                 8.340        8.340        0.000
 fa_intra_sol_xover4        131.676      131.676        0.000
 lk_ball_wtd                -57.287      -61.966        4.679
 fa_elec                   -911.989     -842.915      -69.074
 hbond_sr_bb               -139.013     -139.013        0.000
 hbond_lr_bb               -218.459     -194.262      -24.197
 hbond_bb_sc                -88.874      -82.601       -6.273
 hbond_sc                   -79.804      -72.745       -7.059
 omega                       84.752       84.752        0.000
 fa_dun                    1575.805     1575.805        0.000
 p_aa_pp                    -96.162      -96.162        0.000
 ref                        176.666      176.666        0.000
 rama_prepro                 30.987       30.987        0.000
 total                      -23.607      130.609
-------------------------------------------------------------------
Sum ddg: -154.217
protocols.simple_filters.DdGScan: (0) input_dimer_0001 DdGScan binding ddG for mutation LEU465ALA = -154.217
protocols.rosetta_scripts.ParsedProtocol.REPORT: (0)  Residue B170LEU->ALA :    1.1516
core.pack.task: (0) Packer task: initialize from command line() 
core.pack.pack_rotamers: (0) built 1 rotamers at 1 positions.
core.pack.interaction_graph.interaction_graph_factory: (0) Instantiating DensePDInteractionGraph
protocols.simple_filters.DdGScan: (0) 
-------------------------------------------------------------------
 Scores                       Bound      Unbound      Wghtd.Delta
-------------------------------------------------------------------
 fa_atr                   -3307.815    -3087.674     -220.140
 fa_rep                     671.684      638.846       32.839
 fa_sol                    2192.593     2058.669      133.924
 fa_intra_rep                 8.353        8.353        0.000
 fa_intra_sol_xover4        131.759      131.759        0.000
 lk_ball_wtd                -57.277      -61.911        4.634
 fa_elec                   -911.803     -842.708      -69.096
 hbond_sr_bb               -139.013     -139.013        0.000
 hbond_lr_bb               -218.459     -194.262      -24.197
 hbond_bb_sc                -88.874      -82.601       -6.273
 hbond_sc                   -79.804      -72.745       -7.059
 omega                       84.752       84.752        0.000
 fa_dun                    1576.900     1576.900        0.000
 p_aa_pp                    -96.497      -96.497        0.000
 ref                        177.003      177.003        0.000
 rama_prepro                 30.879       30.879        0.000
 total                      -25.619      129.750
-------------------------------------------------------------------
Sum ddg: -155.368
protocols.simple_filters.DdGScan: (0) input_dimer_0001 DdGScan binding ddG for mutation ALA520ALA = -155.368
protocols.rosetta_scripts.ParsedProtocol.REPORT: (0)  Residue B225ALA->ALA :    0.0000
core.pack.task: (0) Packer task: initialize from command line() 
core.pack.pack_rotamers: (0) built 1 rotamers at 1 positions.
core.pack.interaction_graph.interaction_graph_factory: (0) Instantiating PDInteractionGraph
protocols.simple_filters.DdGScan: (0) 
-------------------------------------------------------------------
 Scores                       Bound      Unbound      Wghtd.Delta
-------------------------------------------------------------------
 fa_atr                   -3306.539    -3086.451     -220.088
 fa_rep                     672.219      639.380       32.839
 fa_sol                    2187.057     2054.016      133.042
 fa_intra_rep                 8.351        8.351        0.000
 fa_intra_sol_xover4        131.681      131.681        0.000
 lk_ball_wtd                -57.132      -61.974        4.842
 fa_elec                   -912.067     -842.648      -69.419
 hbond_sr_bb               -139.013     -139.013        0.000
 hbond_lr_bb               -218.459     -194.262      -24.197
 hbond_bb_sc                -87.533      -81.260       -6.273
 hbond_sc                   -79.804      -72.745       -7.059
 omega                       84.752       84.752        0.000
 fa_dun                    1576.773     1576.773        0.000
 p_aa_pp                    -96.277      -96.277        0.000
 ref                        178.617      178.617        0.000
 rama_prepro                 31.138       31.138        0.000
 total                      -26.236      130.078
-------------------------------------------------------------------
Sum ddg: -156.314
protocols.simple_filters.DdGScan: (0) input_dimer_0001 DdGScan binding ddG for mutation SER521ALA = -156.314
protocols.rosetta_scripts.ParsedProtocol.REPORT: (0)  Residue B226SER->ALA :   -0.9458
core.pack.task: (0) Packer task: initialize from command line() 
core.pack.pack_rotamers: (0) built 1 rotamers at 1 positions.
core.pack.interaction_graph.interaction_graph_factory: (0) Instantiating PDInteractionGraph
protocols.simple_filters.DdGScan: (0) 
-------------------------------------------------------------------
 Scores                       Bound      Unbound      Wghtd.Delta
-------------------------------------------------------------------
 fa_atr                   -3301.259    -3084.698     -216.561
 fa_rep                     671.436      638.656       32.781
 fa_sol                    2186.948     2056.158      130.790
 fa_intra_rep                 8.348        8.348        0.000
 fa_intra_sol_xover4        130.908      130.908        0.000
 lk_ball_wtd                -56.636      -61.724        5.088
 fa_elec                   -910.513     -841.527      -68.986
 hbond_sr_bb               -139.013     -139.013        0.000
 hbond_lr_bb               -218.459     -194.262      -24.197
 hbond_bb_sc                -88.874      -82.601       -6.273
 hbond_sc                   -79.804      -72.745       -7.059
 omega                       84.752       84.752        0.000
 fa_dun                    1572.321     1572.321        0.000
 p_aa_pp                    -96.521      -96.521        0.000
 ref                        179.779      179.779        0.000
 rama_prepro                 30.817       30.817        0.000
 total                      -25.769      128.649
-------------------------------------------------------------------
Sum ddg: -154.418
protocols.simple_filters.DdGScan: (0) input_dimer_0001 DdGScan binding ddG for mutation GLN523ALA = -154.418
protocols.rosetta_scripts.ParsedProtocol.REPORT: (0)  Residue B228GLN->ALA :    0.9501
core.pack.task: (0) Packer task: initialize from command line() 
core.pack.pack_rotamers: (0) built 1 rotamers at 1 positions.
core.pack.interaction_graph.interaction_graph_factory: (0) Instantiating DensePDInteractionGraph
protocols.simple_filters.DdGScan: (0) 
-------------------------------------------------------------------
 Scores                       Bound      Unbound      Wghtd.Delta
-------------------------------------------------------------------
 fa_atr                   -3307.815    -3087.674     -220.140
 fa_rep                     671.684      638.846       32.839
 fa_sol                    2192.593     2058.669      133.924
 fa_intra_rep                 8.353        8.353        0.000
 fa_intra_sol_xover4        131.759      131.759        0.000
 lk_ball_wtd                -57.277      -61.911        4.634
 fa_elec                   -911.803     -842.708      -69.096
 hbond_sr_bb               -139.013     -139.013        0.000
 hbond_lr_bb               -218.459     -194.262      -24.197
 hbond_bb_sc                -88.874      -82.601       -6.273
 hbond_sc                   -79.804      -72.745       -7.059
 omega                       84.752       84.752        0.000
 fa_dun                    1576.900     1576.900        0.000
 p_aa_pp                    -96.497      -96.497        0.000
 ref                        177.003      177.003        0.000
 rama_prepro                 30.879       30.879        0.000
 total                      -25.619      129.750
-------------------------------------------------------------------
Sum ddg: -155.368
protocols.simple_filters.DdGScan: (0) input_dimer_0001 DdGScan binding ddG for mutation ALA524ALA = -155.368
protocols.rosetta_scripts.ParsedProtocol.REPORT: (0)  Residue B229ALA->ALA :    0.0000
core.pack.task: (0) Packer task: initialize from command line() 
core.pack.pack_rotamers: (0) built 1 rotamers at 1 positions.
core.pack.interaction_graph.interaction_graph_factory: (0) Instantiating PDInteractionGraph
protocols.simple_filters.DdGScan: (0) 
-------------------------------------------------------------------
 Scores                       Bound      Unbound      Wghtd.Delta
-------------------------------------------------------------------
 fa_atr                   -3296.406    -3077.188     -219.218
 fa_rep                     666.353      633.529       32.825
 fa_sol                    2190.941     2056.890      134.052
 fa_intra_rep                 8.347        8.347        0.000
 fa_intra_sol_xover4        131.732      131.732        0.000
 lk_ball_wtd                -57.249      -61.892        4.643
 fa_elec                   -911.683     -842.614      -69.070
 hbond_sr_bb               -139.013     -139.013        0.000
 hbond_lr_bb               -218.459     -194.262      -24.197
 hbond_bb_sc                -88.874      -82.601       -6.273
 hbond_sc                   -79.804      -72.745       -7.059
 omega                       84.752       84.752        0.000
 fa_dun                    1573.257     1573.257        0.000
 p_aa_pp                    -96.465      -96.465        0.000
 ref                        176.670      176.670        0.000
 rama_prepro                 30.755       30.755        0.000
 total                      -25.144      129.153
-------------------------------------------------------------------
Sum ddg: -154.297
protocols.simple_filters.DdGScan: (0) input_dimer_0001 DdGScan binding ddG for mutation MET526ALA = -154.297
protocols.rosetta_scripts.ParsedProtocol.REPORT: (0)  Residue B231MET->ALA :    1.0711
core.pack.task: (0) Packer task: initialize from command line() 
core.pack.pack_rotamers: (0) built 1 rotamers at 1 positions.
core.pack.interaction_graph.interaction_graph_factory: (0) Instantiating PDInteractionGraph
protocols.simple_filters.DdGScan: (0) 
-------------------------------------------------------------------
 Scores                       Bound      Unbound      Wghtd.Delta
-------------------------------------------------------------------
 fa_atr                   -3298.850    -3084.416     -214.434
 fa_rep                     670.142      638.786       31.356
 fa_sol                    2189.019     2056.950      132.069
 fa_intra_rep                 8.332        8.332        0.000
 fa_intra_sol_xover4        131.412      131.412        0.000
 lk_ball_wtd                -56.470      -61.534        5.064
 fa_elec                   -910.688     -841.652      -69.035
 hbond_sr_bb               -139.013     -139.013        0.000
 hbond_lr_bb               -218.459     -194.262      -24.197
 hbond_bb_sc                -88.874      -82.601       -6.273
 hbond_sc                   -79.804      -72.745       -7.059
 omega                       84.752       84.752        0.000
 fa_dun                    1574.850     1574.850        0.000
 p_aa_pp                    -96.591      -96.591        0.000
 ref                        177.745      177.745        0.000
 rama_prepro                 30.814       30.814        0.000
 total                      -21.680      130.828
-------------------------------------------------------------------
Sum ddg: -152.509
protocols.simple_filters.DdGScan: (0) input_dimer_0001 DdGScan binding ddG for mutation TYR527ALA = -152.509
protocols.rosetta_scripts.ParsedProtocol.REPORT: (0)  Residue B232TYR->ALA :    2.8596
core.pack.task: (0) Packer task: initialize from command line() 
core.pack.pack_rotamers: (0) built 1 rotamers at 1 positions.
core.pack.interaction_graph.interaction_graph_factory: (0) Instantiating PDInteractionGraph
protocols.simple_filters.DdGScan: (0) 
-------------------------------------------------------------------
 Scores                       Bound      Unbound      Wghtd.Delta
-------------------------------------------------------------------
 fa_atr                   -3305.490    -3086.328     -219.163
 fa_rep                     666.858      638.759       28.099
 fa_sol                    2187.179     2055.765      131.413
 fa_intra_rep                 8.349        8.349        0.000
 fa_intra_sol_xover4        131.509      131.509        0.000
 lk_ball_wtd                -57.106      -61.501        4.395
 fa_elec                   -910.618     -841.775      -68.843
 hbond_sr_bb               -139.013     -139.013        0.000
 hbond_lr_bb               -218.459     -194.262      -24.197
 hbond_bb_sc                -88.874      -82.601       -6.273
 hbond_sc                   -79.804      -72.745       -7.059
 omega                       84.752       84.752        0.000
 fa_dun                    1570.220     1570.220        0.000
 p_aa_pp                    -96.475      -96.475        0.000
 ref                        181.052      181.052        0.000
 rama_prepro                 31.042       31.042        0.000
 total                      -34.876      126.751
-------------------------------------------------------------------
Sum ddg: -161.626
protocols.simple_filters.DdGScan: (0) input_dimer_0001 DdGScan binding ddG for mutation GLU531ALA = -161.626
protocols.rosetta_scripts.ParsedProtocol.REPORT: (0)  Residue B236GLU->ALA :   -6.2583
core.pack.task: (0) Packer task: initialize from command line() 
core.pack.pack_rotamers: (0) built 1 rotamers at 1 positions.
core.pack.interaction_graph.interaction_graph_factory: (0) Instantiating PDInteractionGraph
protocols.simple_filters.DdGScan: (0) 
-------------------------------------------------------------------
 Scores                       Bound      Unbound      Wghtd.Delta
-------------------------------------------------------------------
 fa_atr                   -3299.185    -3079.488     -219.696
 fa_rep                     671.244      638.436       32.808
 fa_sol                    2192.415     2058.483      133.932
 fa_intra_rep                 8.341        8.341        0.000
 fa_intra_sol_xover4        131.671      131.671        0.000
 lk_ball_wtd                -56.371      -61.044        4.674
 fa_elec                   -911.801     -842.627      -69.174
 hbond_sr_bb               -139.013     -139.013        0.000
 hbond_lr_bb               -218.459     -194.262      -24.197
 hbond_bb_sc                -88.874      -82.601       -6.273
 hbond_sc                   -79.804      -72.745       -7.059
 omega                       84.752       84.752        0.000
 fa_dun                    1575.179     1575.179        0.000
 p_aa_pp                    -96.547      -96.547        0.000
 ref                        176.666      176.666        0.000
 rama_prepro                 30.516       30.516        0.000
 total                      -19.268      135.719
-------------------------------------------------------------------
Sum ddg: -154.986
protocols.simple_filters.DdGScan: (0) input_dimer_0001 DdGScan binding ddG for mutation LEU534ALA = -154.986
protocols.rosetta_scripts.ParsedProtocol.REPORT: (0)  Residue B239LEU->ALA :    0.3817
core.pack.task: (0) Packer task: initialize from command line() 
core.pack.pack_rotamers: (0) built 1 rotamers at 1 positions.
core.pack.interaction_graph.interaction_graph_factory: (0) Instantiating PDInteractionGraph
protocols.simple_filters.DdGScan: (0) 
-------------------------------------------------------------------
 Scores                       Bound      Unbound      Wghtd.Delta
-------------------------------------------------------------------
 fa_atr                   -3305.364    -3085.819     -219.545
 fa_rep                     671.278      638.500       32.778
 fa_sol                    2190.110     2056.457      133.654
 fa_intra_rep                 8.349        8.349        0.000
 fa_intra_sol_xover4        131.676      131.676        0.000
 lk_ball_wtd                -57.326      -61.802        4.477
 fa_elec                   -912.526     -843.295      -69.231
 hbond_sr_bb               -139.013     -139.013        0.000
 hbond_lr_bb               -218.459     -194.262      -24.197
 hbond_bb_sc                -88.874      -82.601       -6.273
 hbond_sc                   -79.804      -72.745       -7.059
 omega                       84.752       84.752        0.000
 fa_dun                    1576.642     1576.642        0.000
 p_aa_pp                    -96.557      -96.557        0.000
 ref                        177.176      177.176        0.000
 rama_prepro                 31.382       31.382        0.000
 total                      -26.556      128.842
-------------------------------------------------------------------
Sum ddg: -155.397
protocols.simple_filters.DdGScan: (0) input_dimer_0001 DdGScan binding ddG for mutation THR542ALA = -155.397
protocols.rosetta_scripts.ParsedProtocol.REPORT: (0)  Residue B247THR->ALA :   -0.0291
core.pack.task: (0) Packer task: initialize from command line() 
core.pack.pack_rotamers: (0) built 1 rotamers at 1 positions.
core.pack.interaction_graph.interaction_graph_factory: (0) Instantiating PDInteractionGraph
protocols.simple_filters.DdGScan: (0) 
-------------------------------------------------------------------
 Scores                       Bound      Unbound      Wghtd.Delta
-------------------------------------------------------------------
 fa_atr                   -3301.409    -3082.386     -219.023
 fa_rep                     670.877      638.686       32.192
 fa_sol                    2185.614     2053.925      131.689
 fa_intra_rep                 8.349        8.349        0.000
 fa_intra_sol_xover4        131.282      131.282        0.000
 lk_ball_wtd                -57.229      -61.355        4.126
 fa_elec                   -913.357     -843.040      -70.317
 hbond_sr_bb               -139.013     -139.013        0.000
 hbond_lr_bb               -218.459     -194.262      -24.197
 hbond_bb_sc                -88.874      -82.601       -6.273
 hbond_sc                   -79.804      -72.745       -7.059
 omega                       84.752       84.752        0.000
 fa_dun                    1574.060     1574.060        0.000
 p_aa_pp                    -96.318      -96.318        0.000
 ref                        178.628      178.628        0.000
 rama_prepro                 30.887       30.887        0.000
 total                      -30.013      128.849
-------------------------------------------------------------------
Sum ddg: -158.863
protocols.simple_filters.DdGScan: (0) input_dimer_0001 DdGScan binding ddG for mutation HIS551ALA = -158.863
protocols.rosetta_scripts.ParsedProtocol.REPORT: (0)  Residue B256HIS->ALA :   -3.4944
core.pack.task: (0) Packer task: initialize from command line() 
core.pack.pack_rotamers: (0) built 1 rotamers at 1 positions.
core.pack.interaction_graph.interaction_graph_factory: (0) Instantiating PDInteractionGraph
protocols.simple_filters.DdGScan: (0) 
-------------------------------------------------------------------
 Scores                       Bound      Unbound      Wghtd.Delta
-------------------------------------------------------------------
 fa_atr                   -3306.090    -3086.832     -219.258
 fa_rep                     671.276      638.452       32.824
 fa_sol                    2188.786     2056.926      131.860
 fa_intra_rep                 8.351        8.351        0.000
 fa_intra_sol_xover4        131.023      131.023        0.000
 lk_ball_wtd                -56.878      -61.729        4.850
 fa_elec                   -909.849     -842.066      -67.784
 hbond_sr_bb               -139.013     -139.013        0.000
 hbond_lr_bb               -218.459     -194.262      -24.197
 hbond_bb_sc                -88.874      -82.601       -6.273
 hbond_sc                   -79.804      -72.745       -7.059
 omega                       84.752       84.752        0.000
 fa_dun                    1573.495     1573.495        0.000
 p_aa_pp                    -97.263      -97.263        0.000
 ref                        180.473      180.473        0.000
 rama_prepro                 25.806       25.806        0.000
 total                      -32.268      122.769
-------------------------------------------------------------------
Sum ddg: -155.037
protocols.simple_filters.DdGScan: (0) input_dimer_0001 DdGScan binding ddG for mutation ASP578ALA = -155.037
protocols.rosetta_scripts.ParsedProtocol.REPORT: (0)  Residue B283ASP->ALA :    0.3311
core.pack.task: (0) Packer task: initialize from command line() 
core.pack.pack_rotamers: (0) built 1 rotamers at 1 positions.
core.pack.interaction_graph.interaction_graph_factory: (0) Instantiating PDInteractionGraph
protocols.simple_filters.DdGScan: (0) 
-------------------------------------------------------------------
 Scores                       Bound      Unbound      Wghtd.Delta
-------------------------------------------------------------------
 fa_atr                   -3305.786    -3087.255     -218.531
 fa_rep                     673.732      638.850       34.882
 fa_sol                    2189.779     2058.498      131.282
 fa_intra_rep                 8.351        8.351        0.000
 fa_intra_sol_xover4        131.668      131.668        0.000
 lk_ball_wtd                -57.122      -61.935        4.813
 fa_elec                   -912.126     -842.493      -69.632
 hbond_sr_bb               -139.013     -139.013        0.000
 hbond_lr_bb               -218.459     -194.262      -24.197
 hbond_bb_sc                -88.874      -82.601       -6.273
 hbond_sc                   -79.804      -72.745       -7.059
 omega                       84.810       84.810        0.000
 fa_dun                    1576.628     1576.628        0.000
 p_aa_pp                    -95.216      -95.216        0.000
 ref                        179.971      179.971        0.000
 rama_prepro                 26.119       26.119        0.000
 total                      -25.340      129.376
-------------------------------------------------------------------
Sum ddg: -154.716
protocols.simple_filters.DdGScan: (0) input_dimer_0001 DdGScan binding ddG for mutation PRO579ALA = -154.716
protocols.rosetta_scripts.ParsedProtocol.REPORT: (0)  Residue B284PRO->ALA :    0.6524
core.pack.task: (0) Packer task: initialize from command line() 
core.pack.pack_rotamers: (0) built 1 rotamers at 1 positions.
core.pack.interaction_graph.interaction_graph_factory: (0) Instantiating PDInteractionGraph
protocols.simple_filters.DdGScan: (0) 
-------------------------------------------------------------------
 Scores                       Bound      Unbound      Wghtd.Delta
-------------------------------------------------------------------
 fa_atr                   -3303.370    -3085.182     -218.189
 fa_rep                     671.624      638.794       32.830
 fa_sol                    2186.616     2055.099      131.517
 fa_intra_rep                 8.349        8.349        0.000
 fa_intra_sol_xover4        130.930      130.930        0.000
 lk_ball_wtd                -57.107      -61.877        4.770
 fa_elec                   -910.493     -841.908      -68.585
 hbond_sr_bb               -139.013     -139.013        0.000
 hbond_lr_bb               -218.459     -194.262      -24.197
 hbond_bb_sc                -88.874      -82.601       -6.273
 hbond_sc                   -78.073      -72.745       -5.328
 omega                       84.752       84.752        0.000
 fa_dun                    1573.554     1573.554        0.000
 p_aa_pp                    -97.205      -97.205        0.000
 ref                        179.668      179.668        0.000
 rama_prepro                 30.678       30.678        0.000
 total                      -26.422      127.033
-------------------------------------------------------------------
Sum ddg: -153.454
protocols.simple_filters.DdGScan: (0) input_dimer_0001 DdGScan binding ddG for mutation ASN580ALA = -153.454
protocols.rosetta_scripts.ParsedProtocol.REPORT: (0)  Residue B285ASN->ALA :    1.9138
core.pack.task: (0) Packer task: initialize from command line() 
core.pack.pack_rotamers: (0) built 1 rotamers at 1 positions.
core.pack.interaction_graph.interaction_graph_factory: (0) Instantiating PDInteractionGraph
protocols.simple_filters.DdGScan: (0) 
-------------------------------------------------------------------
 Scores                       Bound      Unbound      Wghtd.Delta
-------------------------------------------------------------------
 fa_atr                   -3310.868    -3089.759     -221.109
 fa_rep                     689.451      656.313       33.137
 fa_sol                    2191.903     2057.906      133.996
 fa_intra_rep                 8.354        8.354        0.000
 fa_intra_sol_xover4        131.759      131.759        0.000
 lk_ball_wtd                -56.954      -61.804        4.850
 fa_elec                   -911.599     -842.720      -68.879
 hbond_sr_bb               -139.013     -139.013        0.000
 hbond_lr_bb               -218.459     -194.262      -24.197
 hbond_bb_sc                -88.874      -82.601       -6.273
 hbond_sc                   -79.804      -72.745       -7.059
 omega                       84.644       84.644        0.000
 fa_dun                    1576.900     1576.900        0.000
 p_aa_pp                    -97.126      -97.126        0.000
 ref                        177.529      177.529        0.000
 rama_prepro                 30.131       30.131        0.000
 total                      -12.025      143.508
-------------------------------------------------------------------
Sum ddg: -155.533
protocols.simple_filters.DdGScan: (0) input_dimer_0001 DdGScan binding ddG for mutation GLY581ALA = -155.533
protocols.rosetta_scripts.ParsedProtocol.REPORT: (0)  Residue B286GLY->ALA :   -0.1647
core.pack.task: (0) Packer task: initialize from command line() 
core.pack.pack_rotamers: (0) built 1 rotamers at 1 positions.
core.pack.interaction_graph.interaction_graph_factory: (0) Instantiating PDInteractionGraph
protocols.simple_filters.DdGScan: (0) 
-------------------------------------------------------------------
 Scores                       Bound      Unbound      Wghtd.Delta
-------------------------------------------------------------------
 fa_atr                   -3302.564    -3083.859     -218.705
 fa_rep                     671.395      638.736       32.659
 fa_sol                    2191.250     2057.503      133.747
 fa_intra_rep                 8.340        8.340        0.000
 fa_intra_sol_xover4        131.664      131.664        0.000
 lk_ball_wtd                -56.828      -61.502        4.673
 fa_elec                   -911.862     -842.914      -68.948
 hbond_sr_bb               -139.013     -139.013        0.000
 hbond_lr_bb               -218.459     -194.262      -24.197
 hbond_bb_sc                -88.874      -82.601       -6.273
 hbond_sc                   -79.804      -72.745       -7.059
 omega                       84.752       84.752        0.000
 fa_dun                    1576.119     1576.119        0.000
 p_aa_pp                    -95.971      -95.971        0.000
 ref                        176.666      176.666        0.000
 rama_prepro                 31.768       31.768        0.000
 total                      -21.420      132.684
-------------------------------------------------------------------
Sum ddg: -154.103
protocols.simple_filters.DdGScan: (0) input_dimer_0001 DdGScan binding ddG for mutation LEU582ALA = -154.103
protocols.rosetta_scripts.ParsedProtocol.REPORT: (0)  Residue B287LEU->ALA :    1.2649
core.pack.task: (0) Packer task: initialize from command line() 
core.pack.pack_rotamers: (0) built 1 rotamers at 1 positions.
core.pack.interaction_graph.interaction_graph_factory: (0) Instantiating PDInteractionGraph
protocols.simple_filters.DdGScan: (0) 
-------------------------------------------------------------------
 Scores                       Bound      Unbound      Wghtd.Delta
-------------------------------------------------------------------
 fa_atr                   -3299.643    -3080.994     -218.650
 fa_rep                     670.288      637.494       32.794
 fa_sol                    2193.024     2059.120      133.903
 fa_intra_rep                 8.336        8.336        0.000
 fa_intra_sol_xover4        131.645      131.645        0.000
 lk_ball_wtd                -56.730      -61.317        4.588
 fa_elec                   -911.932     -842.846      -69.086
 hbond_sr_bb               -139.013     -139.013        0.000
 hbond_lr_bb               -218.459     -194.262      -24.197
 hbond_bb_sc                -88.874      -82.601       -6.273
 hbond_sc                   -79.804      -72.745       -7.059
 omega                       84.755       84.755        0.000
 fa_dun                    1574.116     1574.116        0.000
 p_aa_pp                    -95.270      -95.270        0.000
 ref                        176.024      176.024        0.000
 rama_prepro                 32.230       32.230        0.000
 total                      -19.305      134.675
-------------------------------------------------------------------
Sum ddg: -153.979
protocols.simple_filters.DdGScan: (0) input_dimer_0001 DdGScan binding ddG for mutation ILE583ALA = -153.979
protocols.rosetta_scripts.ParsedProtocol.REPORT: (0)  Residue B288ILE->ALA :    1.3888
core.pack.task: (0) Packer task: initialize from command line() 
core.pack.pack_rotamers: (0) built 1 rotamers at 1 positions.
core.pack.interaction_graph.interaction_graph_factory: (0) Instantiating PDInteractionGraph
protocols.simple_filters.DdGScan: (0) 
-------------------------------------------------------------------
 Scores                       Bound      Unbound      Wghtd.Delta
-------------------------------------------------------------------
 fa_atr                   -3303.023    -3084.298     -218.725
 fa_rep                     671.366      638.679       32.688
 fa_sol                    2187.469     2054.477      132.993
 fa_intra_rep                 8.347        8.347        0.000
 fa_intra_sol_xover4        131.598      131.598        0.000
 lk_ball_wtd                -57.246      -61.971        4.725
 fa_elec                   -910.791     -841.401      -69.390
 hbond_sr_bb               -139.013     -139.013        0.000
 hbond_lr_bb               -218.459     -194.262      -24.197
 hbond_bb_sc                -88.874      -82.601       -6.273
 hbond_sc                   -78.064      -71.005       -7.059
 omega                       84.752       84.752        0.000
 fa_dun                    1574.839     1574.839        0.000
 p_aa_pp                    -96.381      -96.381        0.000
 ref                        179.042      179.042        0.000
 rama_prepro                 31.370       31.370        0.000
 total                      -23.066      132.173
-------------------------------------------------------------------
Sum ddg: -155.239
protocols.simple_filters.DdGScan: (0) input_dimer_0001 DdGScan binding ddG for mutation LYS584ALA = -155.239
protocols.rosetta_scripts.ParsedProtocol.REPORT: (0)  Residue B289LYS->ALA :    0.1292
core.pack.task: (0) Packer task: initialize from command line() 
core.pack.pack_rotamers: (0) built 1 rotamers at 1 positions.
core.pack.interaction_graph.interaction_graph_factory: (0) Instantiating PDInteractionGraph
protocols.simple_filters.DdGScan: (0) 
-------------------------------------------------------------------
 Scores                       Bound      Unbound      Wghtd.Delta
-------------------------------------------------------------------
 fa_atr                   -3303.792    -3085.955     -217.836
 fa_rep                     672.777      639.538       33.239
 fa_sol                    2192.233     2057.941      134.293
 fa_intra_rep                 8.350        8.350        0.000
 fa_intra_sol_xover4        131.735      131.735        0.000
 lk_ball_wtd                -57.300      -61.887        4.587
 fa_elec                   -912.475     -843.125      -69.350
 hbond_sr_bb               -139.013     -139.013        0.000
 hbond_lr_bb               -218.459     -194.262      -24.197
 hbond_bb_sc                -88.874      -82.601       -6.273
 hbond_sc                   -79.804      -72.745       -7.059
 omega                       84.752       84.752        0.000
 fa_dun                    1573.876     1573.876        0.000
 p_aa_pp                    -96.295      -96.295        0.000
 ref                        175.073      175.073        0.000
 rama_prepro                 30.711       30.711        0.000
 total                      -26.503      126.093
-------------------------------------------------------------------
Sum ddg: -152.596
protocols.simple_filters.DdGScan: (0) input_dimer_0001 DdGScan binding ddG for mutation CYS585ALA = -152.596
protocols.rosetta_scripts.ParsedProtocol.REPORT: (0)  Residue B290CYS->ALA :    2.7723
core.pack.task: (0) Packer task: initialize from command line() 
core.pack.pack_rotamers: (0) built 1 rotamers at 1 positions.
core.pack.interaction_graph.interaction_graph_factory: (0) Instantiating PDInteractionGraph
protocols.simple_filters.DdGScan: (0) 
-------------------------------------------------------------------
 Scores                       Bound      Unbound      Wghtd.Delta
-------------------------------------------------------------------
 fa_atr                   -3304.988    -3085.495     -219.493
 fa_rep                     671.666      638.805       32.861
 fa_sol                    2189.719     2057.080      132.639
 fa_intra_rep                 8.347        8.347        0.000
 fa_intra_sol_xover4        131.701      131.701        0.000
 lk_ball_wtd                -56.818      -61.528        4.710
 fa_elec                   -911.960     -842.790      -69.169
 hbond_sr_bb               -139.013     -139.013        0.000
 hbond_lr_bb               -218.459     -194.262      -24.197
 hbond_bb_sc                -88.874      -82.601       -6.273
 hbond_sc                   -79.804      -72.745       -7.059
 omega                       84.752       84.752        0.000
 fa_dun                    1576.687     1576.687        0.000
 p_aa_pp                    -95.819      -95.819        0.000
 ref                        177.176      177.176        0.000
 rama_prepro                 31.599       31.599        0.000
 total                      -24.087      131.895
-------------------------------------------------------------------
Sum ddg: -155.982
protocols.simple_filters.DdGScan: (0) input_dimer_0001 DdGScan binding ddG for mutation THR586ALA = -155.982
protocols.rosetta_scripts.ParsedProtocol.REPORT: (0)  Residue B291THR->ALA :   -0.6136
core.pack.task: (0) Packer task: initialize from command line() 
core.pack.pack_rotamers: (0) built 1 rotamers at 1 positions.
core.pack.interaction_graph.interaction_graph_factory: (0) Instantiating PDInteractionGraph
protocols.simple_filters.DdGScan: (0) 
-------------------------------------------------------------------
 Scores                       Bound      Unbound      Wghtd.Delta
-------------------------------------------------------------------
 fa_atr                   -3301.983    -3083.533     -218.451
 fa_rep                     670.876      638.347       32.529
 fa_sol                    2193.686     2059.628      134.058
 fa_intra_rep                 8.339        8.339        0.000
 fa_intra_sol_xover4        131.719      131.719        0.000
 lk_ball_wtd                -57.004      -61.815        4.810
 fa_elec                   -911.871     -842.642      -69.229
 hbond_sr_bb               -139.013     -139.013        0.000
 hbond_lr_bb               -218.459     -194.262      -24.197
 hbond_bb_sc                -88.874      -82.601       -6.273
 hbond_sc                   -79.804      -72.745       -7.059
 omega                       84.777       84.777        0.000
 fa_dun                    1576.585     1576.585        0.000
 p_aa_pp                    -95.242      -95.242        0.000
 ref                        175.685      175.685        0.000
 rama_prepro                 31.761       31.761        0.000
 total                      -18.822      134.990
-------------------------------------------------------------------
Sum ddg: -153.811
protocols.simple_filters.DdGScan: (0) input_dimer_0001 DdGScan binding ddG for mutation VAL587ALA = -153.811
protocols.rosetta_scripts.ParsedProtocol.REPORT: (0)  Residue B292VAL->ALA :    1.5567
core.pack.task: (0) Packer task: initialize from command line() 
core.pack.pack_rotamers: (0) built 1 rotamers at 1 positions.
core.pack.interaction_graph.interaction_graph_factory: (0) Instantiating PDInteractionGraph
protocols.simple_filters.DdGScan: (0) 
-------------------------------------------------------------------
 Scores                       Bound      Unbound      Wghtd.Delta
-------------------------------------------------------------------
 fa_atr                   -3310.235    -3088.932     -221.303
 fa_rep                     741.408      642.070       99.339
 fa_sol                    2192.074     2058.167      133.907
 fa_intra_rep                 8.354        8.354        0.000
 fa_intra_sol_xover4        131.759      131.759        0.000
 lk_ball_wtd                -57.298      -61.785        4.487
 fa_elec                   -911.555     -842.488      -69.066
 hbond_sr_bb               -139.013     -139.013        0.000
 hbond_lr_bb               -218.459     -194.262      -24.197
 hbond_bb_sc                -88.874      -82.601       -6.273
 hbond_sc                   -79.804      -72.745       -7.059
 omega                       84.820       84.820        0.000
 fa_dun                    1576.900     1576.900        0.000
 p_aa_pp                    -95.877      -95.877        0.000
 ref                        177.529      177.529        0.000
 rama_prepro                 31.556       31.556        0.000
 total                       43.287      133.453
-------------------------------------------------------------------
Sum ddg: -90.1655
protocols.simple_filters.DdGScan: (0) input_dimer_0001 DdGScan binding ddG for mutation GLY588ALA = -90.1655
protocols.rosetta_scripts.ParsedProtocol.REPORT: (0)  Residue B293GLY->ALA :   65.2027
core.pack.task: (0) Packer task: initialize from command line() 
core.pack.pack_rotamers: (0) built 1 rotamers at 1 positions.
core.pack.interaction_graph.interaction_graph_factory: (0) Instantiating PDInteractionGraph
protocols.simple_filters.DdGScan: (0) 
-------------------------------------------------------------------
 Scores                       Bound      Unbound      Wghtd.Delta
-------------------------------------------------------------------
 fa_atr                   -3299.726    -3079.606     -220.120
 fa_rep                     671.321      638.483       32.839
 fa_sol                    2183.565     2049.646      133.919
 fa_intra_rep                 8.330        8.330        0.000
 fa_intra_sol_xover4        131.395      131.395        0.000
 lk_ball_wtd                -57.916      -62.550        4.634
 fa_elec                   -906.239     -837.113      -69.125
 hbond_sr_bb               -139.013     -139.013        0.000
 hbond_lr_bb               -218.459     -194.262      -24.197
 hbond_bb_sc                -85.947      -79.674       -6.273
 hbond_sc                   -79.804      -72.745       -7.059
 omega                       84.752       84.752        0.000
 fa_dun                    1567.402     1567.402        0.000
 p_aa_pp                    -96.328      -96.328        0.000
 ref                        178.422      178.422        0.000
 rama_prepro                 31.049       31.049        0.000
 total                      -27.195      128.188
-------------------------------------------------------------------
Sum ddg: -155.382
protocols.simple_filters.DdGScan: (0) input_dimer_0001 DdGScan binding ddG for mutation ARG589ALA = -155.382
protocols.rosetta_scripts.ParsedProtocol.REPORT: (0)  Residue B294ARG->ALA :   -0.0143
core.pack.task: (0) Packer task: initialize from command line() 
core.pack.pack_rotamers: (0) built 1 rotamers at 1 positions.
core.pack.interaction_graph.interaction_graph_factory: (0) Instantiating PDInteractionGraph
protocols.simple_filters.DdGScan: (0) 
-------------------------------------------------------------------
 Scores                       Bound      Unbound      Wghtd.Delta
-------------------------------------------------------------------
 fa_atr                   -3307.008    -3087.535     -219.474
 fa_rep                     670.831      638.846       31.986
 fa_sol                    2189.002     2058.212      130.790
 fa_intra_rep                 8.345        8.345        0.000
 fa_intra_sol_xover4        131.705      131.705        0.000
 lk_ball_wtd                -57.590      -61.916        4.326
 fa_elec                   -911.463     -842.895      -68.569
 hbond_sr_bb               -139.013     -139.013        0.000
 hbond_lr_bb               -218.459     -194.262      -24.197
 hbond_bb_sc                -88.874      -82.601       -6.273
 hbond_sc                   -79.804      -72.745       -7.059
 omega                       84.752       84.752        0.000
 fa_dun                    1562.278     1562.278        0.000
 p_aa_pp                    -96.497      -96.497        0.000
 ref                        178.617      178.617        0.000
 rama_prepro                 30.879       30.879        0.000
 total                      -42.299      116.171
-------------------------------------------------------------------
Sum ddg: -158.47
protocols.simple_filters.DdGScan: (0) input_dimer_0001 DdGScan binding ddG for mutation SER590ALA = -158.47
protocols.rosetta_scripts.ParsedProtocol.REPORT: (0)  Residue B295SER->ALA :   -3.1017
protocols.rosetta_scripts.ParsedProtocol.REPORT: (0) 
protocols.rosetta_scripts.ParsedProtocol.REPORT: (0) ============End report for alanine_scan==================
protocols.jd2.JobDistributor: (0) input_dimer_0001 reported success in 21 seconds
protocols.jd2.JobDistributor: (0) no more batches to process... 
protocols.jd2.JobDistributor: (0) 1 jobs considered, 1 jobs attempted in 21 seconds
protocols.jd2.JobDistributor: (0) [ WARNING ] The following options have been set, but have not yet been used:
	-jd2:no_output 

basic.citation_manager.CitationManager: (0) 
The following Rosetta modules were used during this run of Rosetta, and should be cited:

rosetta_scripts Application's citation(s):
Fleishman SJ, Leaver-Fay A, Corn JE, Strauch E-M, Khare SD, Koga N, Ashworth J, Murphy P, Richter F, Lemmon G, Meiler J, and Baker D.  (2011).  RosettaScripts: A Scripting Language Interface to the Rosetta Macromolecular Modeling Suite.  PLoS ONE 6(6):e20161.  doi: 10.1371/journal.pone.0020161.


