********  (C) Copyright Rosetta Commons Member Institutions.  ***************
* Use of Rosetta for commercial purposes may require purchase of a license. *
********  See LICENSE.md or email license@uw.edu for more details. **********
core.init: (0) Checking for fconfig files in pwd and ./rosetta/flags 
core.init: (0) Rosetta version: rosetta.source.release-408 r408 2025.37+release.df75a9c df75a9c48e763e52a7aa3f5dfba077f4da88dbf5 https://www.rosettacommons.org 2025-09-09T20:16:19.418486
core.init: (0) Rosetta extras: [mpi]
core.init: (0) command: /tigress/MOLBIO/local/src/rosetta.source.release-408/main/source/bin/rosetta_scripts -s /scratch/gpfs/KAIYIJIANG/zijie/work/immune-design/tetramer_gate/reference_metrics/1R51/rosetta/alanine_scan/01_AD/input_dimer.pdb -parser:protocol /scratch/gpfs/KAIYIJIANG/zijie/work/immune-design/tetramer_gate/reference_metrics/1R51/rosetta/alanine_scan/01_AD/ddg_scan.xml -nstruct 1 -jd2:no_output true -constant_seed -jran 1729 -ignore_unrecognized_res true -overwrite -out:file:score_only /scratch/gpfs/KAIYIJIANG/zijie/work/immune-design/tetramer_gate/reference_metrics/1R51/rosetta/alanine_scan/01_AD/ddg_scan.sc
basic.random.init_random_generator: (0) Constant seed mode, seed=1729 seed_offset=0 real_seed=1729
basic.random.init_random_generator: (0) RandomGenerator:init: Normal mode, seed=1729 RG_type=mt19937
core.init: (0) Resolved executable path: /projects/MOLBIO/local/src/rosetta.source.release-408/main/source/build/src/release/linux/5.14/64/x86/gcc/14/mpi/rosetta_scripts.mpi.linuxgccrelease
core.init: (0) Looking for database based on location of executable: /projects/MOLBIO/local/src/rosetta.source.release-408/main/database/
protocols.jd2.PDBJobInputter: (0) Instantiate PDBJobInputter
protocols.jd2.PDBJobInputter: (0) PDBJobInputter::fill_jobs
protocols.jd2.PDBJobInputter: (0) pushed /scratch/gpfs/KAIYIJIANG/zijie/work/immune-design/tetramer_gate/reference_metrics/1R51/rosetta/alanine_scan/01_AD/input_dimer.pdb nstruct index 1
protocols.evaluation.ChiWellRmsdEvaluatorCreator: (0) Evaluation Creator active ... 
protocols.jd2.PDBJobInputter: (0) PDBJobInputter::pose_from_job
protocols.jd2.PDBJobInputter: (0) filling pose from PDB /scratch/gpfs/KAIYIJIANG/zijie/work/immune-design/tetramer_gate/reference_metrics/1R51/rosetta/alanine_scan/01_AD/input_dimer.pdb
core.chemical.GlobalResidueTypeSet: (0) Finished initializing fa_standard residue type set.  Created 985 residue types
core.chemical.GlobalResidueTypeSet: (0) Total time to initialize 0.549492 seconds.
core.import_pose.import_pose: (0) File '/scratch/gpfs/KAIYIJIANG/zijie/work/immune-design/tetramer_gate/reference_metrics/1R51/rosetta/alanine_scan/01_AD/input_dimer.pdb' automatically determined to be of type PDB from contents.
core.conformation.Conformation: (0) [ WARNING ] missing heavyatom:  OXT on residue SER:CtermProteinFull 295
core.conformation.Conformation: (0) [ WARNING ] missing heavyatom:  OXT on residue SER:CtermProteinFull 590
protocols.rosetta_scripts.RosettaScriptsParser: (0) dock_design_filename=/scratch/gpfs/KAIYIJIANG/zijie/work/immune-design/tetramer_gate/reference_metrics/1R51/rosetta/alanine_scan/01_AD/ddg_scan.xml
protocols.rosetta_scripts.RosettaScriptsParser: (0) Validating input script...
protocols.rosetta_scripts.RosettaScriptsSchemaValidator: (0) Generating XML Schema for rosetta_scripts...
protocols.rosetta_scripts.RosettaScriptsSchemaValidator: (0) ...done
protocols.rosetta_scripts.RosettaScriptsSchemaValidator: (0) Initializing schema validator...
protocols.rosetta_scripts.RosettaScriptsSchemaValidator: (0) ...done
protocols.rosetta_scripts.RosettaScriptsParser: (0) ...done
protocols.rosetta_scripts.RosettaScriptsParser: (0) Parsed script:
<ROSETTASCRIPTS>
	<SCOREFXNS>
		<ScoreFunction name="scan_score" weights="ref2015"/>
	</SCOREFXNS>
	<TASKOPERATIONS>
		<ReadResfile filename="/scratch/gpfs/KAIYIJIANG/zijie/work/immune-design/tetramer_gate/reference_metrics/1R51/rosetta/alanine_scan/01_AD/scan.resfile" name="scan_positions"/>
	</TASKOPERATIONS>
	<MOVERS>
		<ddG chain_num="2" name="binding_dg" relax_bound="false" relax_unbound="false" repack_bound="false" repack_unbound="false" scorefxn="scan_score"/>
	</MOVERS>
	<FILTERS>
		<DdGScan ddG_mover="binding_dg" name="alanine_scan" repeats="1" report_diffs="1" scorefxn="scan_score" task_operations="scan_positions" write2pdb="0"/>
	</FILTERS>
	<PROTOCOLS>
		<Add filter_name="alanine_scan"/>
	</PROTOCOLS>
	<OUTPUT scorefxn="scan_score"/>
</ROSETTASCRIPTS>
core.scoring.ScoreFunctionFactory: (0) SCOREFUNCTION: ref2015
core.scoring.etable: (0) Starting energy table calculation
core.scoring.etable: (0) smooth_etable: changing atr/rep split to bottom of energy well
core.scoring.etable: (0) smooth_etable: spline smoothing lj etables (maxdis = 6)
core.scoring.etable: (0) smooth_etable: spline smoothing solvation etables (max_dis = 6)
core.scoring.etable: (0) Finished calculating energy tables.
basic.io.database: (0) Database file opened: scoring/score_functions/hbonds/ref2015_params/HBPoly1D.csv
basic.io.database: (0) Database file opened: scoring/score_functions/hbonds/ref2015_params/HBFadeIntervals.csv
basic.io.database: (0) Database file opened: scoring/score_functions/hbonds/ref2015_params/HBEval.csv
basic.io.database: (0) Database file opened: scoring/score_functions/hbonds/ref2015_params/DonStrength.csv
basic.io.database: (0) Database file opened: scoring/score_functions/hbonds/ref2015_params/AccStrength.csv
basic.io.database: (0) Database file opened: scoring/score_functions/rama/fd/all.ramaProb
basic.io.database: (0) Database file opened: scoring/score_functions/rama/fd/prepro.ramaProb
basic.io.database: (0) Database file opened: scoring/score_functions/omega/omega_ppdep.all.txt
basic.io.database: (0) Database file opened: scoring/score_functions/omega/omega_ppdep.gly.txt
basic.io.database: (0) Database file opened: scoring/score_functions/omega/omega_ppdep.pro.txt
basic.io.database: (0) Database file opened: scoring/score_functions/omega/omega_ppdep.valile.txt
basic.io.database: (0) Database file opened: scoring/score_functions/P_AA_pp/P_AA
basic.io.database: (0) Database file opened: scoring/score_functions/P_AA_pp/P_AA_n
core.scoring.P_AA: (0) shapovalov_lib::shap_p_aa_pp_smooth_level of 1( aka low_smooth ) got activated.
basic.io.database: (0) Database file opened: scoring/score_functions/P_AA_pp/shapovalov/10deg/kappa131/a20.prop
core.scoring.etable: (0) Starting energy table calculation
core.scoring.etable: (0) smooth_etable: changing atr/rep split to bottom of energy well
core.scoring.etable: (0) smooth_etable: spline smoothing lj etables (maxdis = 6)
core.scoring.etable: (0) smooth_etable: spline smoothing solvation etables (max_dis = 6)
core.scoring.etable: (0) Finished calculating energy tables.
basic.io.database: (0) Database file opened: scoring/score_functions/PairEPotential/pdb_pair_stats_fine
basic.io.database: (0) Database file opened: scoring/score_functions/InterchainPotential/interchain_env_log.txt
basic.io.database: (0) Database file opened: scoring/score_functions/InterchainPotential/interchain_pair_log.txt
basic.io.database: (0) Database file opened: scoring/score_functions/EnvPairPotential/env_log.txt
basic.io.database: (0) Database file opened: scoring/score_functions/EnvPairPotential/cbeta_den.txt
basic.io.database: (0) Database file opened: scoring/score_functions/EnvPairPotential/pair_log.txt
basic.io.database: (0) Database file opened: scoring/score_functions/EnvPairPotential/cenpack_log.txt
core.scoring.ramachandran: (0) shapovalov_lib::shap_rama_smooth_level of 4( aka highest_smooth ) got activated.
basic.io.database: (0) Database file opened: scoring/score_functions/rama/shapovalov/kappa25/all.ramaProb
protocols.jd2.parser.ScoreFunctionLoader: (0) defined score function "scan_score" with weights "ref2015"
protocols.jd2.parser.TaskOperationLoader: (0) Defined TaskOperation named "scan_positions" of type ReadResfile
protocols.rosetta_scripts.RosettaScriptsParser: (0) Defined mover named "binding_dg" of type ddG
core.pack.task.xml_util: (0) Object alanine_scan reading the following task_operations: Adding the following task operations
scan_positions 
protocols.rosetta_scripts.RosettaScriptsParser: (0) Defined filter named "alanine_scan" of type DdGScan
protocols.rosetta_scripts.ParsedProtocol: (0) ParsedProtocol mover with the following settings
protocols.rosetta_scripts.ParsedProtocol: (0) Added filter "alanine_scan"
protocols.jd2.PDBJobInputter: (0) PDBJobInputter::pose_from_job
protocols.jd2.PDBJobInputter: (0) filling pose from saved copy /scratch/gpfs/KAIYIJIANG/zijie/work/immune-design/tetramer_gate/reference_metrics/1R51/rosetta/alanine_scan/01_AD/input_dimer.pdb
protocols.rosetta_scripts.ParsedProtocol: (0) =======================BEGIN FILTER alanine_scan=======================
protocols.rosetta_scripts.ParsedProtocol: (0) =======================END FILTER alanine_scan=======================
protocols.rosetta_scripts.ParsedProtocol: (0) setting status to success
protocols.rosetta_scripts.ParsedProtocol: (0) Set filter value for alanine_scan to: -99999
protocols.rosetta_scripts.ParsedProtocol.REPORT: (0) ============Begin report for alanine_scan==================
core.pack.task: (0) Packer task: initialize from command line() 
basic.io.database: (0) Database file opened: scoring/score_functions/elec_cp_reps.dat
core.scoring.elec.util: (0) Read 40 countpair representative atoms
core.pack.dunbrack.RotamerLibrary: (0) shapovalov_lib_fixes_enable option is true.
core.pack.dunbrack.RotamerLibrary: (0) shapovalov_lib::shap_dun10_smooth_level of 1( aka lowest_smooth ) got activated.
core.pack.dunbrack.RotamerLibrary: (0) Binary rotamer library selected: /projects/MOLBIO/local/src/rosetta.source.release-408/main/database/rotamer/shapovalov/StpDwn_0-0-0/Dunbrack10.lib.bin
core.pack.dunbrack.RotamerLibrary: (0) Using Dunbrack library binary file '/projects/MOLBIO/local/src/rosetta.source.release-408/main/database/rotamer/shapovalov/StpDwn_0-0-0/Dunbrack10.lib.bin'.
core.pack.dunbrack.RotamerLibrary: (0) Dunbrack 2010 library took 0.084682 seconds to load from binary
core.pack.pack_rotamers: (0) built 0 rotamers at 0 positions.
core.pack.interaction_graph.interaction_graph_factory: (0) Instantiating DensePDInteractionGraph
basic.thread_manager.RosettaThreadManager: (0) [ WARNING ] A work vector of size zero was passed to the RosettaThreadManager!  Duly returning without doing anything.
protocols.simple_filters.DdGScan: (0) 
-------------------------------------------------------------------
 Scores                       Bound      Unbound      Wghtd.Delta
-------------------------------------------------------------------
 fa_atr                   -3287.530    -3087.674     -199.855
 fa_rep                     773.119      638.846      134.273
 fa_sol                    2145.380     2058.669       86.711
 fa_intra_rep                 8.353        8.353        0.000
 fa_intra_sol_xover4        131.759      131.759        0.000
 lk_ball_wtd                -63.146      -61.911       -1.235
 fa_elec                   -899.655     -842.708      -56.947
 hbond_sr_bb               -139.013     -139.013        0.000
 hbond_lr_bb               -210.267     -194.262      -16.006
 hbond_bb_sc                -82.601      -82.601        0.000
 hbond_sc                   -77.891      -72.745       -5.147
 omega                       84.752       84.752        0.000
 fa_dun                    1576.900     1576.900        0.000
 p_aa_pp                    -96.497      -96.497        0.000
 ref                        177.003      177.003        0.000
 rama_prepro                 30.879       30.879        0.000
 total                       71.545      129.750
-------------------------------------------------------------------
Sum ddg: -58.2047
protocols.simple_filters.DdGScan: (0) input_dimer_0001 wild-type binding ddG  = -58.2047
core.pack.task: (0) Packer task: initialize from command line() 
core.pack.pack_rotamers: (0) built 1 rotamers at 1 positions.
core.pack.interaction_graph.interaction_graph_factory: (0) Instantiating PDInteractionGraph
protocols.simple_filters.DdGScan: (0) 
-------------------------------------------------------------------
 Scores                       Bound      Unbound      Wghtd.Delta
-------------------------------------------------------------------
 fa_atr                   -3281.651    -3086.180     -195.472
 fa_rep                     772.328      638.846      133.482
 fa_sol                    2137.558     2056.393       81.164
 fa_intra_rep                 8.342        8.342        0.000
 fa_intra_sol_xover4        131.415      131.415        0.000
 lk_ball_wtd                -62.841      -62.104       -0.737
 fa_elec                   -897.672     -840.612      -57.060
 hbond_sr_bb               -139.013     -139.013        0.000
 hbond_lr_bb               -210.267     -194.262      -16.006
 hbond_bb_sc                -82.601      -82.601        0.000
 hbond_sc                   -76.079      -72.026       -4.052
 omega                       84.752       84.752        0.000
 fa_dun                    1574.625     1574.625        0.000
 p_aa_pp                    -96.143      -96.143        0.000
 ref                        178.422      178.422        0.000
 rama_prepro                 31.157       31.157        0.000
 total                       72.330      131.010
-------------------------------------------------------------------
Sum ddg: -58.68
protocols.simple_filters.DdGScan: (0) input_dimer_0001 DdGScan binding ddG for mutation ARG14ALA = -58.68
protocols.rosetta_scripts.ParsedProtocol.REPORT: (0)  Residue A14ARG->ALA :   -0.4753
core.pack.task: (0) Packer task: initialize from command line() 
core.pack.pack_rotamers: (0) built 1 rotamers at 1 positions.
core.pack.interaction_graph.interaction_graph_factory: (0) Instantiating PDInteractionGraph
protocols.simple_filters.DdGScan: (0) 
-------------------------------------------------------------------
 Scores                       Bound      Unbound      Wghtd.Delta
-------------------------------------------------------------------
 fa_atr                   -3282.868    -3083.488     -199.379
 fa_rep                     772.523      638.269      134.254
 fa_sol                    2146.613     2059.649       86.964
 fa_intra_rep                 8.336        8.336        0.000
 fa_intra_sol_xover4        131.717      131.717        0.000
 lk_ball_wtd                -62.844      -61.638       -1.207
 fa_elec                   -899.729     -842.740      -56.989
 hbond_sr_bb               -139.013     -139.013        0.000
 hbond_lr_bb               -210.267     -194.262      -16.006
 hbond_bb_sc                -82.601      -82.601        0.000
 hbond_sc                   -77.891      -72.745       -5.147
 omega                       84.703       84.703        0.000
 fa_dun                    1576.116     1576.116        0.000
 p_aa_pp                    -95.634      -95.634        0.000
 ref                        175.685      175.685        0.000
 rama_prepro                 31.756       31.756        0.000
 total                       76.602      134.112
-------------------------------------------------------------------
Sum ddg: -57.51
protocols.simple_filters.DdGScan: (0) input_dimer_0001 DdGScan binding ddG for mutation VAL15ALA = -57.51
protocols.rosetta_scripts.ParsedProtocol.REPORT: (0)  Residue A15VAL->ALA :    0.6947
core.pack.task: (0) Packer task: initialize from command line() 
core.pack.pack_rotamers: (0) built 1 rotamers at 1 positions.
core.pack.interaction_graph.interaction_graph_factory: (0) Instantiating PDInteractionGraph
protocols.simple_filters.DdGScan: (0) 
-------------------------------------------------------------------
 Scores                       Bound      Unbound      Wghtd.Delta
-------------------------------------------------------------------
 fa_atr                   -3275.565    -3082.361     -193.204
 fa_rep                     771.674      638.653      133.020
 fa_sol                    2143.592     2057.138       86.454
 fa_intra_rep                 8.329        8.329        0.000
 fa_intra_sol_xover4        131.595      131.595        0.000
 lk_ball_wtd                -62.773      -61.760       -1.014
 fa_elec                   -899.990     -842.829      -57.161
 hbond_sr_bb               -139.013     -139.013        0.000
 hbond_lr_bb               -210.267     -194.262      -16.006
 hbond_bb_sc                -82.601      -82.601        0.000
 hbond_sc                   -77.891      -72.745       -5.147
 omega                       84.752       84.752        0.000
 fa_dun                    1571.400     1571.400        0.000
 p_aa_pp                    -95.976      -95.976        0.000
 ref                        177.745      177.745        0.000
 rama_prepro                 31.617       31.617        0.000
 total                       76.629      129.685
-------------------------------------------------------------------
Sum ddg: -53.0565
protocols.simple_filters.DdGScan: (0) input_dimer_0001 DdGScan binding ddG for mutation TYR16ALA = -53.0565
protocols.rosetta_scripts.ParsedProtocol.REPORT: (0)  Residue A16TYR->ALA :    5.1482
core.pack.task: (0) Packer task: initialize from command line() 
core.pack.pack_rotamers: (0) built 1 rotamers at 1 positions.
core.pack.interaction_graph.interaction_graph_factory: (0) Instantiating PDInteractionGraph
protocols.simple_filters.DdGScan: (0) 
-------------------------------------------------------------------
 Scores                       Bound      Unbound      Wghtd.Delta
-------------------------------------------------------------------
 fa_atr                   -3280.525    -3082.628     -197.898
 fa_rep                     772.928      638.701      134.226
 fa_sol                    2136.124     2050.824       85.300
 fa_intra_rep                 8.346        8.346        0.000
 fa_intra_sol_xover4        131.640      131.640        0.000
 lk_ball_wtd                -62.587      -61.645       -0.943
 fa_elec                   -893.683     -837.227      -56.456
 hbond_sr_bb               -139.013     -139.013        0.000
 hbond_lr_bb               -210.267     -194.262      -16.006
 hbond_bb_sc                -82.367      -82.367        0.000
 hbond_sc                   -77.891      -72.745       -5.147
 omega                       84.752       84.752        0.000
 fa_dun                    1573.148     1573.148        0.000
 p_aa_pp                    -96.326      -96.326        0.000
 ref                        179.042      179.042        0.000
 rama_prepro                 31.341       31.341        0.000
 total                       74.660      131.582
-------------------------------------------------------------------
Sum ddg: -56.9219
protocols.simple_filters.DdGScan: (0) input_dimer_0001 DdGScan binding ddG for mutation LYS17ALA = -56.9219
protocols.rosetta_scripts.ParsedProtocol.REPORT: (0)  Residue A17LYS->ALA :    1.2828
core.pack.task: (0) Packer task: initialize from command line() 
core.pack.pack_rotamers: (0) built 1 rotamers at 1 positions.
core.pack.interaction_graph.interaction_graph_factory: (0) Instantiating PDInteractionGraph
protocols.simple_filters.DdGScan: (0) 
-------------------------------------------------------------------
 Scores                       Bound      Unbound      Wghtd.Delta
-------------------------------------------------------------------
 fa_atr                   -3282.077    -3083.764     -198.313
 fa_rep                     772.592      638.357      134.235
 fa_sol                    2145.394     2058.427       86.967
 fa_intra_rep                 8.335        8.335        0.000
 fa_intra_sol_xover4        131.691      131.691        0.000
 lk_ball_wtd                -62.879      -61.565       -1.314
 fa_elec                   -899.607     -842.878      -56.729
 hbond_sr_bb               -139.013     -139.013        0.000
 hbond_lr_bb               -210.267     -194.262      -16.006
 hbond_bb_sc                -82.601      -82.601        0.000
 hbond_sc                   -77.891      -72.745       -5.147
 omega                       84.681       84.681        0.000
 fa_dun                    1575.251     1575.251        0.000
 p_aa_pp                    -95.661      -95.661        0.000
 ref                        175.685      175.685        0.000
 rama_prepro                 31.422       31.422        0.000
 total                       75.054      131.360
-------------------------------------------------------------------
Sum ddg: -56.3057
protocols.simple_filters.DdGScan: (0) input_dimer_0001 DdGScan binding ddG for mutation VAL18ALA = -56.3057
protocols.rosetta_scripts.ParsedProtocol.REPORT: (0)  Residue A18VAL->ALA :    1.8989
core.pack.task: (0) Packer task: initialize from command line() 
core.pack.pack_rotamers: (0) built 1 rotamers at 1 positions.
core.pack.interaction_graph.interaction_graph_factory: (0) Instantiating PDInteractionGraph
protocols.simple_filters.DdGScan: (0) 
-------------------------------------------------------------------
 Scores                       Bound      Unbound      Wghtd.Delta
-------------------------------------------------------------------
 fa_atr                   -3283.971    -3084.385     -199.586
 fa_rep                     772.244      637.971      134.273
 fa_sol                    2141.728     2055.874       85.854
 fa_intra_rep                 8.341        8.341        0.000
 fa_intra_sol_xover4        131.587      131.587        0.000
 lk_ball_wtd                -62.150      -61.181       -0.969
 fa_elec                   -898.392     -842.912      -55.480
 hbond_sr_bb               -139.013     -139.013        0.000
 hbond_lr_bb               -210.267     -194.262      -16.006
 hbond_bb_sc                -82.601      -82.601        0.000
 hbond_sc                   -77.891      -72.745       -5.147
 omega                       84.752       84.752        0.000
 fa_dun                    1565.008     1565.008        0.000
 p_aa_pp                    -96.261      -96.261        0.000
 ref                        179.042      179.042        0.000
 rama_prepro                 31.730       31.730        0.000
 total                       63.887      120.947
-------------------------------------------------------------------
Sum ddg: -57.0599
protocols.simple_filters.DdGScan: (0) input_dimer_0001 DdGScan binding ddG for mutation LYS20ALA = -57.0599
protocols.rosetta_scripts.ParsedProtocol.REPORT: (0)  Residue A20LYS->ALA :    1.1448
core.pack.task: (0) Packer task: initialize from command line() 
core.pack.pack_rotamers: (0) built 1 rotamers at 1 positions.
core.pack.interaction_graph.interaction_graph_factory: (0) Instantiating PDInteractionGraph
protocols.simple_filters.DdGScan: (0) 
-------------------------------------------------------------------
 Scores                       Bound      Unbound      Wghtd.Delta
-------------------------------------------------------------------
 fa_atr                   -3281.113    -3083.594     -197.520
 fa_rep                     772.425      638.194      134.231
 fa_sol                    2138.596     2054.261       84.334
 fa_intra_rep                 8.346        8.346        0.000
 fa_intra_sol_xover4        131.555      131.555        0.000
 lk_ball_wtd                -62.449      -60.935       -1.513
 fa_elec                   -899.856     -842.580      -57.276
 hbond_sr_bb               -139.013     -139.013        0.000
 hbond_lr_bb               -210.267     -194.262      -16.006
 hbond_bb_sc                -82.601      -82.601        0.000
 hbond_sc                   -77.891      -72.745       -5.147
 omega                       84.752       84.752        0.000
 fa_dun                    1573.746     1573.746        0.000
 p_aa_pp                    -96.369      -96.369        0.000
 ref                        179.779      179.779        0.000
 rama_prepro                 31.343       31.343        0.000
 total                       70.984      129.879
-------------------------------------------------------------------
Sum ddg: -58.8953
protocols.simple_filters.DdGScan: (0) input_dimer_0001 DdGScan binding ddG for mutation GLN27ALA = -58.8953
protocols.rosetta_scripts.ParsedProtocol.REPORT: (0)  Residue A27GLN->ALA :   -0.6906
core.pack.task: (0) Packer task: initialize from command line() 
core.pack.pack_rotamers: (0) built 1 rotamers at 1 positions.
core.pack.interaction_graph.interaction_graph_factory: (0) Instantiating PDInteractionGraph
protocols.simple_filters.DdGScan: (0) 
-------------------------------------------------------------------
 Scores                       Bound      Unbound      Wghtd.Delta
-------------------------------------------------------------------
 fa_atr                   -3282.043    -3083.076     -198.966
 fa_rep                     772.787      638.631      134.156
 fa_sol                    2146.936     2059.814       87.122
 fa_intra_rep                 8.334        8.334        0.000
 fa_intra_sol_xover4        131.703      131.703        0.000
 lk_ball_wtd                -63.048      -61.849       -1.199
 fa_elec                   -899.711     -842.716      -56.996
 hbond_sr_bb               -139.013     -139.013        0.000
 hbond_lr_bb               -210.267     -194.262      -16.006
 hbond_bb_sc                -82.601      -82.601        0.000
 hbond_sc                   -77.891      -72.745       -5.147
 omega                       84.797       84.797        0.000
 fa_dun                    1576.616     1576.616        0.000
 p_aa_pp                    -96.008      -96.008        0.000
 ref                        175.685      175.685        0.000
 rama_prepro                 31.333       31.333        0.000
 total                       77.609      134.643
-------------------------------------------------------------------
Sum ddg: -57.0343
protocols.simple_filters.DdGScan: (0) input_dimer_0001 DdGScan binding ddG for mutation VAL29ALA = -57.0343
protocols.rosetta_scripts.ParsedProtocol.REPORT: (0)  Residue A29VAL->ALA :    1.1704
core.pack.task: (0) Packer task: initialize from command line() 
core.pack.pack_rotamers: (0) built 1 rotamers at 1 positions.
core.pack.interaction_graph.interaction_graph_factory: (0) Instantiating PDInteractionGraph
protocols.simple_filters.DdGScan: (0) 
-------------------------------------------------------------------
 Scores                       Bound      Unbound      Wghtd.Delta
-------------------------------------------------------------------
 fa_atr                   -3281.859    -3083.967     -197.892
 fa_rep                     772.967      638.716      134.251
 fa_sol                    2136.666     2052.812       83.855
 fa_intra_rep                 8.348        8.348        0.000
 fa_intra_sol_xover4        131.537      131.537        0.000
 lk_ball_wtd                -63.483      -62.338       -1.146
 fa_elec                   -892.747     -838.387      -54.360
 hbond_sr_bb               -139.013     -139.013        0.000
 hbond_lr_bb               -210.267     -194.262      -16.006
 hbond_bb_sc                -82.601      -82.601        0.000
 hbond_sc                   -74.381      -70.708       -3.672
 omega                       84.752       84.752        0.000
 fa_dun                    1573.696     1573.696        0.000
 p_aa_pp                    -96.255      -96.255        0.000
 ref                        181.052      181.052        0.000
 rama_prepro                 31.251       31.251        0.000
 total                       79.664      134.634
-------------------------------------------------------------------
Sum ddg: -54.9698
protocols.simple_filters.DdGScan: (0) input_dimer_0001 DdGScan binding ddG for mutation GLU31ALA = -54.9698
protocols.rosetta_scripts.ParsedProtocol.REPORT: (0)  Residue A31GLU->ALA :    3.2349
core.pack.task: (0) Packer task: initialize from command line() 
core.pack.pack_rotamers: (0) built 1 rotamers at 1 positions.
core.pack.interaction_graph.interaction_graph_factory: (0) Instantiating PDInteractionGraph
protocols.simple_filters.DdGScan: (0) 
-------------------------------------------------------------------
 Scores                       Bound      Unbound      Wghtd.Delta
-------------------------------------------------------------------
 fa_atr                   -3284.594    -3085.645     -198.950
 fa_rep                     773.063      638.814      134.249
 fa_sol                    2140.979     2055.011       85.968
 fa_intra_rep                 8.350        8.350        0.000
 fa_intra_sol_xover4        131.527      131.527        0.000
 lk_ball_wtd                -62.006      -61.098       -0.908
 fa_elec                   -899.282     -842.353      -56.928
 hbond_sr_bb               -139.013     -139.013        0.000
 hbond_lr_bb               -210.267     -194.262      -16.006
 hbond_bb_sc                -82.601      -82.601        0.000
 hbond_sc                   -77.891      -72.745       -5.147
 omega                       84.752       84.752        0.000
 fa_dun                    1575.675     1575.675        0.000
 p_aa_pp                    -97.203      -97.203        0.000
 ref                        179.668      179.668        0.000
 rama_prepro                 30.359       30.359        0.000
 total                       71.515      129.237
-------------------------------------------------------------------
Sum ddg: -57.7219
protocols.simple_filters.DdGScan: (0) input_dimer_0001 DdGScan binding ddG for mutation ASN62ALA = -57.7219
protocols.rosetta_scripts.ParsedProtocol.REPORT: (0)  Residue A62ASN->ALA :    0.4827
core.pack.task: (0) Packer task: initialize from command line() 
core.pack.pack_rotamers: (0) built 1 rotamers at 1 positions.
core.pack.interaction_graph.interaction_graph_factory: (0) Instantiating PDInteractionGraph
protocols.simple_filters.DdGScan: (0) 
-------------------------------------------------------------------
 Scores                       Bound      Unbound      Wghtd.Delta
-------------------------------------------------------------------
 fa_atr                   -3279.798    -3082.250     -197.548
 fa_rep                     772.691      638.667      134.023
 fa_sol                    2144.584     2057.404       87.179
 fa_intra_rep                 8.325        8.325        0.000
 fa_intra_sol_xover4        131.496      131.496        0.000
 lk_ball_wtd                -62.890      -61.678       -1.212
 fa_elec                   -899.993     -843.094      -56.899
 hbond_sr_bb               -139.013     -139.013        0.000
 hbond_lr_bb               -210.267     -194.262      -16.006
 hbond_bb_sc                -82.601      -82.601        0.000
 hbond_sc                   -77.891      -72.745       -5.147
 omega                       84.752       84.752        0.000
 fa_dun                    1573.647     1573.647        0.000
 p_aa_pp                    -96.612      -96.612        0.000
 ref                        177.745      177.745        0.000
 rama_prepro                 30.839       30.839        0.000
 total                       75.014      130.622
-------------------------------------------------------------------
Sum ddg: -55.608
protocols.simple_filters.DdGScan: (0) input_dimer_0001 DdGScan binding ddG for mutation TYR65ALA = -55.608
protocols.rosetta_scripts.ParsedProtocol.REPORT: (0)  Residue A65TYR->ALA :    2.5967
core.pack.task: (0) Packer task: initialize from command line() 
core.pack.pack_rotamers: (0) built 1 rotamers at 1 positions.
core.pack.interaction_graph.interaction_graph_factory: (0) Instantiating PDInteractionGraph
protocols.simple_filters.DdGScan: (0) 
-------------------------------------------------------------------
 Scores                       Bound      Unbound      Wghtd.Delta
-------------------------------------------------------------------
 fa_atr                   -3280.952    -3084.830     -196.121
 fa_rep                     772.898      638.732      134.166
 fa_sol                    2145.125     2057.763       87.362
 fa_intra_rep                 8.330        8.330        0.000
 fa_intra_sol_xover4        131.686      131.686        0.000
 lk_ball_wtd                -62.645      -61.634       -1.011
 fa_elec                   -899.780     -842.855      -56.925
 hbond_sr_bb               -139.013     -139.013        0.000
 hbond_lr_bb               -210.267     -194.262      -16.006
 hbond_bb_sc                -82.601      -82.601        0.000
 hbond_sc                   -77.891      -72.745       -5.147
 omega                       84.822       84.822        0.000
 fa_dun                    1574.793     1574.793        0.000
 p_aa_pp                    -96.270      -96.270        0.000
 ref                        176.024      176.024        0.000
 rama_prepro                 30.747       30.747        0.000
 total                       75.005      128.687
-------------------------------------------------------------------
Sum ddg: -53.6814
protocols.simple_filters.DdGScan: (0) input_dimer_0001 DdGScan binding ddG for mutation ILE66ALA = -53.6814
protocols.rosetta_scripts.ParsedProtocol.REPORT: (0)  Residue A66ILE->ALA :    4.5233
core.pack.task: (0) Packer task: initialize from command line() 
core.pack.pack_rotamers: (0) built 1 rotamers at 1 positions.
core.pack.interaction_graph.interaction_graph_factory: (0) Instantiating DensePDInteractionGraph
protocols.simple_filters.DdGScan: (0) 
-------------------------------------------------------------------
 Scores                       Bound      Unbound      Wghtd.Delta
-------------------------------------------------------------------
 fa_atr                   -3287.530    -3087.674     -199.855
 fa_rep                     773.119      638.846      134.273
 fa_sol                    2145.380     2058.669       86.711
 fa_intra_rep                 8.353        8.353        0.000
 fa_intra_sol_xover4        131.759      131.759        0.000
 lk_ball_wtd                -63.146      -61.911       -1.235
 fa_elec                   -899.655     -842.708      -56.947
 hbond_sr_bb               -139.013     -139.013        0.000
 hbond_lr_bb               -210.267     -194.262      -16.006
 hbond_bb_sc                -82.601      -82.601        0.000
 hbond_sc                   -77.891      -72.745       -5.147
 omega                       84.752       84.752        0.000
 fa_dun                    1576.900     1576.900        0.000
 p_aa_pp                    -96.497      -96.497        0.000
 ref                        177.003      177.003        0.000
 rama_prepro                 30.879       30.879        0.000
 total                       71.545      129.750
-------------------------------------------------------------------
Sum ddg: -58.2047
protocols.simple_filters.DdGScan: (0) input_dimer_0001 DdGScan binding ddG for mutation ALA68ALA = -58.2047
protocols.rosetta_scripts.ParsedProtocol.REPORT: (0)  Residue A68ALA->ALA :    0.0000
core.pack.task: (0) Packer task: initialize from command line() 
core.pack.pack_rotamers: (0) built 1 rotamers at 1 positions.
core.pack.interaction_graph.interaction_graph_factory: (0) Instantiating PDInteractionGraph
protocols.simple_filters.DdGScan: (0) 
-------------------------------------------------------------------
 Scores                       Bound      Unbound      Wghtd.Delta
-------------------------------------------------------------------
 fa_atr                   -3279.644    -3086.887     -192.758
 fa_rep                     771.370      638.758      132.613
 fa_sol                    2133.010     2057.160       75.850
 fa_intra_rep                 8.336        8.336        0.000
 fa_intra_sol_xover4        131.019      131.019        0.000
 lk_ball_wtd                -63.896      -61.879       -2.017
 fa_elec                   -890.438     -842.650      -47.787
 hbond_sr_bb               -139.013     -139.013        0.000
 hbond_lr_bb               -210.267     -194.262      -16.006
 hbond_bb_sc                -82.601      -82.601        0.000
 hbond_sc                   -77.891      -72.745       -5.147
 omega                       84.752       84.752        0.000
 fa_dun                    1571.363     1571.363        0.000
 p_aa_pp                    -96.417      -96.417        0.000
 ref                        179.042      179.042        0.000
 rama_prepro                 30.960       30.960        0.000
 total                       69.687      124.938
-------------------------------------------------------------------
Sum ddg: -55.2509
protocols.simple_filters.DdGScan: (0) input_dimer_0001 DdGScan binding ddG for mutation LYS69ALA = -55.2509
protocols.rosetta_scripts.ParsedProtocol.REPORT: (0)  Residue A69LYS->ALA :    2.9537
core.pack.task: (0) Packer task: initialize from command line() 
core.pack.pack_rotamers: (0) built 1 rotamers at 1 positions.
core.pack.interaction_graph.interaction_graph_factory: (0) Instantiating PDInteractionGraph
protocols.simple_filters.DdGScan: (0) 
-------------------------------------------------------------------
 Scores                       Bound      Unbound      Wghtd.Delta
-------------------------------------------------------------------
 fa_atr                   -3284.317    -3085.827     -198.491
 fa_rep                     773.102      638.843      134.259
 fa_sol                    2143.569     2056.886       86.684
 fa_intra_rep                 8.348        8.348        0.000
 fa_intra_sol_xover4        131.559      131.559        0.000
 lk_ball_wtd                -62.820      -61.894       -0.925
 fa_elec                   -899.493     -842.533      -56.960
 hbond_sr_bb               -139.013     -139.013        0.000
 hbond_lr_bb               -210.267     -194.262      -16.006
 hbond_bb_sc                -82.601      -82.601        0.000
 hbond_sc                   -77.891      -72.745       -5.147
 omega                       84.752       84.752        0.000
 fa_dun                    1574.169     1574.169        0.000
 p_aa_pp                    -95.956      -95.956        0.000
 ref                        179.779      179.779        0.000
 rama_prepro                 31.318       31.318        0.000
 total                       74.238      130.824
-------------------------------------------------------------------
Sum ddg: -56.5855
protocols.simple_filters.DdGScan: (0) input_dimer_0001 DdGScan binding ddG for mutation GLN70ALA = -56.5855
protocols.rosetta_scripts.ParsedProtocol.REPORT: (0)  Residue A70GLN->ALA :    1.6192
core.pack.task: (0) Packer task: initialize from command line() 
core.pack.pack_rotamers: (0) built 1 rotamers at 1 positions.
core.pack.interaction_graph.interaction_graph_factory: (0) Instantiating PDInteractionGraph
protocols.simple_filters.DdGScan: (0) 
-------------------------------------------------------------------
 Scores                       Bound      Unbound      Wghtd.Delta
-------------------------------------------------------------------
 fa_atr                   -3272.274    -3078.517     -193.756
 fa_rep                     772.218      638.476      133.742
 fa_sol                    2140.425     2053.761       86.664
 fa_intra_rep                 8.335        8.335        0.000
 fa_intra_sol_xover4        131.598      131.598        0.000
 lk_ball_wtd                -63.210      -62.235       -0.975
 fa_elec                   -897.828     -840.881      -56.947
 hbond_sr_bb               -139.013     -139.013        0.000
 hbond_lr_bb               -210.267     -194.262      -16.006
 hbond_bb_sc                -82.601      -82.601        0.000
 hbond_sc                   -76.573      -71.427       -5.147
 omega                       84.752       84.752        0.000
 fa_dun                    1572.542     1572.542        0.000
 p_aa_pp                    -96.131      -96.131        0.000
 ref                        176.067      176.067        0.000
 rama_prepro                 30.798       30.798        0.000
 total                       78.836      131.261
-------------------------------------------------------------------
Sum ddg: -52.4248
protocols.simple_filters.DdGScan: (0) input_dimer_0001 DdGScan binding ddG for mutation TRP106ALA = -52.4248
protocols.rosetta_scripts.ParsedProtocol.REPORT: (0)  Residue A106TRP->ALA :    5.7799
core.pack.task: (0) Packer task: initialize from command line() 
core.pack.pack_rotamers: (0) built 1 rotamers at 1 positions.
core.pack.interaction_graph.interaction_graph_factory: (0) Instantiating PDInteractionGraph
protocols.simple_filters.DdGScan: (0) 
-------------------------------------------------------------------
 Scores                       Bound      Unbound      Wghtd.Delta
-------------------------------------------------------------------
 fa_atr                   -3278.330    -3082.567     -195.763
 fa_rep                     772.324      638.679      133.645
 fa_sol                    2144.498     2056.354       88.144
 fa_intra_rep                 8.350        8.350        0.000
 fa_intra_sol_xover4        131.718      131.718        0.000
 lk_ball_wtd                -62.892      -61.642       -1.251
 fa_elec                   -899.483     -842.451      -57.031
 hbond_sr_bb               -139.013     -139.013        0.000
 hbond_lr_bb               -210.267     -194.262      -16.006
 hbond_bb_sc                -82.601      -82.601        0.000
 hbond_sc                   -77.891      -72.745       -5.147
 omega                       84.752       84.752        0.000
 fa_dun                    1572.675     1572.675        0.000
 p_aa_pp                    -96.563      -96.563        0.000
 ref                        176.670      176.670        0.000
 rama_prepro                 30.903       30.903        0.000
 total                       74.851      128.259
-------------------------------------------------------------------
Sum ddg: -53.4079
protocols.simple_filters.DdGScan: (0) input_dimer_0001 DdGScan binding ddG for mutation MET109ALA = -53.4079
protocols.rosetta_scripts.ParsedProtocol.REPORT: (0)  Residue A109MET->ALA :    4.7968
core.pack.task: (0) Packer task: initialize from command line() 
core.pack.pack_rotamers: (0) built 1 rotamers at 1 positions.
core.pack.interaction_graph.interaction_graph_factory: (0) Instantiating PDInteractionGraph
protocols.simple_filters.DdGScan: (0) 
-------------------------------------------------------------------
 Scores                       Bound      Unbound      Wghtd.Delta
-------------------------------------------------------------------
 fa_atr                   -3280.298    -3083.752     -196.546
 fa_rep                     772.648      638.621      134.027
 fa_sol                    2144.766     2057.518       87.248
 fa_intra_rep                 8.333        8.333        0.000
 fa_intra_sol_xover4        131.682      131.682        0.000
 lk_ball_wtd                -62.643      -61.505       -1.137
 fa_elec                   -899.657     -842.767      -56.890
 hbond_sr_bb               -139.013     -139.013        0.000
 hbond_lr_bb               -210.267     -194.262      -16.006
 hbond_bb_sc                -82.601      -82.601        0.000
 hbond_sc                   -77.891      -72.745       -5.147
 omega                       84.738       84.738        0.000
 fa_dun                    1574.795     1574.795        0.000
 p_aa_pp                    -95.092      -95.092        0.000
 ref                        176.024      176.024        0.000
 rama_prepro                 32.189       32.189        0.000
 total                       77.712      132.163
-------------------------------------------------------------------
Sum ddg: -54.4505
protocols.simple_filters.DdGScan: (0) input_dimer_0001 DdGScan binding ddG for mutation ILE111ALA = -54.4505
protocols.rosetta_scripts.ParsedProtocol.REPORT: (0)  Residue A111ILE->ALA :    3.7542
core.pack.task: (0) Packer task: initialize from command line() 
core.pack.pack_rotamers: (0) built 1 rotamers at 1 positions.
core.pack.interaction_graph.interaction_graph_factory: (0) Instantiating PDInteractionGraph
protocols.simple_filters.DdGScan: (0) 
-------------------------------------------------------------------
 Scores                       Bound      Unbound      Wghtd.Delta
-------------------------------------------------------------------
 fa_atr                   -3285.667    -3086.476     -199.191
 fa_rep                     772.617      638.349      134.267
 fa_sol                    2138.443     2054.304       84.138
 fa_intra_rep                 8.349        8.349        0.000
 fa_intra_sol_xover4        131.421      131.421        0.000
 lk_ball_wtd                -63.723      -62.059       -1.664
 fa_elec                   -890.817     -837.920      -52.897
 hbond_sr_bb               -139.013     -139.013        0.000
 hbond_lr_bb               -210.267     -194.262      -16.006
 hbond_bb_sc                -82.601      -82.601        0.000
 hbond_sc                   -77.338      -72.197       -5.142
 omega                       84.752       84.752        0.000
 fa_dun                    1574.525     1574.525        0.000
 p_aa_pp                    -95.690      -95.690        0.000
 ref                        180.473      180.473        0.000
 rama_prepro                 31.479       31.479        0.000
 total                       76.942      133.435
-------------------------------------------------------------------
Sum ddg: -56.4933
protocols.simple_filters.DdGScan: (0) input_dimer_0001 DdGScan binding ddG for mutation ASP112ALA = -56.4933
protocols.rosetta_scripts.ParsedProtocol.REPORT: (0)  Residue A112ASP->ALA :    1.7114
core.pack.task: (0) Packer task: initialize from command line() 
core.pack.pack_rotamers: (0) built 1 rotamers at 1 positions.
core.pack.interaction_graph.interaction_graph_factory: (0) Instantiating PDInteractionGraph
protocols.simple_filters.DdGScan: (0) 
-------------------------------------------------------------------
 Scores                       Bound      Unbound      Wghtd.Delta
-------------------------------------------------------------------
 fa_atr                   -3281.042    -3081.349     -199.693
 fa_rep                     661.022      526.749      134.273
 fa_sol                    2135.564     2049.628       85.936
 fa_intra_rep                 8.332        8.332        0.000
 fa_intra_sol_xover4        131.193      131.193        0.000
 lk_ball_wtd                -63.139      -62.018       -1.121
 fa_elec                   -893.593     -836.386      -57.207
 hbond_sr_bb               -139.013     -139.013        0.000
 hbond_lr_bb               -210.267     -194.262      -16.006
 hbond_bb_sc                -82.601      -82.601        0.000
 hbond_sc                   -77.343      -72.197       -5.147
 omega                       84.752       84.752        0.000
 fa_dun                    1569.752     1569.752        0.000
 p_aa_pp                    -96.287      -96.287        0.000
 ref                        179.042      179.042        0.000
 rama_prepro                 32.018       32.018        0.000
 total                      -41.609       17.355
-------------------------------------------------------------------
Sum ddg: -58.9636
protocols.simple_filters.DdGScan: (0) input_dimer_0001 DdGScan binding ddG for mutation LYS114ALA = -58.9636
protocols.rosetta_scripts.ParsedProtocol.REPORT: (0)  Residue A114LYS->ALA :   -0.7589
core.pack.task: (0) Packer task: initialize from command line() 
core.pack.pack_rotamers: (0) built 1 rotamers at 1 positions.
core.pack.interaction_graph.interaction_graph_factory: (0) Instantiating PDInteractionGraph
protocols.simple_filters.DdGScan: (0) 
-------------------------------------------------------------------
 Scores                       Bound      Unbound      Wghtd.Delta
-------------------------------------------------------------------
 fa_atr                   -3278.357    -3080.906     -197.451
 fa_rep                     767.349      633.227      134.123
 fa_sol                    2136.959     2051.489       85.470
 fa_intra_rep                 8.350        8.350        0.000
 fa_intra_sol_xover4        131.482      131.482        0.000
 lk_ball_wtd                -62.656      -61.686       -0.970
 fa_elec                   -897.925     -841.316      -56.609
 hbond_sr_bb               -139.013     -139.013        0.000
 hbond_lr_bb               -210.267     -194.262      -16.006
 hbond_bb_sc                -80.542      -80.542        0.000
 hbond_sc                   -77.891      -72.745       -5.147
 omega                       84.752       84.752        0.000
 fa_dun                    1574.055     1574.055        0.000
 p_aa_pp                    -96.325      -96.325        0.000
 ref                        178.628      178.628        0.000
 rama_prepro                 30.889       30.889        0.000
 total                       69.487      126.077
-------------------------------------------------------------------
Sum ddg: -56.5897
protocols.simple_filters.DdGScan: (0) input_dimer_0001 DdGScan binding ddG for mutation HIS116ALA = -56.5897
protocols.rosetta_scripts.ParsedProtocol.REPORT: (0)  Residue A116HIS->ALA :    1.6150
core.pack.task: (0) Packer task: initialize from command line() 
core.pack.pack_rotamers: (0) built 1 rotamers at 1 positions.
core.pack.interaction_graph.interaction_graph_factory: (0) Instantiating PDInteractionGraph
protocols.simple_filters.DdGScan: (0) 
-------------------------------------------------------------------
 Scores                       Bound      Unbound      Wghtd.Delta
-------------------------------------------------------------------
 fa_atr                   -3279.525    -3084.716     -194.810
 fa_rep                     771.286      637.833      133.452
 fa_sol                    2138.219     2055.224       82.994
 fa_intra_rep                 8.345        8.345        0.000
 fa_intra_sol_xover4        130.879      130.879        0.000
 lk_ball_wtd                -61.971      -61.371       -0.600
 fa_elec                   -899.769     -842.577      -57.192
 hbond_sr_bb               -139.013     -139.013        0.000
 hbond_lr_bb               -210.267     -194.262      -16.006
 hbond_bb_sc                -82.601      -82.601        0.000
 hbond_sc                   -77.891      -72.745       -5.147
 omega                       84.752       84.752        0.000
 fa_dun                    1574.685     1574.685        0.000
 p_aa_pp                    -96.044      -96.044        0.000
 ref                        178.628      178.628        0.000
 rama_prepro                 31.223       31.223        0.000
 total                       70.935      128.242
-------------------------------------------------------------------
Sum ddg: -57.3069
protocols.simple_filters.DdGScan: (0) input_dimer_0001 DdGScan binding ddG for mutation HIS118ALA = -57.3069
protocols.rosetta_scripts.ParsedProtocol.REPORT: (0)  Residue A118HIS->ALA :    0.8978
core.pack.task: (0) Packer task: initialize from command line() 
core.pack.pack_rotamers: (0) built 1 rotamers at 1 positions.
core.pack.interaction_graph.interaction_graph_factory: (0) Instantiating PDInteractionGraph
protocols.simple_filters.DdGScan: (0) 
-------------------------------------------------------------------
 Scores                       Bound      Unbound      Wghtd.Delta
-------------------------------------------------------------------
 fa_atr                   -3286.177    -3087.045     -199.133
 fa_rep                     772.992      638.835      134.157
 fa_sol                    2139.273     2055.309       83.963
 fa_intra_rep                 8.353        8.353        0.000
 fa_intra_sol_xover4        131.732      131.732        0.000
 lk_ball_wtd                -63.011      -61.887       -1.124
 fa_elec                   -899.696     -842.813      -56.883
 hbond_sr_bb               -139.013     -139.013        0.000
 hbond_lr_bb               -210.267     -194.262      -16.006
 hbond_bb_sc                -82.601      -82.601        0.000
 hbond_sc                   -77.891      -72.745       -5.147
 omega                       84.752       84.752        0.000
 fa_dun                    1576.188     1576.188        0.000
 p_aa_pp                    -96.394      -96.394        0.000
 ref                        178.617      178.617        0.000
 rama_prepro                 31.246       31.246        0.000
 total                       68.103      128.276
-------------------------------------------------------------------
Sum ddg: -60.1722
protocols.simple_filters.DdGScan: (0) input_dimer_0001 DdGScan binding ddG for mutation SER119ALA = -60.1722
protocols.rosetta_scripts.ParsedProtocol.REPORT: (0)  Residue A119SER->ALA :   -1.9675
core.pack.task: (0) Packer task: initialize from command line() 
core.pack.pack_rotamers: (0) built 1 rotamers at 1 positions.
core.pack.interaction_graph.interaction_graph_factory: (0) Instantiating PDInteractionGraph
protocols.simple_filters.DdGScan: (0) 
-------------------------------------------------------------------
 Scores                       Bound      Unbound      Wghtd.Delta
-------------------------------------------------------------------
 fa_atr                   -3275.160    -3077.102     -198.058
 fa_rep                     772.426      638.190      134.236
 fa_sol                    2142.915     2056.801       86.113
 fa_intra_rep                 8.328        8.328        0.000
 fa_intra_sol_xover4        131.408      131.408        0.000
 lk_ball_wtd                -62.257      -61.114       -1.143
 fa_elec                   -899.270     -842.393      -56.877
 hbond_sr_bb               -139.013     -139.013        0.000
 hbond_lr_bb               -210.267     -194.262      -16.006
 hbond_bb_sc                -82.601      -82.601        0.000
 hbond_sc                   -77.891      -72.745       -5.147
 omega                       84.752       84.752        0.000
 fa_dun                    1574.912     1574.912        0.000
 p_aa_pp                    -96.288      -96.288        0.000
 ref                        177.109      177.109        0.000
 rama_prepro                 31.389       31.389        0.000
 total                       80.492      137.371
-------------------------------------------------------------------
Sum ddg: -56.8795
protocols.simple_filters.DdGScan: (0) input_dimer_0001 DdGScan binding ddG for mutation PHE120ALA = -56.8795
protocols.rosetta_scripts.ParsedProtocol.REPORT: (0)  Residue A120PHE->ALA :    1.3252
core.pack.task: (0) Packer task: initialize from command line() 
core.pack.pack_rotamers: (0) built 1 rotamers at 1 positions.
core.pack.interaction_graph.interaction_graph_factory: (0) Instantiating PDInteractionGraph
protocols.simple_filters.DdGScan: (0) 
-------------------------------------------------------------------
 Scores                       Bound      Unbound      Wghtd.Delta
-------------------------------------------------------------------
 fa_atr                   -3282.001    -3084.239     -197.762
 fa_rep                     772.744      638.726      134.018
 fa_sol                    2144.831     2057.950       86.880
 fa_intra_rep                 8.325        8.325        0.000
 fa_intra_sol_xover4        131.673      131.673        0.000
 lk_ball_wtd                -62.827      -61.829       -0.998
 fa_elec                   -899.437     -842.596      -56.842
 hbond_sr_bb               -139.013     -139.013        0.000
 hbond_lr_bb               -210.267     -194.262      -16.006
 hbond_bb_sc                -82.601      -82.601        0.000
 hbond_sc                   -77.891      -72.745       -5.147
 omega                       84.724       84.724        0.000
 fa_dun                    1575.517     1575.517        0.000
 p_aa_pp                    -96.125      -96.125        0.000
 ref                        176.024      176.024        0.000
 rama_prepro                 31.279       31.279        0.000
 total                       74.954      130.809
-------------------------------------------------------------------
Sum ddg: -55.8551
protocols.simple_filters.DdGScan: (0) input_dimer_0001 DdGScan binding ddG for mutation ILE121ALA = -55.8551
protocols.rosetta_scripts.ParsedProtocol.REPORT: (0)  Residue A121ILE->ALA :    2.3496
core.pack.task: (0) Packer task: initialize from command line() 
core.pack.pack_rotamers: (0) built 1 rotamers at 1 positions.
core.pack.interaction_graph.interaction_graph_factory: (0) Instantiating PDInteractionGraph
protocols.simple_filters.DdGScan: (0) 
-------------------------------------------------------------------
 Scores                       Bound      Unbound      Wghtd.Delta
-------------------------------------------------------------------
 fa_atr                   -3278.827    -3079.505     -199.322
 fa_rep                     772.356      638.155      134.201
 fa_sol                    2135.037     2049.096       85.941
 fa_intra_rep                 8.305        8.305        0.000
 fa_intra_sol_xover4        130.969      130.969        0.000
 lk_ball_wtd                -62.686      -61.544       -1.141
 fa_elec                   -895.636     -838.613      -57.023
 hbond_sr_bb               -139.013     -139.013        0.000
 hbond_lr_bb               -210.267     -194.262      -16.006
 hbond_bb_sc                -81.582      -81.582        0.000
 hbond_sc                   -77.891      -72.745       -5.147
 omega                       84.752       84.752        0.000
 fa_dun                    1568.090     1568.090        0.000
 p_aa_pp                    -96.467      -96.467        0.000
 ref                        178.422      178.422        0.000
 rama_prepro                 30.813       30.813        0.000
 total                       66.374      124.871
-------------------------------------------------------------------
Sum ddg: -58.4972
protocols.simple_filters.DdGScan: (0) input_dimer_0001 DdGScan binding ddG for mutation ARG122ALA = -58.4972
protocols.rosetta_scripts.ParsedProtocol.REPORT: (0)  Residue A122ARG->ALA :   -0.2925
core.pack.task: (0) Packer task: initialize from command line() 
core.pack.pack_rotamers: (0) built 1 rotamers at 1 positions.
core.pack.interaction_graph.interaction_graph_factory: (0) Instantiating PDInteractionGraph
protocols.simple_filters.DdGScan: (0) 
-------------------------------------------------------------------
 Scores                       Bound      Unbound      Wghtd.Delta
-------------------------------------------------------------------
 fa_atr                   -3284.348    -3084.549     -199.798
 fa_rep                     773.037      638.763      134.273
 fa_sol                    2136.930     2050.496       86.434
 fa_intra_rep                 8.350        8.350        0.000
 fa_intra_sol_xover4        131.122      131.122        0.000
 lk_ball_wtd                -63.777      -62.576       -1.201
 fa_elec                   -895.993     -839.033      -56.960
 hbond_sr_bb               -139.013     -139.013        0.000
 hbond_lr_bb               -210.267     -194.262      -16.006
 hbond_bb_sc                -82.601      -82.601        0.000
 hbond_sc                   -75.416      -70.269       -5.147
 omega                       84.752       84.752        0.000
 fa_dun                    1573.342     1573.342        0.000
 p_aa_pp                    -96.192      -96.192        0.000
 ref                        180.473      180.473        0.000
 rama_prepro                 30.952       30.952        0.000
 total                       71.352      129.756
-------------------------------------------------------------------
Sum ddg: -58.4038
protocols.simple_filters.DdGScan: (0) input_dimer_0001 DdGScan binding ddG for mutation ASP123ALA = -58.4038
protocols.rosetta_scripts.ParsedProtocol.REPORT: (0)  Residue A123ASP->ALA :   -0.1992
core.pack.task: (0) Packer task: initialize from command line() 
core.pack.pack_rotamers: (0) built 1 rotamers at 1 positions.
core.pack.interaction_graph.interaction_graph_factory: (0) Instantiating PDInteractionGraph
protocols.simple_filters.DdGScan: (0) 
-------------------------------------------------------------------
 Scores                       Bound      Unbound      Wghtd.Delta
-------------------------------------------------------------------
 fa_atr                   -3286.633    -3086.770     -199.863
 fa_rep                     772.387      637.911      134.476
 fa_sol                    2140.894     2055.330       85.564
 fa_intra_rep                 8.347        8.347        0.000
 fa_intra_sol_xover4        131.703      131.703        0.000
 lk_ball_wtd                -63.114      -61.950       -1.163
 fa_elec                   -899.763     -842.834      -56.929
 hbond_sr_bb               -139.013     -139.013        0.000
 hbond_lr_bb               -210.267     -194.262      -16.006
 hbond_bb_sc                -80.494      -80.494        0.000
 hbond_sc                   -77.891      -72.745       -5.147
 omega                       84.752       84.752        0.000
 fa_dun                    1575.883     1575.883        0.000
 p_aa_pp                    -96.451      -96.451        0.000
 ref                        178.617      178.617        0.000
 rama_prepro                 31.057       31.057        0.000
 total                       70.014      129.082
-------------------------------------------------------------------
Sum ddg: -59.0677
protocols.simple_filters.DdGScan: (0) input_dimer_0001 DdGScan binding ddG for mutation SER124ALA = -59.0677
protocols.rosetta_scripts.ParsedProtocol.REPORT: (0)  Residue A124SER->ALA :   -0.8631
core.pack.task: (0) Packer task: initialize from command line() 
core.pack.pack_rotamers: (0) built 1 rotamers at 1 positions.
core.pack.interaction_graph.interaction_graph_factory: (0) Instantiating PDInteractionGraph
protocols.simple_filters.DdGScan: (0) 
-------------------------------------------------------------------
 Scores                       Bound      Unbound      Wghtd.Delta
-------------------------------------------------------------------
 fa_atr                   -3285.603    -3086.191     -199.412
 fa_rep                     773.107      638.846      134.261
 fa_sol                    2141.194     2055.003       86.191
 fa_intra_rep                 8.343        8.343        0.000
 fa_intra_sol_xover4        130.879      130.879        0.000
 lk_ball_wtd                -63.259      -61.976       -1.284
 fa_elec                   -896.015     -839.062      -56.953
 hbond_sr_bb               -139.013     -139.013        0.000
 hbond_lr_bb               -210.267     -194.262      -16.006
 hbond_bb_sc                -82.601      -82.601        0.000
 hbond_sc                   -77.891      -72.745       -5.147
 omega                       84.752       84.752        0.000
 fa_dun                    1556.164     1556.164        0.000
 p_aa_pp                    -96.244      -96.244        0.000
 ref                        181.052      181.052        0.000
 rama_prepro                 30.955       30.955        0.000
 total                       55.554      113.902
-------------------------------------------------------------------
Sum ddg: -58.3484
protocols.simple_filters.DdGScan: (0) input_dimer_0001 DdGScan binding ddG for mutation GLU125ALA = -58.3484
protocols.rosetta_scripts.ParsedProtocol.REPORT: (0)  Residue A125GLU->ALA :   -0.1437
core.pack.task: (0) Packer task: initialize from command line() 
core.pack.pack_rotamers: (0) built 1 rotamers at 1 positions.
core.pack.interaction_graph.interaction_graph_factory: (0) Instantiating PDInteractionGraph
protocols.simple_filters.DdGScan: (0) 
-------------------------------------------------------------------
 Scores                       Bound      Unbound      Wghtd.Delta
-------------------------------------------------------------------
 fa_atr                   -3281.545    -3082.425     -199.119
 fa_rep                     773.149      639.093      134.056
 fa_sol                    2146.386     2059.214       87.173
 fa_intra_rep                 8.341        8.341        0.000
 fa_intra_sol_xover4        131.611      131.611        0.000
 lk_ball_wtd                -62.807      -61.572       -1.235
 fa_elec                   -899.404     -842.442      -56.962
 hbond_sr_bb               -139.013     -139.013        0.000
 hbond_lr_bb               -210.267     -194.262      -16.006
 hbond_bb_sc                -82.601      -82.601        0.000
 hbond_sc                   -77.891      -72.745       -5.147
 omega                       84.752       84.752        0.000
 fa_dun                    1574.643     1574.643        0.000
 p_aa_pp                    -95.840      -95.840        0.000
 ref                        176.666      176.666        0.000
 rama_prepro                 31.475       31.475        0.000
 total                       77.655      134.895
-------------------------------------------------------------------
Sum ddg: -57.2398
protocols.simple_filters.DdGScan: (0) input_dimer_0001 DdGScan binding ddG for mutation LEU149ALA = -57.2398
protocols.rosetta_scripts.ParsedProtocol.REPORT: (0)  Residue A149LEU->ALA :    0.9649
core.pack.task: (0) Packer task: initialize from command line() 
core.pack.pack_rotamers: (0) built 1 rotamers at 1 positions.
core.pack.interaction_graph.interaction_graph_factory: (0) Instantiating PDInteractionGraph
protocols.simple_filters.DdGScan: (0) 
-------------------------------------------------------------------
 Scores                       Bound      Unbound      Wghtd.Delta
-------------------------------------------------------------------
 fa_atr                   -3284.595    -3085.740     -198.855
 fa_rep                     773.081      638.786      134.295
 fa_sol                    2141.923     2055.288       86.635
 fa_intra_rep                 8.346        8.346        0.000
 fa_intra_sol_xover4        131.705      131.705        0.000
 lk_ball_wtd                -62.985      -61.845       -1.140
 fa_elec                   -900.405     -843.366      -57.039
 hbond_sr_bb               -139.013     -139.013        0.000
 hbond_lr_bb               -210.267     -194.262      -16.006
 hbond_bb_sc                -82.601      -82.601        0.000
 hbond_sc                   -77.891      -72.745       -5.147
 omega                       84.752       84.752        0.000
 fa_dun                    1576.276     1576.276        0.000
 p_aa_pp                    -95.872      -95.872        0.000
 ref                        177.176      177.176        0.000
 rama_prepro                 31.410       31.410        0.000
 total                       71.042      128.298
-------------------------------------------------------------------
Sum ddg: -57.2556
protocols.simple_filters.DdGScan: (0) input_dimer_0001 DdGScan binding ddG for mutation THR150ALA = -57.2556
protocols.rosetta_scripts.ParsedProtocol.REPORT: (0)  Residue A150THR->ALA :    0.9491
core.pack.task: (0) Packer task: initialize from command line() 
core.pack.pack_rotamers: (0) built 1 rotamers at 1 positions.
core.pack.interaction_graph.interaction_graph_factory: (0) Instantiating PDInteractionGraph
protocols.simple_filters.DdGScan: (0) 
-------------------------------------------------------------------
 Scores                       Bound      Unbound      Wghtd.Delta
-------------------------------------------------------------------
 fa_atr                   -3281.964    -3083.477     -198.487
 fa_rep                     772.525      638.617      133.908
 fa_sol                    2147.079     2060.173       86.905
 fa_intra_rep                 8.341        8.341        0.000
 fa_intra_sol_xover4        131.712      131.712        0.000
 lk_ball_wtd                -63.081      -61.851       -1.231
 fa_elec                   -899.894     -842.911      -56.984
 hbond_sr_bb               -139.013     -139.013        0.000
 hbond_lr_bb               -210.267     -194.262      -16.006
 hbond_bb_sc                -82.601      -82.601        0.000
 hbond_sc                   -77.891      -72.745       -5.147
 omega                       84.746       84.746        0.000
 fa_dun                    1576.319     1576.319        0.000
 p_aa_pp                    -96.412      -96.412        0.000
 ref                        175.685      175.685        0.000
 rama_prepro                 31.572       31.572        0.000
 total                       76.855      133.895
-------------------------------------------------------------------
Sum ddg: -57.0403
protocols.simple_filters.DdGScan: (0) input_dimer_0001 DdGScan binding ddG for mutation VAL151ALA = -57.0403
protocols.rosetta_scripts.ParsedProtocol.REPORT: (0)  Residue A151VAL->ALA :    1.1644
core.pack.task: (0) Packer task: initialize from command line() 
core.pack.pack_rotamers: (0) built 1 rotamers at 1 positions.
core.pack.interaction_graph.interaction_graph_factory: (0) Instantiating PDInteractionGraph
protocols.simple_filters.DdGScan: (0) 
-------------------------------------------------------------------
 Scores                       Bound      Unbound      Wghtd.Delta
-------------------------------------------------------------------
 fa_atr                   -3279.123    -3082.749     -196.374
 fa_rep                     771.686      637.534      134.152
 fa_sol                    2145.900     2058.418       87.482
 fa_intra_rep                 8.326        8.326        0.000
 fa_intra_sol_xover4        131.607      131.607        0.000
 lk_ball_wtd                -62.913      -61.758       -1.155
 fa_elec                   -899.635     -842.821      -56.814
 hbond_sr_bb               -139.013     -139.013        0.000
 hbond_lr_bb               -210.267     -194.262      -16.006
 hbond_bb_sc                -82.601      -82.601        0.000
 hbond_sc                   -77.891      -72.745       -5.147
 omega                       84.752       84.752        0.000
 fa_dun                    1575.118     1575.118        0.000
 p_aa_pp                    -96.781      -96.781        0.000
 ref                        176.666      176.666        0.000
 rama_prepro                 30.432       30.432        0.000
 total                       76.264      130.125
-------------------------------------------------------------------
Sum ddg: -53.861
protocols.simple_filters.DdGScan: (0) input_dimer_0001 DdGScan binding ddG for mutation LEU152ALA = -53.861
protocols.rosetta_scripts.ParsedProtocol.REPORT: (0)  Residue A152LEU->ALA :    4.3437
core.pack.task: (0) Packer task: initialize from command line() 
core.pack.pack_rotamers: (0) built 1 rotamers at 1 positions.
core.pack.interaction_graph.interaction_graph_factory: (0) Instantiating PDInteractionGraph
protocols.simple_filters.DdGScan: (0) 
-------------------------------------------------------------------
 Scores                       Bound      Unbound      Wghtd.Delta
-------------------------------------------------------------------
 fa_atr                   -3277.807    -3079.016     -198.791
 fa_rep                     772.286      638.041      134.245
 fa_sol                    2130.956     2046.113       84.843
 fa_intra_rep                 8.338        8.338        0.000
 fa_intra_sol_xover4        131.463      131.463        0.000
 lk_ball_wtd                -62.690      -61.634       -1.056
 fa_elec                   -891.334     -833.956      -57.378
 hbond_sr_bb               -139.013     -139.013        0.000
 hbond_lr_bb               -210.267     -194.262      -16.006
 hbond_bb_sc                -81.928      -81.928        0.000
 hbond_sc                   -77.891      -72.745       -5.147
 omega                       84.752       84.752        0.000
 fa_dun                    1572.473     1572.473        0.000
 p_aa_pp                    -96.290      -96.290        0.000
 ref                        179.042      179.042        0.000
 rama_prepro                 31.452       31.452        0.000
 total                       73.541      132.830
-------------------------------------------------------------------
Sum ddg: -59.2888
protocols.simple_filters.DdGScan: (0) input_dimer_0001 DdGScan binding ddG for mutation LYS153ALA = -59.2888
protocols.rosetta_scripts.ParsedProtocol.REPORT: (0)  Residue A153LYS->ALA :   -1.0841
core.pack.task: (0) Packer task: initialize from command line() 
core.pack.pack_rotamers: (0) built 1 rotamers at 1 positions.
core.pack.interaction_graph.interaction_graph_factory: (0) Instantiating PDInteractionGraph
protocols.simple_filters.DdGScan: (0) 
-------------------------------------------------------------------
 Scores                       Bound      Unbound      Wghtd.Delta
-------------------------------------------------------------------
 fa_atr                   -3286.198    -3087.457     -198.741
 fa_rep                     772.957      638.846      134.111
 fa_sol                    2140.693     2057.789       82.904
 fa_intra_rep                 8.352        8.352        0.000
 fa_intra_sol_xover4        131.711      131.711        0.000
 lk_ball_wtd                -63.055      -61.764       -1.291
 fa_elec                   -900.030     -842.991      -57.039
 hbond_sr_bb               -139.013     -139.013        0.000
 hbond_lr_bb               -210.267     -194.262      -16.006
 hbond_bb_sc                -82.601      -82.601        0.000
 hbond_sc                   -77.891      -72.745       -5.147
 omega                       84.752       84.752        0.000
 fa_dun                    1574.580     1574.580        0.000
 p_aa_pp                    -96.019      -96.019        0.000
 ref                        178.617      178.617        0.000
 rama_prepro                 31.098       31.098        0.000
 total                       67.686      128.894
-------------------------------------------------------------------
Sum ddg: -61.2079
protocols.simple_filters.DdGScan: (0) input_dimer_0001 DdGScan binding ddG for mutation SER154ALA = -61.2079
protocols.rosetta_scripts.ParsedProtocol.REPORT: (0)  Residue A154SER->ALA :   -3.0032
core.pack.task: (0) Packer task: initialize from command line() 
core.pack.pack_rotamers: (0) built 1 rotamers at 1 positions.
core.pack.interaction_graph.interaction_graph_factory: (0) Instantiating PDInteractionGraph
protocols.simple_filters.DdGScan: (0) 
-------------------------------------------------------------------
 Scores                       Bound      Unbound      Wghtd.Delta
-------------------------------------------------------------------
 fa_atr                   -3284.324    -3086.241     -198.084
 fa_rep                     772.426      638.703      133.723
 fa_sol                    2142.405     2056.424       85.981
 fa_intra_rep                 8.345        8.345        0.000
 fa_intra_sol_xover4        131.700      131.700        0.000
 lk_ball_wtd                -62.845      -61.882       -0.963
 fa_elec                   -899.077     -842.321      -56.757
 hbond_sr_bb               -139.013     -139.013        0.000
 hbond_lr_bb               -210.267     -194.262      -16.006
 hbond_bb_sc                -82.601      -82.601        0.000
 hbond_sc                   -77.515      -72.368       -5.147
 omega                       84.752       84.752        0.000
 fa_dun                    1576.840     1576.840        0.000
 p_aa_pp                    -96.533      -96.533        0.000
 ref                        177.176      177.176        0.000
 rama_prepro                 31.131       31.131        0.000
 total                       72.598      129.850
-------------------------------------------------------------------
Sum ddg: -57.2518
protocols.simple_filters.DdGScan: (0) input_dimer_0001 DdGScan binding ddG for mutation THR155ALA = -57.2518
protocols.rosetta_scripts.ParsedProtocol.REPORT: (0)  Residue A155THR->ALA :    0.9529
core.pack.task: (0) Packer task: initialize from command line() 
core.pack.pack_rotamers: (0) built 1 rotamers at 1 positions.
core.pack.interaction_graph.interaction_graph_factory: (0) Instantiating PDInteractionGraph
protocols.simple_filters.DdGScan: (0) 
-------------------------------------------------------------------
 Scores                       Bound      Unbound      Wghtd.Delta
-------------------------------------------------------------------
 fa_atr                   -3284.943    -3085.770     -199.174
 fa_rep                     772.989      638.840      134.148
 fa_sol                    2141.095     2055.414       85.681
 fa_intra_rep                 8.327        8.327        0.000
 fa_intra_sol_xover4        131.381      131.381        0.000
 lk_ball_wtd                -62.040      -61.123       -0.917
 fa_elec                   -899.536     -842.784      -56.752
 hbond_sr_bb               -139.013     -139.013        0.000
 hbond_lr_bb               -210.267     -194.262      -16.006
 hbond_bb_sc                -82.601      -82.601        0.000
 hbond_sc                   -77.891      -72.745       -5.147
 omega                       84.752       84.752        0.000
 fa_dun                    1568.109     1568.109        0.000
 p_aa_pp                    -95.211      -95.211        0.000
 ref                        179.668      179.668        0.000
 rama_prepro                 31.763       31.763        0.000
 total                       66.580      124.746
-------------------------------------------------------------------
Sum ddg: -58.1658
protocols.simple_filters.DdGScan: (0) input_dimer_0001 DdGScan binding ddG for mutation ASN156ALA = -58.1658
protocols.rosetta_scripts.ParsedProtocol.REPORT: (0)  Residue A156ASN->ALA :    0.0389
core.pack.task: (0) Packer task: initialize from command line() 
core.pack.pack_rotamers: (0) built 1 rotamers at 1 positions.
core.pack.interaction_graph.interaction_graph_factory: (0) Instantiating PDInteractionGraph
protocols.simple_filters.DdGScan: (0) 
-------------------------------------------------------------------
 Scores                       Bound      Unbound      Wghtd.Delta
-------------------------------------------------------------------
 fa_atr                   -3285.917    -3086.093     -199.824
 fa_rep                     773.092      638.819      134.273
 fa_sol                    2140.786     2054.332       86.454
 fa_intra_rep                 8.350        8.350        0.000
 fa_intra_sol_xover4        131.298      131.298        0.000
 lk_ball_wtd                -63.381      -62.233       -1.148
 fa_elec                   -897.310     -841.045      -56.265
 hbond_sr_bb               -139.013     -139.013        0.000
 hbond_lr_bb               -210.267     -194.262      -16.006
 hbond_bb_sc                -82.601      -82.601        0.000
 hbond_sc                   -77.515      -72.368       -5.147
 omega                       84.752       84.752        0.000
 fa_dun                    1574.377     1574.377        0.000
 p_aa_pp                    -95.534      -95.534        0.000
 ref                        180.473      180.473        0.000
 rama_prepro                 31.956       31.956        0.000
 total                       73.548      131.210
-------------------------------------------------------------------
Sum ddg: -57.6619
protocols.simple_filters.DdGScan: (0) input_dimer_0001 DdGScan binding ddG for mutation ASP175ALA = -57.6619
protocols.rosetta_scripts.ParsedProtocol.REPORT: (0)  Residue A175ASP->ALA :    0.5428
core.pack.task: (0) Packer task: initialize from command line() 
core.pack.pack_rotamers: (0) built 1 rotamers at 1 positions.
core.pack.interaction_graph.interaction_graph_factory: (0) Instantiating PDInteractionGraph
protocols.simple_filters.DdGScan: (0) 
-------------------------------------------------------------------
 Scores                       Bound      Unbound      Wghtd.Delta
-------------------------------------------------------------------
 fa_atr                   -3279.828    -3081.665     -198.163
 fa_rep                     772.154      638.391      133.763
 fa_sol                    2147.481     2060.305       87.176
 fa_intra_rep                 8.329        8.329        0.000
 fa_intra_sol_xover4        131.687      131.687        0.000
 lk_ball_wtd                -63.099      -61.817       -1.283
 fa_elec                   -899.646     -842.690      -56.956
 hbond_sr_bb               -139.013     -139.013        0.000
 hbond_lr_bb               -210.267     -194.262      -16.006
 hbond_bb_sc                -82.601      -82.601        0.000
 hbond_sc                   -77.891      -72.745       -5.147
 omega                       84.740       84.740        0.000
 fa_dun                    1575.348     1575.348        0.000
 p_aa_pp                    -96.105      -96.105        0.000
 ref                        176.024      176.024        0.000
 rama_prepro                 30.956       30.956        0.000
 total                       78.266      134.881
-------------------------------------------------------------------
Sum ddg: -56.6151
protocols.simple_filters.DdGScan: (0) input_dimer_0001 DdGScan binding ddG for mutation ILE177ALA = -56.6151
protocols.rosetta_scripts.ParsedProtocol.REPORT: (0)  Residue A177ILE->ALA :    1.5896
core.pack.task: (0) Packer task: initialize from command line() 
core.pack.pack_rotamers: (0) built 1 rotamers at 1 positions.
core.pack.interaction_graph.interaction_graph_factory: (0) Instantiating PDInteractionGraph
protocols.simple_filters.DdGScan: (0) 
-------------------------------------------------------------------
 Scores                       Bound      Unbound      Wghtd.Delta
-------------------------------------------------------------------
 fa_atr                   -3286.342    -3086.678     -199.664
 fa_rep                     773.151      638.878      134.273
 fa_sol                    2140.384     2054.029       86.355
 fa_intra_rep                 8.353        8.353        0.000
 fa_intra_sol_xover4        131.712      131.712        0.000
 lk_ball_wtd                -63.128      -61.845       -1.283
 fa_elec                   -898.965     -842.050      -56.915
 hbond_sr_bb               -139.013     -139.013        0.000
 hbond_lr_bb               -210.267     -194.262      -16.006
 hbond_bb_sc                -82.601      -82.601        0.000
 hbond_sc                   -77.891      -72.745       -5.147
 omega                       84.752       84.752        0.000
 fa_dun                    1576.150     1576.150        0.000
 p_aa_pp                    -96.411      -96.411        0.000
 ref                        178.617      178.617        0.000
 rama_prepro                 31.181       31.181        0.000
 total                       69.682      128.068
-------------------------------------------------------------------
Sum ddg: -58.3859
protocols.simple_filters.DdGScan: (0) input_dimer_0001 DdGScan binding ddG for mutation SER179ALA = -58.3859
protocols.rosetta_scripts.ParsedProtocol.REPORT: (0)  Residue A179SER->ALA :   -0.1812
core.pack.task: (0) Packer task: initialize from command line() 
core.pack.pack_rotamers: (0) built 1 rotamers at 1 positions.
core.pack.interaction_graph.interaction_graph_factory: (0) Instantiating PDInteractionGraph
protocols.simple_filters.DdGScan: (0) 
-------------------------------------------------------------------
 Scores                       Bound      Unbound      Wghtd.Delta
-------------------------------------------------------------------
 fa_atr                   -3281.895    -3082.322     -199.573
 fa_rep                     772.665      638.391      134.273
 fa_sol                    2139.575     2052.939       86.636
 fa_intra_rep                 8.343        8.343        0.000
 fa_intra_sol_xover4        131.412      131.412        0.000
 lk_ball_wtd                -63.024      -61.901       -1.123
 fa_elec                   -896.067     -839.034      -57.033
 hbond_sr_bb               -139.013     -139.013        0.000
 hbond_lr_bb               -210.267     -194.262      -16.006
 hbond_bb_sc                -82.601      -82.601        0.000
 hbond_sc                   -75.067      -69.920       -5.147
 omega                       84.752       84.752        0.000
 fa_dun                    1571.879     1571.879        0.000
 p_aa_pp                    -96.423      -96.423        0.000
 ref                        178.422      178.422        0.000
 rama_prepro                 31.069       31.069        0.000
 total                       73.760      131.733
-------------------------------------------------------------------
Sum ddg: -57.9728
protocols.simple_filters.DdGScan: (0) input_dimer_0001 DdGScan binding ddG for mutation ARG212ALA = -57.9728
protocols.rosetta_scripts.ParsedProtocol.REPORT: (0)  Residue A212ARG->ALA :    0.2319
core.pack.task: (0) Packer task: initialize from command line() 
core.pack.pack_rotamers: (0) built 1 rotamers at 1 positions.
core.pack.interaction_graph.interaction_graph_factory: (0) Instantiating PDInteractionGraph
protocols.simple_filters.DdGScan: (0) 
-------------------------------------------------------------------
 Scores                       Bound      Unbound      Wghtd.Delta
-------------------------------------------------------------------
 fa_atr                   -3282.171    -3083.624     -198.547
 fa_rep                     772.532      638.295      134.237
 fa_sol                    2146.548     2059.404       87.144
 fa_intra_rep                 8.322        8.322        0.000
 fa_intra_sol_xover4        131.666      131.666        0.000
 lk_ball_wtd                -62.635      -61.401       -1.235
 fa_elec                   -899.812     -842.829      -56.983
 hbond_sr_bb               -139.013     -139.013        0.000
 hbond_lr_bb               -210.267     -194.262      -16.006
 hbond_bb_sc                -82.601      -82.601        0.000
 hbond_sc                   -77.891      -72.745       -5.147
 omega                       84.752       84.752        0.000
 fa_dun                    1568.841     1568.841        0.000
 p_aa_pp                    -96.161      -96.161        0.000
 ref                        176.666      176.666        0.000
 rama_prepro                 31.075       31.075        0.000
 total                       69.851      126.387
-------------------------------------------------------------------
Sum ddg: -56.5359
protocols.simple_filters.DdGScan: (0) input_dimer_0001 DdGScan binding ddG for mutation LEU216ALA = -56.5359
protocols.rosetta_scripts.ParsedProtocol.REPORT: (0)  Residue A216LEU->ALA :    1.6688
core.pack.task: (0) Packer task: initialize from command line() 
core.pack.pack_rotamers: (0) built 1 rotamers at 1 positions.
core.pack.interaction_graph.interaction_graph_factory: (0) Instantiating PDInteractionGraph
protocols.simple_filters.DdGScan: (0) 
-------------------------------------------------------------------
 Scores                       Bound      Unbound      Wghtd.Delta
-------------------------------------------------------------------
 fa_atr                   -3283.672    -3085.240     -198.432
 fa_rep                     770.116      635.879      134.237
 fa_sol                    2136.015     2052.638       83.377
 fa_intra_rep                 8.341        8.341        0.000
 fa_intra_sol_xover4        131.505      131.505        0.000
 lk_ball_wtd                -63.940      -62.242       -1.698
 fa_elec                   -890.553     -837.302      -53.251
 hbond_sr_bb               -139.013     -139.013        0.000
 hbond_lr_bb               -210.267     -194.262      -16.006
 hbond_bb_sc                -82.601      -82.601        0.000
 hbond_sc                   -77.443      -72.302       -5.142
 omega                       84.752       84.752        0.000
 fa_dun                    1572.907     1572.907        0.000
 p_aa_pp                    -96.611      -96.611        0.000
 ref                        179.042      179.042        0.000
 rama_prepro                 30.954       30.954        0.000
 total                       69.533      126.447
-------------------------------------------------------------------
Sum ddg: -56.914
protocols.simple_filters.DdGScan: (0) input_dimer_0001 DdGScan binding ddG for mutation LYS217ALA = -56.914
protocols.rosetta_scripts.ParsedProtocol.REPORT: (0)  Residue A217LYS->ALA :    1.2907
core.pack.task: (0) Packer task: initialize from command line() 
core.pack.pack_rotamers: (0) built 1 rotamers at 1 positions.
core.pack.interaction_graph.interaction_graph_factory: (0) Instantiating PDInteractionGraph
protocols.simple_filters.DdGScan: (0) 
-------------------------------------------------------------------
 Scores                       Bound      Unbound      Wghtd.Delta
-------------------------------------------------------------------
 fa_atr                   -3277.930    -3079.078     -198.851
 fa_rep                     772.551      638.478      134.072
 fa_sol                    2145.182     2058.282       86.900
 fa_intra_rep                 8.331        8.331        0.000
 fa_intra_sol_xover4        131.473      131.473        0.000
 lk_ball_wtd                -62.840      -61.600       -1.240
 fa_elec                   -899.439     -842.466      -56.973
 hbond_sr_bb               -139.013     -139.013        0.000
 hbond_lr_bb               -210.267     -194.262      -16.006
 hbond_bb_sc                -82.601      -82.601        0.000
 hbond_sc                   -77.891      -72.745       -5.147
 omega                       84.752       84.752        0.000
 fa_dun                    1575.290     1575.290        0.000
 p_aa_pp                    -96.321      -96.321        0.000
 ref                        177.109      177.109        0.000
 rama_prepro                 30.960       30.960        0.000
 total                       79.348      136.593
-------------------------------------------------------------------
Sum ddg: -57.245
protocols.simple_filters.DdGScan: (0) input_dimer_0001 DdGScan binding ddG for mutation PHE219ALA = -57.245
protocols.rosetta_scripts.ParsedProtocol.REPORT: (0)  Residue A219PHE->ALA :    0.9597
core.pack.task: (0) Packer task: initialize from command line() 
core.pack.pack_rotamers: (0) built 1 rotamers at 1 positions.
core.pack.interaction_graph.interaction_graph_factory: (0) Instantiating DensePDInteractionGraph
protocols.simple_filters.DdGScan: (0) 
-------------------------------------------------------------------
 Scores                       Bound      Unbound      Wghtd.Delta
-------------------------------------------------------------------
 fa_atr                   -3287.530    -3087.674     -199.855
 fa_rep                     773.119      638.846      134.273
 fa_sol                    2145.380     2058.669       86.711
 fa_intra_rep                 8.353        8.353        0.000
 fa_intra_sol_xover4        131.759      131.759        0.000
 lk_ball_wtd                -63.146      -61.911       -1.235
 fa_elec                   -899.655     -842.708      -56.947
 hbond_sr_bb               -139.013     -139.013        0.000
 hbond_lr_bb               -210.267     -194.262      -16.006
 hbond_bb_sc                -82.601      -82.601        0.000
 hbond_sc                   -77.891      -72.745       -5.147
 omega                       84.752       84.752        0.000
 fa_dun                    1576.900     1576.900        0.000
 p_aa_pp                    -96.497      -96.497        0.000
 ref                        177.003      177.003        0.000
 rama_prepro                 30.879       30.879        0.000
 total                       71.545      129.750
-------------------------------------------------------------------
Sum ddg: -58.2047
protocols.simple_filters.DdGScan: (0) input_dimer_0001 DdGScan binding ddG for mutation ALA220ALA = -58.2047
protocols.rosetta_scripts.ParsedProtocol.REPORT: (0)  Residue A220ALA->ALA :    0.0000
core.pack.task: (0) Packer task: initialize from command line() 
core.pack.pack_rotamers: (0) built 1 rotamers at 1 positions.
core.pack.interaction_graph.interaction_graph_factory: (0) Instantiating PDInteractionGraph
protocols.simple_filters.DdGScan: (0) 
-------------------------------------------------------------------
 Scores                       Bound      Unbound      Wghtd.Delta
-------------------------------------------------------------------
 fa_atr                   -3283.717    -3084.765     -198.951
 fa_rep                     770.106      635.832      134.273
 fa_sol                    2137.907     2052.197       85.710
 fa_intra_rep                 8.350        8.350        0.000
 fa_intra_sol_xover4        131.530      131.530        0.000
 lk_ball_wtd                -63.234      -62.216       -1.018
 fa_elec                   -894.516     -837.804      -56.711
 hbond_sr_bb               -139.013     -139.013        0.000
 hbond_lr_bb               -210.267     -194.262      -16.006
 hbond_bb_sc                -82.601      -82.601        0.000
 hbond_sc                   -77.448      -72.302       -5.147
 omega                       84.752       84.752        0.000
 fa_dun                    1574.150     1574.150        0.000
 p_aa_pp                    -95.918      -95.918        0.000
 ref                        181.052      181.052        0.000
 rama_prepro                 31.262       31.262        0.000
 total                       72.396      130.245
-------------------------------------------------------------------
Sum ddg: -57.849
protocols.simple_filters.DdGScan: (0) input_dimer_0001 DdGScan binding ddG for mutation GLU221ALA = -57.849
protocols.rosetta_scripts.ParsedProtocol.REPORT: (0)  Residue A221GLU->ALA :    0.3557
core.pack.task: (0) Packer task: initialize from command line() 
core.pack.pack_rotamers: (0) built 1 rotamers at 1 positions.
core.pack.interaction_graph.interaction_graph_factory: (0) Instantiating PDInteractionGraph
protocols.simple_filters.DdGScan: (0) 
-------------------------------------------------------------------
 Scores                       Bound      Unbound      Wghtd.Delta
-------------------------------------------------------------------
 fa_atr                   -3277.385    -3080.666     -196.718
 fa_rep                     771.846      637.667      134.179
 fa_sol                    2142.676     2057.906       84.770
 fa_intra_rep                 8.329        8.329        0.000
 fa_intra_sol_xover4        131.533      131.533        0.000
 lk_ball_wtd                -62.930      -61.660       -1.270
 fa_elec                   -897.548     -842.614      -54.934
 hbond_sr_bb               -139.013     -139.013        0.000
 hbond_lr_bb               -210.267     -194.262      -16.006
 hbond_bb_sc                -82.601      -82.601        0.000
 hbond_sc                   -76.417      -72.745       -3.672
 omega                       84.752       84.752        0.000
 fa_dun                    1572.912     1572.912        0.000
 p_aa_pp                    -95.802      -95.802        0.000
 ref                        177.745      177.745        0.000
 rama_prepro                 31.553       31.553        0.000
 total                       79.385      133.035
-------------------------------------------------------------------
Sum ddg: -53.6503
protocols.simple_filters.DdGScan: (0) input_dimer_0001 DdGScan binding ddG for mutation TYR257ALA = -53.6503
protocols.rosetta_scripts.ParsedProtocol.REPORT: (0)  Residue A257TYR->ALA :    4.5544
core.pack.task: (0) Packer task: initialize from command line() 
core.pack.pack_rotamers: (0) built 1 rotamers at 1 positions.
core.pack.interaction_graph.interaction_graph_factory: (0) Instantiating PDInteractionGraph
protocols.simple_filters.DdGScan: (0) 
-------------------------------------------------------------------
 Scores                       Bound      Unbound      Wghtd.Delta
-------------------------------------------------------------------
 fa_atr                   -3280.492    -3082.652     -197.840
 fa_rep                     772.364      638.341      134.023
 fa_sol                    2146.412     2058.427       87.985
 fa_intra_rep                 8.310        8.310        0.000
 fa_intra_sol_xover4        131.672      131.672        0.000
 lk_ball_wtd                -62.829      -61.637       -1.192
 fa_elec                   -899.727     -842.754      -56.973
 hbond_sr_bb               -139.013     -139.013        0.000
 hbond_lr_bb               -210.267     -194.262      -16.006
 hbond_bb_sc                -82.601      -82.601        0.000
 hbond_sc                   -77.891      -72.745       -5.147
 omega                       84.720       84.720        0.000
 fa_dun                    1576.497     1576.497        0.000
 p_aa_pp                    -95.252      -95.252        0.000
 ref                        176.024      176.024        0.000
 rama_prepro                 32.303       32.303        0.000
 total                       80.230      135.378
-------------------------------------------------------------------
Sum ddg: -55.1487
protocols.simple_filters.DdGScan: (0) input_dimer_0001 DdGScan binding ddG for mutation ILE260ALA = -55.1487
protocols.rosetta_scripts.ParsedProtocol.REPORT: (0)  Residue A260ILE->ALA :    3.0560
core.pack.task: (0) Packer task: initialize from command line() 
core.pack.pack_rotamers: (0) built 1 rotamers at 1 positions.
core.pack.interaction_graph.interaction_graph_factory: (0) Instantiating PDInteractionGraph
protocols.simple_filters.DdGScan: (0) 
-------------------------------------------------------------------
 Scores                       Bound      Unbound      Wghtd.Delta
-------------------------------------------------------------------
 fa_atr                   -3280.541    -3083.347     -197.194
 fa_rep                     772.892      638.631      134.261
 fa_sol                    2145.329     2057.870       87.459
 fa_intra_rep                 8.319        8.319        0.000
 fa_intra_sol_xover4        131.658      131.658        0.000
 lk_ball_wtd                -63.011      -61.828       -1.183
 fa_elec                   -899.683     -842.655      -57.028
 hbond_sr_bb               -139.013     -139.013        0.000
 hbond_lr_bb               -210.267     -194.262      -16.006
 hbond_bb_sc                -82.601      -82.601        0.000
 hbond_sc                   -77.891      -72.745       -5.147
 omega                       84.752       84.752        0.000
 fa_dun                    1576.392     1576.392        0.000
 p_aa_pp                    -96.002      -96.002        0.000
 ref                        176.666      176.666        0.000
 rama_prepro                 31.282       31.282        0.000
 total                       78.281      133.118
-------------------------------------------------------------------
Sum ddg: -54.8375
protocols.simple_filters.DdGScan: (0) input_dimer_0001 DdGScan binding ddG for mutation LEU262ALA = -54.8375
protocols.rosetta_scripts.ParsedProtocol.REPORT: (0)  Residue A262LEU->ALA :    3.3672
core.pack.task: (0) Packer task: initialize from command line() 
core.pack.pack_rotamers: (0) built 1 rotamers at 1 positions.
core.pack.interaction_graph.interaction_graph_factory: (0) Instantiating PDInteractionGraph
protocols.simple_filters.DdGScan: (0) 
-------------------------------------------------------------------
 Scores                       Bound      Unbound      Wghtd.Delta
-------------------------------------------------------------------
 fa_atr                   -3279.896    -3082.255     -197.641
 fa_rep                     772.600      638.525      134.075
 fa_sol                    2143.268     2056.383       86.885
 fa_intra_rep                 8.333        8.333        0.000
 fa_intra_sol_xover4        131.316      131.316        0.000
 lk_ball_wtd                -62.889      -61.987       -0.902
 fa_elec                   -899.323     -842.267      -57.056
 hbond_sr_bb               -139.013     -139.013        0.000
 hbond_lr_bb               -210.267     -194.262      -16.006
 hbond_bb_sc                -82.601      -82.601        0.000
 hbond_sc                   -77.891      -72.745       -5.147
 omega                       84.752       84.752        0.000
 fa_dun                    1575.601     1575.601        0.000
 p_aa_pp                    -96.629      -96.629        0.000
 ref                        176.067      176.067        0.000
 rama_prepro                 30.811       30.811        0.000
 total                       74.238      130.029
-------------------------------------------------------------------
Sum ddg: -55.7914
protocols.simple_filters.DdGScan: (0) input_dimer_0001 DdGScan binding ddG for mutation TRP264ALA = -55.7914
protocols.rosetta_scripts.ParsedProtocol.REPORT: (0)  Residue A264TRP->ALA :    2.4133
core.pack.task: (0) Packer task: initialize from command line() 
core.pack.pack_rotamers: (0) built 1 rotamers at 1 positions.
core.pack.interaction_graph.interaction_graph_factory: (0) Instantiating PDInteractionGraph
protocols.simple_filters.DdGScan: (0) 
-------------------------------------------------------------------
 Scores                       Bound      Unbound      Wghtd.Delta
-------------------------------------------------------------------
 fa_atr                   -3282.003    -3084.067     -197.936
 fa_rep                     771.904      637.676      134.228
 fa_sol                    2140.528     2054.332       86.196
 fa_intra_rep                 8.348        8.348        0.000
 fa_intra_sol_xover4        131.165      131.165        0.000
 lk_ball_wtd                -62.790      -61.830       -0.960
 fa_elec                   -900.420     -843.578      -56.842
 hbond_sr_bb               -139.013     -139.013        0.000
 hbond_lr_bb               -210.267     -194.262      -16.006
 hbond_bb_sc                -82.601      -82.601        0.000
 hbond_sc                   -77.891      -72.745       -5.147
 omega                       84.752       84.752        0.000
 fa_dun                    1573.529     1573.529        0.000
 p_aa_pp                    -95.800      -95.800        0.000
 ref                        178.628      178.628        0.000
 rama_prepro                 31.517       31.517        0.000
 total                       69.587      126.053
-------------------------------------------------------------------
Sum ddg: -56.4659
protocols.simple_filters.DdGScan: (0) input_dimer_0001 DdGScan binding ddG for mutation HIS265ALA = -56.4659
protocols.rosetta_scripts.ParsedProtocol.REPORT: (0)  Residue A265HIS->ALA :    1.7388
core.pack.task: (0) Packer task: initialize from command line() 
core.pack.pack_rotamers: (0) built 1 rotamers at 1 positions.
core.pack.interaction_graph.interaction_graph_factory: (0) Instantiating PDInteractionGraph
protocols.simple_filters.DdGScan: (0) 
-------------------------------------------------------------------
 Scores                       Bound      Unbound      Wghtd.Delta
-------------------------------------------------------------------
 fa_atr                   -3282.337    -3085.410     -196.927
 fa_rep                     771.599      637.427      134.173
 fa_sol                    2144.538     2057.258       87.281
 fa_intra_rep                 8.298        8.298        0.000
 fa_intra_sol_xover4        131.703      131.703        0.000
 lk_ball_wtd                -62.803      -61.843       -0.960
 fa_elec                   -899.718     -842.720      -56.998
 hbond_sr_bb               -139.013     -139.013        0.000
 hbond_lr_bb               -210.267     -194.262      -16.006
 hbond_bb_sc                -82.601      -82.601        0.000
 hbond_sc                   -77.891      -72.745       -5.147
 omega                       84.752       84.752        0.000
 fa_dun                    1558.347     1558.347        0.000
 p_aa_pp                    -96.329      -96.329        0.000
 ref                        176.666      176.666        0.000
 rama_prepro                 30.767       30.767        0.000
 total                       55.712      110.296
-------------------------------------------------------------------
Sum ddg: -54.5838
protocols.simple_filters.DdGScan: (0) input_dimer_0001 DdGScan binding ddG for mutation LEU268ALA = -54.5838
protocols.rosetta_scripts.ParsedProtocol.REPORT: (0)  Residue A268LEU->ALA :    3.6208
core.pack.task: (0) Packer task: initialize from command line() 
core.pack.pack_rotamers: (0) built 1 rotamers at 1 positions.
core.pack.interaction_graph.interaction_graph_factory: (0) Instantiating PDInteractionGraph
protocols.simple_filters.DdGScan: (0) 
-------------------------------------------------------------------
 Scores                       Bound      Unbound      Wghtd.Delta
-------------------------------------------------------------------
 fa_atr                   -3285.571    -3085.715     -199.856
 fa_rep                     773.077      638.803      134.273
 fa_sol                    2142.688     2055.985       86.704
 fa_intra_rep                 8.345        8.345        0.000
 fa_intra_sol_xover4        131.170      131.170        0.000
 lk_ball_wtd                -63.055      -61.821       -1.235
 fa_elec                   -898.661     -841.703      -56.957
 hbond_sr_bb               -139.013     -139.013        0.000
 hbond_lr_bb               -210.267     -194.262      -16.006
 hbond_bb_sc                -82.601      -82.601        0.000
 hbond_sc                   -77.891      -72.745       -5.147
 omega                       84.752       84.752        0.000
 fa_dun                    1573.238     1573.238        0.000
 p_aa_pp                    -96.186      -96.186        0.000
 ref                        179.779      179.779        0.000
 rama_prepro                 31.411       31.411        0.000
 total                       71.215      129.438
-------------------------------------------------------------------
Sum ddg: -58.2232
protocols.simple_filters.DdGScan: (0) input_dimer_0001 DdGScan binding ddG for mutation GLN269ALA = -58.2232
protocols.rosetta_scripts.ParsedProtocol.REPORT: (0)  Residue A269GLN->ALA :   -0.0185
core.pack.task: (0) Packer task: initialize from command line() 
core.pack.pack_rotamers: (0) built 1 rotamers at 1 positions.
core.pack.interaction_graph.interaction_graph_factory: (0) Instantiating PDInteractionGraph
protocols.simple_filters.DdGScan: (0) 
-------------------------------------------------------------------
 Scores                       Bound      Unbound      Wghtd.Delta
-------------------------------------------------------------------
 fa_atr                   -3280.687    -3081.815     -198.872
 fa_rep                     774.294      638.770      135.524
 fa_sol                    2136.577     2051.525       85.052
 fa_intra_rep                 8.346        8.346        0.000
 fa_intra_sol_xover4        130.861      130.861        0.000
 lk_ball_wtd                -64.027      -62.878       -1.150
 fa_elec                   -895.676     -839.546      -56.130
 hbond_sr_bb               -139.013     -139.013        0.000
 hbond_lr_bb               -210.267     -194.262      -16.006
 hbond_bb_sc                -76.089      -76.089        0.000
 hbond_sc                   -77.891      -72.745       -5.147
 omega                       84.752       84.752        0.000
 fa_dun                    1574.048     1574.048        0.000
 p_aa_pp                    -95.629      -95.629        0.000
 ref                        179.668      179.668        0.000
 rama_prepro                 31.681       31.681        0.000
 total                       80.947      137.675
-------------------------------------------------------------------
Sum ddg: -56.7283
protocols.simple_filters.DdGScan: (0) input_dimer_0001 DdGScan binding ddG for mutation ASN270ALA = -56.7283
protocols.rosetta_scripts.ParsedProtocol.REPORT: (0)  Residue A270ASN->ALA :    1.4764
core.pack.task: (0) Packer task: initialize from command line() 
core.pack.pack_rotamers: (0) built 1 rotamers at 1 positions.
core.pack.interaction_graph.interaction_graph_factory: (0) Instantiating PDInteractionGraph
protocols.simple_filters.DdGScan: (0) 
-------------------------------------------------------------------
 Scores                       Bound      Unbound      Wghtd.Delta
-------------------------------------------------------------------
 fa_atr                   -3286.031    -3086.183     -199.847
 fa_rep                     773.046      638.772      134.273
 fa_sol                    2142.681     2055.987       86.695
 fa_intra_rep                 8.349        8.349        0.000
 fa_intra_sol_xover4        131.440      131.440        0.000
 lk_ball_wtd                -62.664      -61.447       -1.217
 fa_elec                   -899.467     -842.447      -57.021
 hbond_sr_bb               -139.013     -139.013        0.000
 hbond_lr_bb               -210.267     -194.262      -16.006
 hbond_bb_sc                -82.601      -82.601        0.000
 hbond_sc                   -77.891      -72.745       -5.147
 omega                       84.752       84.752        0.000
 fa_dun                    1574.124     1574.124        0.000
 p_aa_pp                    -95.628      -95.628        0.000
 ref                        179.668      179.668        0.000
 rama_prepro                 31.484       31.484        0.000
 total                       71.981      130.250
-------------------------------------------------------------------
Sum ddg: -58.2694
protocols.simple_filters.DdGScan: (0) input_dimer_0001 DdGScan binding ddG for mutation ASN274ALA = -58.2694
protocols.rosetta_scripts.ParsedProtocol.REPORT: (0)  Residue A274ASN->ALA :   -0.0647
core.pack.task: (0) Packer task: initialize from command line() 
core.pack.pack_rotamers: (0) built 1 rotamers at 1 positions.
core.pack.interaction_graph.interaction_graph_factory: (0) Instantiating DensePDInteractionGraph
protocols.simple_filters.DdGScan: (0) 
-------------------------------------------------------------------
 Scores                       Bound      Unbound      Wghtd.Delta
-------------------------------------------------------------------
 fa_atr                   -3287.530    -3087.674     -199.855
 fa_rep                     773.119      638.846      134.273
 fa_sol                    2145.380     2058.669       86.711
 fa_intra_rep                 8.353        8.353        0.000
 fa_intra_sol_xover4        131.759      131.759        0.000
 lk_ball_wtd                -63.146      -61.911       -1.235
 fa_elec                   -899.655     -842.708      -56.947
 hbond_sr_bb               -139.013     -139.013        0.000
 hbond_lr_bb               -210.267     -194.262      -16.006
 hbond_bb_sc                -82.601      -82.601        0.000
 hbond_sc                   -77.891      -72.745       -5.147
 omega                       84.752       84.752        0.000
 fa_dun                    1576.900     1576.900        0.000
 p_aa_pp                    -96.497      -96.497        0.000
 ref                        177.003      177.003        0.000
 rama_prepro                 30.879       30.879        0.000
 total                       71.545      129.750
-------------------------------------------------------------------
Sum ddg: -58.2047
protocols.simple_filters.DdGScan: (0) input_dimer_0001 DdGScan binding ddG for mutation ALA275ALA = -58.2047
protocols.rosetta_scripts.ParsedProtocol.REPORT: (0)  Residue A275ALA->ALA :    0.0000
core.pack.task: (0) Packer task: initialize from command line() 
core.pack.pack_rotamers: (0) built 1 rotamers at 1 positions.
core.pack.interaction_graph.interaction_graph_factory: (0) Instantiating PDInteractionGraph
protocols.simple_filters.DdGScan: (0) 
-------------------------------------------------------------------
 Scores                       Bound      Unbound      Wghtd.Delta
-------------------------------------------------------------------
 fa_atr                   -3284.955    -3086.946     -198.008
 fa_rep                     772.535      638.843      133.692
 fa_sol                    2138.848     2057.266       81.582
 fa_intra_rep                 8.350        8.350        0.000
 fa_intra_sol_xover4        131.512      131.512        0.000
 lk_ball_wtd                -63.479      -61.787       -1.692
 fa_elec                   -895.219     -843.297      -51.922
 hbond_sr_bb               -139.013     -139.013        0.000
 hbond_lr_bb               -210.267     -194.262      -16.006
 hbond_bb_sc                -82.601      -82.601        0.000
 hbond_sc                   -77.891      -72.745       -5.147
 omega                       84.752       84.752        0.000
 fa_dun                    1572.404     1572.404        0.000
 p_aa_pp                    -96.002      -96.002        0.000
 ref                        181.052      181.052        0.000
 rama_prepro                 31.688       31.688        0.000
 total                       71.713      129.214
-------------------------------------------------------------------
Sum ddg: -57.5011
protocols.simple_filters.DdGScan: (0) input_dimer_0001 DdGScan binding ddG for mutation GLU276ALA = -57.5011
protocols.rosetta_scripts.ParsedProtocol.REPORT: (0)  Residue A276GLU->ALA :    0.7036
core.pack.task: (0) Packer task: initialize from command line() 
core.pack.pack_rotamers: (0) built 1 rotamers at 1 positions.
core.pack.interaction_graph.interaction_graph_factory: (0) Instantiating PDInteractionGraph
protocols.simple_filters.DdGScan: (0) 
-------------------------------------------------------------------
 Scores                       Bound      Unbound      Wghtd.Delta
-------------------------------------------------------------------
 fa_atr                   -3281.628    -3086.221     -195.407
 fa_rep                     772.677      638.724      133.953
 fa_sol                    2146.503     2058.532       87.971
 fa_intra_rep                 8.342        8.342        0.000
 fa_intra_sol_xover4        131.716      131.716        0.000
 lk_ball_wtd                -62.838      -61.710       -1.129
 fa_elec                   -899.878     -842.685      -57.193
 hbond_sr_bb               -139.013     -139.013        0.000
 hbond_lr_bb               -210.267     -194.262      -16.006
 hbond_bb_sc                -82.601      -82.601        0.000
 hbond_sc                   -77.891      -72.745       -5.147
 omega                       84.758       84.758        0.000
 fa_dun                    1576.858     1576.858        0.000
 p_aa_pp                    -95.177      -95.177        0.000
 ref                        175.685      175.685        0.000
 rama_prepro                 31.950       31.950        0.000
 total                       79.194      132.151
-------------------------------------------------------------------
Sum ddg: -52.9576
protocols.simple_filters.DdGScan: (0) input_dimer_0001 DdGScan binding ddG for mutation VAL277ALA = -52.9576
protocols.rosetta_scripts.ParsedProtocol.REPORT: (0)  Residue A277VAL->ALA :    5.2471
core.pack.task: (0) Packer task: initialize from command line() 
core.pack.pack_rotamers: (0) built 1 rotamers at 1 positions.
core.pack.interaction_graph.interaction_graph_factory: (0) Instantiating PDInteractionGraph
protocols.simple_filters.DdGScan: (0) 
-------------------------------------------------------------------
 Scores                       Bound      Unbound      Wghtd.Delta
-------------------------------------------------------------------
 fa_atr                   -3278.195    -3079.899     -198.295
 fa_rep                     771.895      638.152      133.744
 fa_sol                    2144.727     2058.118       86.610
 fa_intra_rep                 8.333        8.333        0.000
 fa_intra_sol_xover4        131.564      131.564        0.000
 lk_ball_wtd                -62.704      -61.495       -1.209
 fa_elec                   -899.399     -842.326      -57.073
 hbond_sr_bb               -139.013     -139.013        0.000
 hbond_lr_bb               -210.267     -194.262      -16.006
 hbond_bb_sc                -82.601      -82.601        0.000
 hbond_sc                   -77.891      -72.745       -5.147
 omega                       84.752       84.752        0.000
 fa_dun                    1574.668     1574.668        0.000
 p_aa_pp                    -95.965      -95.965        0.000
 ref                        177.109      177.109        0.000
 rama_prepro                 31.538       31.538        0.000
 total                       78.552      135.928
-------------------------------------------------------------------
Sum ddg: -57.3764
protocols.simple_filters.DdGScan: (0) input_dimer_0001 DdGScan binding ddG for mutation PHE278ALA = -57.3764
protocols.rosetta_scripts.ParsedProtocol.REPORT: (0)  Residue A278PHE->ALA :    0.8283
core.pack.task: (0) Packer task: initialize from command line() 
core.pack.pack_rotamers: (0) built 1 rotamers at 1 positions.
core.pack.interaction_graph.interaction_graph_factory: (0) Instantiating DensePDInteractionGraph
protocols.simple_filters.DdGScan: (0) 
-------------------------------------------------------------------
 Scores                       Bound      Unbound      Wghtd.Delta
-------------------------------------------------------------------
 fa_atr                   -3287.530    -3087.674     -199.855
 fa_rep                     773.119      638.846      134.273
 fa_sol                    2145.380     2058.669       86.711
 fa_intra_rep                 8.353        8.353        0.000
 fa_intra_sol_xover4        131.759      131.759        0.000
 lk_ball_wtd                -63.146      -61.911       -1.235
 fa_elec                   -899.655     -842.708      -56.947
 hbond_sr_bb               -139.013     -139.013        0.000
 hbond_lr_bb               -210.267     -194.262      -16.006
 hbond_bb_sc                -82.601      -82.601        0.000
 hbond_sc                   -77.891      -72.745       -5.147
 omega                       84.752       84.752        0.000
 fa_dun                    1576.900     1576.900        0.000
 p_aa_pp                    -96.497      -96.497        0.000
 ref                        177.003      177.003        0.000
 rama_prepro                 30.879       30.879        0.000
 total                       71.545      129.750
-------------------------------------------------------------------
Sum ddg: -58.2047
protocols.simple_filters.DdGScan: (0) input_dimer_0001 DdGScan binding ddG for mutation ALA279ALA = -58.2047
protocols.rosetta_scripts.ParsedProtocol.REPORT: (0)  Residue A279ALA->ALA :    0.0000
core.pack.task: (0) Packer task: initialize from command line() 
core.pack.pack_rotamers: (0) built 1 rotamers at 1 positions.
core.pack.interaction_graph.interaction_graph_factory: (0) Instantiating PDInteractionGraph
protocols.simple_filters.DdGScan: (0) 
-------------------------------------------------------------------
 Scores                       Bound      Unbound      Wghtd.Delta
-------------------------------------------------------------------
 fa_atr                   -3281.916    -3086.075     -195.842
 fa_rep                     771.377      637.540      133.837
 fa_sol                    2142.165     2058.287       83.878
 fa_intra_rep                 8.352        8.352        0.000
 fa_intra_sol_xover4        131.679      131.679        0.000
 lk_ball_wtd                -62.987      -61.920       -1.067
 fa_elec                   -899.408     -842.419      -56.990
 hbond_sr_bb               -139.013     -139.013        0.000
 hbond_lr_bb               -210.267     -194.262      -16.006
 hbond_bb_sc                -82.601      -82.601        0.000
 hbond_sc                   -77.891      -72.745       -5.147
 omega                       84.781       84.781        0.000
 fa_dun                    1576.068     1576.068        0.000
 p_aa_pp                    -95.780      -95.780        0.000
 ref                        179.971      179.971        0.000
 rama_prepro                 29.169       29.169        0.000
 total                       73.698      131.033
-------------------------------------------------------------------
Sum ddg: -57.3348
protocols.simple_filters.DdGScan: (0) input_dimer_0001 DdGScan binding ddG for mutation PRO280ALA = -57.3348
protocols.rosetta_scripts.ParsedProtocol.REPORT: (0)  Residue A280PRO->ALA :    0.8698
core.pack.task: (0) Packer task: initialize from command line() 
core.pack.pack_rotamers: (0) built 1 rotamers at 1 positions.
core.pack.interaction_graph.interaction_graph_factory: (0) Instantiating PDInteractionGraph
protocols.simple_filters.DdGScan: (0) 
-------------------------------------------------------------------
 Scores                       Bound      Unbound      Wghtd.Delta
-------------------------------------------------------------------
 fa_atr                   -3281.845    -3081.990     -199.855
 fa_rep                     772.962      638.688      134.273
 fa_sol                    2141.068     2054.357       86.711
 fa_intra_rep                 8.343        8.343        0.000
 fa_intra_sol_xover4        131.154      131.154        0.000
 lk_ball_wtd                -62.731      -61.496       -1.235
 fa_elec                   -898.691     -841.744      -56.947
 hbond_sr_bb               -139.013     -139.013        0.000
 hbond_lr_bb               -210.267     -194.262      -16.006
 hbond_bb_sc                -82.601      -82.601        0.000
 hbond_sc                   -77.891      -72.745       -5.147
 omega                       84.752       84.752        0.000
 fa_dun                    1574.059     1574.059        0.000
 p_aa_pp                    -96.225      -96.225        0.000
 ref                        179.779      179.779        0.000
 rama_prepro                 31.421       31.421        0.000
 total                       74.275      132.479
-------------------------------------------------------------------
Sum ddg: -58.2047
protocols.simple_filters.DdGScan: (0) input_dimer_0001 DdGScan binding ddG for mutation GLN281ALA = -58.2047
protocols.rosetta_scripts.ParsedProtocol.REPORT: (0)  Residue A281GLN->ALA :    0.0000
core.pack.task: (0) Packer task: initialize from command line() 
core.pack.pack_rotamers: (0) built 1 rotamers at 1 positions.
core.pack.interaction_graph.interaction_graph_factory: (0) Instantiating PDInteractionGraph
protocols.simple_filters.DdGScan: (0) 
-------------------------------------------------------------------
 Scores                       Bound      Unbound      Wghtd.Delta
-------------------------------------------------------------------
 fa_atr                   -3287.059    -3087.605     -199.454
 fa_rep                     772.735      638.846      133.889
 fa_sol                    2143.467     2058.120       85.347
 fa_intra_rep                 8.353        8.353        0.000
 fa_intra_sol_xover4        131.734      131.734        0.000
 lk_ball_wtd                -63.151      -61.844       -1.307
 fa_elec                   -899.340     -842.450      -56.890
 hbond_sr_bb               -139.013     -139.013        0.000
 hbond_lr_bb               -210.267     -194.262      -16.006
 hbond_bb_sc                -82.601      -82.601        0.000
 hbond_sc                   -76.797      -72.745       -4.052
 omega                       84.752       84.752        0.000
 fa_dun                    1576.393     1576.393        0.000
 p_aa_pp                    -96.784      -96.784        0.000
 ref                        178.617      178.617        0.000
 rama_prepro                 30.752       30.752        0.000
 total                       71.792      130.265
-------------------------------------------------------------------
Sum ddg: -58.4727
protocols.simple_filters.DdGScan: (0) input_dimer_0001 DdGScan binding ddG for mutation SER282ALA = -58.4727
protocols.rosetta_scripts.ParsedProtocol.REPORT: (0)  Residue A282SER->ALA :   -0.2680
core.pack.task: (0) Packer task: initialize from command line() 
core.pack.pack_rotamers: (0) built 1 rotamers at 1 positions.
core.pack.interaction_graph.interaction_graph_factory: (0) Instantiating PDInteractionGraph
protocols.simple_filters.DdGScan: (0) 
-------------------------------------------------------------------
 Scores                       Bound      Unbound      Wghtd.Delta
-------------------------------------------------------------------
 fa_atr                   -3281.651    -3086.180     -195.472
 fa_rep                     772.328      638.846      133.482
 fa_sol                    2137.558     2056.393       81.164
 fa_intra_rep                 8.342        8.342        0.000
 fa_intra_sol_xover4        131.415      131.415        0.000
 lk_ball_wtd                -62.841      -62.104       -0.737
 fa_elec                   -897.672     -840.612      -57.060
 hbond_sr_bb               -139.013     -139.013        0.000
 hbond_lr_bb               -210.267     -194.262      -16.006
 hbond_bb_sc                -82.601      -82.601        0.000
 hbond_sc                   -76.079      -72.026       -4.052
 omega                       84.752       84.752        0.000
 fa_dun                    1574.625     1574.625        0.000
 p_aa_pp                    -96.143      -96.143        0.000
 ref                        178.422      178.422        0.000
 rama_prepro                 31.157       31.157        0.000
 total                       72.330      131.010
-------------------------------------------------------------------
Sum ddg: -58.68
protocols.simple_filters.DdGScan: (0) input_dimer_0001 DdGScan binding ddG for mutation ARG309ALA = -58.68
protocols.rosetta_scripts.ParsedProtocol.REPORT: (0)  Residue B14ARG->ALA :   -0.4753
core.pack.task: (0) Packer task: initialize from command line() 
core.pack.pack_rotamers: (0) built 1 rotamers at 1 positions.
core.pack.interaction_graph.interaction_graph_factory: (0) Instantiating PDInteractionGraph
protocols.simple_filters.DdGScan: (0) 
-------------------------------------------------------------------
 Scores                       Bound      Unbound      Wghtd.Delta
-------------------------------------------------------------------
 fa_atr                   -3282.868    -3083.488     -199.379
 fa_rep                     772.523      638.269      134.254
 fa_sol                    2146.613     2059.649       86.964
 fa_intra_rep                 8.336        8.336        0.000
 fa_intra_sol_xover4        131.717      131.717        0.000
 lk_ball_wtd                -62.844      -61.638       -1.207
 fa_elec                   -899.729     -842.740      -56.989
 hbond_sr_bb               -139.013     -139.013        0.000
 hbond_lr_bb               -210.267     -194.262      -16.006
 hbond_bb_sc                -82.601      -82.601        0.000
 hbond_sc                   -77.891      -72.745       -5.147
 omega                       84.703       84.703        0.000
 fa_dun                    1576.116     1576.116        0.000
 p_aa_pp                    -95.634      -95.634        0.000
 ref                        175.685      175.685        0.000
 rama_prepro                 31.756       31.756        0.000
 total                       76.602      134.112
-------------------------------------------------------------------
Sum ddg: -57.51
protocols.simple_filters.DdGScan: (0) input_dimer_0001 DdGScan binding ddG for mutation VAL310ALA = -57.51
protocols.rosetta_scripts.ParsedProtocol.REPORT: (0)  Residue B15VAL->ALA :    0.6947
core.pack.task: (0) Packer task: initialize from command line() 
core.pack.pack_rotamers: (0) built 1 rotamers at 1 positions.
core.pack.interaction_graph.interaction_graph_factory: (0) Instantiating PDInteractionGraph
protocols.simple_filters.DdGScan: (0) 
-------------------------------------------------------------------
 Scores                       Bound      Unbound      Wghtd.Delta
-------------------------------------------------------------------
 fa_atr                   -3275.565    -3082.361     -193.204
 fa_rep                     771.674      638.653      133.020
 fa_sol                    2143.592     2057.138       86.454
 fa_intra_rep                 8.329        8.329        0.000
 fa_intra_sol_xover4        131.595      131.595        0.000
 lk_ball_wtd                -62.773      -61.760       -1.014
 fa_elec                   -899.990     -842.829      -57.161
 hbond_sr_bb               -139.013     -139.013        0.000
 hbond_lr_bb               -210.267     -194.262      -16.006
 hbond_bb_sc                -82.601      -82.601        0.000
 hbond_sc                   -77.891      -72.745       -5.147
 omega                       84.752       84.752        0.000
 fa_dun                    1571.400     1571.400        0.000
 p_aa_pp                    -95.976      -95.976        0.000
 ref                        177.745      177.745        0.000
 rama_prepro                 31.617       31.617        0.000
 total                       76.629      129.685
-------------------------------------------------------------------
Sum ddg: -53.0565
protocols.simple_filters.DdGScan: (0) input_dimer_0001 DdGScan binding ddG for mutation TYR311ALA = -53.0565
protocols.rosetta_scripts.ParsedProtocol.REPORT: (0)  Residue B16TYR->ALA :    5.1482
core.pack.task: (0) Packer task: initialize from command line() 
core.pack.pack_rotamers: (0) built 1 rotamers at 1 positions.
core.pack.interaction_graph.interaction_graph_factory: (0) Instantiating PDInteractionGraph
protocols.simple_filters.DdGScan: (0) 
-------------------------------------------------------------------
 Scores                       Bound      Unbound      Wghtd.Delta
-------------------------------------------------------------------
 fa_atr                   -3280.525    -3082.628     -197.898
 fa_rep                     772.928      638.701      134.226
 fa_sol                    2136.124     2050.824       85.300
 fa_intra_rep                 8.346        8.346        0.000
 fa_intra_sol_xover4        131.640      131.640        0.000
 lk_ball_wtd                -62.587      -61.645       -0.943
 fa_elec                   -893.683     -837.227      -56.456
 hbond_sr_bb               -139.013     -139.013        0.000
 hbond_lr_bb               -210.267     -194.262      -16.006
 hbond_bb_sc                -82.367      -82.367        0.000
 hbond_sc                   -77.891      -72.745       -5.147
 omega                       84.752       84.752        0.000
 fa_dun                    1573.148     1573.148        0.000
 p_aa_pp                    -96.326      -96.326        0.000
 ref                        179.042      179.042        0.000
 rama_prepro                 31.341       31.341        0.000
 total                       74.660      131.582
-------------------------------------------------------------------
Sum ddg: -56.9219
protocols.simple_filters.DdGScan: (0) input_dimer_0001 DdGScan binding ddG for mutation LYS312ALA = -56.9219
protocols.rosetta_scripts.ParsedProtocol.REPORT: (0)  Residue B17LYS->ALA :    1.2828
core.pack.task: (0) Packer task: initialize from command line() 
core.pack.pack_rotamers: (0) built 1 rotamers at 1 positions.
core.pack.interaction_graph.interaction_graph_factory: (0) Instantiating PDInteractionGraph
protocols.simple_filters.DdGScan: (0) 
-------------------------------------------------------------------
 Scores                       Bound      Unbound      Wghtd.Delta
-------------------------------------------------------------------
 fa_atr                   -3282.077    -3083.764     -198.313
 fa_rep                     772.592      638.357      134.235
 fa_sol                    2145.394     2058.427       86.967
 fa_intra_rep                 8.335        8.335        0.000
 fa_intra_sol_xover4        131.691      131.691        0.000
 lk_ball_wtd                -62.879      -61.565       -1.314
 fa_elec                   -899.607     -842.878      -56.729
 hbond_sr_bb               -139.013     -139.013        0.000
 hbond_lr_bb               -210.267     -194.262      -16.006
 hbond_bb_sc                -82.601      -82.601        0.000
 hbond_sc                   -77.891      -72.745       -5.147
 omega                       84.681       84.681        0.000
 fa_dun                    1575.251     1575.251        0.000
 p_aa_pp                    -95.661      -95.661        0.000
 ref                        175.685      175.685        0.000
 rama_prepro                 31.422       31.422        0.000
 total                       75.054      131.360
-------------------------------------------------------------------
Sum ddg: -56.3057
protocols.simple_filters.DdGScan: (0) input_dimer_0001 DdGScan binding ddG for mutation VAL313ALA = -56.3057
protocols.rosetta_scripts.ParsedProtocol.REPORT: (0)  Residue B18VAL->ALA :    1.8989
core.pack.task: (0) Packer task: initialize from command line() 
core.pack.pack_rotamers: (0) built 1 rotamers at 1 positions.
core.pack.interaction_graph.interaction_graph_factory: (0) Instantiating PDInteractionGraph
protocols.simple_filters.DdGScan: (0) 
-------------------------------------------------------------------
 Scores                       Bound      Unbound      Wghtd.Delta
-------------------------------------------------------------------
 fa_atr                   -3283.971    -3084.385     -199.586
 fa_rep                     772.244      637.971      134.273
 fa_sol                    2141.728     2055.874       85.854
 fa_intra_rep                 8.341        8.341        0.000
 fa_intra_sol_xover4        131.587      131.587        0.000
 lk_ball_wtd                -62.150      -61.181       -0.969
 fa_elec                   -898.392     -842.912      -55.480
 hbond_sr_bb               -139.013     -139.013        0.000
 hbond_lr_bb               -210.267     -194.262      -16.006
 hbond_bb_sc                -82.601      -82.601        0.000
 hbond_sc                   -77.891      -72.745       -5.147
 omega                       84.752       84.752        0.000
 fa_dun                    1565.008     1565.008        0.000
 p_aa_pp                    -96.261      -96.261        0.000
 ref                        179.042      179.042        0.000
 rama_prepro                 31.730       31.730        0.000
 total                       63.887      120.947
-------------------------------------------------------------------
Sum ddg: -57.0599
protocols.simple_filters.DdGScan: (0) input_dimer_0001 DdGScan binding ddG for mutation LYS315ALA = -57.0599
protocols.rosetta_scripts.ParsedProtocol.REPORT: (0)  Residue B20LYS->ALA :    1.1448
core.pack.task: (0) Packer task: initialize from command line() 
core.pack.pack_rotamers: (0) built 1 rotamers at 1 positions.
core.pack.interaction_graph.interaction_graph_factory: (0) Instantiating PDInteractionGraph
protocols.simple_filters.DdGScan: (0) 
-------------------------------------------------------------------
 Scores                       Bound      Unbound      Wghtd.Delta
-------------------------------------------------------------------
 fa_atr                   -3281.113    -3083.594     -197.520
 fa_rep                     772.425      638.194      134.231
 fa_sol                    2138.596     2054.261       84.334
 fa_intra_rep                 8.346        8.346        0.000
 fa_intra_sol_xover4        131.555      131.555        0.000
 lk_ball_wtd                -62.449      -60.935       -1.513
 fa_elec                   -899.856     -842.580      -57.276
 hbond_sr_bb               -139.013     -139.013        0.000
 hbond_lr_bb               -210.267     -194.262      -16.006
 hbond_bb_sc                -82.601      -82.601        0.000
 hbond_sc                   -77.891      -72.745       -5.147
 omega                       84.752       84.752        0.000
 fa_dun                    1573.746     1573.746        0.000
 p_aa_pp                    -96.369      -96.369        0.000
 ref                        179.779      179.779        0.000
 rama_prepro                 31.343       31.343        0.000
 total                       70.984      129.879
-------------------------------------------------------------------
Sum ddg: -58.8953
protocols.simple_filters.DdGScan: (0) input_dimer_0001 DdGScan binding ddG for mutation GLN322ALA = -58.8953
protocols.rosetta_scripts.ParsedProtocol.REPORT: (0)  Residue B27GLN->ALA :   -0.6906
core.pack.task: (0) Packer task: initialize from command line() 
core.pack.pack_rotamers: (0) built 1 rotamers at 1 positions.
core.pack.interaction_graph.interaction_graph_factory: (0) Instantiating PDInteractionGraph
protocols.simple_filters.DdGScan: (0) 
-------------------------------------------------------------------
 Scores                       Bound      Unbound      Wghtd.Delta
-------------------------------------------------------------------
 fa_atr                   -3282.043    -3083.076     -198.966
 fa_rep                     772.787      638.631      134.156
 fa_sol                    2146.936     2059.814       87.122
 fa_intra_rep                 8.334        8.334        0.000
 fa_intra_sol_xover4        131.703      131.703        0.000
 lk_ball_wtd                -63.048      -61.849       -1.199
 fa_elec                   -899.711     -842.716      -56.996
 hbond_sr_bb               -139.013     -139.013        0.000
 hbond_lr_bb               -210.267     -194.262      -16.006
 hbond_bb_sc                -82.601      -82.601        0.000
 hbond_sc                   -77.891      -72.745       -5.147
 omega                       84.797       84.797        0.000
 fa_dun                    1576.616     1576.616        0.000
 p_aa_pp                    -96.008      -96.008        0.000
 ref                        175.685      175.685        0.000
 rama_prepro                 31.333       31.333        0.000
 total                       77.609      134.643
-------------------------------------------------------------------
Sum ddg: -57.0343
protocols.simple_filters.DdGScan: (0) input_dimer_0001 DdGScan binding ddG for mutation VAL324ALA = -57.0343
protocols.rosetta_scripts.ParsedProtocol.REPORT: (0)  Residue B29VAL->ALA :    1.1704
core.pack.task: (0) Packer task: initialize from command line() 
core.pack.pack_rotamers: (0) built 1 rotamers at 1 positions.
core.pack.interaction_graph.interaction_graph_factory: (0) Instantiating PDInteractionGraph
protocols.simple_filters.DdGScan: (0) 
-------------------------------------------------------------------
 Scores                       Bound      Unbound      Wghtd.Delta
-------------------------------------------------------------------
 fa_atr                   -3281.859    -3083.967     -197.892
 fa_rep                     772.967      638.716      134.251
 fa_sol                    2136.666     2052.812       83.855
 fa_intra_rep                 8.348        8.348        0.000
 fa_intra_sol_xover4        131.537      131.537        0.000
 lk_ball_wtd                -63.483      -62.338       -1.146
 fa_elec                   -892.747     -838.387      -54.360
 hbond_sr_bb               -139.013     -139.013        0.000
 hbond_lr_bb               -210.267     -194.262      -16.006
 hbond_bb_sc                -82.601      -82.601        0.000
 hbond_sc                   -74.381      -70.708       -3.672
 omega                       84.752       84.752        0.000
 fa_dun                    1573.696     1573.696        0.000
 p_aa_pp                    -96.255      -96.255        0.000
 ref                        181.052      181.052        0.000
 rama_prepro                 31.251       31.251        0.000
 total                       79.664      134.634
-------------------------------------------------------------------
Sum ddg: -54.9698
protocols.simple_filters.DdGScan: (0) input_dimer_0001 DdGScan binding ddG for mutation GLU326ALA = -54.9698
protocols.rosetta_scripts.ParsedProtocol.REPORT: (0)  Residue B31GLU->ALA :    3.2349
core.pack.task: (0) Packer task: initialize from command line() 
core.pack.pack_rotamers: (0) built 1 rotamers at 1 positions.
core.pack.interaction_graph.interaction_graph_factory: (0) Instantiating PDInteractionGraph
protocols.simple_filters.DdGScan: (0) 
-------------------------------------------------------------------
 Scores                       Bound      Unbound      Wghtd.Delta
-------------------------------------------------------------------
 fa_atr                   -3284.594    -3085.645     -198.950
 fa_rep                     773.063      638.814      134.249
 fa_sol                    2140.979     2055.011       85.968
 fa_intra_rep                 8.350        8.350        0.000
 fa_intra_sol_xover4        131.527      131.527        0.000
 lk_ball_wtd                -62.006      -61.098       -0.908
 fa_elec                   -899.282     -842.353      -56.928
 hbond_sr_bb               -139.013     -139.013        0.000
 hbond_lr_bb               -210.267     -194.262      -16.006
 hbond_bb_sc                -82.601      -82.601        0.000
 hbond_sc                   -77.891      -72.745       -5.147
 omega                       84.752       84.752        0.000
 fa_dun                    1575.675     1575.675        0.000
 p_aa_pp                    -97.203      -97.203        0.000
 ref                        179.668      179.668        0.000
 rama_prepro                 30.359       30.359        0.000
 total                       71.515      129.237
-------------------------------------------------------------------
Sum ddg: -57.7219
protocols.simple_filters.DdGScan: (0) input_dimer_0001 DdGScan binding ddG for mutation ASN357ALA = -57.7219
protocols.rosetta_scripts.ParsedProtocol.REPORT: (0)  Residue B62ASN->ALA :    0.4827
core.pack.task: (0) Packer task: initialize from command line() 
core.pack.pack_rotamers: (0) built 1 rotamers at 1 positions.
core.pack.interaction_graph.interaction_graph_factory: (0) Instantiating PDInteractionGraph
protocols.simple_filters.DdGScan: (0) 
-------------------------------------------------------------------
 Scores                       Bound      Unbound      Wghtd.Delta
-------------------------------------------------------------------
 fa_atr                   -3279.798    -3082.250     -197.548
 fa_rep                     772.691      638.667      134.023
 fa_sol                    2144.584     2057.404       87.179
 fa_intra_rep                 8.325        8.325        0.000
 fa_intra_sol_xover4        131.496      131.496        0.000
 lk_ball_wtd                -62.890      -61.678       -1.212
 fa_elec                   -899.993     -843.094      -56.899
 hbond_sr_bb               -139.013     -139.013        0.000
 hbond_lr_bb               -210.267     -194.262      -16.006
 hbond_bb_sc                -82.601      -82.601        0.000
 hbond_sc                   -77.891      -72.745       -5.147
 omega                       84.752       84.752        0.000
 fa_dun                    1573.647     1573.647        0.000
 p_aa_pp                    -96.612      -96.612        0.000
 ref                        177.745      177.745        0.000
 rama_prepro                 30.839       30.839        0.000
 total                       75.014      130.622
-------------------------------------------------------------------
Sum ddg: -55.608
protocols.simple_filters.DdGScan: (0) input_dimer_0001 DdGScan binding ddG for mutation TYR360ALA = -55.608
protocols.rosetta_scripts.ParsedProtocol.REPORT: (0)  Residue B65TYR->ALA :    2.5967
core.pack.task: (0) Packer task: initialize from command line() 
core.pack.pack_rotamers: (0) built 1 rotamers at 1 positions.
core.pack.interaction_graph.interaction_graph_factory: (0) Instantiating PDInteractionGraph
protocols.simple_filters.DdGScan: (0) 
-------------------------------------------------------------------
 Scores                       Bound      Unbound      Wghtd.Delta
-------------------------------------------------------------------
 fa_atr                   -3280.952    -3084.830     -196.121
 fa_rep                     772.898      638.732      134.166
 fa_sol                    2145.125     2057.763       87.362
 fa_intra_rep                 8.330        8.330        0.000
 fa_intra_sol_xover4        131.686      131.686        0.000
 lk_ball_wtd                -62.645      -61.634       -1.011
 fa_elec                   -899.780     -842.855      -56.925
 hbond_sr_bb               -139.013     -139.013        0.000
 hbond_lr_bb               -210.267     -194.262      -16.006
 hbond_bb_sc                -82.601      -82.601        0.000
 hbond_sc                   -77.891      -72.745       -5.147
 omega                       84.822       84.822        0.000
 fa_dun                    1574.793     1574.793        0.000
 p_aa_pp                    -96.270      -96.270        0.000
 ref                        176.024      176.024        0.000
 rama_prepro                 30.747       30.747        0.000
 total                       75.005      128.687
-------------------------------------------------------------------
Sum ddg: -53.6814
protocols.simple_filters.DdGScan: (0) input_dimer_0001 DdGScan binding ddG for mutation ILE361ALA = -53.6814
protocols.rosetta_scripts.ParsedProtocol.REPORT: (0)  Residue B66ILE->ALA :    4.5233
core.pack.task: (0) Packer task: initialize from command line() 
core.pack.pack_rotamers: (0) built 1 rotamers at 1 positions.
core.pack.interaction_graph.interaction_graph_factory: (0) Instantiating DensePDInteractionGraph
protocols.simple_filters.DdGScan: (0) 
-------------------------------------------------------------------
 Scores                       Bound      Unbound      Wghtd.Delta
-------------------------------------------------------------------
 fa_atr                   -3287.530    -3087.674     -199.855
 fa_rep                     773.119      638.846      134.273
 fa_sol                    2145.380     2058.669       86.711
 fa_intra_rep                 8.353        8.353        0.000
 fa_intra_sol_xover4        131.759      131.759        0.000
 lk_ball_wtd                -63.146      -61.911       -1.235
 fa_elec                   -899.655     -842.708      -56.947
 hbond_sr_bb               -139.013     -139.013        0.000
 hbond_lr_bb               -210.267     -194.262      -16.006
 hbond_bb_sc                -82.601      -82.601        0.000
 hbond_sc                   -77.891      -72.745       -5.147
 omega                       84.752       84.752        0.000
 fa_dun                    1576.900     1576.900        0.000
 p_aa_pp                    -96.497      -96.497        0.000
 ref                        177.003      177.003        0.000
 rama_prepro                 30.879       30.879        0.000
 total                       71.545      129.750
-------------------------------------------------------------------
Sum ddg: -58.2047
protocols.simple_filters.DdGScan: (0) input_dimer_0001 DdGScan binding ddG for mutation ALA363ALA = -58.2047
protocols.rosetta_scripts.ParsedProtocol.REPORT: (0)  Residue B68ALA->ALA :    0.0000
core.pack.task: (0) Packer task: initialize from command line() 
core.pack.pack_rotamers: (0) built 1 rotamers at 1 positions.
core.pack.interaction_graph.interaction_graph_factory: (0) Instantiating PDInteractionGraph
protocols.simple_filters.DdGScan: (0) 
-------------------------------------------------------------------
 Scores                       Bound      Unbound      Wghtd.Delta
-------------------------------------------------------------------
 fa_atr                   -3279.644    -3086.887     -192.758
 fa_rep                     771.370      638.758      132.613
 fa_sol                    2133.010     2057.160       75.850
 fa_intra_rep                 8.336        8.336        0.000
 fa_intra_sol_xover4        131.019      131.019        0.000
 lk_ball_wtd                -63.896      -61.879       -2.017
 fa_elec                   -890.438     -842.650      -47.787
 hbond_sr_bb               -139.013     -139.013        0.000
 hbond_lr_bb               -210.267     -194.262      -16.006
 hbond_bb_sc                -82.601      -82.601        0.000
 hbond_sc                   -77.891      -72.745       -5.147
 omega                       84.752       84.752        0.000
 fa_dun                    1571.363     1571.363        0.000
 p_aa_pp                    -96.417      -96.417        0.000
 ref                        179.042      179.042        0.000
 rama_prepro                 30.960       30.960        0.000
 total                       69.687      124.938
-------------------------------------------------------------------
Sum ddg: -55.2509
protocols.simple_filters.DdGScan: (0) input_dimer_0001 DdGScan binding ddG for mutation LYS364ALA = -55.2509
protocols.rosetta_scripts.ParsedProtocol.REPORT: (0)  Residue B69LYS->ALA :    2.9537
core.pack.task: (0) Packer task: initialize from command line() 
core.pack.pack_rotamers: (0) built 1 rotamers at 1 positions.
core.pack.interaction_graph.interaction_graph_factory: (0) Instantiating PDInteractionGraph
protocols.simple_filters.DdGScan: (0) 
-------------------------------------------------------------------
 Scores                       Bound      Unbound      Wghtd.Delta
-------------------------------------------------------------------
 fa_atr                   -3284.317    -3085.827     -198.491
 fa_rep                     773.102      638.843      134.259
 fa_sol                    2143.569     2056.886       86.684
 fa_intra_rep                 8.348        8.348        0.000
 fa_intra_sol_xover4        131.559      131.559        0.000
 lk_ball_wtd                -62.820      -61.894       -0.925
 fa_elec                   -899.493     -842.533      -56.960
 hbond_sr_bb               -139.013     -139.013        0.000
 hbond_lr_bb               -210.267     -194.262      -16.006
 hbond_bb_sc                -82.601      -82.601        0.000
 hbond_sc                   -77.891      -72.745       -5.147
 omega                       84.752       84.752        0.000
 fa_dun                    1574.169     1574.169        0.000
 p_aa_pp                    -95.956      -95.956        0.000
 ref                        179.779      179.779        0.000
 rama_prepro                 31.318       31.318        0.000
 total                       74.238      130.824
-------------------------------------------------------------------
Sum ddg: -56.5855
protocols.simple_filters.DdGScan: (0) input_dimer_0001 DdGScan binding ddG for mutation GLN365ALA = -56.5855
protocols.rosetta_scripts.ParsedProtocol.REPORT: (0)  Residue B70GLN->ALA :    1.6192
core.pack.task: (0) Packer task: initialize from command line() 
core.pack.pack_rotamers: (0) built 1 rotamers at 1 positions.
core.pack.interaction_graph.interaction_graph_factory: (0) Instantiating PDInteractionGraph
protocols.simple_filters.DdGScan: (0) 
-------------------------------------------------------------------
 Scores                       Bound      Unbound      Wghtd.Delta
-------------------------------------------------------------------
 fa_atr                   -3272.274    -3078.517     -193.756
 fa_rep                     772.218      638.476      133.742
 fa_sol                    2140.425     2053.761       86.664
 fa_intra_rep                 8.335        8.335        0.000
 fa_intra_sol_xover4        131.598      131.598        0.000
 lk_ball_wtd                -63.210      -62.235       -0.975
 fa_elec                   -897.828     -840.881      -56.947
 hbond_sr_bb               -139.013     -139.013        0.000
 hbond_lr_bb               -210.267     -194.262      -16.006
 hbond_bb_sc                -82.601      -82.601        0.000
 hbond_sc                   -76.573      -71.427       -5.147
 omega                       84.752       84.752        0.000
 fa_dun                    1572.542     1572.542        0.000
 p_aa_pp                    -96.131      -96.131        0.000
 ref                        176.067      176.067        0.000
 rama_prepro                 30.798       30.798        0.000
 total                       78.836      131.261
-------------------------------------------------------------------
Sum ddg: -52.4248
protocols.simple_filters.DdGScan: (0) input_dimer_0001 DdGScan binding ddG for mutation TRP401ALA = -52.4248
protocols.rosetta_scripts.ParsedProtocol.REPORT: (0)  Residue B106TRP->ALA :    5.7799
core.pack.task: (0) Packer task: initialize from command line() 
core.pack.pack_rotamers: (0) built 1 rotamers at 1 positions.
core.pack.interaction_graph.interaction_graph_factory: (0) Instantiating PDInteractionGraph
protocols.simple_filters.DdGScan: (0) 
-------------------------------------------------------------------
 Scores                       Bound      Unbound      Wghtd.Delta
-------------------------------------------------------------------
 fa_atr                   -3278.330    -3082.567     -195.763
 fa_rep                     772.324      638.679      133.645
 fa_sol                    2144.498     2056.354       88.144
 fa_intra_rep                 8.350        8.350        0.000
 fa_intra_sol_xover4        131.718      131.718        0.000
 lk_ball_wtd                -62.892      -61.642       -1.251
 fa_elec                   -899.483     -842.451      -57.031
 hbond_sr_bb               -139.013     -139.013        0.000
 hbond_lr_bb               -210.267     -194.262      -16.006
 hbond_bb_sc                -82.601      -82.601        0.000
 hbond_sc                   -77.891      -72.745       -5.147
 omega                       84.752       84.752        0.000
 fa_dun                    1572.675     1572.675        0.000
 p_aa_pp                    -96.563      -96.563        0.000
 ref                        176.670      176.670        0.000
 rama_prepro                 30.903       30.903        0.000
 total                       74.851      128.259
-------------------------------------------------------------------
Sum ddg: -53.4079
protocols.simple_filters.DdGScan: (0) input_dimer_0001 DdGScan binding ddG for mutation MET404ALA = -53.4079
protocols.rosetta_scripts.ParsedProtocol.REPORT: (0)  Residue B109MET->ALA :    4.7968
core.pack.task: (0) Packer task: initialize from command line() 
core.pack.pack_rotamers: (0) built 1 rotamers at 1 positions.
core.pack.interaction_graph.interaction_graph_factory: (0) Instantiating PDInteractionGraph
protocols.simple_filters.DdGScan: (0) 
-------------------------------------------------------------------
 Scores                       Bound      Unbound      Wghtd.Delta
-------------------------------------------------------------------
 fa_atr                   -3280.298    -3083.752     -196.546
 fa_rep                     772.648      638.621      134.027
 fa_sol                    2144.766     2057.518       87.248
 fa_intra_rep                 8.333        8.333        0.000
 fa_intra_sol_xover4        131.682      131.682        0.000
 lk_ball_wtd                -62.643      -61.505       -1.137
 fa_elec                   -899.657     -842.767      -56.890
 hbond_sr_bb               -139.013     -139.013        0.000
 hbond_lr_bb               -210.267     -194.262      -16.006
 hbond_bb_sc                -82.601      -82.601        0.000
 hbond_sc                   -77.891      -72.745       -5.147
 omega                       84.738       84.738        0.000
 fa_dun                    1574.795     1574.795        0.000
 p_aa_pp                    -95.092      -95.092        0.000
 ref                        176.024      176.024        0.000
 rama_prepro                 32.189       32.189        0.000
 total                       77.712      132.163
-------------------------------------------------------------------
Sum ddg: -54.4505
protocols.simple_filters.DdGScan: (0) input_dimer_0001 DdGScan binding ddG for mutation ILE406ALA = -54.4505
protocols.rosetta_scripts.ParsedProtocol.REPORT: (0)  Residue B111ILE->ALA :    3.7542
core.pack.task: (0) Packer task: initialize from command line() 
core.pack.pack_rotamers: (0) built 1 rotamers at 1 positions.
core.pack.interaction_graph.interaction_graph_factory: (0) Instantiating PDInteractionGraph
protocols.simple_filters.DdGScan: (0) 
-------------------------------------------------------------------
 Scores                       Bound      Unbound      Wghtd.Delta
-------------------------------------------------------------------
 fa_atr                   -3285.667    -3086.476     -199.191
 fa_rep                     772.617      638.349      134.267
 fa_sol                    2138.443     2054.304       84.138
 fa_intra_rep                 8.349        8.349        0.000
 fa_intra_sol_xover4        131.421      131.421        0.000
 lk_ball_wtd                -63.723      -62.059       -1.664
 fa_elec                   -890.817     -837.920      -52.897
 hbond_sr_bb               -139.013     -139.013        0.000
 hbond_lr_bb               -210.267     -194.262      -16.006
 hbond_bb_sc                -82.601      -82.601        0.000
 hbond_sc                   -77.338      -72.197       -5.142
 omega                       84.752       84.752        0.000
 fa_dun                    1574.525     1574.525        0.000
 p_aa_pp                    -95.690      -95.690        0.000
 ref                        180.473      180.473        0.000
 rama_prepro                 31.479       31.479        0.000
 total                       76.942      133.435
-------------------------------------------------------------------
Sum ddg: -56.4933
protocols.simple_filters.DdGScan: (0) input_dimer_0001 DdGScan binding ddG for mutation ASP407ALA = -56.4933
protocols.rosetta_scripts.ParsedProtocol.REPORT: (0)  Residue B112ASP->ALA :    1.7114
core.pack.task: (0) Packer task: initialize from command line() 
core.pack.pack_rotamers: (0) built 1 rotamers at 1 positions.
core.pack.interaction_graph.interaction_graph_factory: (0) Instantiating PDInteractionGraph
protocols.simple_filters.DdGScan: (0) 
-------------------------------------------------------------------
 Scores                       Bound      Unbound      Wghtd.Delta
-------------------------------------------------------------------
 fa_atr                   -3281.042    -3081.349     -199.693
 fa_rep                     661.022      526.749      134.273
 fa_sol                    2135.564     2049.628       85.936
 fa_intra_rep                 8.332        8.332        0.000
 fa_intra_sol_xover4        131.193      131.193        0.000
 lk_ball_wtd                -63.139      -62.018       -1.121
 fa_elec                   -893.593     -836.386      -57.207
 hbond_sr_bb               -139.013     -139.013        0.000
 hbond_lr_bb               -210.267     -194.262      -16.006
 hbond_bb_sc                -82.601      -82.601        0.000
 hbond_sc                   -77.343      -72.197       -5.147
 omega                       84.752       84.752        0.000
 fa_dun                    1569.752     1569.752        0.000
 p_aa_pp                    -96.287      -96.287        0.000
 ref                        179.042      179.042        0.000
 rama_prepro                 32.018       32.018        0.000
 total                      -41.609       17.355
-------------------------------------------------------------------
Sum ddg: -58.9636
protocols.simple_filters.DdGScan: (0) input_dimer_0001 DdGScan binding ddG for mutation LYS409ALA = -58.9636
protocols.rosetta_scripts.ParsedProtocol.REPORT: (0)  Residue B114LYS->ALA :   -0.7589
core.pack.task: (0) Packer task: initialize from command line() 
core.pack.pack_rotamers: (0) built 1 rotamers at 1 positions.
core.pack.interaction_graph.interaction_graph_factory: (0) Instantiating PDInteractionGraph
protocols.simple_filters.DdGScan: (0) 
-------------------------------------------------------------------
 Scores                       Bound      Unbound      Wghtd.Delta
-------------------------------------------------------------------
 fa_atr                   -3278.357    -3080.906     -197.451
 fa_rep                     767.349      633.227      134.123
 fa_sol                    2136.959     2051.489       85.470
 fa_intra_rep                 8.350        8.350        0.000
 fa_intra_sol_xover4        131.482      131.482        0.000
 lk_ball_wtd                -62.656      -61.686       -0.970
 fa_elec                   -897.925     -841.316      -56.609
 hbond_sr_bb               -139.013     -139.013        0.000
 hbond_lr_bb               -210.267     -194.262      -16.006
 hbond_bb_sc                -80.542      -80.542        0.000
 hbond_sc                   -77.891      -72.745       -5.147
 omega                       84.752       84.752        0.000
 fa_dun                    1574.055     1574.055        0.000
 p_aa_pp                    -96.325      -96.325        0.000
 ref                        178.628      178.628        0.000
 rama_prepro                 30.889       30.889        0.000
 total                       69.487      126.077
-------------------------------------------------------------------
Sum ddg: -56.5897
protocols.simple_filters.DdGScan: (0) input_dimer_0001 DdGScan binding ddG for mutation HIS411ALA = -56.5897
protocols.rosetta_scripts.ParsedProtocol.REPORT: (0)  Residue B116HIS->ALA :    1.6150
core.pack.task: (0) Packer task: initialize from command line() 
core.pack.pack_rotamers: (0) built 1 rotamers at 1 positions.
core.pack.interaction_graph.interaction_graph_factory: (0) Instantiating PDInteractionGraph
protocols.simple_filters.DdGScan: (0) 
-------------------------------------------------------------------
 Scores                       Bound      Unbound      Wghtd.Delta
-------------------------------------------------------------------
 fa_atr                   -3279.525    -3084.716     -194.810
 fa_rep                     771.286      637.833      133.452
 fa_sol                    2138.219     2055.224       82.994
 fa_intra_rep                 8.345        8.345        0.000
 fa_intra_sol_xover4        130.879      130.879        0.000
 lk_ball_wtd                -61.971      -61.371       -0.600
 fa_elec                   -899.769     -842.577      -57.192
 hbond_sr_bb               -139.013     -139.013        0.000
 hbond_lr_bb               -210.267     -194.262      -16.006
 hbond_bb_sc                -82.601      -82.601        0.000
 hbond_sc                   -77.891      -72.745       -5.147
 omega                       84.752       84.752        0.000
 fa_dun                    1574.685     1574.685        0.000
 p_aa_pp                    -96.044      -96.044        0.000
 ref                        178.628      178.628        0.000
 rama_prepro                 31.223       31.223        0.000
 total                       70.935      128.242
-------------------------------------------------------------------
Sum ddg: -57.3069
protocols.simple_filters.DdGScan: (0) input_dimer_0001 DdGScan binding ddG for mutation HIS413ALA = -57.3069
protocols.rosetta_scripts.ParsedProtocol.REPORT: (0)  Residue B118HIS->ALA :    0.8978
core.pack.task: (0) Packer task: initialize from command line() 
core.pack.pack_rotamers: (0) built 1 rotamers at 1 positions.
core.pack.interaction_graph.interaction_graph_factory: (0) Instantiating PDInteractionGraph
protocols.simple_filters.DdGScan: (0) 
-------------------------------------------------------------------
 Scores                       Bound      Unbound      Wghtd.Delta
-------------------------------------------------------------------
 fa_atr                   -3286.177    -3087.045     -199.133
 fa_rep                     772.992      638.835      134.157
 fa_sol                    2139.273     2055.309       83.963
 fa_intra_rep                 8.353        8.353        0.000
 fa_intra_sol_xover4        131.732      131.732        0.000
 lk_ball_wtd                -63.011      -61.887       -1.124
 fa_elec                   -899.696     -842.813      -56.883
 hbond_sr_bb               -139.013     -139.013        0.000
 hbond_lr_bb               -210.267     -194.262      -16.006
 hbond_bb_sc                -82.601      -82.601        0.000
 hbond_sc                   -77.891      -72.745       -5.147
 omega                       84.752       84.752        0.000
 fa_dun                    1576.188     1576.188        0.000
 p_aa_pp                    -96.394      -96.394        0.000
 ref                        178.617      178.617        0.000
 rama_prepro                 31.246       31.246        0.000
 total                       68.103      128.276
-------------------------------------------------------------------
Sum ddg: -60.1722
protocols.simple_filters.DdGScan: (0) input_dimer_0001 DdGScan binding ddG for mutation SER414ALA = -60.1722
protocols.rosetta_scripts.ParsedProtocol.REPORT: (0)  Residue B119SER->ALA :   -1.9675
core.pack.task: (0) Packer task: initialize from command line() 
core.pack.pack_rotamers: (0) built 1 rotamers at 1 positions.
core.pack.interaction_graph.interaction_graph_factory: (0) Instantiating PDInteractionGraph
protocols.simple_filters.DdGScan: (0) 
-------------------------------------------------------------------
 Scores                       Bound      Unbound      Wghtd.Delta
-------------------------------------------------------------------
 fa_atr                   -3275.160    -3077.102     -198.058
 fa_rep                     772.426      638.190      134.236
 fa_sol                    2142.915     2056.801       86.113
 fa_intra_rep                 8.328        8.328        0.000
 fa_intra_sol_xover4        131.408      131.408        0.000
 lk_ball_wtd                -62.257      -61.114       -1.143
 fa_elec                   -899.270     -842.393      -56.877
 hbond_sr_bb               -139.013     -139.013        0.000
 hbond_lr_bb               -210.267     -194.262      -16.006
 hbond_bb_sc                -82.601      -82.601        0.000
 hbond_sc                   -77.891      -72.745       -5.147
 omega                       84.752       84.752        0.000
 fa_dun                    1574.912     1574.912        0.000
 p_aa_pp                    -96.288      -96.288        0.000
 ref                        177.109      177.109        0.000
 rama_prepro                 31.389       31.389        0.000
 total                       80.492      137.371
-------------------------------------------------------------------
Sum ddg: -56.8795
protocols.simple_filters.DdGScan: (0) input_dimer_0001 DdGScan binding ddG for mutation PHE415ALA = -56.8795
protocols.rosetta_scripts.ParsedProtocol.REPORT: (0)  Residue B120PHE->ALA :    1.3252
core.pack.task: (0) Packer task: initialize from command line() 
core.pack.pack_rotamers: (0) built 1 rotamers at 1 positions.
core.pack.interaction_graph.interaction_graph_factory: (0) Instantiating PDInteractionGraph
protocols.simple_filters.DdGScan: (0) 
-------------------------------------------------------------------
 Scores                       Bound      Unbound      Wghtd.Delta
-------------------------------------------------------------------
 fa_atr                   -3282.001    -3084.239     -197.762
 fa_rep                     772.744      638.726      134.018
 fa_sol                    2144.831     2057.950       86.880
 fa_intra_rep                 8.325        8.325        0.000
 fa_intra_sol_xover4        131.673      131.673        0.000
 lk_ball_wtd                -62.827      -61.829       -0.998
 fa_elec                   -899.437     -842.596      -56.842
 hbond_sr_bb               -139.013     -139.013        0.000
 hbond_lr_bb               -210.267     -194.262      -16.006
 hbond_bb_sc                -82.601      -82.601        0.000
 hbond_sc                   -77.891      -72.745       -5.147
 omega                       84.724       84.724        0.000
 fa_dun                    1575.517     1575.517        0.000
 p_aa_pp                    -96.125      -96.125        0.000
 ref                        176.024      176.024        0.000
 rama_prepro                 31.279       31.279        0.000
 total                       74.954      130.809
-------------------------------------------------------------------
Sum ddg: -55.8551
protocols.simple_filters.DdGScan: (0) input_dimer_0001 DdGScan binding ddG for mutation ILE416ALA = -55.8551
protocols.rosetta_scripts.ParsedProtocol.REPORT: (0)  Residue B121ILE->ALA :    2.3496
core.pack.task: (0) Packer task: initialize from command line() 
core.pack.pack_rotamers: (0) built 1 rotamers at 1 positions.
core.pack.interaction_graph.interaction_graph_factory: (0) Instantiating PDInteractionGraph
protocols.simple_filters.DdGScan: (0) 
-------------------------------------------------------------------
 Scores                       Bound      Unbound      Wghtd.Delta
-------------------------------------------------------------------
 fa_atr                   -3278.827    -3079.505     -199.322
 fa_rep                     772.356      638.155      134.201
 fa_sol                    2135.037     2049.096       85.941
 fa_intra_rep                 8.305        8.305        0.000
 fa_intra_sol_xover4        130.969      130.969        0.000
 lk_ball_wtd                -62.686      -61.544       -1.141
 fa_elec                   -895.636     -838.613      -57.023
 hbond_sr_bb               -139.013     -139.013        0.000
 hbond_lr_bb               -210.267     -194.262      -16.006
 hbond_bb_sc                -81.582      -81.582        0.000
 hbond_sc                   -77.891      -72.745       -5.147
 omega                       84.752       84.752        0.000
 fa_dun                    1568.090     1568.090        0.000
 p_aa_pp                    -96.467      -96.467        0.000
 ref                        178.422      178.422        0.000
 rama_prepro                 30.813       30.813        0.000
 total                       66.374      124.871
-------------------------------------------------------------------
Sum ddg: -58.4972
protocols.simple_filters.DdGScan: (0) input_dimer_0001 DdGScan binding ddG for mutation ARG417ALA = -58.4972
protocols.rosetta_scripts.ParsedProtocol.REPORT: (0)  Residue B122ARG->ALA :   -0.2925
core.pack.task: (0) Packer task: initialize from command line() 
core.pack.pack_rotamers: (0) built 1 rotamers at 1 positions.
core.pack.interaction_graph.interaction_graph_factory: (0) Instantiating PDInteractionGraph
protocols.simple_filters.DdGScan: (0) 
-------------------------------------------------------------------
 Scores                       Bound      Unbound      Wghtd.Delta
-------------------------------------------------------------------
 fa_atr                   -3284.348    -3084.549     -199.798
 fa_rep                     773.037      638.763      134.273
 fa_sol                    2136.930     2050.496       86.434
 fa_intra_rep                 8.350        8.350        0.000
 fa_intra_sol_xover4        131.122      131.122        0.000
 lk_ball_wtd                -63.777      -62.576       -1.201
 fa_elec                   -895.993     -839.033      -56.960
 hbond_sr_bb               -139.013     -139.013        0.000
 hbond_lr_bb               -210.267     -194.262      -16.006
 hbond_bb_sc                -82.601      -82.601        0.000
 hbond_sc                   -75.416      -70.269       -5.147
 omega                       84.752       84.752        0.000
 fa_dun                    1573.342     1573.342        0.000
 p_aa_pp                    -96.192      -96.192        0.000
 ref                        180.473      180.473        0.000
 rama_prepro                 30.952       30.952        0.000
 total                       71.352      129.756
-------------------------------------------------------------------
Sum ddg: -58.4038
protocols.simple_filters.DdGScan: (0) input_dimer_0001 DdGScan binding ddG for mutation ASP418ALA = -58.4038
protocols.rosetta_scripts.ParsedProtocol.REPORT: (0)  Residue B123ASP->ALA :   -0.1992
core.pack.task: (0) Packer task: initialize from command line() 
core.pack.pack_rotamers: (0) built 1 rotamers at 1 positions.
core.pack.interaction_graph.interaction_graph_factory: (0) Instantiating PDInteractionGraph
protocols.simple_filters.DdGScan: (0) 
-------------------------------------------------------------------
 Scores                       Bound      Unbound      Wghtd.Delta
-------------------------------------------------------------------
 fa_atr                   -3286.633    -3086.770     -199.863
 fa_rep                     772.387      637.911      134.476
 fa_sol                    2140.894     2055.330       85.564
 fa_intra_rep                 8.347        8.347        0.000
 fa_intra_sol_xover4        131.703      131.703        0.000
 lk_ball_wtd                -63.114      -61.950       -1.163
 fa_elec                   -899.763     -842.834      -56.929
 hbond_sr_bb               -139.013     -139.013        0.000
 hbond_lr_bb               -210.267     -194.262      -16.006
 hbond_bb_sc                -80.494      -80.494        0.000
 hbond_sc                   -77.891      -72.745       -5.147
 omega                       84.752       84.752        0.000
 fa_dun                    1575.883     1575.883        0.000
 p_aa_pp                    -96.451      -96.451        0.000
 ref                        178.617      178.617        0.000
 rama_prepro                 31.057       31.057        0.000
 total                       70.014      129.082
-------------------------------------------------------------------
Sum ddg: -59.0677
protocols.simple_filters.DdGScan: (0) input_dimer_0001 DdGScan binding ddG for mutation SER419ALA = -59.0677
protocols.rosetta_scripts.ParsedProtocol.REPORT: (0)  Residue B124SER->ALA :   -0.8631
core.pack.task: (0) Packer task: initialize from command line() 
core.pack.pack_rotamers: (0) built 1 rotamers at 1 positions.
core.pack.interaction_graph.interaction_graph_factory: (0) Instantiating PDInteractionGraph
protocols.simple_filters.DdGScan: (0) 
-------------------------------------------------------------------
 Scores                       Bound      Unbound      Wghtd.Delta
-------------------------------------------------------------------
 fa_atr                   -3285.603    -3086.191     -199.412
 fa_rep                     773.107      638.846      134.261
 fa_sol                    2141.194     2055.003       86.191
 fa_intra_rep                 8.343        8.343        0.000
 fa_intra_sol_xover4        130.879      130.879        0.000
 lk_ball_wtd                -63.259      -61.976       -1.284
 fa_elec                   -896.015     -839.062      -56.953
 hbond_sr_bb               -139.013     -139.013        0.000
 hbond_lr_bb               -210.267     -194.262      -16.006
 hbond_bb_sc                -82.601      -82.601        0.000
 hbond_sc                   -77.891      -72.745       -5.147
 omega                       84.752       84.752        0.000
 fa_dun                    1556.164     1556.164        0.000
 p_aa_pp                    -96.244      -96.244        0.000
 ref                        181.052      181.052        0.000
 rama_prepro                 30.955       30.955        0.000
 total                       55.554      113.902
-------------------------------------------------------------------
Sum ddg: -58.3484
protocols.simple_filters.DdGScan: (0) input_dimer_0001 DdGScan binding ddG for mutation GLU420ALA = -58.3484
protocols.rosetta_scripts.ParsedProtocol.REPORT: (0)  Residue B125GLU->ALA :   -0.1437
core.pack.task: (0) Packer task: initialize from command line() 
core.pack.pack_rotamers: (0) built 1 rotamers at 1 positions.
core.pack.interaction_graph.interaction_graph_factory: (0) Instantiating PDInteractionGraph
protocols.simple_filters.DdGScan: (0) 
-------------------------------------------------------------------
 Scores                       Bound      Unbound      Wghtd.Delta
-------------------------------------------------------------------
 fa_atr                   -3281.545    -3082.425     -199.119
 fa_rep                     773.149      639.093      134.056
 fa_sol                    2146.386     2059.214       87.173
 fa_intra_rep                 8.341        8.341        0.000
 fa_intra_sol_xover4        131.611      131.611        0.000
 lk_ball_wtd                -62.807      -61.572       -1.235
 fa_elec                   -899.404     -842.442      -56.962
 hbond_sr_bb               -139.013     -139.013        0.000
 hbond_lr_bb               -210.267     -194.262      -16.006
 hbond_bb_sc                -82.601      -82.601        0.000
 hbond_sc                   -77.891      -72.745       -5.147
 omega                       84.752       84.752        0.000
 fa_dun                    1574.643     1574.643        0.000
 p_aa_pp                    -95.840      -95.840        0.000
 ref                        176.666      176.666        0.000
 rama_prepro                 31.475       31.475        0.000
 total                       77.655      134.895
-------------------------------------------------------------------
Sum ddg: -57.2398
protocols.simple_filters.DdGScan: (0) input_dimer_0001 DdGScan binding ddG for mutation LEU444ALA = -57.2398
protocols.rosetta_scripts.ParsedProtocol.REPORT: (0)  Residue B149LEU->ALA :    0.9649
core.pack.task: (0) Packer task: initialize from command line() 
core.pack.pack_rotamers: (0) built 1 rotamers at 1 positions.
core.pack.interaction_graph.interaction_graph_factory: (0) Instantiating PDInteractionGraph
protocols.simple_filters.DdGScan: (0) 
-------------------------------------------------------------------
 Scores                       Bound      Unbound      Wghtd.Delta
-------------------------------------------------------------------
 fa_atr                   -3284.595    -3085.740     -198.855
 fa_rep                     773.081      638.786      134.295
 fa_sol                    2141.923     2055.288       86.635
 fa_intra_rep                 8.346        8.346        0.000
 fa_intra_sol_xover4        131.705      131.705        0.000
 lk_ball_wtd                -62.985      -61.845       -1.140
 fa_elec                   -900.405     -843.366      -57.039
 hbond_sr_bb               -139.013     -139.013        0.000
 hbond_lr_bb               -210.267     -194.262      -16.006
 hbond_bb_sc                -82.601      -82.601        0.000
 hbond_sc                   -77.891      -72.745       -5.147
 omega                       84.752       84.752        0.000
 fa_dun                    1576.276     1576.276        0.000
 p_aa_pp                    -95.872      -95.872        0.000
 ref                        177.176      177.176        0.000
 rama_prepro                 31.410       31.410        0.000
 total                       71.042      128.298
-------------------------------------------------------------------
Sum ddg: -57.2556
protocols.simple_filters.DdGScan: (0) input_dimer_0001 DdGScan binding ddG for mutation THR445ALA = -57.2556
protocols.rosetta_scripts.ParsedProtocol.REPORT: (0)  Residue B150THR->ALA :    0.9491
core.pack.task: (0) Packer task: initialize from command line() 
core.pack.pack_rotamers: (0) built 1 rotamers at 1 positions.
core.pack.interaction_graph.interaction_graph_factory: (0) Instantiating PDInteractionGraph
protocols.simple_filters.DdGScan: (0) 
-------------------------------------------------------------------
 Scores                       Bound      Unbound      Wghtd.Delta
-------------------------------------------------------------------
 fa_atr                   -3281.964    -3083.477     -198.487
 fa_rep                     772.525      638.617      133.908
 fa_sol                    2147.079     2060.173       86.905
 fa_intra_rep                 8.341        8.341        0.000
 fa_intra_sol_xover4        131.712      131.712        0.000
 lk_ball_wtd                -63.081      -61.851       -1.231
 fa_elec                   -899.894     -842.911      -56.984
 hbond_sr_bb               -139.013     -139.013        0.000
 hbond_lr_bb               -210.267     -194.262      -16.006
 hbond_bb_sc                -82.601      -82.601        0.000
 hbond_sc                   -77.891      -72.745       -5.147
 omega                       84.746       84.746        0.000
 fa_dun                    1576.319     1576.319        0.000
 p_aa_pp                    -96.412      -96.412        0.000
 ref                        175.685      175.685        0.000
 rama_prepro                 31.572       31.572        0.000
 total                       76.855      133.895
-------------------------------------------------------------------
Sum ddg: -57.0403
protocols.simple_filters.DdGScan: (0) input_dimer_0001 DdGScan binding ddG for mutation VAL446ALA = -57.0403
protocols.rosetta_scripts.ParsedProtocol.REPORT: (0)  Residue B151VAL->ALA :    1.1644
core.pack.task: (0) Packer task: initialize from command line() 
core.pack.pack_rotamers: (0) built 1 rotamers at 1 positions.
core.pack.interaction_graph.interaction_graph_factory: (0) Instantiating PDInteractionGraph
protocols.simple_filters.DdGScan: (0) 
-------------------------------------------------------------------
 Scores                       Bound      Unbound      Wghtd.Delta
-------------------------------------------------------------------
 fa_atr                   -3279.123    -3082.749     -196.374
 fa_rep                     771.686      637.534      134.152
 fa_sol                    2145.900     2058.418       87.482
 fa_intra_rep                 8.326        8.326        0.000
 fa_intra_sol_xover4        131.607      131.607        0.000
 lk_ball_wtd                -62.913      -61.758       -1.155
 fa_elec                   -899.635     -842.821      -56.814
 hbond_sr_bb               -139.013     -139.013        0.000
 hbond_lr_bb               -210.267     -194.262      -16.006
 hbond_bb_sc                -82.601      -82.601        0.000
 hbond_sc                   -77.891      -72.745       -5.147
 omega                       84.752       84.752        0.000
 fa_dun                    1575.118     1575.118        0.000
 p_aa_pp                    -96.781      -96.781        0.000
 ref                        176.666      176.666        0.000
 rama_prepro                 30.432       30.432        0.000
 total                       76.264      130.125
-------------------------------------------------------------------
Sum ddg: -53.861
protocols.simple_filters.DdGScan: (0) input_dimer_0001 DdGScan binding ddG for mutation LEU447ALA = -53.861
protocols.rosetta_scripts.ParsedProtocol.REPORT: (0)  Residue B152LEU->ALA :    4.3437
core.pack.task: (0) Packer task: initialize from command line() 
core.pack.pack_rotamers: (0) built 1 rotamers at 1 positions.
core.pack.interaction_graph.interaction_graph_factory: (0) Instantiating PDInteractionGraph
protocols.simple_filters.DdGScan: (0) 
-------------------------------------------------------------------
 Scores                       Bound      Unbound      Wghtd.Delta
-------------------------------------------------------------------
 fa_atr                   -3277.807    -3079.016     -198.791
 fa_rep                     772.286      638.041      134.245
 fa_sol                    2130.956     2046.113       84.843
 fa_intra_rep                 8.338        8.338        0.000
 fa_intra_sol_xover4        131.463      131.463        0.000
 lk_ball_wtd                -62.690      -61.634       -1.056
 fa_elec                   -891.334     -833.956      -57.378
 hbond_sr_bb               -139.013     -139.013        0.000
 hbond_lr_bb               -210.267     -194.262      -16.006
 hbond_bb_sc                -81.928      -81.928        0.000
 hbond_sc                   -77.891      -72.745       -5.147
 omega                       84.752       84.752        0.000
 fa_dun                    1572.473     1572.473        0.000
 p_aa_pp                    -96.290      -96.290        0.000
 ref                        179.042      179.042        0.000
 rama_prepro                 31.452       31.452        0.000
 total                       73.541      132.830
-------------------------------------------------------------------
Sum ddg: -59.2888
protocols.simple_filters.DdGScan: (0) input_dimer_0001 DdGScan binding ddG for mutation LYS448ALA = -59.2888
protocols.rosetta_scripts.ParsedProtocol.REPORT: (0)  Residue B153LYS->ALA :   -1.0841
core.pack.task: (0) Packer task: initialize from command line() 
core.pack.pack_rotamers: (0) built 1 rotamers at 1 positions.
core.pack.interaction_graph.interaction_graph_factory: (0) Instantiating PDInteractionGraph
protocols.simple_filters.DdGScan: (0) 
-------------------------------------------------------------------
 Scores                       Bound      Unbound      Wghtd.Delta
-------------------------------------------------------------------
 fa_atr                   -3286.198    -3087.457     -198.741
 fa_rep                     772.957      638.846      134.111
 fa_sol                    2140.693     2057.789       82.904
 fa_intra_rep                 8.352        8.352        0.000
 fa_intra_sol_xover4        131.711      131.711        0.000
 lk_ball_wtd                -63.055      -61.764       -1.291
 fa_elec                   -900.030     -842.991      -57.039
 hbond_sr_bb               -139.013     -139.013        0.000
 hbond_lr_bb               -210.267     -194.262      -16.006
 hbond_bb_sc                -82.601      -82.601        0.000
 hbond_sc                   -77.891      -72.745       -5.147
 omega                       84.752       84.752        0.000
 fa_dun                    1574.580     1574.580        0.000
 p_aa_pp                    -96.019      -96.019        0.000
 ref                        178.617      178.617        0.000
 rama_prepro                 31.098       31.098        0.000
 total                       67.686      128.894
-------------------------------------------------------------------
Sum ddg: -61.2079
protocols.simple_filters.DdGScan: (0) input_dimer_0001 DdGScan binding ddG for mutation SER449ALA = -61.2079
protocols.rosetta_scripts.ParsedProtocol.REPORT: (0)  Residue B154SER->ALA :   -3.0032
core.pack.task: (0) Packer task: initialize from command line() 
core.pack.pack_rotamers: (0) built 1 rotamers at 1 positions.
core.pack.interaction_graph.interaction_graph_factory: (0) Instantiating PDInteractionGraph
protocols.simple_filters.DdGScan: (0) 
-------------------------------------------------------------------
 Scores                       Bound      Unbound      Wghtd.Delta
-------------------------------------------------------------------
 fa_atr                   -3284.324    -3086.241     -198.084
 fa_rep                     772.426      638.703      133.723
 fa_sol                    2142.405     2056.424       85.981
 fa_intra_rep                 8.345        8.345        0.000
 fa_intra_sol_xover4        131.700      131.700        0.000
 lk_ball_wtd                -62.845      -61.882       -0.963
 fa_elec                   -899.077     -842.321      -56.757
 hbond_sr_bb               -139.013     -139.013        0.000
 hbond_lr_bb               -210.267     -194.262      -16.006
 hbond_bb_sc                -82.601      -82.601        0.000
 hbond_sc                   -77.515      -72.368       -5.147
 omega                       84.752       84.752        0.000
 fa_dun                    1576.840     1576.840        0.000
 p_aa_pp                    -96.533      -96.533        0.000
 ref                        177.176      177.176        0.000
 rama_prepro                 31.131       31.131        0.000
 total                       72.598      129.850
-------------------------------------------------------------------
Sum ddg: -57.2518
protocols.simple_filters.DdGScan: (0) input_dimer_0001 DdGScan binding ddG for mutation THR450ALA = -57.2518
protocols.rosetta_scripts.ParsedProtocol.REPORT: (0)  Residue B155THR->ALA :    0.9529
core.pack.task: (0) Packer task: initialize from command line() 
core.pack.pack_rotamers: (0) built 1 rotamers at 1 positions.
core.pack.interaction_graph.interaction_graph_factory: (0) Instantiating PDInteractionGraph
protocols.simple_filters.DdGScan: (0) 
-------------------------------------------------------------------
 Scores                       Bound      Unbound      Wghtd.Delta
-------------------------------------------------------------------
 fa_atr                   -3284.943    -3085.770     -199.174
 fa_rep                     772.989      638.840      134.148
 fa_sol                    2141.095     2055.414       85.681
 fa_intra_rep                 8.327        8.327        0.000
 fa_intra_sol_xover4        131.381      131.381        0.000
 lk_ball_wtd                -62.040      -61.123       -0.917
 fa_elec                   -899.536     -842.784      -56.752
 hbond_sr_bb               -139.013     -139.013        0.000
 hbond_lr_bb               -210.267     -194.262      -16.006
 hbond_bb_sc                -82.601      -82.601        0.000
 hbond_sc                   -77.891      -72.745       -5.147
 omega                       84.752       84.752        0.000
 fa_dun                    1568.109     1568.109        0.000
 p_aa_pp                    -95.211      -95.211        0.000
 ref                        179.668      179.668        0.000
 rama_prepro                 31.763       31.763        0.000
 total                       66.580      124.746
-------------------------------------------------------------------
Sum ddg: -58.1658
protocols.simple_filters.DdGScan: (0) input_dimer_0001 DdGScan binding ddG for mutation ASN451ALA = -58.1658
protocols.rosetta_scripts.ParsedProtocol.REPORT: (0)  Residue B156ASN->ALA :    0.0389
core.pack.task: (0) Packer task: initialize from command line() 
core.pack.pack_rotamers: (0) built 1 rotamers at 1 positions.
core.pack.interaction_graph.interaction_graph_factory: (0) Instantiating PDInteractionGraph
protocols.simple_filters.DdGScan: (0) 
-------------------------------------------------------------------
 Scores                       Bound      Unbound      Wghtd.Delta
-------------------------------------------------------------------
 fa_atr                   -3285.917    -3086.093     -199.824
 fa_rep                     773.092      638.819      134.273
 fa_sol                    2140.786     2054.332       86.454
 fa_intra_rep                 8.350        8.350        0.000
 fa_intra_sol_xover4        131.298      131.298        0.000
 lk_ball_wtd                -63.381      -62.233       -1.148
 fa_elec                   -897.310     -841.045      -56.265
 hbond_sr_bb               -139.013     -139.013        0.000
 hbond_lr_bb               -210.267     -194.262      -16.006
 hbond_bb_sc                -82.601      -82.601        0.000
 hbond_sc                   -77.515      -72.368       -5.147
 omega                       84.752       84.752        0.000
 fa_dun                    1574.377     1574.377        0.000
 p_aa_pp                    -95.534      -95.534        0.000
 ref                        180.473      180.473        0.000
 rama_prepro                 31.956       31.956        0.000
 total                       73.548      131.210
-------------------------------------------------------------------
Sum ddg: -57.6619
protocols.simple_filters.DdGScan: (0) input_dimer_0001 DdGScan binding ddG for mutation ASP470ALA = -57.6619
protocols.rosetta_scripts.ParsedProtocol.REPORT: (0)  Residue B175ASP->ALA :    0.5428
core.pack.task: (0) Packer task: initialize from command line() 
core.pack.pack_rotamers: (0) built 1 rotamers at 1 positions.
core.pack.interaction_graph.interaction_graph_factory: (0) Instantiating PDInteractionGraph
protocols.simple_filters.DdGScan: (0) 
-------------------------------------------------------------------
 Scores                       Bound      Unbound      Wghtd.Delta
-------------------------------------------------------------------
 fa_atr                   -3279.828    -3081.665     -198.163
 fa_rep                     772.154      638.391      133.763
 fa_sol                    2147.481     2060.305       87.176
 fa_intra_rep                 8.329        8.329        0.000
 fa_intra_sol_xover4        131.687      131.687        0.000
 lk_ball_wtd                -63.099      -61.817       -1.283
 fa_elec                   -899.646     -842.690      -56.956
 hbond_sr_bb               -139.013     -139.013        0.000
 hbond_lr_bb               -210.267     -194.262      -16.006
 hbond_bb_sc                -82.601      -82.601        0.000
 hbond_sc                   -77.891      -72.745       -5.147
 omega                       84.740       84.740        0.000
 fa_dun                    1575.348     1575.348        0.000
 p_aa_pp                    -96.105      -96.105        0.000
 ref                        176.024      176.024        0.000
 rama_prepro                 30.956       30.956        0.000
 total                       78.266      134.881
-------------------------------------------------------------------
Sum ddg: -56.6151
protocols.simple_filters.DdGScan: (0) input_dimer_0001 DdGScan binding ddG for mutation ILE472ALA = -56.6151
protocols.rosetta_scripts.ParsedProtocol.REPORT: (0)  Residue B177ILE->ALA :    1.5896
core.pack.task: (0) Packer task: initialize from command line() 
core.pack.pack_rotamers: (0) built 1 rotamers at 1 positions.
core.pack.interaction_graph.interaction_graph_factory: (0) Instantiating PDInteractionGraph
protocols.simple_filters.DdGScan: (0) 
-------------------------------------------------------------------
 Scores                       Bound      Unbound      Wghtd.Delta
-------------------------------------------------------------------
 fa_atr                   -3286.342    -3086.678     -199.664
 fa_rep                     773.151      638.878      134.273
 fa_sol                    2140.384     2054.029       86.355
 fa_intra_rep                 8.353        8.353        0.000
 fa_intra_sol_xover4        131.712      131.712        0.000
 lk_ball_wtd                -63.128      -61.845       -1.283
 fa_elec                   -898.965     -842.050      -56.915
 hbond_sr_bb               -139.013     -139.013        0.000
 hbond_lr_bb               -210.267     -194.262      -16.006
 hbond_bb_sc                -82.601      -82.601        0.000
 hbond_sc                   -77.891      -72.745       -5.147
 omega                       84.752       84.752        0.000
 fa_dun                    1576.150     1576.150        0.000
 p_aa_pp                    -96.411      -96.411        0.000
 ref                        178.617      178.617        0.000
 rama_prepro                 31.181       31.181        0.000
 total                       69.682      128.068
-------------------------------------------------------------------
Sum ddg: -58.3859
protocols.simple_filters.DdGScan: (0) input_dimer_0001 DdGScan binding ddG for mutation SER474ALA = -58.3859
protocols.rosetta_scripts.ParsedProtocol.REPORT: (0)  Residue B179SER->ALA :   -0.1812
core.pack.task: (0) Packer task: initialize from command line() 
core.pack.pack_rotamers: (0) built 1 rotamers at 1 positions.
core.pack.interaction_graph.interaction_graph_factory: (0) Instantiating PDInteractionGraph
protocols.simple_filters.DdGScan: (0) 
-------------------------------------------------------------------
 Scores                       Bound      Unbound      Wghtd.Delta
-------------------------------------------------------------------
 fa_atr                   -3281.895    -3082.322     -199.573
 fa_rep                     772.665      638.391      134.273
 fa_sol                    2139.575     2052.939       86.636
 fa_intra_rep                 8.343        8.343        0.000
 fa_intra_sol_xover4        131.412      131.412        0.000
 lk_ball_wtd                -63.024      -61.901       -1.123
 fa_elec                   -896.067     -839.034      -57.033
 hbond_sr_bb               -139.013     -139.013        0.000
 hbond_lr_bb               -210.267     -194.262      -16.006
 hbond_bb_sc                -82.601      -82.601        0.000
 hbond_sc                   -75.067      -69.920       -5.147
 omega                       84.752       84.752        0.000
 fa_dun                    1571.879     1571.879        0.000
 p_aa_pp                    -96.423      -96.423        0.000
 ref                        178.422      178.422        0.000
 rama_prepro                 31.069       31.069        0.000
 total                       73.760      131.733
-------------------------------------------------------------------
Sum ddg: -57.9728
protocols.simple_filters.DdGScan: (0) input_dimer_0001 DdGScan binding ddG for mutation ARG507ALA = -57.9728
protocols.rosetta_scripts.ParsedProtocol.REPORT: (0)  Residue B212ARG->ALA :    0.2319
core.pack.task: (0) Packer task: initialize from command line() 
core.pack.pack_rotamers: (0) built 1 rotamers at 1 positions.
core.pack.interaction_graph.interaction_graph_factory: (0) Instantiating PDInteractionGraph
protocols.simple_filters.DdGScan: (0) 
-------------------------------------------------------------------
 Scores                       Bound      Unbound      Wghtd.Delta
-------------------------------------------------------------------
 fa_atr                   -3282.171    -3083.624     -198.547
 fa_rep                     772.532      638.295      134.237
 fa_sol                    2146.548     2059.404       87.144
 fa_intra_rep                 8.322        8.322        0.000
 fa_intra_sol_xover4        131.666      131.666        0.000
 lk_ball_wtd                -62.635      -61.401       -1.235
 fa_elec                   -899.812     -842.829      -56.983
 hbond_sr_bb               -139.013     -139.013        0.000
 hbond_lr_bb               -210.267     -194.262      -16.006
 hbond_bb_sc                -82.601      -82.601        0.000
 hbond_sc                   -77.891      -72.745       -5.147
 omega                       84.752       84.752        0.000
 fa_dun                    1568.841     1568.841        0.000
 p_aa_pp                    -96.161      -96.161        0.000
 ref                        176.666      176.666        0.000
 rama_prepro                 31.075       31.075        0.000
 total                       69.851      126.387
-------------------------------------------------------------------
Sum ddg: -56.5359
protocols.simple_filters.DdGScan: (0) input_dimer_0001 DdGScan binding ddG for mutation LEU511ALA = -56.5359
protocols.rosetta_scripts.ParsedProtocol.REPORT: (0)  Residue B216LEU->ALA :    1.6688
core.pack.task: (0) Packer task: initialize from command line() 
core.pack.pack_rotamers: (0) built 1 rotamers at 1 positions.
core.pack.interaction_graph.interaction_graph_factory: (0) Instantiating PDInteractionGraph
protocols.simple_filters.DdGScan: (0) 
-------------------------------------------------------------------
 Scores                       Bound      Unbound      Wghtd.Delta
-------------------------------------------------------------------
 fa_atr                   -3283.672    -3085.240     -198.432
 fa_rep                     770.116      635.879      134.237
 fa_sol                    2136.015     2052.638       83.377
 fa_intra_rep                 8.341        8.341        0.000
 fa_intra_sol_xover4        131.505      131.505        0.000
 lk_ball_wtd                -63.940      -62.242       -1.698
 fa_elec                   -890.553     -837.302      -53.251
 hbond_sr_bb               -139.013     -139.013        0.000
 hbond_lr_bb               -210.267     -194.262      -16.006
 hbond_bb_sc                -82.601      -82.601        0.000
 hbond_sc                   -77.443      -72.302       -5.142
 omega                       84.752       84.752        0.000
 fa_dun                    1572.907     1572.907        0.000
 p_aa_pp                    -96.611      -96.611        0.000
 ref                        179.042      179.042        0.000
 rama_prepro                 30.954       30.954        0.000
 total                       69.533      126.447
-------------------------------------------------------------------
Sum ddg: -56.914
protocols.simple_filters.DdGScan: (0) input_dimer_0001 DdGScan binding ddG for mutation LYS512ALA = -56.914
protocols.rosetta_scripts.ParsedProtocol.REPORT: (0)  Residue B217LYS->ALA :    1.2907
core.pack.task: (0) Packer task: initialize from command line() 
core.pack.pack_rotamers: (0) built 1 rotamers at 1 positions.
core.pack.interaction_graph.interaction_graph_factory: (0) Instantiating PDInteractionGraph
protocols.simple_filters.DdGScan: (0) 
-------------------------------------------------------------------
 Scores                       Bound      Unbound      Wghtd.Delta
-------------------------------------------------------------------
 fa_atr                   -3277.930    -3079.078     -198.851
 fa_rep                     772.551      638.478      134.072
 fa_sol                    2145.182     2058.282       86.900
 fa_intra_rep                 8.331        8.331        0.000
 fa_intra_sol_xover4        131.473      131.473        0.000
 lk_ball_wtd                -62.840      -61.600       -1.240
 fa_elec                   -899.439     -842.466      -56.973
 hbond_sr_bb               -139.013     -139.013        0.000
 hbond_lr_bb               -210.267     -194.262      -16.006
 hbond_bb_sc                -82.601      -82.601        0.000
 hbond_sc                   -77.891      -72.745       -5.147
 omega                       84.752       84.752        0.000
 fa_dun                    1575.290     1575.290        0.000
 p_aa_pp                    -96.321      -96.321        0.000
 ref                        177.109      177.109        0.000
 rama_prepro                 30.960       30.960        0.000
 total                       79.348      136.593
-------------------------------------------------------------------
Sum ddg: -57.245
protocols.simple_filters.DdGScan: (0) input_dimer_0001 DdGScan binding ddG for mutation PHE514ALA = -57.245
protocols.rosetta_scripts.ParsedProtocol.REPORT: (0)  Residue B219PHE->ALA :    0.9597
core.pack.task: (0) Packer task: initialize from command line() 
core.pack.pack_rotamers: (0) built 1 rotamers at 1 positions.
core.pack.interaction_graph.interaction_graph_factory: (0) Instantiating DensePDInteractionGraph
protocols.simple_filters.DdGScan: (0) 
-------------------------------------------------------------------
 Scores                       Bound      Unbound      Wghtd.Delta
-------------------------------------------------------------------
 fa_atr                   -3287.530    -3087.674     -199.855
 fa_rep                     773.119      638.846      134.273
 fa_sol                    2145.380     2058.669       86.711
 fa_intra_rep                 8.353        8.353        0.000
 fa_intra_sol_xover4        131.759      131.759        0.000
 lk_ball_wtd                -63.146      -61.911       -1.235
 fa_elec                   -899.655     -842.708      -56.947
 hbond_sr_bb               -139.013     -139.013        0.000
 hbond_lr_bb               -210.267     -194.262      -16.006
 hbond_bb_sc                -82.601      -82.601        0.000
 hbond_sc                   -77.891      -72.745       -5.147
 omega                       84.752       84.752        0.000
 fa_dun                    1576.900     1576.900        0.000
 p_aa_pp                    -96.497      -96.497        0.000
 ref                        177.003      177.003        0.000
 rama_prepro                 30.879       30.879        0.000
 total                       71.545      129.750
-------------------------------------------------------------------
Sum ddg: -58.2047
protocols.simple_filters.DdGScan: (0) input_dimer_0001 DdGScan binding ddG for mutation ALA515ALA = -58.2047
protocols.rosetta_scripts.ParsedProtocol.REPORT: (0)  Residue B220ALA->ALA :    0.0000
core.pack.task: (0) Packer task: initialize from command line() 
core.pack.pack_rotamers: (0) built 1 rotamers at 1 positions.
core.pack.interaction_graph.interaction_graph_factory: (0) Instantiating PDInteractionGraph
protocols.simple_filters.DdGScan: (0) 
-------------------------------------------------------------------
 Scores                       Bound      Unbound      Wghtd.Delta
-------------------------------------------------------------------
 fa_atr                   -3283.717    -3084.765     -198.951
 fa_rep                     770.106      635.832      134.273
 fa_sol                    2137.907     2052.197       85.710
 fa_intra_rep                 8.350        8.350        0.000
 fa_intra_sol_xover4        131.530      131.530        0.000
 lk_ball_wtd                -63.234      -62.216       -1.018
 fa_elec                   -894.516     -837.804      -56.711
 hbond_sr_bb               -139.013     -139.013        0.000
 hbond_lr_bb               -210.267     -194.262      -16.006
 hbond_bb_sc                -82.601      -82.601        0.000
 hbond_sc                   -77.448      -72.302       -5.147
 omega                       84.752       84.752        0.000
 fa_dun                    1574.150     1574.150        0.000
 p_aa_pp                    -95.918      -95.918        0.000
 ref                        181.052      181.052        0.000
 rama_prepro                 31.262       31.262        0.000
 total                       72.396      130.245
-------------------------------------------------------------------
Sum ddg: -57.849
protocols.simple_filters.DdGScan: (0) input_dimer_0001 DdGScan binding ddG for mutation GLU516ALA = -57.849
protocols.rosetta_scripts.ParsedProtocol.REPORT: (0)  Residue B221GLU->ALA :    0.3557
core.pack.task: (0) Packer task: initialize from command line() 
core.pack.pack_rotamers: (0) built 1 rotamers at 1 positions.
core.pack.interaction_graph.interaction_graph_factory: (0) Instantiating PDInteractionGraph
protocols.simple_filters.DdGScan: (0) 
-------------------------------------------------------------------
 Scores                       Bound      Unbound      Wghtd.Delta
-------------------------------------------------------------------
 fa_atr                   -3277.385    -3080.666     -196.718
 fa_rep                     771.846      637.667      134.179
 fa_sol                    2142.676     2057.906       84.770
 fa_intra_rep                 8.329        8.329        0.000
 fa_intra_sol_xover4        131.533      131.533        0.000
 lk_ball_wtd                -62.930      -61.660       -1.270
 fa_elec                   -897.548     -842.614      -54.934
 hbond_sr_bb               -139.013     -139.013        0.000
 hbond_lr_bb               -210.267     -194.262      -16.006
 hbond_bb_sc                -82.601      -82.601        0.000
 hbond_sc                   -76.417      -72.745       -3.672
 omega                       84.752       84.752        0.000
 fa_dun                    1572.912     1572.912        0.000
 p_aa_pp                    -95.802      -95.802        0.000
 ref                        177.745      177.745        0.000
 rama_prepro                 31.553       31.553        0.000
 total                       79.385      133.035
-------------------------------------------------------------------
Sum ddg: -53.6503
protocols.simple_filters.DdGScan: (0) input_dimer_0001 DdGScan binding ddG for mutation TYR552ALA = -53.6503
protocols.rosetta_scripts.ParsedProtocol.REPORT: (0)  Residue B257TYR->ALA :    4.5544
core.pack.task: (0) Packer task: initialize from command line() 
core.pack.pack_rotamers: (0) built 1 rotamers at 1 positions.
core.pack.interaction_graph.interaction_graph_factory: (0) Instantiating PDInteractionGraph
protocols.simple_filters.DdGScan: (0) 
-------------------------------------------------------------------
 Scores                       Bound      Unbound      Wghtd.Delta
-------------------------------------------------------------------
 fa_atr                   -3280.492    -3082.652     -197.840
 fa_rep                     772.364      638.341      134.023
 fa_sol                    2146.412     2058.427       87.985
 fa_intra_rep                 8.310        8.310        0.000
 fa_intra_sol_xover4        131.672      131.672        0.000
 lk_ball_wtd                -62.829      -61.637       -1.192
 fa_elec                   -899.727     -842.754      -56.973
 hbond_sr_bb               -139.013     -139.013        0.000
 hbond_lr_bb               -210.267     -194.262      -16.006
 hbond_bb_sc                -82.601      -82.601        0.000
 hbond_sc                   -77.891      -72.745       -5.147
 omega                       84.720       84.720        0.000
 fa_dun                    1576.497     1576.497        0.000
 p_aa_pp                    -95.252      -95.252        0.000
 ref                        176.024      176.024        0.000
 rama_prepro                 32.303       32.303        0.000
 total                       80.230      135.378
-------------------------------------------------------------------
Sum ddg: -55.1487
protocols.simple_filters.DdGScan: (0) input_dimer_0001 DdGScan binding ddG for mutation ILE555ALA = -55.1487
protocols.rosetta_scripts.ParsedProtocol.REPORT: (0)  Residue B260ILE->ALA :    3.0560
core.pack.task: (0) Packer task: initialize from command line() 
core.pack.pack_rotamers: (0) built 1 rotamers at 1 positions.
core.pack.interaction_graph.interaction_graph_factory: (0) Instantiating PDInteractionGraph
protocols.simple_filters.DdGScan: (0) 
-------------------------------------------------------------------
 Scores                       Bound      Unbound      Wghtd.Delta
-------------------------------------------------------------------
 fa_atr                   -3280.541    -3083.347     -197.194
 fa_rep                     772.892      638.631      134.261
 fa_sol                    2145.329     2057.870       87.459
 fa_intra_rep                 8.319        8.319        0.000
 fa_intra_sol_xover4        131.658      131.658        0.000
 lk_ball_wtd                -63.011      -61.828       -1.183
 fa_elec                   -899.683     -842.655      -57.028
 hbond_sr_bb               -139.013     -139.013        0.000
 hbond_lr_bb               -210.267     -194.262      -16.006
 hbond_bb_sc                -82.601      -82.601        0.000
 hbond_sc                   -77.891      -72.745       -5.147
 omega                       84.752       84.752        0.000
 fa_dun                    1576.392     1576.392        0.000
 p_aa_pp                    -96.002      -96.002        0.000
 ref                        176.666      176.666        0.000
 rama_prepro                 31.282       31.282        0.000
 total                       78.281      133.118
-------------------------------------------------------------------
Sum ddg: -54.8375
protocols.simple_filters.DdGScan: (0) input_dimer_0001 DdGScan binding ddG for mutation LEU557ALA = -54.8375
protocols.rosetta_scripts.ParsedProtocol.REPORT: (0)  Residue B262LEU->ALA :    3.3672
core.pack.task: (0) Packer task: initialize from command line() 
core.pack.pack_rotamers: (0) built 1 rotamers at 1 positions.
core.pack.interaction_graph.interaction_graph_factory: (0) Instantiating PDInteractionGraph
protocols.simple_filters.DdGScan: (0) 
-------------------------------------------------------------------
 Scores                       Bound      Unbound      Wghtd.Delta
-------------------------------------------------------------------
 fa_atr                   -3279.896    -3082.255     -197.641
 fa_rep                     772.600      638.525      134.075
 fa_sol                    2143.268     2056.383       86.885
 fa_intra_rep                 8.333        8.333        0.000
 fa_intra_sol_xover4        131.316      131.316        0.000
 lk_ball_wtd                -62.889      -61.987       -0.902
 fa_elec                   -899.323     -842.267      -57.056
 hbond_sr_bb               -139.013     -139.013        0.000
 hbond_lr_bb               -210.267     -194.262      -16.006
 hbond_bb_sc                -82.601      -82.601        0.000
 hbond_sc                   -77.891      -72.745       -5.147
 omega                       84.752       84.752        0.000
 fa_dun                    1575.601     1575.601        0.000
 p_aa_pp                    -96.629      -96.629        0.000
 ref                        176.067      176.067        0.000
 rama_prepro                 30.811       30.811        0.000
 total                       74.238      130.029
-------------------------------------------------------------------
Sum ddg: -55.7914
protocols.simple_filters.DdGScan: (0) input_dimer_0001 DdGScan binding ddG for mutation TRP559ALA = -55.7914
protocols.rosetta_scripts.ParsedProtocol.REPORT: (0)  Residue B264TRP->ALA :    2.4133
core.pack.task: (0) Packer task: initialize from command line() 
core.pack.pack_rotamers: (0) built 1 rotamers at 1 positions.
core.pack.interaction_graph.interaction_graph_factory: (0) Instantiating PDInteractionGraph
protocols.simple_filters.DdGScan: (0) 
-------------------------------------------------------------------
 Scores                       Bound      Unbound      Wghtd.Delta
-------------------------------------------------------------------
 fa_atr                   -3282.003    -3084.067     -197.936
 fa_rep                     771.904      637.676      134.228
 fa_sol                    2140.528     2054.332       86.196
 fa_intra_rep                 8.348        8.348        0.000
 fa_intra_sol_xover4        131.165      131.165        0.000
 lk_ball_wtd                -62.790      -61.830       -0.960
 fa_elec                   -900.420     -843.578      -56.842
 hbond_sr_bb               -139.013     -139.013        0.000
 hbond_lr_bb               -210.267     -194.262      -16.006
 hbond_bb_sc                -82.601      -82.601        0.000
 hbond_sc                   -77.891      -72.745       -5.147
 omega                       84.752       84.752        0.000
 fa_dun                    1573.529     1573.529        0.000
 p_aa_pp                    -95.800      -95.800        0.000
 ref                        178.628      178.628        0.000
 rama_prepro                 31.517       31.517        0.000
 total                       69.587      126.053
-------------------------------------------------------------------
Sum ddg: -56.4659
protocols.simple_filters.DdGScan: (0) input_dimer_0001 DdGScan binding ddG for mutation HIS560ALA = -56.4659
protocols.rosetta_scripts.ParsedProtocol.REPORT: (0)  Residue B265HIS->ALA :    1.7388
core.pack.task: (0) Packer task: initialize from command line() 
core.pack.pack_rotamers: (0) built 1 rotamers at 1 positions.
core.pack.interaction_graph.interaction_graph_factory: (0) Instantiating PDInteractionGraph
protocols.simple_filters.DdGScan: (0) 
-------------------------------------------------------------------
 Scores                       Bound      Unbound      Wghtd.Delta
-------------------------------------------------------------------
 fa_atr                   -3282.337    -3085.410     -196.927
 fa_rep                     771.599      637.427      134.173
 fa_sol                    2144.538     2057.258       87.281
 fa_intra_rep                 8.298        8.298        0.000
 fa_intra_sol_xover4        131.703      131.703        0.000
 lk_ball_wtd                -62.803      -61.843       -0.960
 fa_elec                   -899.718     -842.720      -56.998
 hbond_sr_bb               -139.013     -139.013        0.000
 hbond_lr_bb               -210.267     -194.262      -16.006
 hbond_bb_sc                -82.601      -82.601        0.000
 hbond_sc                   -77.891      -72.745       -5.147
 omega                       84.752       84.752        0.000
 fa_dun                    1558.347     1558.347        0.000
 p_aa_pp                    -96.329      -96.329        0.000
 ref                        176.666      176.666        0.000
 rama_prepro                 30.767       30.767        0.000
 total                       55.712      110.296
-------------------------------------------------------------------
Sum ddg: -54.5838
protocols.simple_filters.DdGScan: (0) input_dimer_0001 DdGScan binding ddG for mutation LEU563ALA = -54.5838
protocols.rosetta_scripts.ParsedProtocol.REPORT: (0)  Residue B268LEU->ALA :    3.6208
core.pack.task: (0) Packer task: initialize from command line() 
core.pack.pack_rotamers: (0) built 1 rotamers at 1 positions.
core.pack.interaction_graph.interaction_graph_factory: (0) Instantiating PDInteractionGraph
protocols.simple_filters.DdGScan: (0) 
-------------------------------------------------------------------
 Scores                       Bound      Unbound      Wghtd.Delta
-------------------------------------------------------------------
 fa_atr                   -3285.571    -3085.715     -199.856
 fa_rep                     773.077      638.803      134.273
 fa_sol                    2142.688     2055.985       86.704
 fa_intra_rep                 8.345        8.345        0.000
 fa_intra_sol_xover4        131.170      131.170        0.000
 lk_ball_wtd                -63.055      -61.821       -1.235
 fa_elec                   -898.661     -841.703      -56.957
 hbond_sr_bb               -139.013     -139.013        0.000
 hbond_lr_bb               -210.267     -194.262      -16.006
 hbond_bb_sc                -82.601      -82.601        0.000
 hbond_sc                   -77.891      -72.745       -5.147
 omega                       84.752       84.752        0.000
 fa_dun                    1573.238     1573.238        0.000
 p_aa_pp                    -96.186      -96.186        0.000
 ref                        179.779      179.779        0.000
 rama_prepro                 31.411       31.411        0.000
 total                       71.215      129.438
-------------------------------------------------------------------
Sum ddg: -58.2232
protocols.simple_filters.DdGScan: (0) input_dimer_0001 DdGScan binding ddG for mutation GLN564ALA = -58.2232
protocols.rosetta_scripts.ParsedProtocol.REPORT: (0)  Residue B269GLN->ALA :   -0.0185
core.pack.task: (0) Packer task: initialize from command line() 
core.pack.pack_rotamers: (0) built 1 rotamers at 1 positions.
core.pack.interaction_graph.interaction_graph_factory: (0) Instantiating PDInteractionGraph
protocols.simple_filters.DdGScan: (0) 
-------------------------------------------------------------------
 Scores                       Bound      Unbound      Wghtd.Delta
-------------------------------------------------------------------
 fa_atr                   -3280.687    -3081.815     -198.872
 fa_rep                     774.294      638.770      135.524
 fa_sol                    2136.577     2051.525       85.052
 fa_intra_rep                 8.346        8.346        0.000
 fa_intra_sol_xover4        130.861      130.861        0.000
 lk_ball_wtd                -64.027      -62.878       -1.150
 fa_elec                   -895.676     -839.546      -56.130
 hbond_sr_bb               -139.013     -139.013        0.000
 hbond_lr_bb               -210.267     -194.262      -16.006
 hbond_bb_sc                -76.089      -76.089        0.000
 hbond_sc                   -77.891      -72.745       -5.147
 omega                       84.752       84.752        0.000
 fa_dun                    1574.048     1574.048        0.000
 p_aa_pp                    -95.629      -95.629        0.000
 ref                        179.668      179.668        0.000
 rama_prepro                 31.681       31.681        0.000
 total                       80.947      137.675
-------------------------------------------------------------------
Sum ddg: -56.7283
protocols.simple_filters.DdGScan: (0) input_dimer_0001 DdGScan binding ddG for mutation ASN565ALA = -56.7283
protocols.rosetta_scripts.ParsedProtocol.REPORT: (0)  Residue B270ASN->ALA :    1.4764
core.pack.task: (0) Packer task: initialize from command line() 
core.pack.pack_rotamers: (0) built 1 rotamers at 1 positions.
core.pack.interaction_graph.interaction_graph_factory: (0) Instantiating PDInteractionGraph
protocols.simple_filters.DdGScan: (0) 
-------------------------------------------------------------------
 Scores                       Bound      Unbound      Wghtd.Delta
-------------------------------------------------------------------
 fa_atr                   -3286.031    -3086.183     -199.847
 fa_rep                     773.046      638.772      134.273
 fa_sol                    2142.681     2055.987       86.695
 fa_intra_rep                 8.349        8.349        0.000
 fa_intra_sol_xover4        131.440      131.440        0.000
 lk_ball_wtd                -62.664      -61.447       -1.217
 fa_elec                   -899.467     -842.447      -57.021
 hbond_sr_bb               -139.013     -139.013        0.000
 hbond_lr_bb               -210.267     -194.262      -16.006
 hbond_bb_sc                -82.601      -82.601        0.000
 hbond_sc                   -77.891      -72.745       -5.147
 omega                       84.752       84.752        0.000
 fa_dun                    1574.124     1574.124        0.000
 p_aa_pp                    -95.628      -95.628        0.000
 ref                        179.668      179.668        0.000
 rama_prepro                 31.484       31.484        0.000
 total                       71.981      130.250
-------------------------------------------------------------------
Sum ddg: -58.2694
protocols.simple_filters.DdGScan: (0) input_dimer_0001 DdGScan binding ddG for mutation ASN569ALA = -58.2694
protocols.rosetta_scripts.ParsedProtocol.REPORT: (0)  Residue B274ASN->ALA :   -0.0647
core.pack.task: (0) Packer task: initialize from command line() 
core.pack.pack_rotamers: (0) built 1 rotamers at 1 positions.
core.pack.interaction_graph.interaction_graph_factory: (0) Instantiating DensePDInteractionGraph
protocols.simple_filters.DdGScan: (0) 
-------------------------------------------------------------------
 Scores                       Bound      Unbound      Wghtd.Delta
-------------------------------------------------------------------
 fa_atr                   -3287.530    -3087.674     -199.855
 fa_rep                     773.119      638.846      134.273
 fa_sol                    2145.380     2058.669       86.711
 fa_intra_rep                 8.353        8.353        0.000
 fa_intra_sol_xover4        131.759      131.759        0.000
 lk_ball_wtd                -63.146      -61.911       -1.235
 fa_elec                   -899.655     -842.708      -56.947
 hbond_sr_bb               -139.013     -139.013        0.000
 hbond_lr_bb               -210.267     -194.262      -16.006
 hbond_bb_sc                -82.601      -82.601        0.000
 hbond_sc                   -77.891      -72.745       -5.147
 omega                       84.752       84.752        0.000
 fa_dun                    1576.900     1576.900        0.000
 p_aa_pp                    -96.497      -96.497        0.000
 ref                        177.003      177.003        0.000
 rama_prepro                 30.879       30.879        0.000
 total                       71.545      129.750
-------------------------------------------------------------------
Sum ddg: -58.2047
protocols.simple_filters.DdGScan: (0) input_dimer_0001 DdGScan binding ddG for mutation ALA570ALA = -58.2047
protocols.rosetta_scripts.ParsedProtocol.REPORT: (0)  Residue B275ALA->ALA :    0.0000
core.pack.task: (0) Packer task: initialize from command line() 
core.pack.pack_rotamers: (0) built 1 rotamers at 1 positions.
core.pack.interaction_graph.interaction_graph_factory: (0) Instantiating PDInteractionGraph
protocols.simple_filters.DdGScan: (0) 
-------------------------------------------------------------------
 Scores                       Bound      Unbound      Wghtd.Delta
-------------------------------------------------------------------
 fa_atr                   -3284.955    -3086.946     -198.008
 fa_rep                     772.535      638.843      133.692
 fa_sol                    2138.848     2057.266       81.582
 fa_intra_rep                 8.350        8.350        0.000
 fa_intra_sol_xover4        131.512      131.512        0.000
 lk_ball_wtd                -63.479      -61.787       -1.692
 fa_elec                   -895.219     -843.297      -51.922
 hbond_sr_bb               -139.013     -139.013        0.000
 hbond_lr_bb               -210.267     -194.262      -16.006
 hbond_bb_sc                -82.601      -82.601        0.000
 hbond_sc                   -77.891      -72.745       -5.147
 omega                       84.752       84.752        0.000
 fa_dun                    1572.404     1572.404        0.000
 p_aa_pp                    -96.002      -96.002        0.000
 ref                        181.052      181.052        0.000
 rama_prepro                 31.688       31.688        0.000
 total                       71.713      129.214
-------------------------------------------------------------------
Sum ddg: -57.5011
protocols.simple_filters.DdGScan: (0) input_dimer_0001 DdGScan binding ddG for mutation GLU571ALA = -57.5011
protocols.rosetta_scripts.ParsedProtocol.REPORT: (0)  Residue B276GLU->ALA :    0.7036
core.pack.task: (0) Packer task: initialize from command line() 
core.pack.pack_rotamers: (0) built 1 rotamers at 1 positions.
core.pack.interaction_graph.interaction_graph_factory: (0) Instantiating PDInteractionGraph
protocols.simple_filters.DdGScan: (0) 
-------------------------------------------------------------------
 Scores                       Bound      Unbound      Wghtd.Delta
-------------------------------------------------------------------
 fa_atr                   -3281.628    -3086.221     -195.407
 fa_rep                     772.677      638.724      133.953
 fa_sol                    2146.503     2058.532       87.971
 fa_intra_rep                 8.342        8.342        0.000
 fa_intra_sol_xover4        131.716      131.716        0.000
 lk_ball_wtd                -62.838      -61.710       -1.129
 fa_elec                   -899.878     -842.685      -57.193
 hbond_sr_bb               -139.013     -139.013        0.000
 hbond_lr_bb               -210.267     -194.262      -16.006
 hbond_bb_sc                -82.601      -82.601        0.000
 hbond_sc                   -77.891      -72.745       -5.147
 omega                       84.758       84.758        0.000
 fa_dun                    1576.858     1576.858        0.000
 p_aa_pp                    -95.177      -95.177        0.000
 ref                        175.685      175.685        0.000
 rama_prepro                 31.950       31.950        0.000
 total                       79.194      132.151
-------------------------------------------------------------------
Sum ddg: -52.9576
protocols.simple_filters.DdGScan: (0) input_dimer_0001 DdGScan binding ddG for mutation VAL572ALA = -52.9576
protocols.rosetta_scripts.ParsedProtocol.REPORT: (0)  Residue B277VAL->ALA :    5.2471
core.pack.task: (0) Packer task: initialize from command line() 
core.pack.pack_rotamers: (0) built 1 rotamers at 1 positions.
core.pack.interaction_graph.interaction_graph_factory: (0) Instantiating PDInteractionGraph
protocols.simple_filters.DdGScan: (0) 
-------------------------------------------------------------------
 Scores                       Bound      Unbound      Wghtd.Delta
-------------------------------------------------------------------
 fa_atr                   -3278.195    -3079.899     -198.295
 fa_rep                     771.895      638.152      133.744
 fa_sol                    2144.727     2058.118       86.610
 fa_intra_rep                 8.333        8.333        0.000
 fa_intra_sol_xover4        131.564      131.564        0.000
 lk_ball_wtd                -62.704      -61.495       -1.209
 fa_elec                   -899.399     -842.326      -57.073
 hbond_sr_bb               -139.013     -139.013        0.000
 hbond_lr_bb               -210.267     -194.262      -16.006
 hbond_bb_sc                -82.601      -82.601        0.000
 hbond_sc                   -77.891      -72.745       -5.147
 omega                       84.752       84.752        0.000
 fa_dun                    1574.668     1574.668        0.000
 p_aa_pp                    -95.965      -95.965        0.000
 ref                        177.109      177.109        0.000
 rama_prepro                 31.538       31.538        0.000
 total                       78.552      135.928
-------------------------------------------------------------------
Sum ddg: -57.3764
protocols.simple_filters.DdGScan: (0) input_dimer_0001 DdGScan binding ddG for mutation PHE573ALA = -57.3764
protocols.rosetta_scripts.ParsedProtocol.REPORT: (0)  Residue B278PHE->ALA :    0.8283
core.pack.task: (0) Packer task: initialize from command line() 
core.pack.pack_rotamers: (0) built 1 rotamers at 1 positions.
core.pack.interaction_graph.interaction_graph_factory: (0) Instantiating DensePDInteractionGraph
protocols.simple_filters.DdGScan: (0) 
-------------------------------------------------------------------
 Scores                       Bound      Unbound      Wghtd.Delta
-------------------------------------------------------------------
 fa_atr                   -3287.530    -3087.674     -199.855
 fa_rep                     773.119      638.846      134.273
 fa_sol                    2145.380     2058.669       86.711
 fa_intra_rep                 8.353        8.353        0.000
 fa_intra_sol_xover4        131.759      131.759        0.000
 lk_ball_wtd                -63.146      -61.911       -1.235
 fa_elec                   -899.655     -842.708      -56.947
 hbond_sr_bb               -139.013     -139.013        0.000
 hbond_lr_bb               -210.267     -194.262      -16.006
 hbond_bb_sc                -82.601      -82.601        0.000
 hbond_sc                   -77.891      -72.745       -5.147
 omega                       84.752       84.752        0.000
 fa_dun                    1576.900     1576.900        0.000
 p_aa_pp                    -96.497      -96.497        0.000
 ref                        177.003      177.003        0.000
 rama_prepro                 30.879       30.879        0.000
 total                       71.545      129.750
-------------------------------------------------------------------
Sum ddg: -58.2047
protocols.simple_filters.DdGScan: (0) input_dimer_0001 DdGScan binding ddG for mutation ALA574ALA = -58.2047
protocols.rosetta_scripts.ParsedProtocol.REPORT: (0)  Residue B279ALA->ALA :    0.0000
core.pack.task: (0) Packer task: initialize from command line() 
core.pack.pack_rotamers: (0) built 1 rotamers at 1 positions.
core.pack.interaction_graph.interaction_graph_factory: (0) Instantiating PDInteractionGraph
protocols.simple_filters.DdGScan: (0) 
-------------------------------------------------------------------
 Scores                       Bound      Unbound      Wghtd.Delta
-------------------------------------------------------------------
 fa_atr                   -3281.916    -3086.075     -195.842
 fa_rep                     771.377      637.540      133.837
 fa_sol                    2142.165     2058.287       83.878
 fa_intra_rep                 8.352        8.352        0.000
 fa_intra_sol_xover4        131.679      131.679        0.000
 lk_ball_wtd                -62.987      -61.920       -1.067
 fa_elec                   -899.408     -842.419      -56.990
 hbond_sr_bb               -139.013     -139.013        0.000
 hbond_lr_bb               -210.267     -194.262      -16.006
 hbond_bb_sc                -82.601      -82.601        0.000
 hbond_sc                   -77.891      -72.745       -5.147
 omega                       84.781       84.781        0.000
 fa_dun                    1576.068     1576.068        0.000
 p_aa_pp                    -95.780      -95.780        0.000
 ref                        179.971      179.971        0.000
 rama_prepro                 29.169       29.169        0.000
 total                       73.698      131.033
-------------------------------------------------------------------
Sum ddg: -57.3348
protocols.simple_filters.DdGScan: (0) input_dimer_0001 DdGScan binding ddG for mutation PRO575ALA = -57.3348
protocols.rosetta_scripts.ParsedProtocol.REPORT: (0)  Residue B280PRO->ALA :    0.8698
core.pack.task: (0) Packer task: initialize from command line() 
core.pack.pack_rotamers: (0) built 1 rotamers at 1 positions.
core.pack.interaction_graph.interaction_graph_factory: (0) Instantiating PDInteractionGraph
protocols.simple_filters.DdGScan: (0) 
-------------------------------------------------------------------
 Scores                       Bound      Unbound      Wghtd.Delta
-------------------------------------------------------------------
 fa_atr                   -3281.845    -3081.990     -199.855
 fa_rep                     772.962      638.688      134.273
 fa_sol                    2141.068     2054.357       86.711
 fa_intra_rep                 8.343        8.343        0.000
 fa_intra_sol_xover4        131.154      131.154        0.000
 lk_ball_wtd                -62.731      -61.496       -1.235
 fa_elec                   -898.691     -841.744      -56.947
 hbond_sr_bb               -139.013     -139.013        0.000
 hbond_lr_bb               -210.267     -194.262      -16.006
 hbond_bb_sc                -82.601      -82.601        0.000
 hbond_sc                   -77.891      -72.745       -5.147
 omega                       84.752       84.752        0.000
 fa_dun                    1574.059     1574.059        0.000
 p_aa_pp                    -96.225      -96.225        0.000
 ref                        179.779      179.779        0.000
 rama_prepro                 31.421       31.421        0.000
 total                       74.275      132.479
-------------------------------------------------------------------
Sum ddg: -58.2047
protocols.simple_filters.DdGScan: (0) input_dimer_0001 DdGScan binding ddG for mutation GLN576ALA = -58.2047
protocols.rosetta_scripts.ParsedProtocol.REPORT: (0)  Residue B281GLN->ALA :    0.0000
core.pack.task: (0) Packer task: initialize from command line() 
core.pack.pack_rotamers: (0) built 1 rotamers at 1 positions.
core.pack.interaction_graph.interaction_graph_factory: (0) Instantiating PDInteractionGraph
protocols.simple_filters.DdGScan: (0) 
-------------------------------------------------------------------
 Scores                       Bound      Unbound      Wghtd.Delta
-------------------------------------------------------------------
 fa_atr                   -3287.059    -3087.605     -199.454
 fa_rep                     772.735      638.846      133.889
 fa_sol                    2143.467     2058.120       85.347
 fa_intra_rep                 8.353        8.353        0.000
 fa_intra_sol_xover4        131.734      131.734        0.000
 lk_ball_wtd                -63.151      -61.844       -1.307
 fa_elec                   -899.340     -842.450      -56.890
 hbond_sr_bb               -139.013     -139.013        0.000
 hbond_lr_bb               -210.267     -194.262      -16.006
 hbond_bb_sc                -82.601      -82.601        0.000
 hbond_sc                   -76.797      -72.745       -4.052
 omega                       84.752       84.752        0.000
 fa_dun                    1576.393     1576.393        0.000
 p_aa_pp                    -96.784      -96.784        0.000
 ref                        178.617      178.617        0.000
 rama_prepro                 30.752       30.752        0.000
 total                       71.792      130.265
-------------------------------------------------------------------
Sum ddg: -58.4727
protocols.simple_filters.DdGScan: (0) input_dimer_0001 DdGScan binding ddG for mutation SER577ALA = -58.4727
protocols.rosetta_scripts.ParsedProtocol.REPORT: (0)  Residue B282SER->ALA :   -0.2680
protocols.rosetta_scripts.ParsedProtocol.REPORT: (0) 
protocols.rosetta_scripts.ParsedProtocol.REPORT: (0) ============End report for alanine_scan==================
protocols.jd2.JobDistributor: (0) input_dimer_0001 reported success in 19 seconds
protocols.jd2.JobDistributor: (0) no more batches to process... 
protocols.jd2.JobDistributor: (0) 1 jobs considered, 1 jobs attempted in 19 seconds
protocols.jd2.JobDistributor: (0) [ WARNING ] The following options have been set, but have not yet been used:
	-jd2:no_output 

basic.citation_manager.CitationManager: (0) 
The following Rosetta modules were used during this run of Rosetta, and should be cited:

rosetta_scripts Application's citation(s):
Fleishman SJ, Leaver-Fay A, Corn JE, Strauch E-M, Khare SD, Koga N, Ashworth J, Murphy P, Richter F, Lemmon G, Meiler J, and Baker D.  (2011).  RosettaScripts: A Scripting Language Interface to the Rosetta Macromolecular Modeling Suite.  PLoS ONE 6(6):e20161.  doi: 10.1371/journal.pone.0020161.


