protein_id,design_idx,tier,arm,seq_len,nod_pp_hotspot_coverage,burden_all,burden_tier2,wt_hotspot_coverage,nod_hotspot_coverage,d3_hotspot_coverage,delta_hotspot_coverage,nod_n_hotspot_positions,d3_n_hotspot_positions,delta_n_hotspot_positions,nod_mean_hotspot,d3_mean_hotspot,delta_mean_hotspot,nod_max_hotspot,d3_max_hotspot,delta_max_hotspot,nod_global_risk,d3_global_risk,delta_global_risk,nod_n_strong_binders,d3_n_strong_binders,delta_n_strong_binders,nod_strong_per_100aa,d3_strong_per_100aa,delta_strong_per_100aa,nod_mean_best_rank,d3_mean_best_rank,delta_mean_best_rank,nod_scTM,d3_scTM,delta_scTM,nod_pLDDT,d3_pLDDT,delta_pLDDT,nod_bb_RMSD,d3_bb_RMSD,delta_bb_RMSD,nod_recovery,d3_recovery,delta_recovery
1LI1_C,0,1,t060,224,0.3370535714285714,low_or_equal,not_tier2,0.12946428571428573,0.39285714285714285,0.3080357142857143,-0.08482142857142855,88.0,69.0,-19.0,1.144861102104187,0.9399009346961975,-0.2049601674079895,8.822981834411621,6.800646781921387,-2.0223350524902344,-10.277056694030762,-9.790643692016602,0.48641300201416016,17.0,23.0,6.0,7.5892857142857135,10.267857142857142,2.678571428571429,0.806,0.48600000000000004,-0.32,0.95452,0.9269,-0.02762000000000009,77.96796785304248,76.7539524348811,-1.214015418161381,1.39,1.85,0.4600000000000002,0.4955357142857143,0.5178571428571429,0.022321428571428603
1LI1_C,1,1,t060,224,0.3370535714285714,low_or_equal,not_tier2,0.12946428571428573,0.32142857142857145,0.36160714285714285,0.0401785714285714,72.0,81.0,9.0,1.4509886503219604,1.5818454027175903,0.13085675239562988,9.019819259643555,18.1102294921875,9.090410232543945,-7.374013423919678,-1.320375919342041,6.053637504577637,18.0,8.0,-10.0,8.035714285714286,3.571428571428571,-4.464285714285715,0.8220000000000001,0.6619999999999999,-0.16000000000000014,0.93409,0.95452,0.02043000000000006,77.02045866364666,77.00614471452798,-0.01431394911868722,1.6,1.5,-0.10000000000000009,0.5267857142857143,0.4642857142857143,-0.0625
1LI1_C,2,1,t060,224,0.3370535714285714,low_or_equal,not_tier2,0.12946428571428573,0.2544642857142857,0.23214285714285715,-0.022321428571428548,57.0,52.0,-5.0,1.1550848484039307,0.7514547109603882,-0.4036301374435425,9.318769454956055,4.327062606811523,-4.991706848144531,-7.236567974090576,-12.028764724731445,-4.792196750640869,5.0,0.0,-5.0,2.232142857142857,0.0,-2.232142857142857,1.112,4.1,2.9879999999999995,0.94899,0.92762,-0.02137,79.75422559906488,78.46163972286374,-1.2925858762011444,1.55,1.83,0.28,0.5223214285714286,0.5178571428571429,-0.004464285714285698
1LI1_C,3,1,t060,224,0.3370535714285714,low_or_equal,not_tier2,0.12946428571428573,0.26785714285714285,0.4375,0.16964285714285715,60.0,98.0,38.0,0.5710830092430115,1.1330729722976685,0.561989963054657,3.632558822631836,7.144097328186035,3.511538505554199,-12.707160949707031,-8.911916732788086,3.7952442169189453,5.0,8.0,3.0,2.232142857142857,3.571428571428571,1.339285714285714,1.3800000000000001,1.4620000000000002,0.08200000000000007,0.94828,0.95485,0.006569999999999965,78.9426693455798,81.67346109839816,2.7307917528183623,1.48,1.4,-0.08000000000000007,0.5267857142857143,0.45982142857142855,-0.06696428571428575
1LI1_C,4,1,t060,224,0.3370535714285714,low_or_equal,not_tier2,0.12946428571428573,0.33482142857142855,0.16071428571428573,-0.17410714285714282,75.0,36.0,-39.0,0.49276700615882874,0.2045205533504486,-0.2882464528083801,3.9156789779663086,4.170450210571289,0.25477123260498047,-11.580072402954102,-13.813507080078125,-2.2334346771240234,1.0,1.0,0.0,0.4464285714285714,0.4464285714285714,0.0,2.472,2.1160000000000005,-0.35599999999999943,0.92355,0.95292,0.029370000000000007,78.47820023148148,79.63004079254078,1.151840561059302,1.61,1.44,-0.17000000000000015,0.5357142857142857,0.5178571428571429,-0.017857142857142794
1LI1_C,5,1,t060,224,0.3370535714285714,low_or_equal,not_tier2,0.12946428571428573,0.375,0.2857142857142857,-0.0892857142857143,84.0,64.0,-20.0,0.8237055540084839,0.5568971633911133,-0.2668083906173706,4.090328216552734,3.144632339477539,-0.9456958770751953,-11.956912994384766,-12.917476654052734,-0.9605636596679688,22.0,0.0,-22.0,9.821428571428571,0.0,-9.821428571428571,0.392,3.95,3.5580000000000003,0.91387,0.94861,0.03473999999999999,75.50085289066972,79.2658503798948,3.764997489225081,1.72,1.46,-0.26,0.5535714285714286,0.5178571428571429,-0.0357142857142857
1LI1_C,6,1,t060,224,0.3370535714285714,low_or_equal,not_tier2,0.12946428571428573,0.3169642857142857,0.45089285714285715,0.13392857142857145,71.0,101.0,30.0,0.552765429019928,1.344056248664856,0.791290819644928,4.116048812866211,10.223627090454102,6.107578277587891,-12.062710762023926,-5.846144676208496,6.21656608581543,8.0,30.0,22.0,3.571428571428571,13.392857142857142,9.821428571428571,1.05,0.292,-0.758,0.93939,0.92795,-0.011439999999999895,77.84906002265006,75.79590805902384,-2.0531519636262203,1.71,1.78,0.07000000000000006,0.5133928571428571,0.47767857142857145,-0.03571428571428564
1LI1_C,7,1,t060,224,0.3370535714285714,low_or_equal,not_tier2,0.12946428571428573,0.4330357142857143,0.42410714285714285,-0.008928571428571452,97.0,95.0,-2.0,1.6907631158828735,2.0194954872131348,0.32873237133026123,12.952451705932617,9.749323844909668,-3.203127861022949,-5.472250938415527,-8.230984687805176,-2.7587337493896484,19.0,6.0,-13.0,8.482142857142858,2.6785714285714284,-5.803571428571429,0.9019999999999999,1.284,0.3820000000000001,0.90043,0.94215,0.04172000000000009,75.32726635514018,79.9362950058072,4.609028650667014,1.85,1.29,-0.56,0.49107142857142855,0.5357142857142857,0.04464285714285715
4ZIE_A,0,1,t060,147,0.36904761904761907,low_or_equal,not_tier2,0.4013605442176871,0.41496598639455784,0.3129251700680272,-0.10204081632653061,61.0,46.0,-15.0,3.0367839336395264,1.1986044645309448,-1.8381794691085815,13.978622436523438,13.216251373291016,-0.7623710632324219,-1.6469202041625977,1.1324739456176758,2.7793941497802734,50.0,50.0,0.0,34.01360544217687,34.01360544217687,0.0,0.144,0.132,-0.011999999999999983,0.61951,0.64814,0.028630000000000044,61.53915921288014,77.54513851653262,16.005979303652474,2.66,2.58,-0.08000000000000007,0.40816326530612246,0.4217687074829932,0.013605442176870763
4ZIE_A,1,1,t060,147,0.36904761904761907,low_or_equal,not_tier2,0.4013605442176871,0.2789115646258503,0.36054421768707484,0.08163265306122452,41.0,53.0,12.0,0.9509620070457458,2.1491541862487793,1.1981921792030334,7.392733573913574,13.994879722595215,6.602146148681641,-7.9681525230407715,-2.04075288772583,5.927399635314941,3.0,13.0,10.0,2.0408163265306123,8.843537414965986,6.802721088435375,1.582,0.446,-1.1360000000000001,0.61743,0.70644,0.08900999999999992,66.10392730496453,66.5829170383586,0.4789897333940729,2.0,2.47,0.4700000000000002,0.46258503401360546,0.41496598639455784,-0.047619047619047616
4ZIE_A,2,1,t060,147,0.36904761904761907,low_or_equal,not_tier2,0.4013605442176871,0.3673469387755102,0.3197278911564626,-0.047619047619047616,54.0,47.0,-7.0,1.1271305084228516,0.5035896897315979,-0.6235408186912537,7.778057098388672,9.283910751342773,1.5058536529541016,-7.8990373611450195,-4.688178062438965,3.2108592987060547,10.0,31.0,21.0,6.802721088435375,21.08843537414966,14.285714285714286,0.6599999999999999,0.272,-0.3879999999999999,0.62199,0.60565,-0.01634000000000002,59.739139492753615,57.96795620437956,-1.7711832883740541,2.37,2.47,0.10000000000000009,0.38095238095238093,0.35374149659863946,-0.02721088435374147
4ZIE_A,3,1,t060,147,0.36904761904761907,low_or_equal,not_tier2,0.4013605442176871,0.3673469387755102,0.36054421768707484,-0.006802721088435382,54.0,53.0,-1.0,1.5173263549804688,2.629546880722046,1.1122205257415771,10.533273696899414,12.88167953491211,2.3484058380126953,-5.2096405029296875,-1.243302345275879,3.9663381576538086,18.0,51.0,33.0,12.244897959183673,34.69387755102041,22.448979591836732,0.358,0.044,-0.314,0.75054,0.62439,-0.12614999999999998,76.15478299379983,73.36907488986783,-2.785708103931995,2.84,2.04,-0.7999999999999998,0.4557823129251701,0.42857142857142855,-0.027210884353741527
4ZIE_A,4,1,t060,147,0.36904761904761907,low_or_equal,not_tier2,0.4013605442176871,0.35374149659863946,0.40816326530612246,0.054421768707483,52.0,60.0,8.0,-2.8502140045166016,1.8786945343017578,4.728908538818359,4.656647205352783,13.522314071655273,8.86566686630249,-0.8831725120544434,-1.9412002563476562,-1.058027744293213,15.0,15.0,0.0,10.204081632653061,10.204081632653061,0.0,0.572,0.5199999999999999,-0.052000000000000046,0.63253,0.63041,-0.0021200000000000108,65.16543382997371,59.48276867030965,-5.6826651596640545,2.13,2.05,-0.08000000000000007,0.48299319727891155,0.3469387755102041,-0.13605442176870747
4ZIE_A,5,1,t060,147,0.36904761904761907,low_or_equal,not_tier2,0.4013605442176871,0.3469387755102041,0.48299319727891155,0.13605442176870747,51.0,71.0,20.0,2.484893560409546,4.193680763244629,1.708787202835083,11.169893264770508,14.963653564453125,3.793760299682617,-4.591444969177246,0.1284198760986328,4.719864845275879,9.0,30.0,21.0,6.122448979591836,20.408163265306122,14.285714285714285,0.624,0.21200000000000002,-0.412,0.64573,0.72731,0.08157999999999999,64.5272743362832,74.6105102954342,10.083235959150997,2.34,2.98,0.6400000000000001,0.4217687074829932,0.46938775510204084,0.047619047619047616
4ZIE_A,6,1,t060,147,0.36904761904761907,low_or_equal,not_tier2,0.4013605442176871,0.46258503401360546,0.3469387755102041,-0.11564625850340138,68.0,51.0,-17.0,2.7137601375579834,1.5952446460723877,-1.1185154914855957,12.08143138885498,8.246296882629395,-3.835134506225586,-3.16422176361084,-7.668423652648926,-4.504201889038086,33.0,14.0,-19.0,22.448979591836736,9.523809523809524,-12.925170068027212,0.242,0.308,0.066,0.62269,0.75434,0.13165000000000004,65.96199472759227,76.08227802690584,10.12028329931357,2.0,2.74,0.7400000000000002,0.4897959183673469,0.4489795918367347,-0.040816326530612235
4ZIE_A,7,1,t060,147,0.36904761904761907,low_or_equal,not_tier2,0.4013605442176871,0.36054421768707484,0.4421768707482993,0.08163265306122447,53.0,65.0,12.0,1.4270445108413696,2.2969956398010254,0.8699511289596558,7.727046012878418,11.757142066955566,4.030096054077148,-8.09441089630127,-0.2557711601257324,7.838639736175537,25.0,54.0,29.0,17.006802721088434,36.734693877551024,19.72789115646259,0.27599999999999997,0.042,-0.23399999999999996,0.6498,0.6159,-0.03390000000000004,67.92035230352303,58.479505395683454,-9.440846907839578,2.3,2.26,-0.040000000000000036,0.4013605442176871,0.36054421768707484,-0.040816326530612235
1UOU_A,0,1,t060,438,0.3242009132420091,low_or_equal,not_tier2,0.2968036529680365,0.3607305936073059,0.2602739726027397,-0.1004566210045662,158.0,114.0,-44.0,1.0963633060455322,1.5010385513305664,0.4046752452850342,10.32358169555664,13.246237754821777,2.9226560592651367,-6.692663669586182,-3.7828822135925293,2.9097814559936523,32.0,43.0,11.0,7.30593607305936,9.817351598173515,2.5114155251141543,0.4699999999999999,0.20600000000000002,-0.2639999999999999,0.96138,0.95232,-0.009059999999999957,91.84775623268698,93.44695220360025,1.5991959709132715,1.56,1.75,0.18999999999999995,0.636986301369863,0.6301369863013698,-0.006849315068493178
1UOU_A,1,1,t060,438,0.3242009132420091,low_or_equal,not_tier2,0.2968036529680365,0.3059360730593607,0.3333333333333333,0.0273972602739726,134.0,146.0,12.0,0.5863932371139526,1.3457252979278564,0.7593320608139038,6.243663787841797,13.041217803955078,6.797554016113281,-10.813373565673828,-4.169989585876465,6.643383979797363,56.0,34.0,-22.0,12.785388127853881,7.76255707762557,-5.022831050228311,0.264,0.712,0.44799999999999995,0.97047,0.94821,-0.022260000000000058,92.50743486352357,91.56696867321867,-0.9404661903049032,1.36,1.86,0.5,0.6529680365296804,0.6415525114155252,-0.011415525114155223
1UOU_A,2,1,t060,438,0.3242009132420091,low_or_equal,not_tier2,0.2968036529680365,0.23972602739726026,0.20776255707762556,-0.0319634703196347,105.0,91.0,-14.0,0.789055347442627,0.4948466122150421,-0.29420873522758484,6.409526824951172,4.339178085327148,-2.0703487396240234,-10.39369010925293,-12.084710121154785,-1.6910200119018555,34.0,54.0,20.0,7.76255707762557,12.32876712328767,4.566210045662101,0.376,0.152,-0.224,0.95942,0.96571,0.006289999999999907,92.0445482388974,92.75125539790253,0.7067071590051199,1.69,1.48,-0.20999999999999996,0.6689497716894978,0.6461187214611872,-0.022831050228310557
1UOU_A,3,1,t060,438,0.3242009132420091,low_or_equal,not_tier2,0.2968036529680365,0.3036529680365297,0.2808219178082192,-0.0228310502283105,133.0,123.0,-10.0,0.5536748170852661,1.0786972045898438,0.5250223875045776,2.7268009185791016,8.856847763061523,6.130046844482422,-12.927577018737793,-8.20892333984375,4.718653678894043,15.0,41.0,26.0,3.4246575342465753,9.360730593607306,5.93607305936073,1.21,0.194,-1.016,0.9381,0.95382,0.015719999999999956,92.15770755885998,93.16701917130489,1.009311612444904,2.0,1.74,-0.26,0.636986301369863,0.6484018264840182,0.011415525114155223
1UOU_A,4,1,t060,438,0.3242009132420091,low_or_equal,not_tier2,0.2968036529680365,0.363013698630137,0.2831050228310502,-0.07990867579908678,159.0,124.0,-35.0,0.644895076751709,1.2692793607711792,0.6243842840194702,4.79403018951416,10.276683807373047,5.482653617858887,-11.908258438110352,-6.585911750793457,5.3223466873168945,15.0,58.0,43.0,3.4246575342465753,13.24200913242009,9.817351598173515,0.496,0.43200000000000005,-0.06399999999999995,0.95386,0.9482,-0.005659999999999998,92.27097084367246,91.69581868640148,-0.5751521572709777,1.72,1.91,0.18999999999999995,0.636986301369863,0.632420091324201,-0.004566210045662045
1UOU_A,5,1,t060,438,0.3242009132420091,low_or_equal,not_tier2,0.2968036529680365,0.24429223744292236,0.3150684931506849,0.07077625570776255,107.0,138.0,31.0,0.5916718244552612,1.202932596206665,0.6112607717514038,8.2466402053833,9.930182456970215,1.683542251586914,-8.868075370788574,-7.185902118682861,1.682173252105713,33.0,27.0,-6.0,7.534246575342466,6.164383561643835,-1.3698630136986303,0.514,0.5780000000000001,0.06400000000000006,0.96599,0.95008,-0.01590999999999998,91.70074451652765,91.51636561818748,-0.18437889834017085,1.47,1.87,0.40000000000000013,0.6506849315068494,0.6506849315068494,0.0
1UOU_A,6,1,t060,438,0.3242009132420091,low_or_equal,not_tier2,0.2968036529680365,0.4520547945205479,0.271689497716895,-0.18036529680365293,198.0,119.0,-79.0,1.9024286270141602,1.4997403621673584,-0.40268826484680176,10.990184783935547,11.282979965209961,0.29279518127441406,-6.063181400299072,-5.641860008239746,0.42132139205932617,70.0,54.0,-16.0,15.981735159817351,12.32876712328767,-3.65296803652968,0.434,0.13799999999999998,-0.29600000000000004,0.9682,0.96366,-0.0045399999999999885,91.41885477433222,92.52162769230769,1.1027729179754715,1.42,1.6,0.18000000000000016,0.6164383561643836,0.6415525114155252,0.02511415525114158
1UOU_A,7,1,t060,438,0.3242009132420091,low_or_equal,not_tier2,0.2968036529680365,0.3242009132420091,0.3949771689497717,0.07077625570776258,142.0,173.0,31.0,0.9778037667274475,1.630360722541809,0.6525569558143616,7.500921249389648,11.333209991455078,3.8322887420654297,-9.639244079589844,-5.400670051574707,4.238574028015137,39.0,64.0,25.0,8.904109589041095,14.61187214611872,5.707762557077626,0.42400000000000004,0.37,-0.05400000000000005,0.96776,0.93964,-0.028119999999999923,91.8223760842627,91.11309932556713,-0.709276758695566,1.43,2.06,0.6300000000000001,0.6712328767123288,0.6575342465753424,-0.013698630136986356
5HGJ_A,0,1,t060,194,0.42010309278350516,high,not_tier2,0.23195876288659795,0.3247422680412371,0.34536082474226804,0.02061855670103091,63.0,67.0,4.0,2.525245189666748,1.9479517936706543,-0.5772933959960938,18.922866821289062,13.164628982543945,-5.758237838745117,-0.0010237693786621094,-5.488238334655762,-5.4872145652771,40.0,28.0,-12.0,20.618556701030926,14.432989690721648,-6.185567010309278,0.344,0.29599999999999993,-0.04800000000000004,0.97335,0.98043,0.007079999999999975,87.13368593955322,87.21376762928139,0.08008168972817487,1.04,0.78,-0.26,0.6494845360824743,0.6443298969072165,-0.005154639175257714
5HGJ_A,1,1,t060,194,0.42010309278350516,high,not_tier2,0.23195876288659795,0.4587628865979381,0.4948453608247423,0.03608247422680416,89.0,96.0,7.0,3.0070838928222656,3.7949044704437256,0.78782057762146,17.352771759033203,17.97157096862793,0.6187992095947266,1.0796818733215332,0.8718447685241699,-0.20783710479736328,93.0,80.0,-13.0,47.93814432989691,41.23711340206185,-6.701030927835056,0.012,0.094,0.082,0.97102,0.97199,0.0009700000000000264,89.20517739816032,87.38298537234043,-1.8221920258198878,0.77,1.29,0.52,0.654639175257732,0.6391752577319587,-0.015463917525773252
5HGJ_A,2,1,t060,194,0.42010309278350516,high,not_tier2,0.23195876288659795,0.4020618556701031,0.4742268041237113,0.07216494845360821,78.0,92.0,14.0,2.7778396606445312,1.4903336763381958,-1.2875059843063354,12.955598831176758,12.835439682006836,-0.12015914916992188,-1.8265886306762695,-4.539422035217285,-2.7128334045410156,81.0,37.0,-44.0,41.75257731958763,19.072164948453608,-22.68041237113402,0.033999999999999996,0.492,0.458,0.96707,0.9699,0.002829999999999999,88.46019450033535,88.51270033670033,0.05250583636498618,1.5,1.18,-0.32000000000000006,0.5927835051546392,0.634020618556701,0.04123711340206182
5HGJ_A,3,1,t060,194,0.42010309278350516,high,not_tier2,0.23195876288659795,0.41237113402061853,0.4793814432989691,0.06701030927835055,80.0,93.0,13.0,2.4143998622894287,2.956437826156616,0.5420379638671875,17.2750301361084,14.193519592285156,-3.081510543823242,-1.8683691024780273,-1.7551379203796387,0.11323118209838867,51.0,3.0,-48.0,26.288659793814436,1.5463917525773196,-24.742268041237114,0.578,1.754,1.1760000000000002,0.97948,0.98317,0.003689999999999971,88.31380300065231,87.64046435578808,-0.6733386448642307,0.84,0.76,-0.07999999999999996,0.6237113402061856,0.6185567010309279,-0.005154639175257714
5HGJ_A,4,1,t060,194,0.42010309278350516,high,not_tier2,0.23195876288659795,0.4845360824742268,0.5,0.015463917525773196,94.0,97.0,3.0,3.2848687171936035,0.2830125689506531,-3.0018561482429504,16.81106185913086,7.171317100524902,-9.639744758605957,-2.08206844329834,-5.498218536376953,-3.4161500930786133,34.0,53.0,19.0,17.525773195876287,27.31958762886598,9.793814432989691,0.434,0.194,-0.24,0.98284,0.98401,0.0011700000000000044,88.09878504672898,88.88057961359094,0.7817945668619615,0.72,0.71,-0.010000000000000009,0.6443298969072165,0.5979381443298969,-0.046391752577319645
5HGJ_A,5,1,t060,194,0.42010309278350516,high,not_tier2,0.23195876288659795,0.42783505154639173,0.4896907216494845,0.061855670103092786,83.0,95.0,12.0,3.6687939167022705,2.421837329864502,-1.2469565868377686,19.070144653320312,13.592842102050781,-5.477302551269531,0.13596582412719727,-0.43227624893188477,-0.568242073059082,111.0,84.0,-27.0,57.21649484536082,43.29896907216495,-13.91752577319587,0.06799999999999999,0.06000000000000001,-0.00799999999999998,0.98481,0.96542,-0.01939000000000002,88.76849869451696,86.51539072847683,-2.253107966040133,0.69,1.28,0.5900000000000001,0.6752577319587629,0.6185567010309279,-0.05670103092783507
5HGJ_A,6,1,t060,194,0.42010309278350516,high,not_tier2,0.23195876288659795,0.36597938144329895,0.4742268041237113,0.10824742268041238,71.0,92.0,21.0,2.488744020462036,3.896975517272949,1.408231496810913,18.210098266601562,19.38157081604004,1.1714725494384766,-0.8355422019958496,1.1675620079040527,2.0031042098999023,26.0,92.0,66.0,13.402061855670103,47.42268041237113,34.020618556701024,0.826,0.052000000000000005,-0.7739999999999999,0.98318,0.97196,-0.011220000000000008,88.56372445616348,87.58777851458886,-0.9759459415746221,0.74,0.94,0.19999999999999996,0.6288659793814433,0.6494845360824743,0.020618556701030966
5HGJ_A,7,1,t060,194,0.42010309278350516,high,not_tier2,0.23195876288659795,0.4845360824742268,0.4639175257731959,-0.02061855670103091,94.0,90.0,-4.0,3.120199203491211,2.47143292427063,-0.648766279220581,14.709209442138672,14.576181411743164,-0.1330280303955078,0.2478489875793457,0.3628964424133301,0.11504745483398438,56.0,93.0,37.0,28.865979381443296,47.93814432989691,19.07216494845361,0.146,0.012,-0.13399999999999998,0.97679,0.98449,0.007699999999999929,89.00699865410498,88.42109498680739,-0.5859036672975861,0.89,0.7,-0.19000000000000006,0.6237113402061856,0.6288659793814433,0.005154639175257714
6DNB_A,0,1,t060,411,0.4300486618004866,high,not_tier2,0.1192214111922141,0.45012165450121655,0.45742092457420924,0.007299270072992692,185.0,188.0,3.0,2.1621339321136475,2.4073870182037354,0.2452530860900879,15.069619178771973,18.067115783691406,2.9974966049194336,-0.8200898170471191,1.3738441467285156,2.1939339637756348,80.0,64.0,-16.0,19.464720194647203,15.571776155717762,-3.892944038929441,0.21799999999999997,0.198,-0.019999999999999962,0.9674,0.96753,0.00012999999999996348,83.21592933947773,87.71838788620373,4.502458546726004,1.56,1.59,0.030000000000000027,0.6423357664233577,0.6788321167883211,0.03649635036496346
6DNB_A,1,1,t060,411,0.4300486618004866,high,not_tier2,0.1192214111922141,0.45985401459854014,0.3333333333333333,-0.12652068126520682,189.0,137.0,-52.0,2.4566447734832764,2.237459182739258,-0.21918559074401855,14.761312484741211,17.20853614807129,2.447223663330078,-1.6277518272399902,0.18420696258544922,1.8119587898254395,44.0,52.0,8.0,10.70559610705596,12.652068126520682,1.9464720194647214,0.22800000000000004,0.3,0.07199999999999995,0.96481,0.9678,0.002990000000000048,88.05397348951912,86.689252820982,-1.3647206685371174,1.67,1.47,-0.19999999999999996,0.6642335766423357,0.6545012165450121,-0.009732360097323589
6DNB_A,2,1,t060,411,0.4300486618004866,high,not_tier2,0.1192214111922141,0.48175182481751827,0.44038929440389296,-0.04136253041362531,198.0,181.0,-17.0,1.6905733346939087,1.505230188369751,-0.18534314632415771,14.135297775268555,6.90114688873291,-7.2341508865356445,-0.6498022079467773,-9.220390319824219,-8.570588111877441,74.0,40.0,-34.0,18.004866180048662,9.732360097323602,-8.27250608272506,0.192,0.27999999999999997,0.08799999999999997,0.96333,0.9675,0.004170000000000007,86.83824732824428,87.21765885256015,0.37941152431587,1.79,1.62,-0.16999999999999993,0.6472019464720195,0.6447688564476886,-0.0024330900243308973
6DNB_A,3,1,t060,411,0.4300486618004866,high,not_tier2,0.1192214111922141,0.3844282238442822,0.26763990267639903,-0.11678832116788318,158.0,110.0,-48.0,1.913175344467163,1.089262843132019,-0.823912501335144,16.20138168334961,12.163806915283203,-4.037574768066406,-0.4465503692626953,-4.419795989990234,-3.973245620727539,43.0,66.0,23.0,10.46228710462287,16.05839416058394,5.59610705596107,0.27,0.22400000000000003,-0.045999999999999985,0.9671,0.96519,-0.0019099999999999673,85.8649569760295,87.52403325123153,1.6590762752020254,1.63,1.71,0.08000000000000007,0.6666666666666666,0.635036496350365,-0.031630170316301665
6DNB_A,4,1,t060,411,0.4300486618004866,high,not_tier2,0.1192214111922141,0.41605839416058393,0.39416058394160586,-0.021897810218978075,171.0,162.0,-9.0,1.9026466608047485,2.555814743041992,0.6531680822372437,15.4260835647583,14.20265007019043,-1.223433494567871,-1.446455955505371,-2.0708093643188477,-0.6243534088134766,61.0,71.0,10.0,14.841849148418493,17.27493917274939,2.433090024330898,0.22399999999999998,0.24,0.016000000000000014,0.95983,0.95401,-0.005819999999999936,85.75264705882353,78.93059261557555,-6.822054443247978,1.72,1.84,0.1200000000000001,0.6496350364963503,0.6642335766423357,0.014598540145985384
6DNB_A,5,1,t060,411,0.4300486618004866,high,not_tier2,0.1192214111922141,0.45012165450121655,0.31386861313868614,-0.1362530413625304,185.0,129.0,-56.0,1.5627267360687256,2.007974147796631,0.4452474117279053,15.313831329345703,16.100374221801758,0.7865428924560547,-1.2689285278320312,-0.4943380355834961,0.7745904922485352,46.0,73.0,27.0,11.19221411192214,17.761557177615572,6.569343065693431,0.304,0.26,-0.043999999999999984,0.9683,0.96549,-0.00281000000000009,88.50929616941762,87.89124344338168,-0.6180527260359412,1.67,1.72,0.050000000000000044,0.6690997566909975,0.6885644768856448,0.01946472019464729
6DNB_A,6,1,t060,411,0.4300486618004866,high,not_tier2,0.1192214111922141,0.41849148418491483,0.41849148418491483,0.0,172.0,172.0,0.0,2.184351682662964,3.1733558177948,0.9890041351318359,18.061941146850586,18.18320655822754,0.12126541137695312,1.9149446487426758,1.3574104309082031,-0.5575342178344727,58.0,103.0,45.0,14.111922141119221,25.060827250608277,10.948905109489056,0.348,0.138,-0.20999999999999996,0.96845,0.96473,-0.0037200000000000566,88.32848698315468,86.72274772036475,-1.6057392627899247,1.67,1.66,-0.010000000000000009,0.6788321167883211,0.6715328467153284,-0.007299270072992692
6DNB_A,7,1,t060,411,0.4300486618004866,high,not_tier2,0.1192214111922141,0.3795620437956204,0.40389294403892945,0.024330900243309028,156.0,166.0,10.0,2.414733409881592,2.2582080364227295,-0.1565253734588623,17.12876319885254,17.8104305267334,0.6816673278808594,0.5075569152832031,1.5286064147949219,1.0210494995117188,47.0,66.0,19.0,11.435523114355231,16.05839416058394,4.62287104622871,0.27,0.174,-0.09600000000000003,0.96836,0.96861,0.00024999999999997247,88.59646341463416,88.01929160305343,-0.5771718115807261,1.7,1.57,-0.1299999999999999,0.681265206812652,0.6496350364963503,-0.031630170316301665
6TN1_AAA,0,1,t060,497,0.4210261569416499,high,not_tier2,0.22535211267605634,0.4386317907444668,0.323943661971831,-0.11468812877263579,218.0,161.0,-57.0,1.978471040725708,0.9058072566986084,-1.0726637840270996,15.265713691711426,8.219962120056152,-7.045751571655273,-1.2556657791137695,-8.527639389038086,-7.271973609924316,84.0,55.0,-29.0,16.901408450704224,11.066398390342053,-5.835010060362171,0.10600000000000001,0.32799999999999996,0.22199999999999995,0.98563,0.98083,-0.0048000000000000265,89.3595300990602,88.85112099644128,-0.5084091026189128,0.99,1.29,0.30000000000000004,0.670020120724346,0.670020120724346,0.0
6TN1_AAA,1,1,t060,497,0.4210261569416499,high,not_tier2,0.22535211267605634,0.48893360160965793,0.46680080482897385,-0.022132796780684083,243.0,232.0,-11.0,2.109478235244751,1.5290298461914062,-0.5804483890533447,19.63373565673828,12.77316665649414,-6.860569000244141,3.2396631240844727,-3.6229567527770996,-6.862619876861572,142.0,87.0,-55.0,28.57142857142857,17.50503018108652,-11.066398390342048,0.0,0.188,0.188,0.98366,0.98232,-0.0013400000000000079,89.83191662430097,88.47670805879372,-1.3552085655072545,1.1,1.14,0.039999999999999813,0.676056338028169,0.6599597585513078,-0.01609657947686116
6TN1_AAA,2,1,t060,497,0.4210261569416499,high,not_tier2,0.22535211267605634,0.42857142857142855,0.3058350100603622,-0.12273641851106637,213.0,152.0,-61.0,2.023303747177124,1.0482311248779297,-0.9750726222991943,15.964740753173828,13.750377655029297,-2.2143630981445312,-0.5298566818237305,-3.172173023223877,-2.6423163414001465,41.0,40.0,-1.0,8.249496981891348,8.048289738430583,-0.20120724346076457,0.472,0.354,-0.118,0.98332,0.98777,0.004450000000000065,88.55771108850458,89.17995193523905,0.6222408467344707,1.13,0.95,-0.17999999999999994,0.6780684104627767,0.6780684104627767,0.0
6TN1_AAA,3,1,t060,497,0.4210261569416499,high,not_tier2,0.22535211267605634,0.4124748490945674,0.46680080482897385,0.05432595573440646,205.0,232.0,27.0,2.476860761642456,1.9189016819000244,-0.5579590797424316,15.482837677001953,17.455881118774414,1.973043441772461,-1.8391447067260742,0.29540252685546875,2.134547233581543,81.0,88.0,7.0,16.297786720321934,17.706237424547282,1.4084507042253485,0.148,0.15,0.0020000000000000018,0.98714,0.98439,-0.00275000000000003,89.618984335523,89.33622312167974,-0.2827612138432585,0.95,1.05,0.10000000000000009,0.6680080482897385,0.6780684104627767,0.010060362173038184
6TN1_AAA,4,1,t060,497,0.4210261569416499,high,not_tier2,0.22535211267605634,0.3963782696177062,0.40643863179074446,0.01006036217303824,197.0,202.0,5.0,2.67687726020813,1.9325543642044067,-0.7443228960037231,19.754602432250977,13.327150344848633,-6.427452087402344,2.8256845474243164,-3.2427802085876465,-6.068464756011963,173.0,62.0,-111.0,34.80885311871227,12.474849094567404,-22.334004024144868,0.006,0.15599999999999997,0.14999999999999997,0.98249,0.98457,0.0020799999999999708,88.91303485118291,88.98051353402478,0.06747868284186609,1.14,1.03,-0.10999999999999988,0.6579476861167002,0.676056338028169,0.01810865191146882
6TN1_AAA,5,1,t060,497,0.4210261569416499,high,not_tier2,0.22535211267605634,0.4305835010060362,0.4788732394366197,0.048289738430583484,214.0,238.0,24.0,2.2475807666778564,1.78812575340271,-0.4594550132751465,18.604537963867188,17.8151912689209,-0.7893466949462891,1.425267219543457,0.9479207992553711,-0.47734642028808594,115.0,75.0,-40.0,23.138832997987926,15.090543259557343,-8.048289738430583,0.05600000000000001,0.182,0.126,0.98129,0.98294,0.0016500000000000403,88.07529441624365,89.07873670886076,1.003442292617109,1.17,1.12,-0.04999999999999982,0.6861167002012073,0.676056338028169,-0.010060362173038295
6TN1_AAA,6,1,t060,497,0.4210261569416499,high,not_tier2,0.22535211267605634,0.34004024144869216,0.45271629778672035,0.11267605633802819,169.0,225.0,56.0,1.9489164352416992,2.124788761138916,0.1758723258972168,20.007375717163086,20.60211753845215,0.5947418212890625,2.8687868118286133,3.4345016479492188,0.5657148361206055,179.0,128.0,-51.0,36.016096579476866,25.75452716297787,-10.261569416498997,0.0,0.004,0.004,0.98463,0.9834,-0.0012299999999999534,90.97677700795484,88.0237980406933,-2.9529789672615436,1.08,1.08,0.0,0.647887323943662,0.6780684104627767,0.030181086519114664
6TN1_AAA,7,1,t060,497,0.4210261569416499,high,not_tier2,0.22535211267605634,0.43259557344064387,0.3682092555331992,-0.06438631790744465,215.0,183.0,-32.0,1.454094648361206,1.5112876892089844,0.05719304084777832,13.637925148010254,16.38535499572754,2.747429847717285,-2.986048698425293,-0.1799020767211914,2.8061466217041016,47.0,105.0,58.0,9.456740442655935,21.12676056338028,11.670020120724345,0.48200000000000004,0.098,-0.384,0.98653,0.98319,-0.0033400000000000096,88.45960566228514,89.3421697871249,0.8825641248397602,0.98,1.14,0.15999999999999992,0.6539235412474849,0.6680080482897385,0.014084507042253613
1TX4_A,0,1,t060,196,0.319515306122449,low_or_equal,not_tier2,0.2602040816326531,0.3979591836734694,0.20918367346938777,-0.18877551020408162,78.0,41.0,-37.0,3.3842499256134033,0.989375650882721,-2.3948742747306824,17.356597900390625,10.962711334228516,-6.393886566162109,3.3570876121520996,-4.540468692779541,-7.897556304931641,80.0,4.0,-76.0,40.816326530612244,2.0408163265306123,-38.775510204081634,0.084,1.4160000000000001,1.332,0.97878,0.98126,0.0024800000000000377,89.26260456273765,87.71559214692844,-1.5470124158092062,0.83,0.77,-0.05999999999999994,0.576530612244898,0.5459183673469388,-0.030612244897959218
1TX4_A,1,1,t060,196,0.319515306122449,low_or_equal,not_tier2,0.2602040816326531,0.3622448979591837,0.29081632653061223,-0.07142857142857145,71.0,57.0,-14.0,2.0648674964904785,0.7580630779266357,-1.3068044185638428,12.693050384521484,5.781213760375977,-6.911836624145508,-3.261234760284424,-10.467493057250977,-7.206258296966553,50.0,17.0,-33.0,25.510204081632654,8.673469387755102,-16.836734693877553,0.202,0.484,0.282,0.98077,0.97965,-0.0011200000000000099,89.07402113113736,89.4195202020202,0.3454990708828376,0.76,0.8,0.040000000000000036,0.5357142857142857,0.5612244897959183,0.025510204081632626
1TX4_A,2,1,t060,196,0.319515306122449,low_or_equal,not_tier2,0.2602040816326531,0.21428571428571427,0.35714285714285715,0.14285714285714288,42.0,70.0,28.0,1.1207503080368042,2.5858471393585205,1.4650968313217163,8.811182022094727,14.78596305847168,5.974781036376953,-6.44925594329834,-1.2042145729064941,5.245041370391846,13.0,50.0,37.0,6.63265306122449,25.510204081632654,18.877551020408163,0.732,0.21400000000000002,-0.518,0.97247,0.97168,-0.0007899999999999574,89.70184160905092,88.08789674952199,-1.613944859528928,1.22,0.96,-0.26,0.5459183673469388,0.5969387755102041,0.05102040816326536
1TX4_A,3,1,t060,196,0.319515306122449,low_or_equal,not_tier2,0.2602040816326531,0.27040816326530615,0.29081632653061223,0.02040816326530609,53.0,57.0,4.0,1.9486607313156128,1.9546738862991333,0.006013154983520508,17.595746994018555,16.46965789794922,-1.126089096069336,1.2754120826721191,0.2708592414855957,-1.0045528411865234,33.0,55.0,22.0,16.83673469387755,28.061224489795915,11.224489795918366,0.24000000000000005,0.05,-0.19000000000000006,0.97445,0.97614,0.0016899999999999693,87.94996247654784,89.79735516372797,1.8473926871801325,1.13,0.87,-0.2599999999999999,0.5714285714285714,0.5969387755102041,0.025510204081632737
1TX4_A,4,1,t060,196,0.319515306122449,low_or_equal,not_tier2,0.2602040816326531,0.29591836734693877,0.3979591836734694,0.10204081632653061,58.0,78.0,20.0,2.0470731258392334,1.9357560873031616,-0.11131703853607178,17.10957145690918,12.923757553100586,-4.185813903808594,0.8345170021057129,-2.9503793716430664,-3.7848963737487793,32.0,13.0,-19.0,16.3265306122449,6.63265306122449,-9.693877551020408,0.19599999999999998,0.978,0.782,0.97823,0.97854,0.00030999999999992145,88.11069515306123,89.32270184361093,1.2120066905496998,0.82,0.83,0.010000000000000009,0.5306122448979592,0.5714285714285714,0.04081632653061218
1TX4_A,5,1,t060,196,0.319515306122449,low_or_equal,not_tier2,0.2602040816326531,0.40816326530612246,0.4642857142857143,0.056122448979591844,80.0,91.0,11.0,0.9515451788902283,1.077083706855774,0.12553852796554565,4.61892032623291,5.834407806396484,1.2154874801635742,-11.27678108215332,-9.677946090698242,1.5988349914550781,15.0,1.0,-14.0,7.653061224489796,0.5102040816326531,-7.142857142857142,0.776,2.438,1.6620000000000001,0.97517,0.97947,0.0042999999999999705,88.80670918367348,88.93512531328321,0.12841612960973237,0.87,0.8,-0.06999999999999995,0.5561224489795918,0.5867346938775511,0.030612244897959218
1TX4_A,6,1,t060,196,0.319515306122449,low_or_equal,not_tier2,0.2602040816326531,0.24489795918367346,0.3112244897959184,0.06632653061224492,48.0,61.0,13.0,0.8988686203956604,2.423727035522461,1.5248584151268005,7.56619930267334,16.837770462036133,9.271571159362793,-8.733550071716309,0.8477110862731934,9.581261157989502,27.0,77.0,50.0,13.77551020408163,39.285714285714285,25.510204081632654,0.42000000000000004,0.012,-0.40800000000000003,0.96746,0.97863,0.011170000000000013,88.57656660412758,89.344361093452,0.767794489324416,1.07,0.81,-0.26,0.5714285714285714,0.5714285714285714,0.0
1TX4_A,7,1,t060,196,0.319515306122449,low_or_equal,not_tier2,0.2602040816326531,0.3622448979591837,0.16326530612244897,-0.19897959183673472,71.0,32.0,-39.0,1.1700923442840576,0.6515961289405823,-0.5184962153434753,7.488551616668701,6.104755401611328,-1.383796215057373,-9.045143127441406,-9.8545503616333,-0.8094072341918945,6.0,25.0,19.0,3.061224489795918,12.755102040816327,9.693877551020408,1.0,0.358,-0.642,0.97556,0.97675,0.0011900000000000244,90.29863928112965,88.76442902208201,-1.53421025904764,0.94,0.89,-0.04999999999999993,0.5459183673469388,0.5306122448979592,-0.015306122448979553
6Y76_A,0,1,t060,156,0.3629807692307692,low_or_equal,not_tier2,0.20512820512820512,0.358974358974359,0.1987179487179487,-0.16025641025641027,56.0,31.0,-25.0,0.8231237530708313,1.8249865770339966,1.0018628239631653,8.047656059265137,13.323735237121582,5.276079177856445,-10.057832717895508,-2.766446113586426,7.291386604309082,10.0,27.0,17.0,6.41025641025641,17.307692307692307,10.897435897435898,0.5359999999999999,0.066,-0.4699999999999999,0.81469,0.81428,-0.00041000000000002146,63.34348778433024,70.20363404255319,6.860146258222947,2.78,2.54,-0.23999999999999977,0.532051282051282,0.5128205128205128,-0.019230769230769273
6Y76_A,1,1,t060,156,0.3629807692307692,low_or_equal,not_tier2,0.20512820512820512,0.1858974358974359,0.46153846153846156,0.27564102564102566,29.0,72.0,43.0,2.210577964782715,1.9109524488449097,-0.2996255159378052,16.374244689941406,11.594371795654297,-4.779872894287109,0.6117510795593262,-3.451404094696045,-4.063155174255371,27.0,11.0,-16.0,17.307692307692307,7.051282051282051,-10.256410256410255,0.316,0.6279999999999999,0.3119999999999999,0.83436,0.84993,0.015569999999999973,65.89010906040268,67.89996592844975,2.0098568680470663,1.97,2.23,0.26,0.5641025641025641,0.5384615384615384,-0.02564102564102566
6Y76_A,2,1,t060,156,0.3629807692307692,low_or_equal,not_tier2,0.20512820512820512,0.38461538461538464,0.3974358974358974,0.012820512820512775,60.0,62.0,2.0,0.9768127202987671,1.3642611503601074,0.38744843006134033,4.5017547607421875,14.647926330566406,10.146171569824219,-11.290854454040527,2.2593770027160645,13.550231456756592,32.0,56.0,24.0,20.51282051282051,35.8974358974359,15.384615384615387,0.33399999999999996,0.126,-0.20799999999999996,0.81909,0.84759,0.02849999999999997,68.86599832214766,68.24867417677643,-0.6173241453712279,2.18,2.58,0.3999999999999999,0.532051282051282,0.5128205128205128,-0.019230769230769273
6Y76_A,3,1,t060,156,0.3629807692307692,low_or_equal,not_tier2,0.20512820512820512,0.4935897435897436,0.47435897435897434,-0.019230769230769273,77.0,74.0,-3.0,3.781816244125366,3.722203493118286,-0.05961275100708008,17.193111419677734,16.52672004699707,-0.6663913726806641,2.771148204803467,1.2220587730407715,-1.5490894317626953,71.0,45.0,-26.0,45.51282051282051,28.846153846153843,-16.666666666666668,0.06200000000000001,0.22200000000000003,0.16000000000000003,0.86614,0.81987,-0.04627000000000003,73.37944727891156,60.375211754537595,-13.00423552437396,2.79,2.57,-0.2200000000000002,0.532051282051282,0.5256410256410257,-0.0064102564102563875
6Y76_A,4,1,t060,156,0.3629807692307692,low_or_equal,not_tier2,0.20512820512820512,0.3974358974358974,0.4423076923076923,0.04487179487179488,62.0,69.0,7.0,4.678098201751709,1.9987350702285767,-2.6793631315231323,18.894487380981445,8.728397369384766,-10.16609001159668,3.1228365898132324,-7.08231258392334,-10.205149173736572,47.0,9.0,-38.0,30.128205128205128,5.769230769230769,-24.358974358974358,0.118,1.02,0.902,0.85044,0.90251,0.05207000000000006,69.42183361629881,67.56461139896373,-1.857222217335078,2.63,1.75,-0.8799999999999999,0.5,0.5897435897435898,0.08974358974358976
6Y76_A,5,1,t060,156,0.3629807692307692,low_or_equal,not_tier2,0.20512820512820512,0.4230769230769231,0.2692307692307692,-0.15384615384615385,66.0,42.0,-24.0,0.5738049745559692,0.5057955980300903,-0.0680093765258789,4.179866790771484,3.6851444244384766,-0.4947223663330078,-10.609430313110352,-12.28582763671875,-1.6763973236083984,7.0,17.0,10.0,4.487179487179487,10.897435897435898,6.410256410256411,1.416,0.49800000000000005,-0.9179999999999999,0.88362,0.85921,-0.024409999999999932,76.48321672354949,64.79762393162393,-11.685592791925558,2.22,2.43,0.20999999999999996,0.5448717948717948,0.5384615384615384,-0.0064102564102563875
6Y76_A,6,1,t060,156,0.3629807692307692,low_or_equal,not_tier2,0.20512820512820512,0.391025641025641,0.4230769230769231,0.03205128205128205,61.0,66.0,5.0,2.6638317108154297,3.0447394847869873,0.3809077739715576,17.2175350189209,16.30577278137207,-0.9117622375488281,1.7572379112243652,0.33725500106811523,-1.41998291015625,17.0,52.0,35.0,10.897435897435898,33.33333333333333,22.43589743589743,0.20400000000000001,0.30199999999999994,0.09799999999999992,0.83729,0.82007,-0.017220000000000013,64.8408298052498,66.21810949529512,1.3772796900453272,2.76,2.43,-0.3299999999999996,0.532051282051282,0.5128205128205128,-0.019230769230769273
6Y76_A,7,1,t060,156,0.3629807692307692,low_or_equal,not_tier2,0.20512820512820512,0.2692307692307692,0.38461538461538464,0.11538461538461542,42.0,60.0,18.0,1.9592516422271729,0.6430625915527344,-1.3161890506744385,13.92070198059082,5.044449806213379,-8.876252174377441,-2.064268112182617,-11.854586601257324,-9.790318489074707,17.0,1.0,-16.0,10.897435897435898,0.641025641025641,-10.256410256410257,0.264,2.8899999999999997,2.6259999999999994,0.85543,0.87279,0.01735999999999993,67.48596951735817,72.03117948717949,4.545209969821315,2.52,2.51,-0.010000000000000231,0.5576923076923077,0.5128205128205128,-0.044871794871794934
6SNK_A,0,1,t060,188,0.3796542553191489,high,not_tier2,0.22872340425531915,0.3776595744680851,0.3829787234042553,0.005319148936170193,71.0,72.0,1.0,2.323725938796997,1.8851721286773682,-0.4385538101196289,14.28958511352539,10.63847541809082,-3.6511096954345703,-0.16050338745117188,-3.940211057662964,-3.779707670211792,101.0,76.0,-25.0,53.72340425531915,40.42553191489361,-13.297872340425542,0.026000000000000002,0.036,0.009999999999999995,0.9814,0.99321,0.011809999999999987,88.35428571428571,89.73789253314725,1.3836068188615371,0.8,0.43,-0.37000000000000005,0.5425531914893617,0.5585106382978723,0.015957446808510634
6SNK_A,1,1,t060,188,0.3796542553191489,high,not_tier2,0.22872340425531915,0.3351063829787234,0.4308510638297872,0.0957446808510638,63.0,81.0,18.0,1.2874339818954468,2.2771308422088623,0.9896968603134155,7.719792366027832,12.9577054977417,5.237913131713867,-6.229643821716309,-1.2467999458312988,4.98284387588501,70.0,70.0,0.0,37.234042553191486,37.234042553191486,0.0,0.06000000000000001,0.016,-0.04400000000000001,0.9899,0.98773,-0.0021700000000000053,89.52146358543418,89.35589923023093,-0.16556435520324442,0.56,0.58,0.019999999999999907,0.5691489361702128,0.5478723404255319,-0.021276595744680882
6SNK_A,2,1,t060,188,0.3796542553191489,high,not_tier2,0.22872340425531915,0.40425531914893614,0.44148936170212766,0.037234042553191515,76.0,83.0,7.0,3.9112002849578857,1.7662111520767212,-2.1449891328811646,17.193153381347656,12.108821868896484,-5.084331512451172,1.22590970993042,0.13541746139526367,-1.0904922485351562,76.0,116.0,40.0,40.42553191489361,61.702127659574465,21.276595744680854,0.014000000000000002,0.012,-0.0020000000000000018,0.98858,0.9765,-0.01207999999999998,89.24632049518569,85.50129452054794,-3.7450259746377412,0.59,1.05,0.4600000000000001,0.574468085106383,0.5904255319148937,0.015957446808510634
6SNK_A,3,1,t060,188,0.3796542553191489,high,not_tier2,0.22872340425531915,0.40425531914893614,0.39893617021276595,-0.005319148936170193,76.0,75.0,-1.0,2.680144786834717,2.5382373332977295,-0.1419074535369873,17.976224899291992,16.052078247070312,-1.9241466522216797,2.1116394996643066,0.8647732734680176,-1.246866226196289,74.0,89.0,15.0,39.361702127659576,47.340425531914896,7.9787234042553195,0.014000000000000002,0.014000000000000002,0.0,0.98895,0.97824,-0.010709999999999997,87.58398606271777,88.30207934336525,0.71809328064748,0.55,1.06,0.51,0.5478723404255319,0.574468085106383,0.02659574468085113
6SNK_A,4,1,t060,188,0.3796542553191489,high,not_tier2,0.22872340425531915,0.32978723404255317,0.44148936170212766,0.11170212765957449,62.0,83.0,21.0,1.422506332397461,3.3060390949249268,1.8835327625274658,12.129640579223633,16.52678871154785,4.397148132324219,-3.1798834800720215,1.5017685890197754,4.681652069091797,24.0,94.0,70.0,12.76595744680851,50.0,37.234042553191486,0.48599999999999993,0.004,-0.48199999999999993,0.98425,0.97946,-0.004789999999999961,89.01922491349481,87.09378209576683,-1.9254428177279834,0.76,0.92,0.16000000000000003,0.5531914893617021,0.601063829787234,0.0478723404255319
6SNK_A,5,1,t060,188,0.3796542553191489,high,not_tier2,0.22872340425531915,0.31382978723404253,0.4574468085106383,0.14361702127659576,59.0,86.0,27.0,2.805380344390869,2.9366915225982666,0.13131117820739746,18.845884323120117,17.073434829711914,-1.7724494934082031,3.15971040725708,3.5413451194763184,0.3816347122192383,89.0,109.0,20.0,47.340425531914896,57.97872340425532,10.638297872340424,0.022,0.01,-0.011999999999999999,0.98144,0.98679,0.005349999999999966,89.68948965517241,88.49828965517241,-1.191199999999995,0.93,0.72,-0.21000000000000008,0.5585106382978723,0.5478723404255319,-0.010638297872340385
6SNK_A,6,1,t060,188,0.3796542553191489,high,not_tier2,0.22872340425531915,0.425531914893617,0.425531914893617,0.0,80.0,80.0,0.0,0.4105477035045624,2.6912777423858643,2.280730038881302,3.215587615966797,14.640623092651367,11.42503547668457,-13.251300811767578,-1.452120304107666,11.799180507659912,40.0,45.0,5.0,21.27659574468085,23.93617021276596,2.6595744680851077,0.11000000000000001,0.09,-0.020000000000000018,0.98216,0.97441,-0.007750000000000035,87.68510474860335,87.4251724137931,-0.25993233481024447,0.88,1.04,0.16000000000000003,0.5372340425531915,0.5904255319148937,0.05319148936170215
6SNK_A,7,1,t060,188,0.3796542553191489,high,not_tier2,0.22872340425531915,0.44680851063829785,0.3776595744680851,-0.06914893617021273,84.0,71.0,-13.0,3.31148099899292,2.0835652351379395,-1.2279157638549805,17.271038055419922,13.535079956054688,-3.7359580993652344,2.1992602348327637,-2.647541046142578,-4.846801280975342,83.0,71.0,-12.0,44.148936170212764,37.765957446808514,-6.38297872340425,0.014000000000000002,0.012,-0.0020000000000000018,0.96921,0.98671,0.01749999999999996,89.04598452883263,87.8789916550765,-1.1669928737561293,1.34,0.61,-0.7300000000000001,0.5638297872340425,0.526595744680851,-0.037234042553191515
1U6T_A,0,1,t060,121,0.2830578512396694,low_or_equal,not_tier2,0.2644628099173554,0.3140495867768595,0.2892561983471074,-0.024793388429752095,38.0,35.0,-3.0,2.5733413696289062,0.20920667052268982,-2.3641346991062164,15.581021308898926,2.432906150817871,-13.148115158081055,-0.23884344100952148,-13.877458572387695,-13.638615131378174,15.0,1.0,-14.0,12.396694214876034,0.8264462809917356,-11.570247933884298,0.358,2.244,1.8860000000000001,0.90191,0.92119,0.019279999999999964,86.72939795918367,87.20366080661842,0.4742628474347441,1.78,1.51,-0.27,0.5454545454545454,0.5702479338842975,0.024793388429752095
1U6T_A,1,1,t060,121,0.2830578512396694,low_or_equal,not_tier2,0.2644628099173554,0.2644628099173554,0.19834710743801653,-0.06611570247933884,32.0,24.0,-8.0,0.1438130885362625,0.3696686625480652,0.22585557401180267,1.7105627059936523,2.17401123046875,0.46344852447509766,-13.834068298339844,-13.162674903869629,0.6713933944702148,1.0,3.0,2.0,0.8264462809917356,2.479338842975207,1.6528925619834713,2.88,2.134,-0.746,0.93481,0.82958,-0.10523000000000005,83.35232323232323,85.2797874493927,1.9274642170694705,1.17,1.59,0.42000000000000015,0.5041322314049587,0.5371900826446281,0.03305785123966942
1U6T_A,2,1,t060,121,0.2830578512396694,low_or_equal,not_tier2,0.2644628099173554,0.03305785123966942,0.06611570247933884,0.03305785123966942,4.0,8.0,4.0,0.09040161222219467,-0.0162967499345541,-0.10669836215674877,1.3306941986083984,1.0755767822265625,-0.25511741638183594,-14.143058776855469,-13.936578750610352,0.2064800262451172,0.0,0.0,0.0,0.0,0.0,0.0,5.255999999999999,3.3280000000000003,-1.927999999999999,0.93933,0.81023,-0.1291,85.21479879275654,84.47522774327123,-0.7395710494853063,1.18,1.88,0.7,0.5206611570247934,0.5537190082644629,0.03305785123966942
1U6T_A,3,1,t060,121,0.2830578512396694,low_or_equal,not_tier2,0.2644628099173554,0.3884297520661157,0.2892561983471074,-0.09917355371900827,47.0,35.0,-12.0,1.01378333568573,0.33935225009918213,-0.6744310855865479,6.793999671936035,2.8880138397216797,-3.9059858322143555,-11.53618049621582,-13.689848899841309,-2.1536684036254883,1.0,1.0,0.0,0.8264462809917356,0.8264462809917356,0.0,2.0780000000000003,2.588,0.5099999999999998,0.96198,0.9103,-0.05167999999999995,86.43145030425964,83.76177304964538,-2.669677254614257,0.97,1.83,0.8600000000000001,0.512396694214876,0.5041322314049587,-0.008264462809917328
1U6T_A,4,1,t060,121,0.2830578512396694,low_or_equal,not_tier2,0.2644628099173554,0.45454545454545453,0.2396694214876033,-0.21487603305785122,55.0,29.0,-26.0,0.883010745048523,0.4601054787635803,-0.4229052662849426,6.2461442947387695,5.037777900695801,-1.2083663940429688,-11.355688095092773,-13.190265655517578,-1.8345775604248047,3.0,2.0,-1.0,2.479338842975207,1.6528925619834711,-0.8264462809917357,1.6580000000000001,1.6919999999999997,0.033999999999999586,0.94181,0.96894,0.027129999999999987,86.31825952626158,87.30522727272728,0.9869677464656945,1.19,0.8,-0.3899999999999999,0.5206611570247934,0.5371900826446281,0.016528925619834656
1U6T_A,5,1,t060,121,0.2830578512396694,low_or_equal,not_tier2,0.2644628099173554,0.30578512396694213,0.38016528925619836,0.07438016528925623,37.0,46.0,9.0,0.6795598268508911,2.1223196983337402,1.4427598714828491,3.151674270629883,10.698678970336914,7.547004699707031,-12.003334045410156,-4.7535295486450195,7.249804496765137,0.0,1.0,1.0,0.0,0.8264462809917356,0.8264462809917356,2.946,2.032,-0.9140000000000001,0.93946,0.9494,0.00994000000000006,87.4419452887538,86.5525386996904,-0.8894065890633982,1.2,1.07,-0.1299999999999999,0.512396694214876,0.5289256198347108,0.016528925619834767
1U6T_A,6,1,t060,121,0.2830578512396694,low_or_equal,not_tier2,0.2644628099173554,0.32231404958677684,0.3305785123966942,0.008264462809917383,39.0,40.0,1.0,2.0136606693267822,1.485142469406128,-0.5285181999206543,8.471891403198242,7.856828689575195,-0.6150627136230469,-7.036195278167725,-7.766049385070801,-0.7298541069030762,1.0,21.0,20.0,0.8264462809917356,17.355371900826448,16.528925619834713,2.488,0.242,-2.246,0.91845,0.95645,0.038000000000000034,85.32152331606218,87.24065149948294,1.919128183420753,1.7,0.97,-0.73,0.48760330578512395,0.5289256198347108,0.041322314049586806
1U6T_A,7,1,t060,121,0.2830578512396694,low_or_equal,not_tier2,0.2644628099173554,0.18181818181818182,0.3140495867768595,0.1322314049586777,22.0,38.0,16.0,0.280391663312912,1.2390666007995605,0.9586749374866486,2.016472816467285,8.769917488098145,6.753444671630859,-13.389669418334961,-6.793048858642578,6.596620559692383,0.0,22.0,22.0,0.0,18.181818181818183,18.181818181818183,2.7660000000000005,0.42800000000000005,-2.3380000000000005,0.83536,0.94297,0.10760999999999998,82.12577079107504,87.48874873864784,5.362977947572801,1.89,1.18,-0.71,0.5454545454545454,0.5537190082644629,0.008264462809917439
1ZR3_A,0,1,t060,186,0.4133064516129032,high,not_tier2,0.3817204301075269,0.4032258064516129,0.3709677419354839,-0.032258064516129004,75.0,69.0,-6.0,1.5291752815246582,1.495835542678833,-0.033339738845825195,13.423593521118164,19.046276092529297,5.622682571411133,-1.8329582214355469,2.5618066787719727,4.3947649002075195,25.0,41.0,16.0,13.440860215053762,22.043010752688172,8.60215053763441,0.22999999999999998,0.01,-0.21999999999999997,0.97943,0.98445,0.0050200000000000244,88.63275664034458,88.39079795021962,-0.24195869012496019,0.77,0.66,-0.10999999999999999,0.532258064516129,0.510752688172043,-0.021505376344086002
1ZR3_A,1,1,t060,186,0.4133064516129032,high,not_tier2,0.3817204301075269,0.3763440860215054,0.2903225806451613,-0.08602150537634407,70.0,54.0,-16.0,1.1499122381210327,0.6611352562904358,-0.4887769818305969,8.172772407531738,4.27607536315918,-3.8966970443725586,-8.840360641479492,-12.162321090698242,-3.32196044921875,20.0,5.0,-15.0,10.75268817204301,2.6881720430107525,-8.064516129032258,0.7299999999999999,1.426,0.6960000000000001,0.98581,0.98041,-0.00539999999999996,88.6703488372093,87.71883502170766,-0.9515138155016416,0.64,0.75,0.10999999999999999,0.5053763440860215,0.5376344086021505,0.032258064516129004
1ZR3_A,2,1,t060,186,0.4133064516129032,high,not_tier2,0.3817204301075269,0.3763440860215054,0.40860215053763443,0.03225806451612906,70.0,76.0,6.0,2.2998437881469727,0.8131768703460693,-1.4866669178009033,17.233421325683594,4.425806045532227,-12.807615280151367,1.6342334747314453,-10.228246688842773,-11.862480163574219,35.0,33.0,-2.0,18.817204301075268,17.741935483870968,-1.0752688172043001,0.13999999999999999,0.6100000000000001,0.4700000000000001,0.98571,0.98458,-0.0011299999999999644,87.10218457101658,87.19928623452294,0.09710166350636484,0.64,0.67,0.030000000000000027,0.543010752688172,0.5860215053763441,0.043010752688172116
1ZR3_A,3,1,t060,186,0.4133064516129032,high,not_tier2,0.3817204301075269,0.46236559139784944,0.3709677419354839,-0.09139784946236557,86.0,69.0,-17.0,3.729586124420166,1.7710999250411987,-1.9584861993789673,20.55069923400879,17.492267608642578,-3.058431625366211,3.632868766784668,3.110201835632324,-0.5226669311523438,71.0,31.0,-40.0,38.17204301075269,16.666666666666664,-21.505376344086024,0.014000000000000002,0.182,0.16799999999999998,0.98,0.98436,0.0043600000000000305,87.5225841874085,86.58470079307858,-0.9378833943299156,0.75,0.66,-0.08999999999999997,0.5483870967741935,0.553763440860215,0.005376344086021501
1ZR3_A,4,1,t060,186,0.4133064516129032,high,not_tier2,0.3817204301075269,0.44086021505376344,0.3548387096774194,-0.08602150537634407,82.0,66.0,-16.0,2.4128167629241943,1.4140229225158691,-0.9987938404083252,14.009706497192383,13.366368293762207,-0.6433382034301758,-1.4428987503051758,-4.159819602966309,-2.716920852661133,16.0,41.0,25.0,8.60215053763441,22.043010752688172,13.440860215053762,0.506,0.11800000000000002,-0.388,0.98624,0.97646,-0.009780000000000011,86.19036690647482,86.32878273177637,0.13841582530154994,0.63,0.82,0.18999999999999995,0.5698924731182796,0.521505376344086,-0.048387096774193616
1ZR3_A,5,1,t060,186,0.4133064516129032,high,not_tier2,0.3817204301075269,0.3225806451612903,0.27419354838709675,-0.04838709677419356,60.0,51.0,-9.0,0.8173878192901611,1.4562007188796997,0.6388128995895386,5.564157485961914,11.564956665039062,6.000799179077148,-10.552192687988281,-4.319069862365723,6.233122825622559,0.0,13.0,13.0,0.0,6.989247311827956,6.989247311827956,2.934,0.658,-2.2760000000000002,0.97748,0.98335,0.005869999999999931,87.15591966173362,88.10224212034383,0.9463224586102115,0.86,0.67,-0.18999999999999995,0.532258064516129,0.5752688172043011,0.043010752688172116
1ZR3_A,6,1,t060,186,0.4133064516129032,high,not_tier2,0.3817204301075269,0.45698924731182794,0.3817204301075269,-0.07526881720430106,85.0,71.0,-14.0,1.00254487991333,1.8532476425170898,0.8507027626037598,7.309564113616943,14.821573257446289,7.512009143829346,-8.286828994750977,-1.1687812805175781,7.118047714233398,10.0,46.0,36.0,5.376344086021505,24.731182795698924,19.35483870967742,0.8320000000000001,0.11200000000000002,-0.7200000000000001,0.97576,0.98515,0.00939000000000001,84.25855291576674,86.53110218978102,2.272549274014281,0.83,0.65,-0.17999999999999994,0.5376344086021505,0.5376344086021505,0.0
1ZR3_A,7,1,t060,186,0.4133064516129032,high,not_tier2,0.3817204301075269,0.46774193548387094,0.43010752688172044,-0.037634408602150504,87.0,80.0,-7.0,3.198432207107544,0.6900678873062134,-2.5083643198013306,22.643661499023438,5.544797420501709,-17.09886407852173,3.9124488830566406,-9.45786190032959,-13.37031078338623,40.0,9.0,-31.0,21.50537634408602,4.838709677419355,-16.666666666666664,0.018,1.082,1.064,0.98721,0.9792,-0.008010000000000073,87.90380918220947,84.55184397163121,-3.351965210578257,0.59,0.78,0.19000000000000006,0.5268817204301075,0.532258064516129,0.005376344086021501
2VXP_A,0,1,t060,131,0.41984732824427484,high,not_tier2,0.10687022900763359,0.48091603053435117,0.48091603053435117,0.0,63.0,63.0,0.0,0.851570725440979,2.095064878463745,1.2434941530227661,3.967050552368164,9.065521240234375,5.098470687866211,-12.605825424194336,-5.259188175201416,7.34663724899292,28.0,60.0,32.0,21.374045801526716,45.80152671755725,24.427480916030536,0.514,0.15,-0.364,0.90333,0.92699,0.023660000000000014,87.40036726128017,86.17963579604579,-1.2207314652343797,1.46,1.2,-0.26,0.5038167938931297,0.5572519083969466,0.05343511450381688
2VXP_A,1,1,t060,131,0.41984732824427484,high,not_tier2,0.10687022900763359,0.29770992366412213,0.3435114503816794,0.04580152671755727,39.0,45.0,6.0,0.9305995106697083,-0.08352001756429672,-1.014119528234005,5.835567474365234,4.475602626800537,-1.3599648475646973,-10.217582702636719,-8.703968048095703,1.5136146545410156,13.0,76.0,63.0,9.923664122137405,58.01526717557252,48.091603053435115,0.9720000000000001,0.2,-0.772,0.94145,0.93993,-0.0015199999999999658,84.22702463054186,90.83071285140562,6.603688220863759,1.14,1.23,0.09000000000000008,0.5190839694656488,0.5190839694656488,0.0
2VXP_A,2,1,t060,131,0.41984732824427484,high,not_tier2,0.10687022900763359,0.40458015267175573,0.40458015267175573,0.0,53.0,53.0,0.0,1.6399614810943604,1.0439553260803223,-0.5960061550140381,8.895668029785156,5.319467544555664,-3.576200485229492,-9.038503646850586,-12.276107788085938,-3.2376041412353516,17.0,4.0,-13.0,12.977099236641221,3.0534351145038165,-9.923664122137405,1.238,1.7260000000000002,0.4880000000000002,0.93146,0.9403,0.00884000000000007,90.82510101010102,90.31352142110762,-0.5115795889933992,1.3,1.21,-0.09000000000000008,0.5038167938931297,0.5648854961832062,0.06106870229007644
2VXP_A,3,1,t060,131,0.41984732824427484,high,not_tier2,0.10687022900763359,0.4351145038167939,0.3969465648854962,-0.03816793893129772,57.0,52.0,-5.0,2.443242311477661,-0.28439968824386597,-2.727641999721527,8.9112548828125,8.793075561523438,-0.1181793212890625,-6.934955596923828,-2.610304355621338,4.32465124130249,19.0,32.0,13.0,14.50381679389313,24.427480916030532,9.923664122137403,0.8039999999999999,0.268,-0.5359999999999999,0.92986,0.90983,-0.020029999999999992,86.0388877755511,77.81630705394191,-8.22258072160919,1.19,1.35,0.16000000000000014,0.5267175572519084,0.4580152671755725,-0.06870229007633588
2VXP_A,4,1,t060,131,0.41984732824427484,high,not_tier2,0.10687022900763359,0.4122137404580153,0.3816793893129771,-0.030534351145038163,54.0,50.0,-4.0,2.766968250274658,1.1862894296646118,-1.5806788206100464,9.96839714050293,9.665597915649414,-0.3027992248535156,-5.940051078796387,-1.4719271659851074,4.468123912811279,25.0,43.0,18.0,19.083969465648856,32.82442748091603,13.740458015267173,0.278,0.188,-0.09000000000000002,0.92006,0.92612,0.006060000000000065,89.37563894523328,88.87790890269152,-0.497730042541761,1.41,1.3,-0.10999999999999988,0.5038167938931297,0.5190839694656488,0.01526717557251911
2VXP_A,5,1,t060,131,0.41984732824427484,high,not_tier2,0.10687022900763359,0.4198473282442748,0.16793893129770993,-0.25190839694656486,55.0,22.0,-33.0,3.226353645324707,-0.1136254072189331,-3.33997905254364,10.12258529663086,0.7675333023071289,-9.35505199432373,-5.886322975158691,-13.577428817749023,-7.691105842590332,6.0,2.0,-4.0,4.580152671755725,1.5267175572519083,-3.0534351145038165,1.494,1.8259999999999998,0.33199999999999985,0.9345,0.95045,0.01595000000000002,89.50165818921668,89.91388028895769,0.4122220997410011,1.29,1.05,-0.24,0.549618320610687,0.5267175572519084,-0.022900763358778664
2VXP_A,6,1,t060,131,0.41984732824427484,high,not_tier2,0.10687022900763359,0.4351145038167939,0.32061068702290074,-0.11450381679389315,57.0,42.0,-15.0,1.1496970653533936,1.6600552797317505,0.5103582143783569,7.333456039428711,7.5466108322143555,0.21315479278564453,-7.9698686599731445,-8.57017707824707,-0.6003084182739258,17.0,50.0,33.0,12.977099236641221,38.16793893129771,25.19083969465649,1.1540000000000001,0.18000000000000002,-0.9740000000000001,0.93428,0.91836,-0.015920000000000045,91.77902892561984,85.00026748971193,-6.77876143590791,1.35,1.32,-0.030000000000000027,0.5267175572519084,0.5419847328244275,0.01526717557251911
2VXP_A,7,1,t060,131,0.41984732824427484,high,not_tier2,0.10687022900763359,0.4732824427480916,0.46564885496183206,-0.007633587786259555,62.0,61.0,-1.0,1.79060959815979,2.899805784225464,1.1091961860656738,9.554019927978516,15.434038162231445,5.88001823425293,-5.930737495422363,0.527409553527832,6.458147048950195,56.0,28.0,-28.0,42.74809160305343,21.374045801526716,-21.374045801526716,0.24200000000000005,0.6059999999999999,0.3639999999999998,0.90574,0.93421,0.028469999999999995,86.41872838250255,91.06068788501027,4.641959502507717,1.47,1.34,-0.1299999999999999,0.5038167938931297,0.5343511450381679,0.03053435114503822
2ERF_A,0,1,t060,209,0.37260765550239233,low_or_equal,not_tier2,0.07177033492822966,0.35406698564593303,0.3875598086124402,0.033492822966507185,74.0,81.0,7.0,1.9980586767196655,0.24445773661136627,-1.7536009401082993,11.569551467895508,9.848299026489258,-1.72125244140625,-6.173905372619629,-2.6325225830078125,3.5413827896118164,11.0,96.0,85.0,5.263157894736842,45.933014354066984,40.66985645933014,1.116,0.128,-0.9880000000000001,0.96921,0.97272,0.003510000000000013,86.56682360326428,85.80466367713004,-0.7621599261342453,1.4,1.3,-0.09999999999999987,0.5550239234449761,0.5358851674641149,-0.019138755980861233
2ERF_A,1,1,t060,209,0.37260765550239233,low_or_equal,not_tier2,0.07177033492822966,0.2727272727272727,0.3444976076555024,0.0717703349282297,57.0,72.0,15.0,2.1289851665496826,0.03471662849187851,-2.094268538057804,14.654178619384766,7.343925952911377,-7.310252666473389,-1.9409666061401367,-5.549474716186523,-3.6085081100463867,102.0,37.0,-65.0,48.803827751196174,17.703349282296653,-31.10047846889952,0.06999999999999999,0.268,0.198,0.96504,0.96223,-0.002809999999999979,85.49571339950371,84.79775523145213,-0.697958168051585,1.37,1.38,0.009999999999999787,0.5598086124401914,0.5454545454545454,-0.014354066985646008
2ERF_A,2,1,t060,209,0.37260765550239233,low_or_equal,not_tier2,0.07177033492822966,0.37320574162679426,0.4258373205741627,0.05263157894736842,78.0,89.0,11.0,1.186022400856018,2.7892322540283203,1.6032098531723022,9.308024406433105,11.692054748535156,2.384030342102051,-9.78134822845459,-5.000497817993164,4.780850410461426,11.0,134.0,123.0,5.263157894736842,64.11483253588517,58.85167464114833,1.134,0.1,-1.0339999999999998,0.96312,0.96642,0.0032999999999999696,87.20218376337318,85.7469142857143,-1.455269477658888,1.44,1.39,-0.050000000000000044,0.5502392344497608,0.5311004784688995,-0.019138755980861233
2ERF_A,3,1,t060,209,0.37260765550239233,low_or_equal,not_tier2,0.07177033492822966,0.45454545454545453,0.39712918660287083,-0.0574162679425837,95.0,83.0,-12.0,3.8040430545806885,2.410515546798706,-1.3935275077819824,17.72021484375,15.359362602233887,-2.3608522415161133,3.196728229522705,-0.10607194900512695,-3.302800178527832,75.0,23.0,-52.0,35.88516746411483,11.004784688995215,-24.880382775119614,0.05800000000000001,0.356,0.298,0.93581,0.94684,0.011029999999999984,78.41965539246969,82.92649032258065,4.506834930110955,1.65,1.81,0.16000000000000014,0.5311004784688995,0.5550239234449761,0.02392344497607657
2ERF_A,4,1,t060,209,0.37260765550239233,low_or_equal,not_tier2,0.07177033492822966,0.3253588516746411,0.22966507177033493,-0.09569377990430619,68.0,48.0,-20.0,1.8951170444488525,0.8169468641281128,-1.0781701803207397,17.136022567749023,7.373434543609619,-9.762588024139404,1.196230411529541,-8.830406188964844,-10.026636600494385,73.0,41.0,-32.0,34.92822966507177,19.617224880382775,-15.311004784688993,0.05800000000000001,0.27599999999999997,0.21799999999999997,0.96214,0.95915,-0.002990000000000048,84.94773274224193,85.65843001261034,0.7106972703684136,1.37,1.26,-0.1100000000000001,0.5263157894736842,0.5119617224880383,-0.014354066985645897
2ERF_A,5,1,t060,209,0.37260765550239233,low_or_equal,not_tier2,0.07177033492822966,0.3157894736842105,0.41148325358851673,0.09569377990430622,66.0,86.0,20.0,0.6936293840408325,0.5531371235847473,-0.1404922604560852,4.205780029296875,6.9874267578125,2.781646728515625,-12.29425048828125,-7.436373233795166,4.857877254486084,19.0,29.0,10.0,9.090909090909092,13.875598086124402,4.78468899521531,0.6180000000000001,0.6619999999999999,0.04399999999999982,0.9377,0.9091,-0.02859999999999996,80.39865139949109,79.92882504841833,-0.4698263510727543,1.55,2.05,0.4999999999999998,0.5502392344497608,0.5454545454545454,-0.004784688995215336
2ERF_A,6,1,t060,209,0.37260765550239233,low_or_equal,not_tier2,0.07177033492822966,0.4258373205741627,0.39712918660287083,-0.02870813397129185,89.0,83.0,-6.0,0.4888109266757965,4.570607662200928,4.081796735525131,2.288522720336914,19.592487335205078,17.303964614868164,-12.635095596313477,3.924044132232666,16.559139728546143,31.0,114.0,83.0,14.832535885167463,54.54545454545454,39.71291866028707,0.44000000000000006,0.018000000000000002,-0.42200000000000004,0.95,0.96746,0.01746000000000003,83.28852511125238,85.00759819703798,1.7190730857855954,1.69,1.48,-0.20999999999999996,0.5358851674641149,0.5502392344497608,0.014354066985645897
2ERF_A,7,1,t060,209,0.37260765550239233,low_or_equal,not_tier2,0.07177033492822966,0.45933014354066987,0.46411483253588515,0.0047846889952152805,96.0,97.0,1.0,2.190342903137207,4.604605674743652,2.4142627716064453,13.834368705749512,17.660566329956055,3.826197624206543,-4.991681098937988,1.5372042655944824,6.528885364532471,18.0,110.0,92.0,8.61244019138756,52.63157894736842,44.01913875598086,0.382,0.048,-0.334,0.94615,0.9417,-0.004450000000000065,84.93569628229365,83.05341885824247,-1.882277424051182,1.79,1.75,-0.040000000000000036,0.5741626794258373,0.5550239234449761,-0.019138755980861233
1EYB_A,0,1,t060,419,0.29982100238663484,low_or_equal,not_tier2,0.30071599045346065,0.3054892601431981,0.3460620525059666,0.040572792362768506,128.0,145.0,17.0,0.738785982131958,2.4301254749298096,1.6913394927978516,5.831026077270508,18.480878829956055,12.649852752685547,-11.07656192779541,1.4478349685668945,12.524396896362305,10.0,49.0,39.0,2.386634844868735,11.694510739856803,9.307875894988069,0.792,0.096,-0.6960000000000001,0.83026,0.84841,0.01815,60.494045413803406,67.41412186379928,6.920076449995875,3.06,2.89,-0.16999999999999993,0.5656324582338902,0.513126491646778,-0.05250596658711215
1EYB_A,1,1,t060,419,0.29982100238663484,low_or_equal,not_tier2,0.30071599045346065,0.18377088305489261,0.3031026252983294,0.11933174224343676,77.0,127.0,50.0,0.5640671253204346,1.2170419692993164,0.6529748439788818,9.06063461303711,19.931507110595703,10.870872497558594,-8.187442779541016,2.7041873931884766,10.891630172729492,21.0,48.0,27.0,5.011933174224343,11.455847255369928,6.443914081145585,0.7500000000000001,0.16799999999999998,-0.5820000000000001,0.84183,0.8498,0.007970000000000033,66.56836163240989,66.4211685190748,-0.1471931133350921,2.97,2.93,-0.040000000000000036,0.5560859188544153,0.5584725536992841,0.0023866348448687846
1EYB_A,2,1,t060,419,0.29982100238663484,low_or_equal,not_tier2,0.30071599045346065,0.26968973747016706,0.4892601431980907,0.21957040572792363,113.0,205.0,92.0,2.087306022644043,2.664306879043579,0.5770008563995361,18.38421630859375,17.309865951538086,-1.074350357055664,-0.0904083251953125,0.8133096694946289,0.9037179946899414,60.0,115.0,55.0,14.319809069212411,27.44630071599045,13.126491646778039,0.23200000000000004,0.096,-0.13600000000000004,0.8222,0.85047,0.028269999999999906,61.46087139423077,67.47179265013445,6.010921255903675,3.48,2.87,-0.6099999999999999,0.5346062052505967,0.5369928400954654,0.0023866348448687846
1EYB_A,3,1,t060,419,0.29982100238663484,low_or_equal,not_tier2,0.30071599045346065,0.27923627684964203,0.3269689737470167,0.04773269689737469,117.0,137.0,20.0,0.5529933571815491,2.0573811531066895,1.5043877959251404,5.500945091247559,18.37240219116211,12.87145709991455,-11.50128173828125,1.7458372116088867,13.247118949890137,7.0,66.0,59.0,1.6706443914081146,15.75178997613365,14.081145584725537,1.188,0.1,-1.0879999999999999,0.83742,0.84386,0.006440000000000001,63.91615568862275,64.6128630217519,0.6967073331291544,3.13,2.87,-0.2599999999999998,0.568019093078759,0.522673031026253,-0.04534606205250602
1EYB_A,4,1,t060,419,0.29982100238663484,low_or_equal,not_tier2,0.30071599045346065,0.26252983293556087,0.3818615751789976,0.11933174224343673,110.0,160.0,50.0,0.600328266620636,0.5161053538322449,-0.08422291278839111,4.707929611206055,6.510068893432617,1.8021392822265625,-11.899377822875977,-10.504440307617188,1.394937515258789,61.0,58.0,-3.0,14.558472553699284,13.842482100238662,-0.7159904534606216,0.11000000000000001,0.294,0.18399999999999997,0.84395,0.83533,-0.008619999999999961,65.39900119617225,64.53960319810483,-0.859397998067422,3.02,3.22,0.20000000000000018,0.513126491646778,0.5465393794749404,0.03341288782816232
1EYB_A,5,1,t060,419,0.29982100238663484,low_or_equal,not_tier2,0.30071599045346065,0.36992840095465396,0.36992840095465396,0.0,155.0,155.0,0.0,1.5657150745391846,1.2578439712524414,-0.30787110328674316,15.26778793334961,13.832561492919922,-1.4352264404296875,-1.8304848670959473,-3.210287094116211,-1.3798022270202637,42.0,41.0,-1.0,10.023866348448687,9.785202863961814,-0.2386634844868727,0.254,0.198,-0.055999999999999994,0.8305,0.83364,0.0031400000000000317,62.20337514934289,66.75455357142857,4.551178422085684,2.88,2.77,-0.10999999999999988,0.5560859188544153,0.5393794749403341,-0.01670644391408116
1EYB_A,6,1,t060,419,0.29982100238663484,low_or_equal,not_tier2,0.30071599045346065,0.38902147971360385,0.38902147971360385,0.0,163.0,163.0,0.0,1.0302006006240845,2.703967809677124,1.6737672090530396,9.508895874023438,19.932279586791992,10.423383712768555,-7.479597568511963,3.169785499572754,10.649383068084717,35.0,90.0,55.0,8.353221957040573,21.479713603818613,13.12649164677804,0.458,0.018000000000000002,-0.44,0.8134,0.84752,0.03412000000000004,65.59289095266627,61.444212257100155,-4.148678695566112,3.32,3.06,-0.2599999999999998,0.5298329355608592,0.522673031026253,-0.007159904534606243
1EYB_A,7,1,t060,419,0.29982100238663484,low_or_equal,not_tier2,0.30071599045346065,0.33890214797136037,0.24821002386634844,-0.09069212410501193,142.0,104.0,-38.0,0.915894627571106,1.113090991973877,0.197196364402771,10.8891019821167,17.620956420898438,6.731854438781738,-6.221534252166748,0.4046773910522461,6.626211643218994,13.0,27.0,14.0,3.1026252983293556,6.443914081145586,3.34128878281623,1.374,0.196,-1.1780000000000002,0.8373,0.84221,0.00490999999999997,63.02068289786224,65.33245901639344,2.3117761185312062,3.18,3.1,-0.08000000000000007,0.5393794749403341,0.5393794749403341,0.0
6HGM_A,0,1,t060,330,0.42159090909090907,high,not_tier2,0.25757575757575757,0.3575757575757576,0.403030303030303,0.045454545454545414,118.0,133.0,15.0,1.5114191770553589,1.3864420652389526,-0.12497711181640625,16.50166893005371,8.082072257995605,-8.419596672058105,-3.1383910179138184,-9.737398147583008,-6.5990071296691895,50.0,36.0,-14.0,15.151515151515152,10.909090909090908,-4.242424242424244,0.10600000000000001,0.458,0.352,0.9889,0.99056,0.0016599999999999948,85.44245810055865,86.20210007581501,0.7596419752563577,0.75,0.68,-0.06999999999999995,0.5181818181818182,0.5575757575757576,0.039393939393939426
6HGM_A,1,1,t060,330,0.42159090909090907,high,not_tier2,0.25757575757575757,0.38484848484848483,0.36666666666666664,-0.018181818181818188,127.0,121.0,-6.0,2.117164134979248,0.9464118480682373,-1.1707522869110107,11.501386642456055,9.09400463104248,-2.407382011413574,-4.5962114334106445,-9.61023998260498,-5.014028549194336,73.0,24.0,-49.0,22.12121212121212,7.2727272727272725,-14.848484848484848,0.08,0.9,0.8200000000000001,0.98526,0.98651,0.0012499999999999734,86.43446583616459,85.04206081081081,-1.3924050253537814,0.94,0.88,-0.05999999999999994,0.5333333333333333,0.5575757575757576,0.024242424242424288
6HGM_A,2,1,t060,330,0.42159090909090907,high,not_tier2,0.25757575757575757,0.44545454545454544,0.48787878787878786,0.04242424242424242,147.0,161.0,14.0,2.858680009841919,3.9449522495269775,1.0862722396850586,20.099971771240234,19.499401092529297,-0.6005706787109375,3.558094024658203,3.1537227630615234,-0.4043712615966797,38.0,91.0,53.0,11.515151515151516,27.575757575757574,16.06060606060606,0.438,0.022000000000000002,-0.416,0.98308,0.97688,-0.006199999999999983,85.11421845574388,85.85790396341464,0.7436855076707616,0.6,1.15,0.5499999999999999,0.5818181818181818,0.5393939393939394,-0.042424242424242364
6HGM_A,3,1,t060,330,0.42159090909090907,high,not_tier2,0.25757575757575757,0.36363636363636365,0.43636363636363634,0.0727272727272727,120.0,144.0,24.0,1.4460290670394897,1.3975930213928223,-0.04843604564666748,6.807332992553711,15.800483703613281,8.99315071105957,-10.26977252960205,0.6895265579223633,10.959299087524414,25.0,60.0,35.0,7.575757575757576,18.181818181818183,10.606060606060607,0.596,0.092,-0.504,0.98893,0.98979,0.0008599999999999719,86.05235404896422,85.748377760853,-0.30397628811121535,0.75,0.72,-0.030000000000000027,0.5848484848484848,0.5575757575757576,-0.027272727272727226
6HGM_A,4,1,t060,330,0.42159090909090907,high,not_tier2,0.25757575757575757,0.4727272727272727,0.3606060606060606,-0.11212121212121212,156.0,119.0,-37.0,3.009516477584839,1.672485113143921,-1.337031364440918,16.498281478881836,13.507661819458008,-2.990619659423828,0.17197132110595703,-3.402099132537842,-3.574070453643799,103.0,58.0,-45.0,31.212121212121215,17.575757575757574,-13.63636363636364,0.018000000000000002,0.094,0.076,0.99056,0.97383,-0.016730000000000023,87.67198134328358,85.4292313517607,-2.242749991522871,0.72,0.95,0.22999999999999998,0.5393939393939394,0.5757575757575758,0.036363636363636376
6HGM_A,5,1,t060,330,0.42159090909090907,high,not_tier2,0.25757575757575757,0.41818181818181815,0.4636363636363636,0.04545454545454547,138.0,153.0,15.0,2.3866803646087646,1.7269396781921387,-0.659740686416626,17.929719924926758,11.847020149230957,-6.082699775695801,1.319382667541504,-4.359766960144043,-5.679149627685547,148.0,43.0,-105.0,44.84848484848485,13.030303030303031,-31.81818181818182,0.036,0.312,0.276,0.99008,0.98476,-0.005319999999999991,87.35524684270953,84.17411036036036,-3.1811364823491743,0.75,0.97,0.21999999999999997,0.5606060606060606,0.5545454545454546,-0.006060606060605989
6HGM_A,6,1,t060,330,0.42159090909090907,high,not_tier2,0.25757575757575757,0.4696969696969697,0.45454545454545453,-0.015151515151515194,155.0,150.0,-5.0,3.0321123600006104,2.459299087524414,-0.5728132724761963,18.758468627929688,19.44865608215332,0.6901874542236328,2.770679473876953,2.9953298568725586,0.22465038299560547,139.0,64.0,-75.0,42.12121212121212,19.393939393939394,-22.727272727272723,0.02,0.076,0.055999999999999994,0.98814,0.99079,0.00264999999999993,86.78093415007656,84.62925515660811,-2.151678993468451,0.87,0.68,-0.18999999999999995,0.5424242424242425,0.5848484848484848,0.042424242424242364
6HGM_A,7,1,t060,330,0.42159090909090907,high,not_tier2,0.25757575757575757,0.46060606060606063,0.3696969696969697,-0.09090909090909094,152.0,122.0,-30.0,1.7986983060836792,1.7687046527862549,-0.029993653297424316,17.548933029174805,15.402393341064453,-2.1465396881103516,1.483597755432129,-1.398421287536621,-2.88201904296875,35.0,20.0,-15.0,10.606060606060606,6.0606060606060606,-4.545454545454545,0.194,0.764,0.5700000000000001,0.98973,0.97788,-0.011850000000000027,87.70085922516303,84.66458076923077,-3.036278455932262,0.81,1.22,0.4099999999999999,0.5666666666666667,0.6060606060606061,0.039393939393939426
4HQ8_E,0,2,t060,214,0.31133177570093457,low_or_equal,low_or_equal,0.24766355140186916,0.397196261682243,0.40186915887850466,0.004672897196261683,85.0,86.0,1.0,2.901768207550049,1.9537841081619263,-0.9479840993881226,11.691105842590332,10.471549034118652,-1.2195568084716797,-4.424677848815918,-5.867124557495117,-1.4424467086791992,56.0,55.0,-1.0,26.168224299065418,25.70093457943925,-0.4672897196261694,0.30199999999999994,0.42000000000000004,0.1180000000000001,0.38698,0.46884,0.08185999999999999,28.78421398684997,39.68123384253819,10.897019855688221,4.54,4.4,-0.13999999999999968,0.514018691588785,0.5420560747663551,0.028037383177570097
4HQ8_E,1,2,t060,214,0.31133177570093457,low_or_equal,low_or_equal,0.24766355140186916,0.17757009345794392,0.14018691588785046,-0.03738317757009346,38.0,30.0,-8.0,1.378695011138916,0.32153943181037903,-1.057155579328537,14.614616394042969,5.931817054748535,-8.682799339294434,-1.9110393524169922,-13.017096519470215,-11.106057167053223,38.0,7.0,-31.0,17.75700934579439,3.2710280373831773,-14.485981308411214,0.21000000000000002,0.776,0.5660000000000001,0.33888,0.44943,0.11054999999999998,29.58243551289742,39.73881516587677,10.156379652979354,4.54,4.46,-0.08000000000000007,0.48598130841121495,0.5186915887850467,0.03271028037383178
4HQ8_E,2,2,t060,214,0.31133177570093457,low_or_equal,low_or_equal,0.24766355140186916,0.3925233644859813,0.3878504672897196,-0.004672897196261683,84.0,83.0,-1.0,1.785037875175476,1.9924402236938477,0.20740234851837158,15.896526336669922,15.100896835327148,-0.7956295013427734,0.11015701293945312,-1.0981826782226562,-1.2083396911621094,35.0,46.0,11.0,16.355140186915886,21.49532710280374,5.140186915887853,0.5860000000000001,0.32,-0.26600000000000007,0.36905,0.43543,0.06638,31.745448444173277,34.43045942720764,2.68501098303436,4.64,4.07,-0.5699999999999994,0.5233644859813084,0.5327102803738317,0.009345794392523366
4HQ8_E,3,2,t060,214,0.31133177570093457,low_or_equal,low_or_equal,0.24766355140186916,0.1308411214953271,0.29439252336448596,0.16355140186915887,28.0,63.0,35.0,1.018558144569397,1.4641304016113281,0.44557225704193115,9.389244079589844,15.405850410461426,6.016606330871582,-7.150756359100342,-1.0935230255126953,6.0572333335876465,49.0,8.0,-41.0,22.897196261682243,3.7383177570093453,-19.1588785046729,0.057999999999999996,0.9279999999999999,0.8699999999999999,0.40341,0.34064,-0.06276999999999999,35.91958583433373,29.945396158463385,-5.974189675870345,4.03,4.44,0.41000000000000014,0.48130841121495327,0.5,0.01869158878504673
4HQ8_E,4,2,t060,214,0.31133177570093457,low_or_equal,low_or_equal,0.24766355140186916,0.3317757009345794,0.20093457943925233,-0.1308411214953271,71.0,43.0,-28.0,0.7914257049560547,1.041227102279663,0.2498013973236084,4.445634841918945,11.689214706420898,7.243579864501953,-11.459314346313477,-7.685176849365234,3.774137496948242,8.0,19.0,11.0,3.7383177570093453,8.878504672897195,5.14018691588785,1.306,0.6619999999999999,-0.6440000000000001,0.40299,0.31094,-0.09205000000000002,31.635473747736874,29.602708968883462,-2.0327647788534122,5.31,4.79,-0.5199999999999996,0.5093457943925234,0.46261682242990654,-0.04672897196261683
4HQ8_E,5,2,t060,214,0.31133177570093457,low_or_equal,low_or_equal,0.24766355140186916,0.3364485981308411,0.3130841121495327,-0.023364485981308414,72.0,67.0,-5.0,1.4498591423034668,0.6621065735816956,-0.7877525687217712,16.81656837463379,5.50191593170166,-11.314652442932129,2.5640859603881836,-10.859227180480957,-13.42331314086914,94.0,17.0,-77.0,43.925233644859816,7.943925233644859,-35.981308411214954,0.016,0.9959999999999999,0.9799999999999999,0.32023,0.41655,0.09631999999999996,27.937472858866105,29.90631451123254,1.9688416523664358,5.57,5.45,-0.1200000000000001,0.5233644859813084,0.48130841121495327,-0.04205607476635509
4HQ8_E,6,2,t060,214,0.31133177570093457,low_or_equal,low_or_equal,0.24766355140186916,0.40186915887850466,0.21962616822429906,-0.1822429906542056,86.0,47.0,-39.0,1.860184907913208,0.9652794599533081,-0.8949054479598999,16.168272018432617,10.932365417480469,-5.235906600952148,0.3941202163696289,-8.170931816101074,-8.565052032470703,64.0,25.0,-39.0,29.906542056074763,11.682242990654206,-18.224299065420556,0.306,0.492,0.186,0.38424,0.35127,-0.03297,31.877670316301703,29.207768496420048,-2.6699018198816553,5.59,5.36,-0.22999999999999954,0.5093457943925234,0.5467289719626168,0.03738317757009346
4HQ8_E,7,2,t060,214,0.31133177570093457,low_or_equal,low_or_equal,0.24766355140186916,0.32242990654205606,0.4485981308411215,0.12616822429906543,69.0,96.0,27.0,0.80328768491745,1.522774338722229,0.719486653804779,5.92484188079834,10.124473571777344,4.199631690979004,-10.955384254455566,-8.845159530639648,2.110224723815918,21.0,61.0,40.0,9.813084112149532,28.504672897196258,18.691588785046726,0.258,0.18,-0.07800000000000001,0.4929,0.39446,-0.09844000000000003,47.36737492642731,40.0517147908073,-7.315660135620007,4.01,4.1,0.08999999999999986,0.514018691588785,0.5467289719626168,0.032710280373831835
4C9G_A,0,2,t060,265,0.4429245283018868,high,high,0.2792452830188679,0.4867924528301887,0.4830188679245283,-0.0037735849056603765,129.0,128.0,-1.0,3.0841078758239746,4.35268497467041,1.2685770988464355,14.678606033325195,15.780627250671387,1.1020212173461914,0.6795063018798828,-0.406527042388916,-1.0860333442687988,213.0,168.0,-45.0,80.37735849056604,63.39622641509434,-16.9811320754717,0.046000000000000006,0.028000000000000004,-0.018000000000000002,0.90422,0.93233,0.02810999999999997,86.87749505928853,86.36299356754081,-0.5145014917477226,2.2,1.74,-0.4600000000000002,0.6226415094339622,0.6754716981132075,0.05283018867924527
4C9G_A,1,2,t060,265,0.4429245283018868,high,high,0.2792452830188679,0.4867924528301887,0.4490566037735849,-0.037735849056603765,129.0,119.0,-10.0,4.940500736236572,4.224238872528076,-0.7162618637084961,20.11237907409668,16.91642951965332,-3.1959495544433594,4.1787872314453125,0.08071517944335938,-4.098072052001953,189.0,134.0,-55.0,71.32075471698113,50.56603773584906,-20.75471698113207,0.02,0.026000000000000002,0.006000000000000002,0.89807,0.86396,-0.034110000000000085,88.0425656265478,86.30748272458045,-1.7350829019673455,2.37,2.64,0.27,0.6150943396226415,0.6226415094339622,0.007547169811320753
4C9G_A,2,2,t060,265,0.4429245283018868,high,high,0.2792452830188679,0.4037735849056604,0.4490566037735849,0.04528301886792452,107.0,119.0,12.0,3.9601171016693115,2.886640787124634,-1.0734763145446777,17.182350158691406,17.558032989501953,0.3756828308105469,0.7034435272216797,0.7052984237670898,0.0018548965454101562,111.0,111.0,0.0,41.88679245283019,41.88679245283019,0.0,0.036,0.026000000000000002,-0.009999999999999995,0.91363,0.93142,0.017789999999999973,87.0182470703125,88.86323558648111,1.8449885161686126,2.02,1.77,-0.25,0.6830188679245283,0.6415094339622641,-0.04150943396226414
4C9G_A,3,2,t060,265,0.4429245283018868,high,high,0.2792452830188679,0.41509433962264153,0.4641509433962264,0.049056603773584895,110.0,123.0,13.0,3.208899974822998,2.9388797283172607,-0.2700202465057373,15.26633358001709,14.42252254486084,-0.84381103515625,-0.8563365936279297,0.01987743377685547,0.8762140274047852,127.0,120.0,-7.0,47.924528301886795,45.28301886792453,-2.6415094339622627,0.048,0.05600000000000001,0.008000000000000007,0.91855,0.93032,0.011770000000000058,87.4375651746188,89.20664363277395,1.7690784581551497,1.98,1.76,-0.21999999999999997,0.6528301886792452,0.6226415094339622,-0.030188679245283012
4C9G_A,4,2,t060,265,0.4429245283018868,high,high,0.2792452830188679,0.4377358490566038,0.4830188679245283,0.04528301886792452,116.0,128.0,12.0,3.1259865760803223,3.180229902267456,0.05424332618713379,16.065603256225586,13.66199779510498,-2.4036054611206055,-0.2229299545288086,-2.624502182006836,-2.4015722274780273,117.0,125.0,8.0,44.15094339622642,47.16981132075472,3.018867924528301,0.16999999999999998,0.046,-0.12399999999999999,0.86044,0.93976,0.07932000000000006,85.80269920318726,83.23886262924668,-2.563836573940577,2.66,1.65,-1.0100000000000002,0.6641509433962264,0.6830188679245283,0.018867924528301883
4C9G_A,5,2,t060,265,0.4429245283018868,high,high,0.2792452830188679,0.4037735849056604,0.4830188679245283,0.0792452830188679,107.0,128.0,21.0,2.7090210914611816,4.168582916259766,1.459561824798584,13.378124237060547,18.24245834350586,4.8643341064453125,-2.8628711700439453,1.8894977569580078,4.752368927001953,135.0,133.0,-2.0,50.943396226415096,50.18867924528302,-0.7547169811320771,0.05600000000000001,0.026000000000000002,-0.030000000000000006,0.94556,0.93996,-0.005599999999999938,78.44008933002482,77.21531234866828,-1.2247769813565412,1.54,1.62,0.08000000000000007,0.6641509433962264,0.6830188679245283,0.018867924528301883
4C9G_A,6,2,t060,265,0.4429245283018868,high,high,0.2792452830188679,0.47924528301886793,0.4490566037735849,-0.030188679245283012,127.0,119.0,-8.0,2.0245015621185303,3.5128486156463623,1.488347053527832,14.075769424438477,18.718591690063477,4.642822265625,2.053816795349121,2.2797412872314453,0.22592449188232422,273.0,153.0,-120.0,103.01886792452831,57.73584905660377,-45.28301886792454,0.032,0.026000000000000002,-0.005999999999999998,0.75383,0.79953,0.04569999999999996,85.84187899655682,80.89134586838199,-4.9505331281748255,3.81,3.48,-0.33000000000000007,0.6,0.6,0.0
4C9G_A,7,2,t060,265,0.4429245283018868,high,high,0.2792452830188679,0.43018867924528303,0.4867924528301887,0.05660377358490565,114.0,129.0,15.0,2.78631329536438,5.046387672424316,2.2600743770599365,15.295049667358398,16.940519332885742,1.6454696655273438,-0.9761795997619629,0.8222293853759766,1.7984089851379395,42.0,179.0,137.0,15.849056603773585,67.54716981132076,51.69811320754717,0.198,0.036,-0.162,0.898,0.92673,0.028730000000000033,80.80443443443444,88.38014257620452,7.575708141770079,2.25,1.9,-0.3500000000000001,0.569811320754717,0.6339622641509434,0.0641509433962264
5X0O_B,0,2,t060,192,0.3815104166666667,high,high,0.25,0.4427083333333333,0.4635416666666667,0.02083333333333337,85.0,89.0,4.0,1.14640474319458,1.4606561660766602,0.3142514228820801,7.47307014465332,7.481476306915283,0.00840616226196289,-8.35216999053955,-9.146402359008789,-0.7942323684692383,39.0,7.0,-32.0,20.3125,3.6458333333333335,-16.666666666666668,0.252,0.738,0.486,0.83527,0.84073,0.00546000000000002,78.54175115207373,73.97464963981663,-4.567101512257096,2.49,2.6,0.10999999999999988,0.484375,0.4427083333333333,-0.041666666666666685
5X0O_B,1,2,t060,192,0.3815104166666667,high,high,0.25,0.4479166666666667,0.453125,0.005208333333333315,86.0,87.0,1.0,1.4026011228561401,1.9141820669174194,0.5115809440612793,5.833203315734863,12.715059280395508,6.8818559646606445,-10.379289627075195,-2.8265771865844727,7.552712440490723,18.0,5.0,-13.0,9.375,2.604166666666667,-6.770833333333333,0.566,1.3679999999999999,0.8019999999999999,0.87087,0.87295,0.0020799999999999708,76.10459370904326,75.64215568862275,-0.46243802042050675,2.18,2.31,0.1299999999999999,0.4635416666666667,0.4583333333333333,-0.00520833333333337
5X0O_B,2,2,t060,192,0.3815104166666667,high,high,0.25,0.3697916666666667,0.4010416666666667,0.03125,71.0,77.0,6.0,0.9729164242744446,3.3175437450408936,2.344627320766449,4.84084415435791,15.712577819824219,10.871733665466309,-11.387407302856445,-0.3320646286010742,11.055342674255371,9.0,29.0,20.0,4.6875,15.104166666666666,10.416666666666666,0.8379999999999999,0.29000000000000004,-0.5479999999999998,0.9385,0.88035,-0.058150000000000035,81.27188396349413,83.79567796610169,2.523794002607559,1.38,2.11,0.73,0.4322916666666667,0.46875,0.036458333333333315
5X0O_B,3,2,t060,192,0.3815104166666667,high,high,0.25,0.15625,0.265625,0.109375,30.0,51.0,21.0,0.3065037727355957,1.0489979982376099,0.7424942255020142,3.83563232421875,10.740585327148438,6.9049530029296875,-12.286991119384766,-5.697270393371582,6.589720726013184,39.0,36.0,-3.0,20.3125,18.75,-1.5625,0.29799999999999993,0.04,-0.25799999999999995,0.88702,0.88116,-0.005859999999999976,78.7039817232376,83.89653994845361,5.192558225216004,2.0,1.97,-0.030000000000000027,0.4947916666666667,0.484375,-0.010416666666666685
5X0O_B,4,2,t060,192,0.3815104166666667,high,high,0.25,0.359375,0.4375,0.078125,69.0,84.0,15.0,0.9644742012023926,2.5293354988098145,1.5648612976074219,5.793434143066406,15.802364349365234,10.008930206298828,-10.324137687683105,-0.3068208694458008,10.017316818237305,5.0,39.0,34.0,2.604166666666667,20.3125,17.708333333333332,1.3820000000000001,0.162,-1.2200000000000002,0.8658,0.89892,0.03312000000000004,76.63032916392363,78.8579870967742,2.227657932850562,2.15,1.94,-0.20999999999999996,0.46875,0.4479166666666667,-0.020833333333333315
5X0O_B,5,2,t060,192,0.3815104166666667,high,high,0.25,0.484375,0.40625,-0.078125,93.0,78.0,-15.0,2.488563299179077,2.1803085803985596,-0.3082547187805176,11.234777450561523,16.7515869140625,5.516809463500977,-4.877712726593018,3.3583312034606934,8.236043930053711,42.0,51.0,9.0,21.875,26.5625,4.6875,0.21799999999999997,0.22000000000000003,0.0020000000000000573,0.89977,0.86857,-0.031200000000000006,79.04844018506279,77.10160550458716,-1.9468346804756322,1.86,2.17,0.30999999999999983,0.4635416666666667,0.484375,0.020833333333333315
5X0O_B,6,2,t060,192,0.3815104166666667,high,high,0.25,0.3541666666666667,0.3385416666666667,-0.015625,68.0,65.0,-3.0,0.9744963049888611,0.38650867342948914,-0.587987631559372,6.1715545654296875,2.0222816467285156,-4.149272918701172,-9.644515991210938,-13.230291366577148,-3.585775375366211,5.0,19.0,14.0,2.604166666666667,9.895833333333332,7.291666666666665,1.328,0.41200000000000003,-0.916,0.88764,0.86189,-0.02574999999999994,81.44013806706114,76.5547012987013,-4.885436768359838,1.97,2.22,0.2500000000000002,0.4427083333333333,0.4739583333333333,0.03125
5X0O_B,7,2,t060,192,0.3815104166666667,high,high,0.25,0.4375,0.390625,-0.046875,84.0,75.0,-9.0,-0.3850882053375244,1.6768708229064941,2.0619590282440186,2.73968505859375,8.819703102111816,6.080018043518066,-10.74972152709961,-7.15823221206665,3.591489315032959,22.0,35.0,13.0,11.458333333333332,18.229166666666664,6.770833333333332,0.476,0.146,-0.32999999999999996,0.9305,0.85067,-0.07982999999999996,79.18403681788297,84.16990013315579,4.985863315272823,1.56,2.3,0.7399999999999998,0.4895833333333333,0.53125,0.041666666666666685
1PXZ_B,0,2,t060,346,0.4136560693641618,high,high,0.12716763005780346,0.41329479768786126,0.3988439306358382,-0.014450867052023086,143.0,138.0,-5.0,2.169145345687866,1.8823128938674927,-0.28683245182037354,19.627422332763672,19.082698822021484,-0.5447235107421875,3.130375862121582,0.13133621215820312,-2.999039649963379,83.0,42.0,-41.0,23.98843930635838,12.138728323699421,-11.849710982658959,0.1,0.258,0.158,0.89747,0.88981,-0.00766,78.78766590389016,75.95329291398257,-2.8343729899075925,2.2,2.15,-0.050000000000000266,0.6213872832369942,0.5895953757225434,-0.03179190751445082
1PXZ_B,1,2,t060,346,0.4136560693641618,high,high,0.12716763005780346,0.4479768786127168,0.3699421965317919,-0.0780346820809249,155.0,128.0,-27.0,2.2645950317382812,1.7883994579315186,-0.4761955738067627,18.43634796142578,17.139665603637695,-1.296682357788086,-0.7428221702575684,-1.7666959762573242,-1.0238738059997559,36.0,45.0,9.0,10.404624277456648,13.005780346820808,2.60115606936416,0.312,0.33999999999999997,0.02799999999999997,0.90571,0.89276,-0.012950000000000017,78.06344021124104,76.59516275548827,-1.4682774557527694,2.52,2.31,-0.20999999999999996,0.5982658959537572,0.6069364161849711,0.00867052023121384
1PXZ_B,2,2,t060,346,0.4136560693641618,high,high,0.12716763005780346,0.4913294797687861,0.4393063583815029,-0.05202312138728321,170.0,152.0,-18.0,2.418811559677124,1.8410382270812988,-0.5777733325958252,18.951757431030273,16.962177276611328,-1.9895801544189453,-0.2717247009277344,0.13614559173583984,0.4078702926635742,71.0,64.0,-7.0,20.520231213872833,18.497109826589593,-2.02312138728324,0.24000000000000005,0.268,0.02799999999999997,0.89014,0.89851,0.008369999999999989,80.31536987351475,76.04507479431564,-4.270295079199116,2.52,1.99,-0.53,0.6242774566473989,0.615606936416185,-0.00867052023121384
1PXZ_B,3,2,t060,346,0.4136560693641618,high,high,0.12716763005780346,0.40173410404624277,0.49710982658959535,0.09537572254335258,139.0,172.0,33.0,1.04567289352417,2.322664976119995,1.2769920825958252,13.384593963623047,16.58133888244629,3.196744918823242,-1.2434115409851074,1.4438905715942383,2.6873021125793457,41.0,159.0,118.0,11.849710982658959,45.95375722543353,34.10404624277457,0.366,0.072,-0.294,0.88407,0.90194,0.01786999999999994,77.1133586050038,77.19291650781547,0.07955790281167197,2.4,2.34,-0.06000000000000005,0.6040462427745664,0.6127167630057804,0.008670520231213952
1PXZ_B,4,2,t060,346,0.4136560693641618,high,high,0.12716763005780346,0.41329479768786126,0.430635838150289,0.017341040462427737,143.0,149.0,6.0,1.4938225746154785,3.851997137069702,2.3581745624542236,10.91366195678711,17.577878952026367,6.664216995239258,-7.7307515144348145,2.0291833877563477,9.759934902191162,74.0,128.0,54.0,21.38728323699422,36.99421965317919,15.606936416184965,0.182,0.098,-0.08399999999999999,0.90114,0.9323,0.031159999999999966,78.55404086265607,77.78573523881158,-0.7683056238444834,2.14,2.41,0.27,0.6242774566473989,0.6445086705202312,0.020231213872832332
1PXZ_B,5,2,t060,346,0.4136560693641618,high,high,0.12716763005780346,0.47109826589595377,0.4421965317919075,-0.028901734104046284,163.0,153.0,-10.0,2.348421096801758,3.3907623291015625,1.0423412322998047,15.176006317138672,18.340991973876953,3.1649856567382812,-0.6343207359313965,-0.3515653610229492,0.28275537490844727,109.0,62.0,-47.0,31.502890173410403,17.91907514450867,-13.583815028901732,0.146,0.312,0.166,0.94385,0.93332,-0.010529999999999928,76.66113670694864,73.90193610469592,-2.7592006022527187,2.1,2.11,0.009999999999999787,0.6127167630057804,0.638728323699422,0.026011560693641633
1PXZ_B,6,2,t060,346,0.4136560693641618,high,high,0.12716763005780346,0.3439306358381503,0.3815028901734104,0.03757225433526007,119.0,132.0,13.0,1.3272191286087036,1.6669238805770874,0.3397047519683838,14.717025756835938,18.255048751831055,3.538022994995117,-4.840537071228027,2.1805992126464844,7.021136283874512,90.0,72.0,-18.0,26.011560693641616,20.809248554913296,-5.20231213872832,0.28200000000000003,0.128,-0.15400000000000003,0.9277,0.90573,-0.021969999999999934,78.29103762827822,77.94715596330276,-0.3438816649754557,2.37,2.17,-0.20000000000000018,0.6098265895953757,0.6184971098265896,0.00867052023121384
1PXZ_B,7,2,t060,346,0.4136560693641618,high,high,0.12716763005780346,0.3265895953757225,0.37283236994219654,0.04624277456647402,113.0,129.0,16.0,1.4246102571487427,2.5384459495544434,1.1138356924057007,14.916711807250977,20.13475799560547,5.218046188354492,-2.0213656425476074,3.504758834838867,5.526124477386475,65.0,105.0,40.0,18.786127167630056,30.346820809248555,11.5606936416185,0.33799999999999997,0.016,-0.32199999999999995,0.90301,0.85698,-0.046030000000000015,78.87005355776589,75.38865259117082,-3.4814009665950607,2.47,2.64,0.16999999999999993,0.615606936416185,0.615606936416185,0.0
4AC2_A,0,2,t060,115,0.3282608695652174,low_or_equal,low_or_equal,0.25217391304347825,0.45217391304347826,0.4956521739130435,0.043478260869565244,52.0,57.0,5.0,1.6611523628234863,1.9578970670700073,0.296744704246521,9.833423614501953,12.360512733459473,2.5270891189575195,-8.612313270568848,-2.9333596229553223,5.678953647613525,6.0,41.0,35.0,5.217391304347826,35.65217391304348,30.43478260869565,1.2040000000000002,0.10800000000000001,-1.096,0.95801,0.96441,0.006399999999999961,86.37747767857142,86.14483023001095,-0.2326474485604706,1.02,0.94,-0.08000000000000007,0.43478260869565216,0.4782608695652174,0.043478260869565244
4AC2_A,1,2,t060,115,0.3282608695652174,low_or_equal,low_or_equal,0.25217391304347825,0.2608695652173913,0.4,0.13913043478260873,30.0,46.0,16.0,1.4911690950393677,2.9815828800201416,1.490413784980774,9.74881649017334,9.481842041015625,-0.26697444915771484,-6.783151149749756,-5.882918357849121,0.9002327919006348,33.0,27.0,-6.0,28.695652173913043,23.47826086956522,-5.217391304347824,0.282,0.41800000000000004,0.13600000000000007,0.96509,0.95748,-0.007610000000000006,84.76895691609977,87.76747252747252,2.9985156113727527,1.05,1.09,0.040000000000000036,0.43478260869565216,0.48695652173913045,0.05217391304347829
4AC2_A,2,2,t060,115,0.3282608695652174,low_or_equal,low_or_equal,0.25217391304347825,0.043478260869565216,0.1565217391304348,0.11304347826086958,5.0,18.0,13.0,0.05865422263741493,0.11412638425827026,0.05547216162085533,0.9946212768554688,1.5713796615600586,0.5767583847045898,-14.099370002746582,-13.953479766845703,0.1458902359008789,4.0,34.0,30.0,3.4782608695652173,29.565217391304348,26.08695652173913,1.6440000000000001,0.38999999999999996,-1.2540000000000002,0.96265,0.96583,0.0031799999999999606,85.96286975717439,84.67379498364231,-1.2890747735320787,1.02,0.88,-0.14,0.5478260869565217,0.5130434782608696,-0.034782608695652084
4AC2_A,3,2,t060,115,0.3282608695652174,low_or_equal,low_or_equal,0.25217391304347825,0.43478260869565216,0.41739130434782606,-0.017391304347826098,50.0,48.0,-2.0,2.062450647354126,0.840258002281189,-1.222192645072937,14.51219367980957,6.11877965927124,-8.39341402053833,-4.087244987487793,-9.0679931640625,-4.980748176574707,22.0,28.0,6.0,19.130434782608695,24.347826086956523,5.217391304347828,0.42000000000000004,0.19,-0.23000000000000004,0.95297,0.95749,0.0045199999999999685,83.38878656554714,85.07360745614035,1.6848208905932154,1.16,0.98,-0.17999999999999994,0.4260869565217391,0.46956521739130436,0.043478260869565244
4AC2_A,4,2,t060,115,0.3282608695652174,low_or_equal,low_or_equal,0.25217391304347825,0.4,0.46956521739130436,0.06956521739130433,46.0,54.0,8.0,0.9125478863716125,2.624272584915161,1.7117246985435486,5.190863609313965,11.108936309814453,5.918072700500488,-11.989492416381836,-4.361636161804199,7.627856254577637,21.0,33.0,12.0,18.26086956521739,28.695652173913043,10.434782608695652,0.726,0.13999999999999999,-0.586,0.95185,0.94551,-0.006340000000000012,83.77944196428572,85.52012917115178,1.7406872068660562,1.08,1.26,0.17999999999999994,0.4608695652173913,0.4260869565217391,-0.034782608695652195
4AC2_A,5,2,t060,115,0.3282608695652174,low_or_equal,low_or_equal,0.25217391304347825,0.40869565217391307,0.06086956521739131,-0.3478260869565218,47.0,7.0,-40.0,2.547755718231201,0.05080343410372734,-2.496952284127474,10.213823318481445,1.3962697982788086,-8.817553520202637,-3.7374160289764404,-13.90401840209961,-10.166602373123169,48.0,12.0,-36.0,41.73913043478261,10.434782608695652,-31.304347826086957,0.11000000000000001,0.674,0.5640000000000001,0.95439,0.96901,0.014620000000000077,78.58801948051948,82.99895810955961,4.410938629040132,0.71,0.79,0.08000000000000007,0.45217391304347826,0.41739130434782606,-0.034782608695652195
4AC2_A,6,2,t060,115,0.3282608695652174,low_or_equal,low_or_equal,0.25217391304347825,0.20869565217391303,0.2782608695652174,0.06956521739130436,24.0,32.0,8.0,0.07552704960107803,-0.19960956275463104,-0.2751366123557091,0.9265365600585938,4.747922897338867,3.8213863372802734,-13.542794227600098,-11.223737716674805,2.319056510925293,24.0,37.0,13.0,20.869565217391305,32.17391304347826,11.304347826086953,0.47000000000000003,0.284,-0.18600000000000005,0.9581,0.95776,-0.00034000000000000696,86.25186252771618,86.77979097909791,0.527928451381726,1.19,1.11,-0.07999999999999985,0.4434782608695652,0.4608695652173913,0.017391304347826098
4AC2_A,7,2,t060,115,0.3282608695652174,low_or_equal,low_or_equal,0.25217391304347825,0.41739130434782606,0.391304347826087,-0.02608695652173909,48.0,45.0,-3.0,2.049288034439087,1.3662123680114746,-0.6830756664276123,9.412459373474121,11.087804794311523,1.6753454208374023,-7.5025553703308105,-7.55568790435791,-0.05313253402709961,26.0,27.0,1.0,22.608695652173914,23.47826086956522,0.8695652173913047,0.29000000000000004,0.22600000000000003,-0.064,0.96574,0.96757,0.0018299999999999983,85.44363636363636,85.2681298129813,-0.17550655065505794,0.82,1.04,0.22000000000000008,0.5130434782608696,0.4782608695652174,-0.034782608695652195
6K82_B,0,2,t060,282,0.4091312056737589,high,high,0.3723404255319149,0.4397163120567376,0.3971631205673759,-0.04255319148936171,124.0,112.0,-12.0,3.0602145195007324,2.626756429672241,-0.4334580898284912,14.871513366699219,17.798032760620117,2.9265193939208984,-1.0029425621032715,1.3237409591674805,2.326683521270752,36.0,31.0,-5.0,12.76595744680851,10.99290780141844,-1.7730496453900706,0.402,0.49799999999999994,0.09599999999999992,0.94607,0.9665,0.02043000000000006,84.88159963849978,84.00952595936795,-0.8720736791318302,1.84,1.26,-0.5800000000000001,0.6702127659574468,0.6205673758865248,-0.04964539007092206
6K82_B,1,2,t060,282,0.4091312056737589,high,high,0.3723404255319149,0.4574468085106383,0.4432624113475177,-0.014184397163120588,129.0,125.0,-4.0,1.9543873071670532,1.7498669624328613,-0.2045203447341919,14.831323623657227,17.28559684753418,2.454273223876953,-0.26522254943847656,1.9442672729492188,2.2094898223876953,37.0,46.0,9.0,13.120567375886525,16.312056737588655,3.1914893617021303,0.064,0.038,-0.026000000000000002,0.97689,0.92017,-0.05671999999999999,82.13648214285715,78.92825629290617,-3.2082258499509777,1.0,1.97,0.97,0.6666666666666666,0.6453900709219859,-0.02127659574468077
6K82_B,2,2,t060,282,0.4091312056737589,high,high,0.3723404255319149,0.46808510638297873,0.4716312056737589,0.003546099290780147,132.0,133.0,1.0,2.8201568126678467,2.59365177154541,-0.22650504112243652,16.65732192993164,18.126197814941406,1.4688758850097656,0.6305456161499023,2.4344072341918945,1.8038616180419922,13.0,65.0,52.0,4.609929078014184,23.04964539007092,18.43971631205674,0.966,0.052000000000000005,-0.9139999999999999,0.93092,0.9478,0.016880000000000006,78.60885727190606,79.03103525211958,0.4221779802135188,1.35,1.76,0.4099999999999999,0.6205673758865248,0.6524822695035462,0.03191489361702138
6K82_B,3,2,t060,282,0.4091312056737589,high,high,0.3723404255319149,0.3191489361702128,0.46808510638297873,0.14893617021276595,90.0,132.0,42.0,2.614346504211426,3.0422935485839844,0.4279470443725586,15.532392501831055,16.84372901916504,1.3113365173339844,-0.47861194610595703,2.4719667434692383,2.9505786895751953,32.0,76.0,44.0,11.347517730496454,26.95035460992908,15.602836879432624,0.44400000000000006,0.07,-0.37400000000000005,0.96777,0.96708,-0.0006899999999999684,82.12269161406672,80.65731028289177,-1.465381331174953,1.36,1.16,-0.20000000000000018,0.6666666666666666,0.6312056737588653,-0.03546099290780136
6K82_B,4,2,t060,282,0.4091312056737589,high,high,0.3723404255319149,0.3971631205673759,0.475177304964539,0.07801418439716312,112.0,134.0,22.0,1.5685049295425415,4.899354934692383,3.3308500051498413,11.700225830078125,19.498449325561523,7.798223495483398,-3.5486583709716797,3.823361396789551,7.3720197677612305,50.0,165.0,115.0,17.73049645390071,58.51063829787234,40.780141843971634,0.45599999999999996,0.024,-0.43199999999999994,0.92559,0.97315,0.047559999999999936,83.2229950383401,83.90799088838268,0.6849958500425828,1.5,1.05,-0.44999999999999996,0.6560283687943262,0.6595744680851063,0.0035460992907800915
6K82_B,5,2,t060,282,0.4091312056737589,high,high,0.3723404255319149,0.425531914893617,0.43617021276595747,0.010638297872340441,120.0,123.0,3.0,2.1745529174804688,1.6597882509231567,-0.514764666557312,17.29962730407715,16.06395721435547,-1.2356700897216797,3.8359642028808594,0.4356975555419922,-3.400266647338867,166.0,22.0,-144.0,58.86524822695035,7.801418439716312,-51.063829787234035,0.006,0.7,0.694,0.94868,0.93065,-0.01802999999999999,80.33813181818182,80.01504528985507,-0.3230865283267548,1.7,2.03,0.32999999999999985,0.6063829787234043,0.6773049645390071,0.07092198581560283
6K82_B,6,2,t060,282,0.4091312056737589,high,high,0.3723404255319149,0.3333333333333333,0.42907801418439717,0.09574468085106386,94.0,121.0,27.0,1.887617826461792,2.2085952758789062,0.32097744941711426,14.054723739624023,12.392333984375,-1.6623897552490234,-1.257467269897461,-3.2470521926879883,-1.9895849227905273,23.0,28.0,5.0,8.156028368794328,9.929078014184398,1.7730496453900706,0.538,0.484,-0.05400000000000005,0.94604,0.95481,0.008770000000000056,85.83146230699364,79.00357889949977,-6.8278834074938715,1.6,1.51,-0.09000000000000008,0.6631205673758865,0.6205673758865248,-0.042553191489361764
6K82_B,7,2,t060,282,0.4091312056737589,high,high,0.3723404255319149,0.4326241134751773,0.40425531914893614,-0.028368794326241176,122.0,114.0,-8.0,3.283139705657959,1.225117564201355,-2.058022141456604,18.655471801757812,10.9714937210083,-7.683978080749512,2.897329330444336,-4.267629623413086,-7.164958953857422,75.0,54.0,-21.0,26.595744680851062,19.148936170212767,-7.446808510638295,0.028000000000000004,0.092,0.064,0.91371,0.92204,0.008329999999999949,78.43632131446829,86.82321009918846,8.38688878472017,2.02,1.56,-0.45999999999999996,0.6453900709219859,0.6382978723404256,-0.007092198581560294
7W62_A,0,2,t060,140,0.35178571428571426,low_or_equal,low_or_equal,0.15714285714285714,0.35714285714285715,0.42142857142857143,0.06428571428571428,50.0,59.0,9.0,0.31973570585250854,1.259772777557373,0.9400370717048645,4.6641845703125,9.299545288085938,4.6353607177734375,-9.905792236328125,-4.883840560913086,5.021951675415039,33.0,30.0,-3.0,23.57142857142857,21.428571428571427,-2.1428571428571423,0.21200000000000002,0.24400000000000005,0.03200000000000003,0.97871,0.98238,0.003670000000000062,87.00056533827619,88.4135125115848,1.4129471733086092,0.89,0.67,-0.21999999999999997,0.6142857142857143,0.6285714285714286,0.014285714285714235
7W62_A,1,2,t060,140,0.35178571428571426,low_or_equal,low_or_equal,0.15714285714285714,0.35714285714285715,0.30714285714285716,-0.04999999999999999,50.0,43.0,-7.0,2.385441541671753,2.1359505653381348,-0.24949097633361816,10.702861785888672,17.712512969970703,7.009651184082031,-4.994665145874023,-1.0217714309692383,3.972893714904785,31.0,22.0,-9.0,22.142857142857142,15.714285714285714,-6.428571428571429,0.32799999999999996,0.718,0.39,0.95309,0.97753,0.024440000000000017,87.88933023255814,89.4508973172988,1.561567084740659,1.14,0.95,-0.18999999999999995,0.5928571428571429,0.5857142857142857,-0.0071428571428571175
7W62_A,2,2,t060,140,0.35178571428571426,low_or_equal,low_or_equal,0.15714285714285714,0.37857142857142856,0.4642857142857143,0.08571428571428574,53.0,65.0,12.0,-1.8393094539642334,0.5290285348892212,2.3683379888534546,4.801693916320801,7.946005821228027,3.1443119049072266,-5.090842247009277,-2.5770840644836426,2.5137581825256348,20.0,77.0,57.0,14.285714285714285,55.00000000000001,40.71428571428572,0.546,0.094,-0.45200000000000007,0.9706,0.97378,0.0031799999999999606,85.65707386363636,84.47285580524344,-1.184218058392915,0.88,0.92,0.040000000000000036,0.6142857142857143,0.5785714285714286,-0.0357142857142857
7W62_A,3,2,t060,140,0.35178571428571426,low_or_equal,low_or_equal,0.15714285714285714,0.15,0.4357142857142857,0.2857142857142857,21.0,61.0,40.0,0.40735265612602234,1.1805425882339478,0.7731899321079254,5.979071617126465,3.9926414489746094,-1.9864301681518555,-12.39339828491211,-11.211153984069824,1.1822443008422852,23.0,60.0,37.0,16.428571428571427,42.857142857142854,26.428571428571427,0.568,0.156,-0.4119999999999999,0.97547,0.95539,-0.020079999999999987,87.55504545454546,83.21262279888786,-4.3424226556576,0.89,1.41,0.5199999999999999,0.5428571428571428,0.6071428571428571,0.06428571428571428
7W62_A,4,2,t060,140,0.35178571428571426,low_or_equal,low_or_equal,0.15714285714285714,0.4785714285714286,0.30714285714285716,-0.17142857142857143,67.0,43.0,-24.0,0.018695415928959846,0.21276967227458954,0.1940742563456297,7.769681930541992,2.008443832397461,-5.761238098144531,-4.90034294128418,-12.812875747680664,-7.912532806396484,71.0,20.0,-51.0,50.71428571428571,14.285714285714285,-36.42857142857142,0.12400000000000003,0.43000000000000005,0.30600000000000005,0.98086,0.97313,-0.007729999999999904,83.99293628808864,88.94885426214482,4.955917974056177,0.64,0.99,0.35,0.5714285714285714,0.6428571428571429,0.07142857142857151
7W62_A,5,2,t060,140,0.35178571428571426,low_or_equal,low_or_equal,0.15714285714285714,0.15,0.4,0.25,21.0,56.0,35.0,0.1705019474029541,3.210444450378418,3.039942502975464,3.0784425735473633,17.135059356689453,14.05661678314209,-13.587942123413086,2.438446044921875,16.02638816833496,20.0,67.0,47.0,14.285714285714285,47.85714285714286,33.57142857142858,0.68,0.08,-0.6000000000000001,0.96667,0.95212,-0.014550000000000063,85.91280442804428,83.11559017941454,-2.797214248629743,0.95,1.15,0.19999999999999996,0.5857142857142857,0.5857142857142857,0.0
7W62_A,6,2,t060,140,0.35178571428571426,low_or_equal,low_or_equal,0.15714285714285714,0.5,0.4928571428571429,-0.0071428571428571175,70.0,69.0,-1.0,1.2818102836608887,4.04937744140625,2.7675671577453613,7.741178512573242,19.641525268554688,11.900346755981445,-10.670294761657715,4.34432315826416,15.014617919921875,10.0,114.0,104.0,7.142857142857142,81.42857142857143,74.28571428571429,1.4920000000000002,0.03200000000000001,-1.4600000000000002,0.97818,0.97502,-0.0031600000000000517,88.14670055452865,89.80840972871843,1.661709174189781,0.85,0.9,0.050000000000000044,0.6214285714285714,0.5642857142857143,-0.05714285714285716
7W62_A,7,2,t060,140,0.35178571428571426,low_or_equal,low_or_equal,0.15714285714285714,0.44285714285714284,0.4857142857142857,0.04285714285714287,62.0,68.0,6.0,2.615621566772461,1.7216752767562866,-0.8939462900161743,12.745848655700684,9.623764038085938,-3.122084617614746,-2.8346738815307617,-8.002960205078125,-5.168286323547363,42.0,22.0,-20.0,30.0,15.714285714285714,-14.285714285714286,0.198,0.374,0.176,0.97967,0.94766,-0.032010000000000094,87.93499535747448,85.39605410447761,-2.538941252996864,0.82,1.63,0.8099999999999999,0.5928571428571429,0.6,0.0071428571428571175
3CYQ_D,0,2,t060,132,0.41382575757575757,high,high,0.3787878787878788,0.45454545454545453,0.4166666666666667,-0.037878787878787845,60.0,55.0,-5.0,3.472742795944214,1.386947751045227,-2.085795044898987,18.53873062133789,7.732671737670898,-10.806058883666992,2.4969491958618164,-7.489177227020264,-9.98612642288208,13.0,0.0,-13.0,9.848484848484848,0.0,-9.848484848484848,0.41600000000000004,4.029999999999999,3.6139999999999994,0.96493,0.94577,-0.019159999999999955,86.26849616858237,79.72444131455399,-6.5440548540283885,0.84,1.11,0.27000000000000013,0.44696969696969696,0.42424242424242425,-0.022727272727272707
3CYQ_D,1,2,t060,132,0.41382575757575757,high,high,0.3787878787878788,0.3181818181818182,0.48484848484848486,0.16666666666666669,42.0,64.0,22.0,1.193882703781128,1.2254183292388916,0.03153562545776367,9.606828689575195,4.250033378601074,-5.356795310974121,-8.352818489074707,-10.875492095947266,-2.5226736068725586,7.0,15.0,8.0,5.303030303030303,11.363636363636363,6.0606060606060606,1.04,0.7,-0.3400000000000001,0.91848,0.94031,0.021830000000000016,82.9132761904762,85.09472693032015,2.181450739843953,1.42,1.09,-0.32999999999999985,0.4772727272727273,0.5075757575757576,0.030303030303030276
3CYQ_D,2,2,t060,132,0.41382575757575757,high,high,0.3787878787878788,0.4166666666666667,0.3409090909090909,-0.0757575757575758,55.0,45.0,-10.0,3.878413200378418,2.8698570728302,-1.0085561275482178,20.09627914428711,15.943294525146484,-4.152984619140625,3.81534481048584,1.5617361068725586,-2.2536087036132812,67.0,60.0,-7.0,50.75757575757576,45.45454545454545,-5.3030303030303045,0.09,0.31000000000000005,0.22000000000000006,0.95745,0.95364,-0.00380999999999998,83.72635135135135,84.55913415794481,0.8327828065934568,1.03,1.01,-0.020000000000000018,0.5,0.49242424242424243,-0.007575757575757569
3CYQ_D,3,2,t060,132,0.41382575757575757,high,high,0.3787878787878788,0.3712121212121212,0.4015151515151515,0.030303030303030276,49.0,53.0,4.0,2.329026937484741,3.223094940185547,0.8940680027008057,17.039440155029297,19.877090454101562,2.8376502990722656,1.2046661376953125,3.891659736633301,2.6869935989379883,50.0,28.0,-22.0,37.878787878787875,21.21212121212121,-16.666666666666664,0.057999999999999996,0.072,0.013999999999999999,0.93592,0.96047,0.024550000000000072,85.40764367816092,85.75339512195121,0.34575144379029155,1.24,1.02,-0.21999999999999997,0.4318181818181818,0.5151515151515151,0.08333333333333331
3CYQ_D,4,2,t060,132,0.41382575757575757,high,high,0.3787878787878788,0.45454545454545453,0.4696969696969697,0.015151515151515194,60.0,62.0,2.0,1.305452585220337,4.215271472930908,2.9098188877105713,13.220890998840332,18.157825469970703,4.936934471130371,1.7397165298461914,1.3078193664550781,-0.4318971633911133,24.0,3.0,-21.0,18.181818181818183,2.272727272727273,-15.90909090909091,0.8299999999999998,1.736,0.9060000000000001,0.94815,0.90149,-0.046660000000000035,86.39491575817641,84.39511089681774,-1.999804861358669,1.11,1.71,0.5999999999999999,0.42424242424242425,0.49242424242424243,0.06818181818181818
3CYQ_D,5,2,t060,132,0.41382575757575757,high,high,0.3787878787878788,0.3712121212121212,0.45454545454545453,0.08333333333333331,49.0,60.0,11.0,3.658785820007324,1.6696643829345703,-1.989121437072754,18.884122848510742,13.314099311828613,-5.570023536682129,2.7384729385375977,-2.3444876670837402,-5.082960605621338,80.0,9.0,-71.0,60.60606060606061,6.8181818181818175,-53.78787878787879,0.006,1.01,1.004,0.91474,0.94826,0.033519999999999994,84.39308365758754,82.12130761994355,-2.2717760376439884,1.44,1.0,-0.43999999999999995,0.42424242424242425,0.42424242424242425,0.0
3CYQ_D,6,2,t060,132,0.41382575757575757,high,high,0.3787878787878788,0.4696969696969697,0.3939393939393939,-0.0757575757575758,62.0,52.0,-10.0,2.038508653640747,0.10741054266691208,-1.931098110973835,13.489699363708496,3.3876657485961914,-10.102033615112305,-4.179661273956299,-11.840780258178711,-7.661118984222412,1.0,2.0,1.0,0.7575757575757576,1.5151515151515151,0.7575757575757576,2.318,2.262,-0.05600000000000005,0.9184,0.95531,0.03691,83.43023188405796,86.2690114068441,2.8387795227861403,1.51,1.06,-0.44999999999999996,0.4318181818181818,0.4090909090909091,-0.022727272727272707
3CYQ_D,7,2,t060,132,0.41382575757575757,high,high,0.3787878787878788,0.45454545454545453,0.4696969696969697,0.015151515151515194,60.0,62.0,2.0,-0.19865716993808746,3.4782066345214844,3.676863804459572,3.9954395294189453,16.734394073486328,12.738954544067383,-7.242490291595459,3.244527816772461,10.48701810836792,20.0,43.0,23.0,15.151515151515152,32.57575757575758,17.424242424242426,0.608,0.2,-0.408,0.96224,0.85372,-0.10851999999999995,85.46614051973052,81.49520992366412,-3.9709305960663954,0.94,1.68,0.74,0.4166666666666667,0.4696969696969697,0.05303030303030304
3TYX_A,0,2,t060,335,0.3768656716417911,high,low_or_equal,0.3164179104477612,0.2656716417910448,0.42388059701492536,0.15820895522388057,89.0,142.0,53.0,0.756754457950592,1.983698844909668,1.226944386959076,7.627315044403076,10.858614921569824,3.231299877166748,-9.171345710754395,-5.763004302978516,3.408341407775879,6.0,46.0,40.0,1.791044776119403,13.73134328358209,11.940298507462687,1.4979999999999998,0.6780000000000002,-0.8199999999999996,0.97193,0.97967,0.00774000000000008,83.02024682124159,84.35355140186915,1.3333045806275692,1.31,1.06,-0.25,0.5671641791044776,0.6268656716417911,0.059701492537313494
3TYX_A,1,2,t060,335,0.3768656716417911,high,low_or_equal,0.3164179104477612,0.382089552238806,0.43582089552238806,0.05373134328358209,128.0,146.0,18.0,1.5356849431991577,1.3154292106628418,-0.22025573253631592,13.456194877624512,8.273534774780273,-5.182660102844238,-2.7289047241210938,-7.458170413970947,-4.7292656898498535,31.0,26.0,-5.0,9.253731343283581,7.761194029850746,-1.4925373134328357,0.48200000000000004,0.476,-0.006000000000000061,0.98054,0.9275,-0.053039999999999976,86.27576086956522,72.20524953095685,-14.07051133860837,1.02,1.94,0.9199999999999999,0.591044776119403,0.6238805970149254,0.032835820895522394
3TYX_A,2,2,t060,335,0.3768656716417911,high,low_or_equal,0.3164179104477612,0.3194029850746269,0.3940298507462687,0.07462686567164178,107.0,132.0,25.0,1.4769188165664673,2.2065536975860596,0.7296348810195923,15.970025062561035,9.68569564819336,-6.284329414367676,-0.9108562469482422,-6.6956400871276855,-5.784783840179443,75.0,34.0,-41.0,22.388059701492537,10.149253731343283,-12.238805970149254,0.030000000000000006,0.564,0.5339999999999999,0.90897,0.96032,0.05135000000000001,72.16389264264264,81.55196143863553,9.388068795992893,2.29,1.46,-0.8300000000000001,0.6059701492537314,0.608955223880597,0.0029850746268655914
3TYX_A,3,2,t060,335,0.3768656716417911,high,low_or_equal,0.3164179104477612,0.44776119402985076,0.41194029850746267,-0.035820895522388096,150.0,138.0,-12.0,2.5851073265075684,3.083940029144287,0.49883270263671875,19.11374855041504,18.55535125732422,-0.5583972930908203,2.542933464050293,1.6580238342285156,-0.8849096298217773,140.0,104.0,-36.0,41.7910447761194,31.044776119402982,-10.746268656716417,0.036,0.014000000000000002,-0.021999999999999995,0.92857,0.98021,0.05164000000000002,70.67132286995515,86.5436507936508,15.87232792369565,2.08,1.02,-1.06,0.6029850746268657,0.591044776119403,-0.011940298507462699
3TYX_A,4,2,t060,335,0.3768656716417911,high,low_or_equal,0.3164179104477612,0.4716417910447761,0.3701492537313433,-0.10149253731343283,158.0,124.0,-34.0,1.390256643295288,0.8481075167655945,-0.5421491265296936,7.974028587341309,10.38577651977539,2.411747932434082,-8.48332691192627,-6.00592041015625,2.4774065017700195,42.0,55.0,13.0,12.53731343283582,16.417910447761194,3.8805970149253746,0.354,0.472,0.118,0.93091,0.94523,0.01432,72.2500487804878,72.46140813253012,0.21135935204232226,1.99,1.72,-0.27,0.6119402985074627,0.6029850746268657,-0.008955223880596996
3TYX_A,5,2,t060,335,0.3768656716417911,high,low_or_equal,0.3164179104477612,0.33432835820895523,0.3641791044776119,0.02985074626865669,112.0,122.0,10.0,1.6642731428146362,1.159134030342102,-0.5051391124725342,14.11180305480957,8.660935401916504,-5.450867652893066,-2.380800247192383,-8.04431438446045,-5.663514137268066,98.0,24.0,-74.0,29.253731343283583,7.164179104477612,-22.08955223880597,0.016,0.746,0.73,0.91441,0.98237,0.06796000000000002,71.42424990647213,85.6362476406191,14.211997734146976,2.36,0.99,-1.3699999999999999,0.5940298507462687,0.6029850746268657,0.008955223880596996
3TYX_A,6,2,t060,335,0.3768656716417911,high,low_or_equal,0.3164179104477612,0.48059701492537316,0.4298507462686567,-0.05074626865671644,161.0,144.0,-17.0,2.3361215591430664,1.2032256126403809,-1.1328959465026855,19.591384887695312,12.378615379333496,-7.212769508361816,3.565548896789551,-3.411202907562256,-6.976751804351807,113.0,33.0,-80.0,33.731343283582085,9.850746268656717,-23.880597014925367,0.126,0.5599999999999999,0.43399999999999994,0.92614,0.98044,0.054300000000000015,71.3890977443609,85.81587152516904,14.426773780808148,1.94,0.93,-1.0099999999999998,0.6029850746268657,0.6,-0.0029850746268657025
3TYX_A,7,2,t060,335,0.3768656716417911,high,low_or_equal,0.3164179104477612,0.31343283582089554,0.43283582089552236,0.11940298507462682,105.0,145.0,40.0,1.5117859840393066,1.4283084869384766,-0.08347749710083008,12.985539436340332,9.41641616821289,-3.5691232681274414,-3.7428293228149414,-6.5731635093688965,-2.830334186553955,48.0,79.0,31.0,14.328358208955224,23.582089552238806,9.253731343283581,0.31399999999999995,0.26799999999999996,-0.045999999999999985,0.98156,0.98099,-0.0005699999999999594,85.3407695181173,86.4889229618549,1.1481534437375984,1.03,1.03,0.0,0.6029850746268657,0.5970149253731343,-0.005970149253731405
5AL8_A,0,2,t060,116,0.4084051724137931,high,high,0.27586206896551724,0.4827586206896552,0.4482758620689655,-0.03448275862068967,56.0,52.0,-4.0,4.789180755615234,-0.6078295707702637,-5.397010326385498,15.322979927062988,9.153499603271484,-6.169480323791504,-0.14768505096435547,1.7128510475158691,1.8605360984802246,75.0,68.0,-7.0,64.65517241379311,58.620689655172406,-6.034482758620705,0.05600000000000001,0.026000000000000002,-0.030000000000000006,0.94564,0.95083,0.005189999999999917,85.95503759398497,85.56806144067797,-0.3869761533070033,1.04,1.21,0.16999999999999993,0.4827586206896552,0.5,0.017241379310344807
5AL8_A,1,2,t060,116,0.4084051724137931,high,high,0.27586206896551724,0.4396551724137931,0.21551724137931033,-0.22413793103448276,51.0,25.0,-26.0,1.5529049634933472,1.8681222200393677,0.3152172565460205,10.982902526855469,16.36826515197754,5.38536262512207,-7.109140872955322,-2.1735105514526367,4.9356303215026855,20.0,45.0,25.0,17.24137931034483,38.793103448275865,21.551724137931036,0.502,0.030000000000000006,-0.472,0.91277,0.94064,0.02787000000000006,84.48760563380281,84.14992349726775,-0.33768213653506507,1.5,1.23,-0.27,0.5086206896551724,0.5344827586206896,0.025862068965517238
5AL8_A,2,2,t060,116,0.4084051724137931,high,high,0.27586206896551724,0.46551724137931033,0.4827586206896552,0.017241379310344862,54.0,56.0,2.0,2.0698816776275635,1.8619604110717773,-0.20792126655578613,16.965688705444336,9.695892333984375,-7.269796371459961,-1.3443794250488281,-8.201355934143066,-6.856976509094238,4.0,16.0,12.0,3.4482758620689653,13.793103448275861,10.344827586206897,1.218,0.6100000000000001,-0.6079999999999999,0.93386,0.9385,0.0046399999999999775,86.87429999999999,85.37819565217391,-1.4961043478260763,1.43,1.19,-0.24,0.5,0.5258620689655172,0.025862068965517238
5AL8_A,3,2,t060,116,0.4084051724137931,high,high,0.27586206896551724,0.3017241379310345,0.33620689655172414,0.03448275862068967,35.0,39.0,4.0,1.6803127527236938,2.979335069656372,1.2990223169326782,9.601703643798828,19.9300537109375,10.328350067138672,-7.911474704742432,1.6070961952209473,9.518570899963379,7.0,50.0,43.0,6.0344827586206895,43.103448275862064,37.068965517241374,1.186,0.026000000000000002,-1.16,0.92891,0.965,0.036089999999999955,85.2028910463862,86.50850779510023,1.30561674871403,1.57,0.8,-0.77,0.4827586206896552,0.5431034482758621,0.060344827586206906
5AL8_A,4,2,t060,116,0.4084051724137931,high,high,0.27586206896551724,0.47413793103448276,0.39655172413793105,-0.07758620689655171,55.0,46.0,-9.0,-0.8133386969566345,3.0226309299468994,3.835969626903534,5.969733238220215,20.767616271972656,14.797883033752441,-5.0905232429504395,4.151857852935791,9.24238109588623,19.0,76.0,57.0,16.379310344827587,65.51724137931035,49.13793103448276,0.5720000000000001,0.004,-0.5680000000000001,0.93374,0.93302,-0.0007200000000000539,84.6094731064764,85.16874594594594,0.5592728394695428,1.53,1.25,-0.28,0.5603448275862069,0.5,-0.06034482758620685
5AL8_A,5,2,t060,116,0.4084051724137931,high,high,0.27586206896551724,0.39655172413793105,0.21551724137931033,-0.18103448275862072,46.0,25.0,-21.0,1.4234873056411743,1.091045618057251,-0.33244168758392334,6.171546936035156,6.716646194458008,0.5450992584228516,-9.99134635925293,-9.381210327148438,0.6101360321044922,28.0,12.0,-16.0,24.137931034482758,10.344827586206897,-13.793103448275861,0.44799999999999995,0.812,0.3640000000000001,0.95599,0.94715,-0.008839999999999959,87.31390829694323,88.04936170212765,0.7354534051844297,1.17,1.06,-0.10999999999999988,0.5086206896551724,0.5,-0.008620689655172376
5AL8_A,6,2,t060,116,0.4084051724137931,high,high,0.27586206896551724,0.33620689655172414,0.39655172413793105,0.060344827586206906,39.0,46.0,7.0,-0.05261053144931793,3.2910044193267822,3.3436149507761,6.5074543952941895,16.188371658325195,9.680917263031006,-6.3880109786987305,-1.970937728881836,4.4170732498168945,20.0,68.0,48.0,17.24137931034483,58.620689655172406,41.37931034482757,0.884,0.014000000000000002,-0.87,0.95145,0.95486,0.003410000000000024,83.59947769314472,85.56032822757112,1.960850534426399,1.11,0.92,-0.19000000000000006,0.45689655172413796,0.5517241379310345,0.09482758620689652
5AL8_A,7,2,t060,116,0.4084051724137931,high,high,0.27586206896551724,0.3706896551724138,0.28448275862068967,-0.08620689655172414,43.0,33.0,-10.0,1.5363008975982666,0.9606794118881226,-0.575621485710144,9.63633918762207,8.912107467651367,-0.7242317199707031,-7.286800384521484,-7.858710765838623,-0.5719103813171387,11.0,30.0,19.0,9.482758620689655,25.862068965517242,16.379310344827587,0.692,0.27199999999999996,-0.42,0.93712,0.93633,-0.0007899999999999574,84.63454545454545,85.22203225806452,0.5874868035190701,1.33,1.15,-0.18000000000000016,0.5689655172413793,0.47413793103448276,-0.09482758620689657
5K69_A,0,2,t060,350,0.435,high,high,0.22285714285714286,0.47714285714285715,0.38857142857142857,-0.08857142857142858,167.0,136.0,-31.0,2.9192047119140625,3.1145834922790527,0.19537878036499023,17.889406204223633,19.388660430908203,1.4992542266845703,2.4773025512695312,2.6632871627807617,0.18598461151123047,164.0,126.0,-38.0,46.85714285714286,36.0,-10.857142857142861,0.018000000000000002,0.072,0.05399999999999999,0.96205,0.95405,-0.008000000000000007,89.40857142857142,90.86759302325582,1.4590215946844012,1.44,1.62,0.18000000000000016,0.64,0.6771428571428572,0.037142857142857144
5K69_A,1,2,t060,350,0.435,high,high,0.22285714285714286,0.46285714285714286,0.3942857142857143,-0.06857142857142856,162.0,138.0,-24.0,1.8185967206954956,2.0151212215423584,0.1965245008468628,17.813234329223633,15.867109298706055,-1.9461250305175781,2.0922327041625977,-0.7484302520751953,-2.840662956237793,143.0,93.0,-50.0,40.85714285714286,26.571428571428573,-14.285714285714288,0.036000000000000004,0.16199999999999998,0.12599999999999997,0.96307,0.9691,0.00602999999999998,89.82715402658326,90.5942035225049,0.7670494959216398,1.47,1.32,-0.1499999999999999,0.6228571428571429,0.6457142857142857,0.022857142857142798
5K69_A,2,2,t060,350,0.435,high,high,0.22285714285714286,0.4142857142857143,0.37714285714285717,-0.037142857142857144,145.0,132.0,-13.0,2.5070455074310303,3.157824754714966,0.6507792472839355,19.053918838500977,19.347543716430664,0.2936248779296875,2.237868309020996,3.0506114959716797,0.8127431869506836,115.0,187.0,72.0,32.857142857142854,53.42857142857142,20.57142857142857,0.092,0.042,-0.049999999999999996,0.96363,0.96289,-0.0007399999999999629,90.5015110422317,90.55562962962964,0.05411858739793729,1.43,1.44,0.010000000000000009,0.6314285714285715,0.6371428571428571,0.005714285714285672
5K69_A,3,2,t060,350,0.435,high,high,0.22285714285714286,0.4657142857142857,0.3485714285714286,-0.1171428571428571,163.0,122.0,-41.0,3.1850662231445312,2.065232515335083,-1.1198337078094482,18.63498878479004,19.087278366088867,0.4522895812988281,3.343576431274414,3.11954402923584,-0.22403240203857422,159.0,106.0,-53.0,45.42857142857143,30.28571428571429,-15.142857142857142,0.084,0.078,-0.006000000000000005,0.95894,0.96738,0.008440000000000003,89.80273325590399,90.2742169146437,0.47148365873971443,1.5,1.34,-0.15999999999999992,0.6485714285714286,0.6171428571428571,-0.03142857142857147
5K69_A,4,2,t060,350,0.435,high,high,0.22285714285714286,0.4342857142857143,0.4657142857142857,0.03142857142857142,152.0,163.0,11.0,3.6701500415802,2.7707369327545166,-0.8994131088256836,18.969356536865234,17.903106689453125,-1.0662498474121094,2.5166397094726562,2.353853225708008,-0.16278648376464844,164.0,179.0,15.0,46.85714285714286,51.142857142857146,4.285714285714285,0.08,0.094,0.013999999999999999,0.97197,0.96093,-0.01104000000000005,90.10863251155624,90.20315912636505,0.09452661480881375,1.26,1.51,0.25,0.6342857142857142,0.6257142857142857,-0.008571428571428563
5K69_A,5,2,t060,350,0.435,high,high,0.22285714285714286,0.41714285714285715,0.4342857142857143,0.017142857142857126,146.0,152.0,6.0,0.7029615640640259,2.612215757369995,1.9092541933059692,10.55126953125,17.426498413085938,6.8752288818359375,-3.7454676628112793,1.1848087310791016,4.930276393890381,89.0,109.0,20.0,25.428571428571427,31.142857142857146,5.714285714285719,0.21600000000000003,0.20199999999999996,-0.014000000000000068,0.95453,0.94546,-0.009070000000000022,89.93041440743609,89.62874088291747,-0.30167352451861973,1.61,1.78,0.16999999999999993,0.6257142857142857,0.6057142857142858,-0.019999999999999907
5K69_A,6,2,t060,350,0.435,high,high,0.22285714285714286,0.36857142857142855,0.48857142857142855,0.12,129.0,171.0,42.0,1.5766651630401611,3.1850264072418213,1.6083612442016602,18.021543502807617,19.494064331054688,1.4725208282470703,1.8785715103149414,3.0991392135620117,1.2205677032470703,82.0,226.0,144.0,23.42857142857143,64.57142857142857,41.14285714285714,0.142,0.054000000000000006,-0.08799999999999998,0.96264,0.96704,0.0043999999999999595,89.90664378337148,90.01475390625,0.1081101228785144,1.45,1.4,-0.050000000000000044,0.6428571428571429,0.6371428571428571,-0.005714285714285783
5K69_A,7,2,t060,350,0.435,high,high,0.22285714285714286,0.44,0.43714285714285717,-0.002857142857142836,154.0,153.0,-1.0,2.803393602371216,2.7384583950042725,-0.06493520736694336,13.416522979736328,18.508058547973633,5.091535568237305,-2.535198211669922,2.891653060913086,5.426851272583008,78.0,165.0,87.0,22.285714285714285,47.14285714285714,24.857142857142854,0.26,0.036,-0.224,0.96493,0.96479,-0.00013999999999991797,90.15988439306358,89.9436995341615,-0.21618485890208206,1.42,1.42,0.0,0.6257142857142857,0.6514285714285715,0.0257142857142858
1O51_A,0,2,t060,89,0.28230337078651685,low_or_equal,low_or_equal,0.4606741573033708,0.24719101123595505,0.4157303370786517,0.16853932584269665,22.0,37.0,15.0,0.003073242260143161,0.9807344079017639,0.9776611656416208,4.992537498474121,7.068544387817383,2.0760068893432617,-11.813916206359863,-11.10716724395752,0.7067489624023438,0.0,1.0,1.0,0.0,1.1235955056179776,1.1235955056179776,3.3920000000000003,2.778,-0.6140000000000003,0.86881,0.86981,0.0010000000000000009,82.52397727272727,81.22712078651685,-1.296856486210416,1.7,1.55,-0.1499999999999999,0.47191011235955055,0.47191011235955055,0.0
1O51_A,1,2,t060,89,0.28230337078651685,low_or_equal,low_or_equal,0.4606741573033708,0.449438202247191,0.449438202247191,0.0,40.0,40.0,0.0,2.2156529426574707,0.8553485870361328,-1.360304355621338,8.10296630859375,3.258721351623535,-4.844244956970215,-6.823105812072754,-12.189294815063477,-5.366189002990723,55.0,8.0,-47.0,61.79775280898876,8.98876404494382,-52.80898876404494,0.252,0.944,0.692,0.6716,0.87153,0.19993000000000005,72.19438672438672,77.60085794655414,5.406471222167426,2.88,1.78,-1.0999999999999999,0.47191011235955055,0.4044943820224719,-0.06741573033707865
1O51_A,2,2,t060,89,0.28230337078651685,low_or_equal,low_or_equal,0.4606741573033708,0.43820224719101125,0.3595505617977528,-0.07865168539325845,39.0,32.0,-7.0,3.8392446041107178,1.7829493284225464,-2.0562952756881714,20.356361389160156,9.916470527648926,-10.43989086151123,2.287041187286377,-8.436637878417969,-10.723679065704346,19.0,3.0,-16.0,21.34831460674157,3.3707865168539324,-17.977528089887638,0.148,1.6439999999999997,1.4959999999999998,0.91678,0.87396,-0.04282000000000008,82.20037410071943,83.41436288088643,1.213988780167,1.38,1.47,0.09000000000000008,0.5280898876404494,0.5056179775280899,-0.022471910112359494
1O51_A,3,2,t060,89,0.28230337078651685,low_or_equal,low_or_equal,0.4606741573033708,0.0898876404494382,0.2696629213483146,0.1797752808988764,8.0,24.0,16.0,0.030222538858652115,2.8248825073242188,2.7946599684655666,0.9323587417602539,14.18558120727539,13.253222465515137,-14.049033164978027,-3.1533026695251465,10.89573049545288,0.0,7.0,7.0,0.0,7.865168539325842,7.865168539325842,5.676,1.06,-4.616,0.84968,0.84765,-0.0020299999999999763,78.25222222222222,72.03211948790896,-6.220102734313258,1.65,1.85,0.20000000000000018,0.47191011235955055,0.3707865168539326,-0.10112359550561795
1O51_A,4,2,t060,89,0.28230337078651685,low_or_equal,low_or_equal,0.4606741573033708,0.23595505617977527,0.23595505617977527,0.0,21.0,21.0,0.0,1.5662537813186646,0.9292700290679932,-0.6369837522506714,11.527091026306152,6.919821739196777,-4.607269287109375,-6.918649196624756,-11.431026458740234,-4.5123772621154785,1.0,4.0,3.0,1.1235955056179776,4.49438202247191,3.370786516853933,2.428,1.6420000000000001,-0.7859999999999998,0.87976,0.88916,0.009399999999999964,76.81897142857143,79.48263233190272,2.663660903331291,1.42,1.57,0.15000000000000013,0.449438202247191,0.43820224719101125,-0.011235955056179747
1O51_A,5,2,t060,89,0.28230337078651685,low_or_equal,low_or_equal,0.4606741573033708,0.24719101123595505,0.2247191011235955,-0.02247191011235955,22.0,20.0,-2.0,0.8635550737380981,2.7299814224243164,1.8664263486862183,6.183712959289551,18.343490600585938,12.159777641296387,-11.158905029296875,-0.06366205215454102,11.095242977142334,0.0,5.0,5.0,0.0,5.617977528089887,5.617977528089887,3.178,1.27,-1.908,0.81733,0.86111,0.04378000000000004,76.11553867403315,80.97853760445682,4.862998930423672,1.92,1.42,-0.5,0.4606741573033708,0.48314606741573035,0.02247191011235955
1O51_A,6,2,t060,89,0.28230337078651685,low_or_equal,low_or_equal,0.4606741573033708,0.2696629213483146,0.48314606741573035,0.21348314606741575,24.0,43.0,19.0,2.028588056564331,3.1786577701568604,1.1500697135925293,11.811957359313965,16.875728607177734,5.0637712478637695,-6.709369659423828,5.791714191436768,12.501083850860596,3.0,105.0,102.0,3.3707865168539324,117.97752808988764,114.60674157303372,1.916,0.004,-1.912,0.85768,0.82934,-0.028340000000000032,82.93229254571027,78.81121883656509,-4.121073709145179,1.58,1.7,0.11999999999999988,0.48314606741573035,0.449438202247191,-0.03370786516853935
1O51_A,7,2,t060,89,0.28230337078651685,low_or_equal,low_or_equal,0.4606741573033708,0.2808988764044944,0.48314606741573035,0.20224719101123595,25.0,43.0,18.0,3.6785695552825928,0.22139568626880646,-3.4571738690137863,15.300065994262695,5.183764457702637,-10.116301536560059,0.5474090576171875,-9.381779670715332,-9.92918872833252,4.0,6.0,2.0,4.49438202247191,6.741573033707865,2.2471910112359543,1.412,0.8320000000000001,-0.5799999999999998,0.85675,0.85908,0.0023299999999999432,80.66118065433855,82.07041666666667,1.4092360123281225,1.33,1.46,0.1299999999999999,0.47191011235955055,0.5056179775280899,0.03370786516853935
3IEZ_B,0,2,t060,95,0.35526315789473684,low_or_equal,low_or_equal,0.42105263157894735,0.4105263157894737,0.3684210526315789,-0.04210526315789476,39.0,35.0,-4.0,0.8410912752151489,0.43072766065597534,-0.4103636145591736,5.057413101196289,4.6638994216918945,-0.39351367950439453,-9.37855339050293,-12.570758819580078,-3.1922054290771484,5.0,6.0,1.0,5.263157894736842,6.315789473684211,1.052631578947369,1.17,1.316,0.14600000000000013,0.46922,0.83487,0.36565,47.98514138817481,63.71322496749025,15.728083579315438,4.32,2.02,-2.3000000000000003,0.3157894736842105,0.3894736842105263,0.0736842105263158
3IEZ_B,1,2,t060,95,0.35526315789473684,low_or_equal,low_or_equal,0.42105263157894735,0.45263157894736844,0.45263157894736844,0.0,43.0,43.0,0.0,1.0593743324279785,1.059374213218689,-1.1920928955078125e-07,9.092423439025879,9.092423439025879,0.0,-4.954390525817871,-4.954391002655029,-4.76837158203125e-07,0.0,0.0,0.0,0.0,0.0,0.0,4.4959999999999996,4.4959999999999996,0.0,0.45446,0.45446,0.0,43.2375157629256,43.2375157629256,0.0,3.22,3.22,0.0,0.35789473684210527,0.35789473684210527,0.0
3IEZ_B,2,2,t060,95,0.35526315789473684,low_or_equal,low_or_equal,0.42105263157894735,0.35789473684210527,0.3263157894736842,-0.03157894736842104,34.0,31.0,-3.0,1.2216476202011108,2.5173652172088623,1.2957175970077515,7.763280868530273,14.916940689086914,7.153659820556641,-8.244606018066406,1.568253517150879,9.812859535217285,0.0,12.0,12.0,0.0,12.631578947368421,12.631578947368421,3.8939999999999997,0.76,-3.1339999999999995,0.91412,0.41578,-0.49834000000000006,69.73308087291399,51.46710828025478,-18.26597259265921,1.17,3.86,2.69,0.3368421052631579,0.3684210526315789,0.03157894736842104
3IEZ_B,3,2,t060,95,0.35526315789473684,low_or_equal,low_or_equal,0.42105263157894735,0.4421052631578947,0.21052631578947367,-0.23157894736842105,42.0,20.0,-22.0,1.036890983581543,1.983596682548523,0.94670569896698,7.403040885925293,12.371561050415039,4.968520164489746,-9.675224304199219,-5.869822025299072,3.8054022789001465,12.0,1.0,-11.0,12.631578947368421,1.0526315789473684,-11.578947368421053,0.876,2.306,1.4300000000000002,0.95331,0.55529,-0.39802000000000004,85.60772842639594,44.90556701030928,-40.70216141608666,0.96,2.54,1.58,0.35789473684210527,0.3368421052631579,-0.02105263157894738
3IEZ_B,4,2,t060,95,0.35526315789473684,low_or_equal,low_or_equal,0.42105263157894735,0.3157894736842105,0.1368421052631579,-0.1789473684210526,30.0,13.0,-17.0,0.9627298712730408,0.5513677597045898,-0.4113621115684509,7.058115005493164,5.747529029846191,-1.3105859756469727,-9.712905883789062,-12.48238754272461,-2.769481658935547,0.0,0.0,0.0,0.0,0.0,0.0,3.6719999999999997,3.3660000000000005,-0.30599999999999916,0.56613,0.47281,-0.09332000000000001,60.124810126582275,53.679571248423706,-6.44523887815857,2.26,3.64,1.3800000000000003,0.3263157894736842,0.3684210526315789,0.0421052631578947
3IEZ_B,5,2,t060,95,0.35526315789473684,low_or_equal,low_or_equal,0.42105263157894735,0.3473684210526316,0.43157894736842106,0.08421052631578946,33.0,41.0,8.0,1.3558521270751953,-0.22167053818702698,-1.5775226652622223,8.837590217590332,3.9151039123535156,-4.922486305236816,-9.369150161743164,-9.949880599975586,-0.5807304382324219,0.0,8.0,8.0,0.0,8.421052631578947,8.421052631578947,5.1,1.1780000000000002,-3.9219999999999997,0.70037,0.48728,-0.21309000000000006,53.216777920410784,47.9616349809886,-5.255142939422186,2.46,3.51,1.0499999999999998,0.3368421052631579,0.3894736842105263,0.05263157894736842
3IEZ_B,6,2,t060,95,0.35526315789473684,low_or_equal,low_or_equal,0.42105263157894735,0.17894736842105263,0.3894736842105263,0.21052631578947367,17.0,37.0,20.0,-0.12326239794492722,1.3218543529510498,1.445116750895977,1.3120536804199219,8.969461441040039,7.657407760620117,-12.500864028930664,-9.327629089355469,3.1732349395751953,2.0,2.0,0.0,2.1052631578947367,2.1052631578947367,0.0,2.426,2.678,0.2519999999999998,0.74685,0.91502,0.16816999999999993,49.66944091486658,78.98744516129032,29.318004246423747,2.86,1.44,-1.42,0.35789473684210527,0.4,0.04210526315789476
3IEZ_B,7,2,t060,95,0.35526315789473684,low_or_equal,low_or_equal,0.42105263157894735,0.3368421052631579,0.1368421052631579,-0.19999999999999998,32.0,13.0,-19.0,1.3214138746261597,0.07091686129570007,-1.2504970133304596,7.358458042144775,2.4492855072021484,-4.909172534942627,-5.525510311126709,-13.87762451171875,-8.352114200592041,2.0,0.0,-2.0,2.1052631578947367,0.0,-2.1052631578947367,2.0220000000000002,5.006,2.984,0.4152,0.73252,0.31731999999999994,39.11899363057325,51.129561290322584,12.010567659749334,3.63,3.15,-0.48,0.3684210526315789,0.3894736842105263,0.02105263157894738
8ERB_D,0,2,t060,428,0.4044976635514019,high,high,0.205607476635514,0.40420560747663553,0.3411214953271028,-0.06308411214953275,173.0,146.0,-27.0,1.6718727350234985,2.1195623874664307,0.44768965244293213,8.144824981689453,17.97621726989746,9.831392288208008,-7.751045227050781,1.0504465103149414,8.801491737365723,97.0,114.0,17.0,22.66355140186916,26.635514018691588,3.9719626168224273,0.21200000000000002,0.052000000000000005,-0.16000000000000003,0.84466,0.9017,0.05703999999999998,73.71671406959153,73.6164229368932,-0.1002911326983309,2.43,2.57,0.13999999999999968,0.6565420560747663,0.6635514018691588,0.007009345794392496
8ERB_D,1,2,t060,428,0.4044976635514019,high,high,0.205607476635514,0.36682242990654207,0.3364485981308411,-0.030373831775700966,157.0,144.0,-13.0,0.9886083006858826,1.950729250907898,0.9621209502220154,5.271390914916992,15.504539489746094,10.233148574829102,-11.093873023986816,-0.9199175834655762,10.17395544052124,88.0,230.0,142.0,20.5607476635514,53.73831775700935,33.177570093457945,0.27199999999999996,0.09,-0.18199999999999997,0.86406,0.89139,0.027329999999999965,72.73324651726226,73.2968744299179,0.5636279126556474,2.12,2.83,0.71,0.6658878504672897,0.6565420560747663,-0.009345794392523366
8ERB_D,2,2,t060,428,0.4044976635514019,high,high,0.205607476635514,0.4205607476635514,0.4182242990654206,-0.0023364485981308136,180.0,179.0,-1.0,2.474351644515991,1.8513591289520264,-0.6229925155639648,16.821514129638672,8.763797760009766,-8.057716369628906,-0.041286468505859375,-7.585872650146484,-7.544586181640625,127.0,121.0,-6.0,29.672897196261683,28.27102803738318,-1.4018691588785046,0.174,0.14600000000000002,-0.02799999999999997,0.87506,0.83769,-0.0373699999999999,73.26883495145631,71.50797276853253,-1.7608621829237876,2.33,2.34,0.009999999999999787,0.6542056074766355,0.6588785046728972,0.004672897196261738
8ERB_D,3,2,t060,428,0.4044976635514019,high,high,0.205607476635514,0.3901869158878505,0.411214953271028,0.021028037383177545,167.0,176.0,9.0,2.3731651306152344,1.8685381412506104,-0.504626989364624,18.266376495361328,15.663482666015625,-2.602893829345703,1.3070182800292969,-0.29792022705078125,-1.6049385070800781,205.0,155.0,-50.0,47.89719626168225,36.21495327102804,-11.68224299065421,0.006,0.06200000000000001,0.056000000000000015,0.98142,0.84595,-0.13546999999999998,86.26578191814293,72.06901122232333,-14.196770695819609,1.13,2.5,1.37,0.6588785046728972,0.6401869158878505,-0.01869158878504673
8ERB_D,4,2,t060,428,0.4044976635514019,high,high,0.205607476635514,0.3598130841121495,0.441588785046729,0.08177570093457948,154.0,189.0,35.0,2.1650168895721436,1.5928401947021484,-0.5721766948699951,18.839963912963867,10.735251426696777,-8.10471248626709,2.027979850769043,-6.0489888191223145,-8.076968669891357,94.0,78.0,-16.0,21.962616822429908,18.22429906542056,-3.738317757009348,0.168,0.19,0.021999999999999992,0.87722,0.97935,0.10213000000000005,72.14176183206106,87.5831190694827,15.441357237421641,2.78,1.18,-1.5999999999999999,0.6448598130841121,0.6635514018691588,0.01869158878504673
8ERB_D,5,2,t060,428,0.4044976635514019,high,high,0.205607476635514,0.4532710280373832,0.31542056074766356,-0.1378504672897196,194.0,135.0,-59.0,1.2879599332809448,2.508312225341797,1.220352292060852,12.215899467468262,18.987966537475586,6.772067070007324,-4.473156452178955,2.240159034729004,6.713315486907959,130.0,159.0,29.0,30.373831775700932,37.149532710280376,6.775700934579444,0.178,0.05800000000000001,-0.11999999999999998,0.83945,0.89901,0.059559999999999946,70.81588588588589,73.60676779813758,2.7908819122516917,2.41,2.76,0.34999999999999964,0.6565420560747663,0.6682242990654206,0.011682242990654235
8ERB_D,6,2,t060,428,0.4044976635514019,high,high,0.205607476635514,0.37383177570093457,0.39485981308411217,0.0210280373831776,160.0,169.0,9.0,2.8547942638397217,1.8008759021759033,-1.0539183616638184,18.74950408935547,18.587203979492188,-0.16230010986328125,1.9074020385742188,1.9441394805908203,0.03673744201660156,152.0,139.0,-13.0,35.51401869158878,32.476635514018696,-3.037383177570085,0.10400000000000001,0.078,-0.02600000000000001,0.84601,0.85591,0.009899999999999909,72.8861914893617,72.62141512298815,-0.2647763663735532,2.52,2.77,0.25,0.6378504672897196,0.6728971962616822,0.03504672897196259
8ERB_D,7,2,t060,428,0.4044976635514019,high,high,0.205607476635514,0.4672897196261682,0.38317757009345793,-0.08411214953271029,200.0,164.0,-36.0,1.9850081205368042,1.9514038562774658,-0.03360426425933838,18.123037338256836,17.56831932067871,-0.554718017578125,1.341679573059082,0.4017009735107422,-0.9399785995483398,191.0,157.0,-34.0,44.626168224299064,36.68224299065421,-7.943925233644855,0.018,0.006,-0.011999999999999999,0.84912,0.89115,0.04203000000000001,71.74735509456985,72.95177322074788,1.2044181261780267,2.54,2.62,0.08000000000000007,0.6448598130841121,0.647196261682243,0.002336448598130869
6DNT_A,0,2,t060,310,0.4080645161290323,high,high,0.24838709677419354,0.3580645161290323,0.3967741935483871,0.03870967741935483,111.0,123.0,12.0,3.34950852394104,1.590628981590271,-1.758879542350769,16.505292892456055,8.9068603515625,-7.598432540893555,0.035902976989746094,-7.183090686798096,-7.218993663787842,87.0,38.0,-49.0,28.064516129032256,12.258064516129032,-15.806451612903224,0.23000000000000004,0.72,0.48999999999999994,0.98453,0.98404,-0.0004899999999999904,94.12722837228372,93.66241181296144,-0.46481655932228705,0.83,0.97,0.14,0.7032258064516129,0.7129032258064516,0.009677419354838679
6DNT_A,1,2,t060,310,0.4080645161290323,high,high,0.24838709677419354,0.4032258064516129,0.3903225806451613,-0.01290322580645159,125.0,121.0,-4.0,1.051864743232727,1.8986942768096924,0.8468295335769653,12.032306671142578,12.51578426361084,0.4834775924682617,-3.7254366874694824,-6.255185604095459,-2.5297489166259766,46.0,78.0,32.0,14.838709677419354,25.161290322580644,10.32258064516129,0.726,0.33999999999999997,-0.386,0.98984,0.98569,-0.004150000000000098,93.66084158415842,93.9324917355372,0.271650151378779,0.66,0.79,0.13,0.7322580645161291,0.7387096774193549,0.006451612903225823
6DNT_A,2,2,t060,310,0.4080645161290323,high,high,0.24838709677419354,0.43548387096774194,0.3967741935483871,-0.03870967741935483,135.0,123.0,-12.0,1.6421971321105957,0.8836615085601807,-0.758535623550415,17.576353073120117,10.71558666229248,-6.860766410827637,1.9684371948242188,-3.3194947242736816,-5.2879319190979,119.0,91.0,-28.0,38.387096774193544,29.354838709677416,-9.032258064516128,0.094,0.352,0.258,0.98611,0.98674,0.0006299999999999084,94.05265272652727,93.47696238757155,-0.5756903389557237,0.77,0.76,-0.010000000000000009,0.7193548387096774,0.7193548387096774,0.0
6DNT_A,3,2,t060,310,0.4080645161290323,high,high,0.24838709677419354,0.4096774193548387,0.41935483870967744,0.009677419354838734,127.0,130.0,3.0,1.038291096687317,1.9359822273254395,0.8976911306381226,9.84890365600586,16.549375534057617,6.700471878051758,-6.241251468658447,-0.03289985656738281,6.2083516120910645,88.0,56.0,-32.0,28.387096774193548,18.064516129032256,-10.322580645161292,0.296,0.42400000000000004,0.12800000000000006,0.98146,0.98643,0.00497000000000003,93.80318649650062,94.32468826907301,0.5215017725723925,0.92,0.77,-0.15000000000000002,0.7161290322580646,0.7322580645161291,0.016129032258064502
6DNT_A,4,2,t060,310,0.4080645161290323,high,high,0.24838709677419354,0.3580645161290323,0.45806451612903226,0.09999999999999998,111.0,142.0,31.0,1.139923334121704,2.068011522293091,0.9280881881713867,6.9116668701171875,16.02876853942871,9.117101669311523,-10.389423370361328,0.5005273818969727,10.8899507522583,61.0,145.0,84.0,19.67741935483871,46.774193548387096,27.096774193548384,0.466,0.148,-0.31800000000000006,0.98586,0.97025,-0.015610000000000013,94.31431583298884,88.77991372226786,-5.5344021107209755,0.82,1.18,0.36,0.6870967741935484,0.7225806451612903,0.03548387096774186
6DNT_A,5,2,t060,310,0.4080645161290323,high,high,0.24838709677419354,0.44193548387096776,0.4129032258064516,-0.029032258064516148,137.0,128.0,-9.0,2.882338285446167,3.263331174850464,0.3809928894042969,15.763010025024414,19.14966583251953,3.386655807495117,-0.504488468170166,3.3191442489624023,3.8236327171325684,84.0,132.0,48.0,27.09677419354839,42.58064516129032,15.483870967741929,0.41999999999999993,0.030000000000000006,-0.3899999999999999,0.98568,0.98279,-0.002889999999999948,94.14792592592592,93.78590157154673,-0.36202435437918723,0.8,0.89,0.08999999999999997,0.7258064516129032,0.6903225806451613,-0.03548387096774197
6DNT_A,6,2,t060,310,0.4080645161290323,high,high,0.24838709677419354,0.43548387096774194,0.4,-0.035483870967741915,135.0,124.0,-11.0,2.1686959266662598,2.276642322540283,0.10794639587402344,17.525793075561523,15.339366912841797,-2.1864261627197266,1.496591567993164,-0.9836077690124512,-2.4801993370056152,122.0,85.0,-37.0,39.35483870967742,27.419354838709676,-11.935483870967747,0.156,0.23399999999999999,0.07799999999999999,0.98304,0.98739,0.004349999999999965,94.17338563170934,93.42991766158913,-0.7434679701202072,0.86,0.74,-0.12,0.7096774193548387,0.7193548387096774,0.009677419354838679
6DNT_A,7,2,t060,310,0.4080645161290323,high,high,0.24838709677419354,0.42258064516129035,0.29354838709677417,-0.12903225806451618,131.0,91.0,-40.0,0.8883975148200989,1.003583550453186,0.11518603563308716,8.75511646270752,13.232961654663086,4.477845191955566,-9.368402481079102,-2.529745101928711,6.838657379150391,63.0,100.0,37.0,20.32258064516129,32.25806451612903,11.935483870967744,0.52,0.3,-0.22000000000000003,0.98869,0.98753,-0.0011599999999999389,94.06007407407408,94.23927542198436,0.1792013479102792,0.7,0.78,0.08000000000000007,0.7387096774193549,0.7225806451612903,-0.016129032258064613
6NQK_F,0,2,t060,215,0.42848837209302326,high,high,0.32558139534883723,0.4186046511627907,0.4,-0.018604651162790697,90.0,86.0,-4.0,1.5521175861358643,2.5465505123138428,0.9944329261779785,9.16469955444336,16.5003719329834,7.335672378540039,-8.863351821899414,4.456315994262695,13.31966781616211,54.0,152.0,98.0,25.116279069767444,70.69767441860465,45.581395348837205,0.284,0.016,-0.26799999999999996,0.42738,0.38665,-0.04072999999999999,40.9870606060606,37.69686505598114,-3.29019555007946,4.19,4.22,0.02999999999999936,0.5255813953488372,0.5255813953488372,0.0
6NQK_F,1,2,t060,215,0.42848837209302326,high,high,0.32558139534883723,0.386046511627907,0.3767441860465116,-0.009302325581395376,83.0,81.0,-2.0,1.3399049043655396,2.6782407760620117,1.3383358716964722,8.612646102905273,15.783988952636719,7.171342849731445,-6.956833362579346,0.37102699279785156,7.327860355377197,51.0,53.0,2.0,23.72093023255814,24.651162790697676,0.9302325581395365,0.25999999999999995,0.30799999999999994,0.04799999999999999,0.29626,0.38989,0.09362999999999999,34.17870631514408,38.29481035520771,4.116104040063625,5.8,4.34,-1.46,0.4930232558139535,0.49767441860465117,0.0046511627906976605
6NQK_F,2,2,t060,215,0.42848837209302326,high,high,0.32558139534883723,0.46511627906976744,0.3581395348837209,-0.10697674418604652,100.0,77.0,-23.0,1.277262806892395,2.0359385013580322,0.7586756944656372,11.243392944335938,11.022109985351562,-0.221282958984375,-2.3595991134643555,-7.296253204345703,-4.936654090881348,92.0,32.0,-60.0,42.7906976744186,14.883720930232558,-27.906976744186046,0.186,0.5539999999999999,0.36799999999999994,0.38069,0.35111,-0.029579999999999995,29.726400244051252,35.2700421686747,5.543641924623447,4.64,4.74,0.10000000000000053,0.5162790697674419,0.5581395348837209,0.041860465116279055
6NQK_F,3,2,t060,215,0.42848837209302326,high,high,0.32558139534883723,0.386046511627907,0.34418604651162793,-0.041860465116279055,83.0,74.0,-9.0,2.488495349884033,1.0851033926010132,-1.40339195728302,14.690207481384277,9.586338996887207,-5.10386848449707,-1.492009162902832,-5.882376670837402,-4.39036750793457,33.0,45.0,12.0,15.348837209302326,20.930232558139537,5.58139534883721,0.27599999999999997,0.40800000000000003,0.13200000000000006,0.43893,0.3974,-0.04153000000000001,32.539808383233535,43.57143636363636,11.031627980402824,4.05,4.26,0.20999999999999996,0.5209302325581395,0.48372093023255813,-0.037209302325581395
6NQK_F,4,2,t060,215,0.42848837209302326,high,high,0.32558139534883723,0.4325581395348837,0.3813953488372093,-0.051162790697674376,93.0,82.0,-11.0,2.6877176761627197,1.6261241436004639,-1.0615935325622559,12.772272109985352,7.869524002075195,-4.902748107910156,-1.3027210235595703,-7.246465682983398,-5.943744659423828,60.0,90.0,30.0,27.906976744186046,41.86046511627907,13.953488372093027,0.312,0.164,-0.148,0.38789,0.31489,-0.07300000000000001,43.40868310282622,41.64942908653846,-1.7592540162877555,4.32,4.51,0.1899999999999995,0.5116279069767442,0.5395348837209303,0.027906976744186074
6NQK_F,5,2,t060,215,0.42848837209302326,high,high,0.32558139534883723,0.42790697674418604,0.32558139534883723,-0.10232558139534881,92.0,70.0,-22.0,2.0892868041992188,1.2964938879013062,-0.7927929162979126,14.330442428588867,8.688068389892578,-5.642374038696289,-1.573911190032959,-7.665277481079102,-6.091366291046143,63.0,16.0,-47.0,29.30232558139535,7.441860465116279,-21.860465116279073,0.166,0.732,0.566,0.37732,0.46801,0.09068999999999999,28.333713606654783,35.52482303539292,7.191109428738137,4.99,4.91,-0.08000000000000007,0.5023255813953489,0.5441860465116279,0.041860465116279055
6NQK_F,6,2,t060,215,0.42848837209302326,high,high,0.32558139534883723,0.4883720930232558,0.2837209302325581,-0.20465116279069767,105.0,61.0,-44.0,3.9250965118408203,1.0157949924468994,-2.909301519393921,17.30411148071289,8.745697021484375,-8.558414459228516,1.0818052291870117,-10.437744140625,-11.519549369812012,99.0,39.0,-60.0,46.04651162790698,18.13953488372093,-27.90697674418605,0.164,0.47000000000000003,0.30600000000000005,0.40582,0.32309,-0.08273000000000003,33.70598798798799,43.25368068251066,9.547692694522674,4.85,3.98,-0.8699999999999997,0.5488372093023256,0.5348837209302325,-0.013953488372093092
6NQK_F,7,2,t060,215,0.42848837209302326,high,high,0.32558139534883723,0.4232558139534884,0.29767441860465116,-0.12558139534883722,91.0,64.0,-27.0,3.2075748443603516,1.174370288848877,-2.0332045555114746,14.69691276550293,9.136098861694336,-5.560813903808594,-0.5284938812255859,-7.310381889343262,-6.781888008117676,88.0,17.0,-71.0,40.93023255813954,7.906976744186046,-33.02325581395349,0.30600000000000005,0.8920000000000001,0.5860000000000001,0.39011,0.42017,0.030059999999999976,34.34886091127098,35.09359375,0.7447328387290142,4.4,3.95,-0.4500000000000002,0.5162790697674419,0.5069767441860465,-0.009302325581395321
9END_A,0,2,t060,307,0.4140879478827362,high,high,0.2280130293159609,0.41042345276872966,0.34201954397394135,-0.0684039087947883,126.0,105.0,-21.0,1.2338454723358154,0.9327511787414551,-0.30109429359436035,9.357061386108398,13.227270126342773,3.870208740234375,-6.464761257171631,-1.9701099395751953,4.4946513175964355,37.0,47.0,10.0,12.052117263843648,15.309446254071663,3.2573289902280145,0.146,0.036,-0.10999999999999999,0.97919,0.97402,-0.005170000000000008,88.92783889129494,88.80918384879725,-0.11865504249769288,1.17,1.27,0.10000000000000009,0.6547231270358306,0.6547231270358306,0.0
9END_A,1,2,t060,307,0.4140879478827362,high,high,0.2280130293159609,0.4560260586319218,0.3778501628664495,-0.07817589576547229,140.0,116.0,-24.0,2.1548359394073486,0.9921422004699707,-1.162693738937378,12.009696006774902,12.208944320678711,0.1992483139038086,-4.4740800857543945,-2.3186750411987305,2.155405044555664,79.0,91.0,12.0,25.732899022801302,29.64169381107492,3.9087947882736174,0.04,0.094,0.054,0.97286,0.96957,-0.003289999999999904,88.05447709593777,87.13438374125874,-0.9200933546790253,1.27,1.35,0.08000000000000007,0.6579804560260586,0.6612377850162866,0.0032573289902280145
9END_A,2,2,t060,307,0.4140879478827362,high,high,0.2280130293159609,0.3355048859934853,0.46905537459283386,0.13355048859934854,103.0,144.0,41.0,0.9734800457954407,1.4601402282714844,0.4866601824760437,11.47705078125,11.965681076049805,0.4886302947998047,-2.290529727935791,-2.4476637840270996,-0.1571340560913086,68.0,68.0,0.0,22.149837133550488,22.149837133550488,0.0,0.041999999999999996,0.11000000000000001,0.06800000000000002,0.96359,0.97495,0.011360000000000037,89.61508260869566,87.7706623655914,-1.8444202431042527,1.53,1.28,-0.25,0.6547231270358306,0.6449511400651465,-0.009771986970684043
9END_A,3,2,t060,307,0.4140879478827362,high,high,0.2280130293159609,0.3583061889250814,0.3583061889250814,0.0,110.0,110.0,0.0,1.8033205270767212,1.2143069505691528,-0.5890135765075684,13.255245208740234,13.923314094543457,0.6680688858032227,-1.8017821311950684,-1.9053163528442383,-0.10353422164916992,65.0,36.0,-29.0,21.172638436482085,11.726384364820847,-9.446254071661238,0.054000000000000006,0.044,-0.010000000000000009,0.96534,0.97153,0.006190000000000029,88.11040505226481,89.0750392670157,0.9646342147508875,1.44,1.32,-0.11999999999999988,0.6351791530944625,0.6807817589576547,0.0456026058631922
9END_A,4,2,t060,307,0.4140879478827362,high,high,0.2280130293159609,0.46254071661237783,0.4527687296416938,-0.009771986970684043,142.0,139.0,-3.0,1.3390028476715088,1.6763979196548462,0.3373950719833374,9.24084758758545,13.667543411254883,4.426695823669434,-5.979678153991699,-1.2791290283203125,4.700549125671387,48.0,87.0,39.0,15.63517915309446,28.338762214983714,12.703583061889253,0.078,0.03,-0.048,0.97313,0.9727,-0.00043000000000004146,88.25200950734659,88.46163920208153,0.20962969473494297,1.23,1.28,0.050000000000000044,0.6221498371335505,0.6416938110749185,0.019543973941367976
9END_A,5,2,t060,307,0.4140879478827362,high,high,0.2280130293159609,0.42996742671009774,0.3127035830618892,-0.11726384364820852,132.0,96.0,-36.0,1.4435482025146484,1.604162335395813,0.16061413288116455,8.763879776000977,13.304502487182617,4.540622711181641,-8.761727333068848,-3.275027275085449,5.486700057983398,80.0,17.0,-63.0,26.058631921824105,5.537459283387622,-20.521172638436482,0.22200000000000003,0.982,0.76,0.96697,0.96709,0.00012000000000000899,88.19409071274298,88.62196273830156,0.4278720255585853,1.37,1.4,0.029999999999999805,0.6514657980456026,0.6351791530944625,-0.016286644951140072
9END_A,6,2,t060,307,0.4140879478827362,high,high,0.2280130293159609,0.42996742671009774,0.48534201954397393,0.05537459283387619,132.0,149.0,17.0,1.8503825664520264,1.3424924612045288,-0.5078901052474976,8.832624435424805,7.900384902954102,-0.9322395324707031,-7.285001277923584,-7.532768726348877,-0.24776744842529297,74.0,38.0,-36.0,24.104234527687296,12.37785016286645,-11.726384364820847,0.072,0.094,0.022000000000000006,0.97288,0.97362,0.0007400000000000739,88.73316904453091,88.68584013751612,-0.04732890701478709,1.33,1.26,-0.07000000000000006,0.6514657980456026,0.6449511400651465,-0.006514657980456029
9END_A,7,2,t060,307,0.4140879478827362,high,high,0.2280130293159609,0.42996742671009774,0.44299674267100975,0.013029315960912002,132.0,136.0,4.0,2.6403145790100098,1.951645016670227,-0.6886695623397827,13.501792907714844,12.990438461303711,-0.5113544464111328,-2.143681526184082,-3.221456527709961,-1.077775001525879,59.0,71.0,12.0,19.218241042345277,23.12703583061889,3.908794788273614,0.054000000000000006,0.05600000000000001,0.0020000000000000018,0.97121,0.9791,0.007889999999999953,87.92228755364806,87.53954663212436,-0.3827409215237054,1.31,1.2,-0.1100000000000001,0.6579804560260586,0.6742671009771987,0.016286644951140072
5I0L_A,0,2,t060,158,0.3686708860759494,low_or_equal,low_or_equal,0.2088607594936709,0.3291139240506329,0.379746835443038,0.05063291139240511,52.0,60.0,8.0,0.9176341891288757,3.0928492546081543,2.1752150654792786,4.532623291015625,11.29493522644043,6.762311935424805,-11.865619659423828,-4.218867778778076,7.646751880645752,20.0,45.0,25.0,12.658227848101266,28.48101265822785,15.822784810126585,0.508,0.168,-0.33999999999999997,0.98584,0.9806,-0.005240000000000022,92.29394930498773,92.60969849246231,0.31574918747458014,0.57,0.72,0.15000000000000002,0.7278481012658228,0.7151898734177216,-0.012658227848101222
5I0L_A,1,2,t060,158,0.3686708860759494,low_or_equal,low_or_equal,0.2088607594936709,0.4430379746835443,0.3924050632911392,-0.050632911392405056,70.0,62.0,-8.0,2.1461918354034424,3.065751314163208,0.9195594787597656,11.003408432006836,15.81911849975586,4.815710067749023,-4.178581237792969,-0.7249622344970703,3.4536190032958984,40.0,84.0,44.0,25.31645569620253,53.16455696202531,27.848101265822777,0.182,0.028000000000000004,-0.154,0.98498,0.98395,-0.0010299999999999754,93.19284999999999,92.6030928689884,-0.589757131011595,0.59,0.61,0.020000000000000018,0.7151898734177216,0.7278481012658228,0.012658227848101222
5I0L_A,2,2,t060,158,0.3686708860759494,low_or_equal,low_or_equal,0.2088607594936709,0.43037974683544306,0.3227848101265823,-0.10759493670886078,68.0,51.0,-17.0,1.39435613155365,2.2091054916381836,0.8147493600845337,7.434396266937256,14.714229583740234,7.2798333168029785,-8.373830795288086,-1.8772153854370117,6.496615409851074,34.0,24.0,-10.0,21.518987341772153,15.18987341772152,-6.329113924050633,0.256,0.4619999999999999,0.2059999999999999,0.98792,0.98581,-0.0021100000000000563,93.2432577665827,91.6833495539335,-1.559908212649205,0.53,0.57,0.039999999999999925,0.7151898734177216,0.6835443037974683,-0.03164556962025322
5I0L_A,3,2,t060,158,0.3686708860759494,low_or_equal,low_or_equal,0.2088607594936709,0.34177215189873417,0.3860759493670886,0.044303797468354444,54.0,61.0,7.0,1.9688621759414673,3.9189202785491943,1.950058102607727,13.003711700439453,18.460296630859375,5.456584930419922,-3.0465893745422363,2.1530981063842773,5.199687480926514,23.0,41.0,18.0,14.556962025316455,25.949367088607595,11.39240506329114,0.20400000000000001,0.202,-0.0020000000000000018,0.9862,0.986,-0.00019999999999997797,92.56443059019118,93.62387205387206,1.0594414636808835,0.57,0.57,0.0,0.689873417721519,0.689873417721519,0.0
5I0L_A,4,2,t060,158,0.3686708860759494,low_or_equal,low_or_equal,0.2088607594936709,0.45569620253164556,0.47468354430379744,0.01898734177215189,72.0,75.0,3.0,1.7285739183425903,1.864922285079956,0.13634836673736572,6.307849407196045,11.701896667480469,5.394047260284424,-8.805244445800781,-3.7811648845672607,5.0240795612335205,34.0,35.0,1.0,21.518987341772153,22.151898734177212,0.6329113924050596,0.194,0.244,0.04999999999999999,0.98575,0.98636,0.0006099999999999994,92.9948569023569,93.33830938292476,0.34345248056786204,0.64,0.56,-0.07999999999999996,0.7215189873417721,0.6772151898734177,-0.044303797468354444
5I0L_A,5,2,t060,158,0.3686708860759494,low_or_equal,low_or_equal,0.2088607594936709,0.379746835443038,0.3291139240506329,-0.05063291139240511,60.0,52.0,-8.0,2.6793274879455566,1.2835289239883423,-1.3957985639572144,10.541703224182129,8.850778579711914,-1.6909246444702148,-4.924511432647705,-7.208653450012207,-2.284142017364502,53.0,12.0,-41.0,33.54430379746836,7.59493670886076,-25.949367088607598,0.124,0.702,0.578,0.9836,0.98415,0.0005499999999999394,93.63223905723906,93.61869638351557,-0.013542673723492271,0.62,0.61,-0.010000000000000009,0.6962025316455697,0.7215189873417721,0.025316455696202445
5I0L_A,6,2,t060,158,0.3686708860759494,low_or_equal,low_or_equal,0.2088607594936709,0.3987341772151899,0.3670886075949367,-0.03164556962025317,63.0,58.0,-5.0,2.0620014667510986,2.9349656105041504,0.8729641437530518,10.42468547821045,13.902387619018555,3.4777021408081055,-3.834415912628174,-1.912003517150879,1.922412395477295,71.0,50.0,-21.0,44.936708860759495,31.645569620253166,-13.291139240506329,0.21399999999999997,0.126,-0.08799999999999997,0.98617,0.98646,0.00029000000000001247,91.53706176961602,92.8347168216399,1.2976550520238845,0.57,0.56,-0.009999999999999898,0.689873417721519,0.6835443037974683,-0.006329113924050667
5I0L_A,7,2,t060,158,0.3686708860759494,low_or_equal,low_or_equal,0.2088607594936709,0.17088607594936708,0.4240506329113924,0.25316455696202533,27.0,67.0,40.0,0.45347845554351807,0.2740556299686432,-0.17942282557487488,3.8698511123657227,6.656713008880615,2.7868618965148926,-12.398832321166992,-7.788283824920654,4.610548496246338,9.0,41.0,32.0,5.69620253164557,25.949367088607595,20.253164556962027,0.8559999999999999,0.21799999999999997,-0.6379999999999999,0.98662,0.9878,0.0011799999999999589,92.08914805624482,92.96040262941659,0.8712545731717682,0.56,0.53,-0.030000000000000027,0.6772151898734177,0.7278481012658228,0.05063291139240511
6HJS_B,0,2,t060,236,0.3691737288135593,low_or_equal,low_or_equal,0.19491525423728814,0.4406779661016949,0.3516949152542373,-0.08898305084745761,104.0,83.0,-21.0,2.226454019546509,2.474529981613159,0.2480759620666504,10.702191352844238,14.146585464477539,3.444394111633301,-5.02903413772583,-2.103564739227295,2.925469398498535,60.0,38.0,-22.0,25.423728813559322,16.101694915254235,-9.322033898305087,0.15,0.29000000000000004,0.14000000000000004,0.98009,0.95973,-0.020360000000000045,93.11287305122495,83.89465555555556,-9.218217495669393,0.88,1.48,0.6,0.6398305084745762,0.6779661016949152,0.03813559322033899
6HJS_B,1,2,t060,236,0.3691737288135593,low_or_equal,low_or_equal,0.19491525423728814,0.3940677966101695,0.3474576271186441,-0.04661016949152541,93.0,82.0,-11.0,1.7816115617752075,0.6399640440940857,-1.1416475176811218,10.965652465820312,4.634870529174805,-6.330781936645508,-5.401209354400635,-11.739718437194824,-6.3385090827941895,28.0,7.0,-21.0,11.864406779661017,2.9661016949152543,-8.898305084745763,0.62,1.2739999999999998,0.6539999999999998,0.97277,0.97001,-0.0027599999999999847,92.01259199134199,91.5904326396495,-0.42215935169248553,1.17,1.23,0.06000000000000005,0.673728813559322,0.673728813559322,0.0
6HJS_B,2,2,t060,236,0.3691737288135593,low_or_equal,low_or_equal,0.19491525423728814,0.4491525423728814,0.3347457627118644,-0.11440677966101698,106.0,79.0,-27.0,3.1780107021331787,1.248293161392212,-1.9297175407409668,17.233457565307617,12.437090873718262,-4.7963666915893555,1.1917285919189453,-4.021905899047852,-5.213634490966797,54.0,11.0,-43.0,22.88135593220339,4.661016949152542,-18.220338983050848,0.154,0.998,0.844,0.98489,0.95485,-0.030040000000000067,87.1534749034749,94.05009972299169,6.896624819516788,0.77,1.53,0.76,0.6949152542372882,0.6949152542372882,0.0
6HJS_B,3,2,t060,236,0.3691737288135593,low_or_equal,low_or_equal,0.19491525423728814,0.4449152542372881,0.3389830508474576,-0.1059322033898305,105.0,80.0,-25.0,1.6637864112854004,1.9574404954910278,0.29365408420562744,11.537718772888184,12.780960083007812,1.243241310119629,-4.434736251831055,-3.744710922241211,0.6900253295898438,23.0,28.0,5.0,9.745762711864407,11.864406779661017,2.1186440677966107,0.908,0.298,-0.6100000000000001,0.96739,0.96147,-0.005919999999999925,93.06540688148553,93.59728785357737,0.5318809720918409,1.35,1.22,-0.13000000000000012,0.7033898305084746,0.7203389830508474,0.016949152542372836
6HJS_B,4,2,t060,236,0.3691737288135593,low_or_equal,low_or_equal,0.19491525423728814,0.2288135593220339,0.3008474576271186,0.07203389830508472,54.0,71.0,17.0,1.6305783987045288,3.1949315071105957,1.564353108406067,11.996603012084961,16.752199172973633,4.755596160888672,-4.2946929931640625,0.4654817581176758,4.760174751281738,25.0,26.0,1.0,10.59322033898305,11.016949152542372,0.4237288135593218,0.33399999999999996,0.916,0.5820000000000001,0.98265,0.98394,0.0012900000000000134,93.01558568329718,94.0366301369863,1.0210444536891288,0.87,0.93,0.06000000000000005,0.711864406779661,0.7033898305084746,-0.008474576271186418
6HJS_B,5,2,t060,236,0.3691737288135593,low_or_equal,low_or_equal,0.19491525423728814,0.19915254237288135,0.3771186440677966,0.17796610169491525,47.0,89.0,42.0,1.2979388236999512,0.89112389087677,-0.40681493282318115,12.462799072265625,6.948177337646484,-5.514621734619141,-3.4844441413879395,-9.475841522216797,-5.991397380828857,23.0,25.0,2.0,9.745762711864407,10.59322033898305,0.8474576271186436,0.574,0.7000000000000001,0.1260000000000001,0.97097,0.97546,0.004489999999999994,93.813108033241,91.83239566395663,-1.9807123692843618,1.31,0.96,-0.3500000000000001,0.6822033898305084,0.652542372881356,-0.029661016949152463
6HJS_B,6,2,t060,236,0.3691737288135593,low_or_equal,low_or_equal,0.19491525423728814,0.4067796610169492,0.3347457627118644,-0.07203389830508478,96.0,79.0,-17.0,1.1685091257095337,2.193232297897339,1.0247231721878052,10.397871017456055,12.929580688476562,2.531709671020508,-5.94295597076416,-3.5576939582824707,2.3852620124816895,31.0,47.0,16.0,13.135593220338984,19.915254237288135,6.7796610169491505,0.5359999999999999,0.192,-0.3439999999999999,0.98136,0.96765,-0.01371,92.6913413304253,92.92964305326744,0.23830172284213802,0.92,1.2,0.2799999999999999,0.6567796610169492,0.6822033898305084,0.025423728813559254
6HJS_B,7,2,t060,236,0.3691737288135593,low_or_equal,low_or_equal,0.19491525423728814,0.3898305084745763,0.3516949152542373,-0.03813559322033899,92.0,83.0,-9.0,2.603886127471924,0.5002868175506592,-2.1035993099212646,15.863853454589844,3.8514633178710938,-12.01239013671875,-0.05675840377807617,-12.049880981445312,-11.993122577667236,36.0,23.0,-13.0,15.254237288135593,9.745762711864407,-5.508474576271187,0.46799999999999997,0.8220000000000001,0.3540000000000001,0.97584,0.97728,0.0014399999999999968,92.96398574561404,93.32660913140312,0.36262338578907816,1.05,0.98,-0.07000000000000006,0.7076271186440678,0.652542372881356,-0.05508474576271183
1WZE_B,0,2,t060,327,0.3857033639143731,high,high,0.17737003058103976,0.41590214067278286,0.39143730886850153,-0.02446483180428133,136.0,128.0,-8.0,2.4356775283813477,2.190567970275879,-0.24510955810546875,19.818161010742188,19.701730728149414,-0.11643028259277344,4.103160858154297,3.6989316940307617,-0.40422916412353516,145.0,82.0,-63.0,44.342507645259936,25.076452599388375,-19.26605504587156,0.006,0.026000000000000002,0.020000000000000004,0.98197,0.97861,-0.0033600000000000296,89.46427416093813,88.96505472233483,-0.49921943860330487,0.97,1.07,0.10000000000000009,0.7431192660550459,0.7339449541284404,-0.00917431192660545
1WZE_B,1,2,t060,327,0.3857033639143731,high,high,0.17737003058103976,0.40672782874617736,0.42507645259938837,0.01834862385321101,133.0,139.0,6.0,2.257218599319458,2.6586368083953857,0.40141820907592773,19.57921600341797,19.3951473236084,-0.1840686798095703,3.918933868408203,3.268617630004883,-0.6503162384033203,140.0,73.0,-67.0,42.813455657492355,22.32415902140673,-20.489296636085626,0.034,0.082,0.048,0.98176,0.97599,-0.005769999999999942,88.25106811769447,89.62051302931596,1.3694449116214855,0.97,1.12,0.15000000000000013,0.7125382262996942,0.7522935779816514,0.03975535168195721
1WZE_B,2,2,t060,327,0.3857033639143731,high,high,0.17737003058103976,0.41590214067278286,0.37920489296636084,-0.03669724770642202,136.0,124.0,-12.0,2.285853862762451,1.8617243766784668,-0.4241294860839844,16.651845932006836,19.10759735107422,2.455751419067383,-0.04593086242675781,3.3819150924682617,3.4278459548950195,63.0,133.0,70.0,19.26605504587156,40.67278287461774,21.406727828746178,0.04,0.05800000000000001,0.01800000000000001,0.9828,0.97817,-0.004630000000000023,87.87753895325609,88.37354242058706,0.496003467330965,0.91,1.08,0.17000000000000004,0.7492354740061162,0.7370030581039755,-0.012232415902140747
1WZE_B,3,2,t060,327,0.3857033639143731,high,high,0.17737003058103976,0.29357798165137616,0.39755351681957185,0.10397553516819569,96.0,130.0,34.0,1.568150281906128,2.1478471755981445,0.5796968936920166,17.000690460205078,18.8054256439209,1.8047351837158203,0.8909673690795898,2.3596553802490234,1.4686880111694336,65.0,84.0,19.0,19.877675840978593,25.688073394495415,5.810397553516822,0.06799999999999999,0.032,-0.03599999999999999,0.98549,0.98089,-0.0045999999999999375,87.9463201911589,88.40068218298555,0.4543619918266444,0.85,0.99,0.14,0.7370030581039755,0.7400611620795107,0.003058103975535187
1WZE_B,4,2,t060,327,0.3857033639143731,high,high,0.17737003058103976,0.39143730886850153,0.44648318042813456,0.05504587155963303,128.0,146.0,18.0,2.7484183311462402,1.8810431957244873,-0.8673751354217529,19.08770179748535,16.648054122924805,-2.439647674560547,2.4694461822509766,0.6717863082885742,-1.7976598739624023,96.0,37.0,-59.0,29.357798165137616,11.314984709480122,-18.042813455657495,0.026000000000000002,0.312,0.286,0.9867,0.98784,0.0011400000000000299,87.80631536278881,88.15893462469734,0.3526192619085293,0.8,0.76,-0.040000000000000036,0.746177370030581,0.7247706422018348,-0.021406727828746197
1WZE_B,5,2,t060,327,0.3857033639143731,high,high,0.17737003058103976,0.3516819571865443,0.42201834862385323,0.07033639143730891,115.0,138.0,23.0,1.8638408184051514,2.2130162715911865,0.34917545318603516,19.953594207763672,17.323219299316406,-2.6303749084472656,3.6171693801879883,1.1204519271850586,-2.4967174530029297,98.0,117.0,19.0,29.96941896024465,35.77981651376147,5.810397553516818,0.024,0.030000000000000006,0.006000000000000005,0.98509,0.98426,-0.0008299999999999974,88.66012454801124,88.64426916932908,-0.01585537868216136,0.87,0.9,0.030000000000000027,0.7584097859327217,0.7492354740061162,-0.00917431192660545
1WZE_B,6,2,t060,327,0.3857033639143731,high,high,0.17737003058103976,0.42507645259938837,0.44036697247706424,0.015290519877675879,139.0,144.0,5.0,1.6925989389419556,2.428732395172119,0.7361334562301636,18.30157470703125,20.825456619262695,2.5238819122314453,2.3461570739746094,4.16054630279541,1.8143892288208008,127.0,65.0,-62.0,38.837920489296636,19.877675840978593,-18.960244648318042,0.034,0.028000000000000004,-0.005999999999999998,0.98525,0.98509,-0.00015999999999993797,88.05318273497377,89.830601291364,1.7774185563902307,0.86,0.85,-0.010000000000000009,0.7553516819571865,0.7370030581039755,-0.01834862385321101
1WZE_B,7,2,t060,327,0.3857033639143731,high,high,0.17737003058103976,0.3853211009174312,0.4648318042813456,0.07951070336391436,126.0,152.0,26.0,1.4962409734725952,2.3472542762756348,0.8510133028030396,17.615888595581055,20.022361755371094,2.406473159790039,1.5545759201049805,4.281402587890625,2.7268266677856445,53.0,130.0,77.0,16.207951070336392,39.75535168195719,23.547400611620795,0.168,0.016,-0.15200000000000002,0.98606,0.98504,-0.0010200000000000209,88.35829838709677,87.79447039871124,-0.5638279883855262,0.82,0.86,0.040000000000000036,0.7186544342507645,0.7431192660550459,0.024464831804281384
6K8P_C,0,2,t060,294,0.423469387755102,high,high,0.22448979591836735,0.3299319727891156,0.3673469387755102,0.0374149659863946,97.0,108.0,11.0,3.056133985519409,3.1035845279693604,0.04745054244995117,19.79361915588379,20.269865036010742,0.4762458801269531,3.3314390182495117,3.6358728408813477,0.30443382263183594,190.0,155.0,-35.0,64.62585034013605,52.721088435374156,-11.904761904761898,0.006,0.004,-0.002,0.95194,0.96702,0.015079999999999982,88.8544525215811,84.50398089171975,-4.350471629861346,1.32,1.33,0.010000000000000009,0.5238095238095238,0.5306122448979592,0.006802721088435382
6K8P_C,1,2,t060,294,0.423469387755102,high,high,0.22448979591836735,0.42857142857142855,0.40816326530612246,-0.02040816326530609,126.0,120.0,-6.0,2.6645357608795166,1.3989756107330322,-1.2655601501464844,19.08403778076172,14.734933853149414,-4.349103927612305,2.469533920288086,-1.355872631072998,-3.825406551361084,110.0,39.0,-71.0,37.41496598639456,13.26530612244898,-24.149659863945583,0.01,0.356,0.346,0.93971,0.92306,-0.016650000000000054,88.6242234332425,83.92369195402298,-4.700531479219521,1.55,2.02,0.47,0.5238095238095238,0.5306122448979592,0.006802721088435382
6K8P_C,2,2,t060,294,0.423469387755102,high,high,0.22448979591836735,0.47278911564625853,0.272108843537415,-0.20068027210884354,139.0,80.0,-59.0,2.1377928256988525,1.593875765800476,-0.5439170598983765,18.194129943847656,18.852611541748047,0.6584815979003906,2.906283378601074,2.187882423400879,-0.7184009552001953,171.0,156.0,-15.0,58.16326530612245,53.06122448979592,-5.102040816326529,0.024,0.008,-0.016,0.97445,0.96195,-0.012500000000000067,84.21508835523335,87.66102087114338,3.4459325159100302,1.19,1.37,0.18000000000000016,0.5272108843537415,0.5340136054421769,0.006802721088435382
6K8P_C,3,2,t060,294,0.423469387755102,high,high,0.22448979591836735,0.43537414965986393,0.2925170068027211,-0.14285714285714285,128.0,86.0,-42.0,1.9087135791778564,2.150228977203369,0.2415153980255127,16.07851791381836,19.82579231262207,3.747274398803711,-3.1917409896850586,3.389676094055176,6.581417083740234,122.0,133.0,11.0,41.49659863945578,45.23809523809524,3.7414965986394577,0.026000000000000002,0.0,-0.026000000000000002,0.9502,0.95297,0.002769999999999939,89.74471799462847,88.3299505840072,-1.4147674106212804,1.4,1.71,0.31000000000000005,0.5306122448979592,0.5204081632653061,-0.010204081632653073
6K8P_C,4,2,t060,294,0.423469387755102,high,high,0.22448979591836735,0.4931972789115646,0.46938775510204084,-0.02380952380952378,145.0,138.0,-7.0,1.6806179285049438,1.8887561559677124,0.20813822746276855,19.056821823120117,17.31165313720703,-1.745168685913086,3.0721330642700195,1.5083417892456055,-1.563791275024414,166.0,119.0,-47.0,56.4625850340136,40.476190476190474,-15.986394557823125,0.002,0.03,0.027999999999999997,0.961,0.96297,0.0019700000000000273,87.53494252873563,89.8677233947014,2.3327808659657734,1.05,1.06,0.010000000000000009,0.5510204081632653,0.5204081632653061,-0.030612244897959107
6K8P_C,5,2,t060,294,0.423469387755102,high,high,0.22448979591836735,0.445578231292517,0.3469387755102041,-0.09863945578231292,131.0,102.0,-29.0,2.233397960662842,2.5569653511047363,0.32356739044189453,18.220918655395508,18.472721099853516,0.2518024444580078,1.860276222229004,1.9755773544311523,0.11530113220214844,129.0,107.0,-22.0,43.87755102040816,36.394557823129254,-7.482993197278908,0.038,0.02,-0.018,0.9543,0.94757,-0.006730000000000014,84.81293767186067,86.56689964157707,1.7539619697164,1.8,1.46,-0.3400000000000001,0.5578231292517006,0.4965986394557823,-0.061224489795918324
6K8P_C,6,2,t060,294,0.423469387755102,high,high,0.22448979591836735,0.40476190476190477,0.36394557823129253,-0.040816326530612235,119.0,107.0,-12.0,1.9641482830047607,2.2941815853118896,0.3300333023071289,17.638429641723633,19.8305606842041,2.1921310424804688,-1.7977018356323242,3.6621646881103516,5.459866523742676,143.0,144.0,1.0,48.63945578231292,48.97959183673469,0.34013605442176953,0.038,0.01,-0.027999999999999997,0.95617,0.95803,0.0018600000000000838,89.12300274223036,81.55945381882772,-7.563548923402635,1.22,1.5,0.28,0.5102040816326531,0.5170068027210885,0.006802721088435382
6K8P_C,7,2,t060,294,0.423469387755102,high,high,0.22448979591836735,0.37755102040816324,0.40816326530612246,0.030612244897959218,111.0,120.0,9.0,1.7206789255142212,3.04341983795166,1.322740912437439,18.04644012451172,20.27631378173828,2.2298736572265625,2.093629837036133,2.848090171813965,0.754460334777832,180.0,181.0,1.0,61.224489795918366,61.564625850340136,0.34013605442176953,0.034,0.014000000000000002,-0.02,0.9767,0.95725,-0.019449999999999967,88.32028880866426,83.74850985786337,-4.571778950800891,1.06,1.56,0.5,0.5408163265306123,0.5884353741496599,0.04761904761904756
6VJP_B,0,2,t060,153,0.35784313725490197,low_or_equal,low_or_equal,0.23529411764705882,0.477124183006536,0.41830065359477125,-0.05882352941176472,73.0,64.0,-9.0,1.4927021265029907,0.9540836811065674,-0.5386184453964233,11.189516067504883,7.274502754211426,-3.915013313293457,-3.597944974899292,-7.545525550842285,-3.947580575942993,10.0,8.0,-2.0,6.535947712418301,5.228758169934641,-1.3071895424836608,1.244,1.432,0.18799999999999994,0.98773,0.98672,-0.0010099999999999554,92.82070085470086,91.71798977853493,-1.1027110761659316,0.57,0.6,0.030000000000000027,0.6601307189542484,0.6535947712418301,-0.006535947712418277
6VJP_B,1,2,t060,153,0.35784313725490197,low_or_equal,low_or_equal,0.23529411764705882,0.24836601307189543,0.38562091503267976,0.13725490196078433,38.0,59.0,21.0,2.1380999088287354,0.5330709218978882,-1.6050289869308472,19.190404891967773,5.435024261474609,-13.755380630493164,3.3279170989990234,-11.72392463684082,-15.051841735839844,35.0,11.0,-24.0,22.875816993464053,7.18954248366013,-15.686274509803923,0.138,0.788,0.65,0.98751,0.98881,0.0012999999999999678,91.470820642978,91.9512829226848,0.4804622797067992,0.58,0.5,-0.07999999999999996,0.6535947712418301,0.6535947712418301,0.0
6VJP_B,2,2,t060,153,0.35784313725490197,low_or_equal,low_or_equal,0.23529411764705882,0.2549019607843137,0.40522875816993464,0.15032679738562094,39.0,62.0,23.0,2.177234649658203,3.6680169105529785,1.4907822608947754,16.608797073364258,18.672210693359375,2.063413619995117,1.3850030899047852,0.775360107421875,-0.6096429824829102,30.0,49.0,19.0,19.607843137254903,32.02614379084967,12.41830065359477,0.15799999999999997,0.266,0.10800000000000004,0.98691,0.9879,0.0009900000000000464,92.7125748502994,92.44145991561182,-0.2711149346875885,0.59,0.56,-0.029999999999999916,0.6405228758169934,0.6666666666666666,0.02614379084967322
6VJP_B,3,2,t060,153,0.35784313725490197,low_or_equal,low_or_equal,0.23529411764705882,0.3202614379084967,0.4444444444444444,0.12418300653594772,49.0,68.0,19.0,2.7541351318359375,3.0216495990753174,0.2675144672393799,19.61159896850586,18.29232406616211,-1.31927490234375,3.478221893310547,3.020634651184082,-0.45758724212646484,24.0,13.0,-11.0,15.686274509803921,8.49673202614379,-7.18954248366013,0.172,0.386,0.21400000000000002,0.98944,0.98383,-0.005610000000000004,91.7947870528109,88.98803082191782,-2.806756230893086,0.5,0.61,0.10999999999999999,0.6405228758169934,0.6470588235294118,0.0065359477124183885
6VJP_B,4,2,t060,153,0.35784313725490197,low_or_equal,low_or_equal,0.23529411764705882,0.43790849673202614,0.42483660130718953,-0.01307189542483661,67.0,65.0,-2.0,2.2652688026428223,2.9813148975372314,0.7160460948944092,11.980998992919922,18.182172775268555,6.201173782348633,-3.5722813606262207,2.7117395401000977,6.284020900726318,73.0,18.0,-55.0,47.712418300653596,11.76470588235294,-35.947712418300654,0.276,0.4,0.124,0.98847,0.98808,-0.00039000000000000146,91.21228741496599,92.34353242320819,1.1312450082422032,0.52,0.53,0.010000000000000009,0.6535947712418301,0.6601307189542484,0.006535947712418277
6VJP_B,5,2,t060,153,0.35784313725490197,low_or_equal,low_or_equal,0.23529411764705882,0.47058823529411764,0.29411764705882354,-0.1764705882352941,72.0,45.0,-27.0,0.8202760219573975,1.070873737335205,0.2505977153778076,16.14897346496582,9.439513206481934,-6.709460258483887,3.3866376876831055,-7.193770885467529,-10.580408573150635,67.0,22.0,-45.0,43.790849673202615,14.37908496732026,-29.411764705882355,0.134,0.394,0.26,0.98485,0.98696,0.0021099999999999453,92.58995659722223,92.52995715509854,-0.05999944212368291,0.62,0.57,-0.050000000000000044,0.6601307189542484,0.6862745098039216,0.02614379084967322
6VJP_B,6,2,t060,153,0.35784313725490197,low_or_equal,low_or_equal,0.23529411764705882,0.3202614379084967,0.45098039215686275,0.13071895424836605,49.0,69.0,20.0,3.113872766494751,2.6700923442840576,-0.44378042221069336,17.81307601928711,15.231409072875977,-2.581666946411133,1.7670059204101562,-0.32666873931884766,-2.093674659729004,32.0,46.0,14.0,20.915032679738562,30.065359477124183,9.15032679738562,0.38,0.08600000000000001,-0.294,0.9876,0.98712,-0.00048000000000003595,92.1565903307888,93.08862187769165,0.9320315469028486,0.55,0.59,0.039999999999999925,0.6862745098039216,0.6405228758169934,-0.045751633986928164
6VJP_B,7,2,t060,153,0.35784313725490197,low_or_equal,low_or_equal,0.23529411764705882,0.3333333333333333,0.28104575163398693,-0.052287581699346386,51.0,43.0,-8.0,2.147975444793701,2.1395976543426514,-0.008377790451049805,16.190309524536133,17.891714096069336,1.7014045715332031,0.9882478713989258,3.270205497741699,2.2819576263427734,29.0,42.0,13.0,18.954248366013072,27.450980392156865,8.496732026143793,0.262,0.16199999999999998,-0.10000000000000003,0.98878,0.98567,-0.003109999999999946,91.75275803722504,93.13067357512953,1.3779155379044994,0.52,0.63,0.10999999999999999,0.6405228758169934,0.6862745098039216,0.045751633986928164
4ND3_B,0,2,t060,317,0.39235015772870663,high,high,0.11987381703470032,0.40063091482649843,0.3753943217665615,-0.025236593059936918,127.0,119.0,-8.0,1.9288216829299927,1.0080443620681763,-0.9207773208618164,13.76385498046875,6.915771007537842,-6.848083972930908,-2.614307403564453,-8.850497245788574,-6.236189842224121,78.0,63.0,-15.0,24.605678233438486,19.873817034700316,-4.731861198738169,0.39199999999999996,0.398,0.006000000000000061,0.97059,0.97108,0.0004900000000001015,89.36903334740397,86.59340016708438,-2.7756331803195877,1.48,1.48,0.0,0.6277602523659306,0.61198738170347,-0.01577287066246058
4ND3_B,1,2,t060,317,0.39235015772870663,high,high,0.11987381703470032,0.33753943217665616,0.33753943217665616,0.0,107.0,107.0,0.0,1.6222577095031738,1.196743130683899,-0.4255145788192749,13.643144607543945,11.375872611999512,-2.2672719955444336,-1.5773744583129883,-5.0229105949401855,-3.4455361366271973,185.0,51.0,-134.0,58.359621451104104,16.08832807570978,-42.27129337539432,0.076,0.40199999999999997,0.32599999999999996,0.97034,0.96733,-0.003009999999999957,88.57796574770259,92.80473951715375,4.226773769451157,1.49,1.51,0.020000000000000018,0.6214511041009464,0.6214511041009464,0.0
4ND3_B,2,2,t060,317,0.39235015772870663,high,high,0.11987381703470032,0.38801261829652994,0.4416403785488959,0.05362776025236593,123.0,140.0,17.0,1.9378883838653564,1.3115122318267822,-0.6263761520385742,11.174546241760254,7.310355186462402,-3.8641910552978516,-4.729284286499023,-7.799975395202637,-3.0706911087036133,129.0,126.0,-3.0,40.694006309148264,39.74763406940063,-0.9463722397476317,0.048,0.22400000000000003,0.17600000000000005,0.96878,0.97008,0.0013000000000000789,88.37440016778524,88.05769745089846,-0.3167027168867804,1.64,1.51,-0.1299999999999999,0.6309148264984227,0.6403785488958991,0.009463722397476393
4ND3_B,3,2,t060,317,0.39235015772870663,high,high,0.11987381703470032,0.43217665615141954,0.3470031545741325,-0.08517350157728704,137.0,110.0,-27.0,2.032820463180542,1.7372089624404907,-0.29561150074005127,14.320745468139648,9.73138427734375,-4.589361190795898,-0.39574766159057617,-6.37288236618042,-5.977134704589844,120.0,84.0,-36.0,37.85488958990536,26.498422712933756,-11.356466876971606,0.05600000000000001,0.15,0.09399999999999999,0.96999,0.96972,-0.00026999999999999247,89.94377909437156,88.01196804037005,-1.931811054001514,1.5,1.51,0.010000000000000009,0.6403785488958991,0.6435331230283912,0.003154574132492094
4ND3_B,4,2,t060,317,0.39235015772870663,high,high,0.11987381703470032,0.3186119873817035,0.41009463722397477,0.09148264984227128,101.0,130.0,29.0,1.1777609586715698,2.3163139820098877,1.1385530233383179,6.634476661682129,15.103006362915039,8.46852970123291,-9.443403244018555,-1.4026446342468262,8.040758609771729,42.0,50.0,8.0,13.249211356466878,15.772870662460567,2.5236593059936894,0.6300000000000001,0.43,-0.20000000000000012,0.96898,0.97015,0.0011700000000000044,88.91873049346268,88.06594159966146,-0.8527888938012183,1.5,1.52,0.020000000000000018,0.6403785488958991,0.637223974763407,-0.003154574132492094
4ND3_B,5,2,t060,317,0.39235015772870663,high,high,0.11987381703470032,0.47318611987381703,0.444794952681388,-0.028391167192429012,150.0,141.0,-9.0,1.779369831085205,2.3631958961486816,0.5838260650634766,13.361833572387695,14.169637680053711,0.8078041076660156,-2.359363555908203,0.9317264556884766,3.2910900115966797,178.0,208.0,30.0,56.15141955835961,65.61514195583597,9.463722397476353,0.038,0.04,0.0020000000000000018,0.96959,0.96922,-0.00036999999999998145,91.24189575451871,90.74203446826397,-0.4998612862547418,1.47,1.47,0.0,0.6277602523659306,0.6561514195583596,0.028391167192429068
4ND3_B,6,2,t060,317,0.39235015772870663,high,high,0.11987381703470032,0.40063091482649843,0.45741324921135645,0.056782334384858024,127.0,145.0,18.0,1.8807488679885864,2.2445762157440186,0.36382734775543213,15.887248992919922,13.144728660583496,-2.742520332336426,0.5860805511474609,-2.8041253089904785,-3.3902058601379395,156.0,163.0,7.0,49.21135646687697,51.419558359621455,2.2082018927444835,0.024,0.024,0.0,0.97155,0.9706,-0.0009500000000000064,91.84142556770395,89.92522881355933,-1.9161967541446217,1.53,1.5,-0.030000000000000027,0.6435331230283912,0.5962145110410094,-0.04731861198738174
4ND3_B,7,2,t060,317,0.39235015772870663,high,high,0.11987381703470032,0.38801261829652994,0.4637223974763407,0.07570977917981075,123.0,147.0,24.0,1.9791390895843506,2.8643786907196045,0.8852396011352539,14.8765230178833,14.749015808105469,-0.12750720977783203,-1.0075774192810059,0.11467456817626953,1.1222519874572754,107.0,131.0,24.0,33.753943217665615,41.32492113564668,7.570977917981068,0.054000000000000006,0.076,0.021999999999999992,0.96508,0.96578,0.0006999999999999229,87.27829206882082,85.30691687871077,-1.9713751901100522,1.54,1.6,0.06000000000000005,0.6182965299684543,0.61198738170347,-0.006309148264984299
4QYA_A,0,2,t060,116,0.3566810344827586,low_or_equal,low_or_equal,0.27586206896551724,0.4224137931034483,0.39655172413793105,-0.025862068965517238,49.0,46.0,-3.0,1.7488538026809692,2.224843740463257,0.4759899377822876,12.962186813354492,9.631816864013672,-3.3303699493408203,-1.617955207824707,-5.862445831298828,-4.244490623474121,30.0,28.0,-2.0,25.862068965517242,24.137931034482758,-1.724137931034484,0.36,0.6180000000000001,0.2580000000000001,0.95419,0.9685,0.014310000000000045,86.94072747014116,89.28591991341992,2.345192443278762,0.83,0.73,-0.09999999999999998,0.43103448275862066,0.5,0.06896551724137934
4QYA_A,1,2,t060,116,0.3566810344827586,low_or_equal,low_or_equal,0.27586206896551724,0.3706896551724138,0.39655172413793105,0.025862068965517238,43.0,46.0,3.0,0.7912302613258362,0.3845382034778595,-0.4066920578479767,5.06287956237793,1.5952539443969727,-3.467625617980957,-12.504117965698242,-13.296428680419922,-0.7923107147216797,2.0,13.0,11.0,1.7241379310344827,11.206896551724139,9.482758620689657,2.2879999999999994,0.764,-1.5239999999999994,0.94973,0.97451,0.024780000000000024,86.5791897891232,89.58128571428571,3.0020959251625072,0.99,0.66,-0.32999999999999996,0.5086206896551724,0.4827586206896552,-0.025862068965517182
4QYA_A,2,2,t060,116,0.3566810344827586,low_or_equal,low_or_equal,0.27586206896551724,0.15517241379310345,0.3879310344827586,0.23275862068965517,18.0,45.0,27.0,0.8892112970352173,3.194007635116577,2.30479633808136,9.994636535644531,19.499954223632812,9.505317687988281,-7.691921234130859,1.9783215522766113,9.67024278640747,21.0,50.0,29.0,18.103448275862068,43.103448275862064,24.999999999999996,0.196,0.01,-0.186,0.91683,0.95822,0.04138999999999993,84.61228509249185,86.10992196209588,1.4976368696040367,1.31,0.95,-0.3600000000000001,0.5086206896551724,0.4827586206896552,-0.025862068965517182
4QYA_A,3,2,t060,116,0.3566810344827586,low_or_equal,low_or_equal,0.27586206896551724,0.46551724137931033,0.41379310344827586,-0.051724137931034475,54.0,48.0,-6.0,1.7538245916366577,1.645824670791626,-0.10799992084503174,14.02002239227295,6.536455154418945,-7.483567237854004,-3.9640514850616455,-9.910126686096191,-5.946075201034546,20.0,30.0,10.0,17.24137931034483,25.862068965517242,8.620689655172413,0.5599999999999999,0.6679999999999999,0.10799999999999998,0.94248,0.92867,-0.013809999999999989,86.18799564270152,83.26439692982457,-2.9235987128769523,1.19,1.27,0.08000000000000007,0.49137931034482757,0.5172413793103449,0.025862068965517293
4QYA_A,4,2,t060,116,0.3566810344827586,low_or_equal,low_or_equal,0.27586206896551724,0.35344827586206895,0.41379310344827586,0.060344827586206906,41.0,48.0,7.0,1.9400033950805664,1.3130663633346558,-0.6269370317459106,12.110223770141602,11.37699031829834,-0.7332334518432617,-2.3526339530944824,-6.368960857391357,-4.016326904296875,22.0,32.0,10.0,18.96551724137931,27.586206896551722,8.620689655172413,0.318,0.162,-0.156,0.9634,0.89066,-0.07274000000000003,85.64617297297298,82.44482417582417,-3.2013487971488104,0.83,1.57,0.7400000000000001,0.5,0.5172413793103449,0.017241379310344862
4QYA_A,5,2,t060,116,0.3566810344827586,low_or_equal,low_or_equal,0.27586206896551724,0.3620689655172414,0.4396551724137931,0.07758620689655171,42.0,51.0,9.0,3.255391836166382,0.20643453299999237,-3.0489573031663895,19.95221710205078,7.972880840301514,-11.979336261749268,2.306178569793701,-2.148789882659912,-4.454968452453613,52.0,32.0,-20.0,44.827586206896555,27.586206896551722,-17.241379310344833,0.018000000000000002,0.184,0.16599999999999998,0.94714,0.95092,0.0037800000000000056,87.1293099671413,87.88353273137697,0.7542227642356778,1.0,1.03,0.030000000000000027,0.5258620689655172,0.49137931034482757,-0.03448275862068967
4QYA_A,6,2,t060,116,0.3566810344827586,low_or_equal,low_or_equal,0.27586206896551724,0.23275862068965517,0.4396551724137931,0.20689655172413793,27.0,51.0,24.0,0.661657989025116,2.3885340690612793,1.7268760800361633,6.954385757446289,10.658600807189941,3.7042150497436523,-11.536208152770996,-6.191349983215332,5.344858169555664,6.0,9.0,3.0,5.172413793103448,7.758620689655173,2.586206896551724,1.31,1.324,0.014000000000000012,0.91769,0.92304,0.005349999999999966,85.10686274509804,85.0134422657952,-0.0934204793028357,1.46,1.52,0.06000000000000005,0.5172413793103449,0.4827586206896552,-0.03448275862068967
4QYA_A,7,2,t060,116,0.3566810344827586,low_or_equal,low_or_equal,0.27586206896551724,0.49137931034482757,0.29310344827586204,-0.19827586206896552,57.0,34.0,-23.0,2.945803642272949,0.8856596946716309,-2.0601439476013184,10.645977020263672,6.597684860229492,-4.04829216003418,-4.8762922286987305,-10.511467933654785,-5.635175704956055,90.0,1.0,-89.0,77.58620689655173,0.8620689655172413,-76.72413793103449,0.098,2.358,2.2600000000000002,0.93462,0.94753,0.012909999999999977,87.64598684210526,86.19658008658008,-1.4494067555251746,1.22,1.24,0.020000000000000018,0.46551724137931033,0.4396551724137931,-0.025862068965517238
2F7A_A,0,2,t060,228,0.3706140350877193,low_or_equal,low_or_equal,0.2807017543859649,0.30701754385964913,0.34649122807017546,0.03947368421052633,70.0,79.0,9.0,0.619564414024353,0.8743030428886414,0.25473862886428833,3.374140739440918,6.984480857849121,3.610340118408203,-12.221546173095703,-11.459617614746094,0.7619285583496094,51.0,1.0,-50.0,22.36842105263158,0.43859649122807015,-21.92982456140351,0.162,2.7800000000000002,2.6180000000000003,0.92429,0.89359,-0.03069999999999995,80.46754307948859,81.20065326633166,0.7331101868430636,1.83,2.05,0.21999999999999975,0.5482456140350878,0.5789473684210527,0.030701754385964897
2F7A_A,1,2,t060,228,0.3706140350877193,low_or_equal,low_or_equal,0.2807017543859649,0.36403508771929827,0.3026315789473684,-0.06140350877192985,83.0,69.0,-14.0,2.6819539070129395,0.2985607981681824,-2.383393108844757,13.371993064880371,3.314563751220703,-10.057429313659668,-2.88394832611084,-12.006904602050781,-9.122956275939941,25.0,14.0,-11.0,10.964912280701753,6.140350877192982,-4.824561403508771,0.422,0.45999999999999996,0.03799999999999998,0.92803,0.92437,-0.0036599999999999966,80.72559821925431,81.85626628895184,1.1306680696975349,1.9,2.02,0.1200000000000001,0.5789473684210527,0.5833333333333334,0.004385964912280715
2F7A_A,2,2,t060,228,0.3706140350877193,low_or_equal,low_or_equal,0.2807017543859649,0.3684210526315789,0.4166666666666667,0.04824561403508776,84.0,95.0,11.0,1.1567412614822388,0.952362060546875,-0.20437920093536377,13.2743558883667,6.732009410858154,-6.542346477508545,-6.068921089172363,-8.874214172363281,-2.805293083190918,26.0,12.0,-14.0,11.403508771929824,5.263157894736842,-6.140350877192982,0.47800000000000004,0.764,0.286,0.91568,0.90897,-0.006710000000000105,81.89997781475319,81.4982065519156,-0.4017712628375847,1.66,1.82,0.16000000000000014,0.5570175438596491,0.5307017543859649,-0.02631578947368418
2F7A_A,3,2,t060,228,0.3706140350877193,low_or_equal,low_or_equal,0.2807017543859649,0.3026315789473684,0.3333333333333333,0.030701754385964897,69.0,76.0,7.0,1.7878334522247314,0.9750311374664307,-0.8128023147583008,9.289793968200684,7.4989542961120605,-1.790839672088623,-6.566256046295166,-8.454381942749023,-1.8881258964538574,55.0,11.0,-44.0,24.12280701754386,4.824561403508771,-19.29824561403509,0.22999999999999998,0.9879999999999999,0.7579999999999999,0.92449,0.92566,0.0011700000000000044,81.3529372570794,79.55409544950056,-1.7988418075788388,1.93,1.67,-0.26,0.5570175438596491,0.5570175438596491,0.0
2F7A_A,4,2,t060,228,0.3706140350877193,low_or_equal,low_or_equal,0.2807017543859649,0.4166666666666667,0.4692982456140351,0.05263157894736842,95.0,107.0,12.0,2.1281940937042236,3.0909035205841064,0.9627094268798828,18.31306266784668,15.356023788452148,-2.9570388793945312,-0.5702853202819824,-0.6666116714477539,-0.09632635116577148,23.0,22.0,-1.0,10.087719298245613,9.649122807017543,-0.4385964912280702,0.5820000000000001,0.47000000000000003,-0.11200000000000004,0.92037,0.91952,-0.0008500000000000174,81.12735797021512,82.87673173452315,1.7493737643080323,1.81,1.69,-0.1200000000000001,0.5701754385964912,0.5614035087719298,-0.00877192982456143
2F7A_A,5,2,t060,228,0.3706140350877193,low_or_equal,low_or_equal,0.2807017543859649,0.4649122807017544,0.2850877192982456,-0.17982456140350878,106.0,65.0,-41.0,2.3587687015533447,1.927137017250061,-0.4316316843032837,16.46095848083496,13.349828720092773,-3.1111297607421875,0.45862627029418945,-2.778947353363037,-3.2375736236572266,15.0,21.0,6.0,6.578947368421052,9.210526315789473,2.6315789473684204,1.024,0.396,-0.628,0.89974,0.91493,0.015190000000000037,81.53979421579533,79.75519796380091,-1.7845962519944152,1.75,1.88,0.1299999999999999,0.5701754385964912,0.5526315789473685,-0.01754385964912275
2F7A_A,6,2,t060,228,0.3706140350877193,low_or_equal,low_or_equal,0.2807017543859649,0.3991228070175439,0.3333333333333333,-0.06578947368421056,91.0,76.0,-15.0,1.3765084743499756,1.6413147449493408,0.26480627059936523,9.27937126159668,11.865376472473145,2.586005210876465,-7.04158353805542,-4.45206880569458,2.58951473236084,30.0,26.0,-4.0,13.157894736842104,11.403508771929824,-1.7543859649122808,0.496,0.32999999999999996,-0.16600000000000004,0.89404,0.91448,0.020440000000000014,79.4323038397329,82.78544697390339,3.3531431341704945,2.16,1.77,-0.3900000000000001,0.5526315789473685,0.5219298245614035,-0.030701754385965008
2F7A_A,7,2,t060,228,0.3706140350877193,low_or_equal,low_or_equal,0.2807017543859649,0.34210526315789475,0.35964912280701755,0.017543859649122806,78.0,82.0,4.0,1.1861913204193115,0.9006488919258118,-0.28554242849349976,12.239216804504395,7.095324516296387,-5.143892288208008,-7.051075458526611,-8.329256057739258,-1.2781805992126465,2.0,6.0,4.0,0.8771929824561403,2.631578947368421,1.7543859649122804,1.8780000000000001,1.192,-0.6860000000000002,0.84846,0.91068,0.06222000000000005,76.63853685368537,80.81720904578047,4.178672192095107,2.29,1.97,-0.32000000000000006,0.5394736842105263,0.5526315789473685,0.013157894736842146
3Q80_B,0,2,t060,218,0.36754587155963303,low_or_equal,low_or_equal,0.1834862385321101,0.40825688073394495,0.39908256880733944,-0.009174311926605505,89.0,87.0,-2.0,2.8083574771881104,2.5307908058166504,-0.27756667137145996,16.422195434570312,18.178110122680664,1.7559146881103516,0.9408073425292969,-1.0782833099365234,-2.0190906524658203,46.0,17.0,-29.0,21.100917431192663,7.79816513761468,-13.302752293577983,0.35,0.788,0.43800000000000006,0.94863,0.94455,-0.0040799999999999725,83.08028355387523,82.92880643166357,-0.15147712221165932,1.46,1.52,0.06000000000000005,0.6559633027522935,0.6834862385321101,0.02752293577981657
3Q80_B,1,2,t060,218,0.36754587155963303,low_or_equal,low_or_equal,0.1834862385321101,0.37155963302752293,0.4724770642201835,0.10091743119266056,81.0,103.0,22.0,3.284963607788086,1.9773975610733032,-1.3075660467147827,17.459747314453125,9.322004318237305,-8.13774299621582,0.03639936447143555,-5.359152793884277,-5.395552158355713,36.0,67.0,31.0,16.51376146788991,30.73394495412844,14.220183486238529,0.426,0.176,-0.25,0.95836,0.9557,-0.0026599999999999957,82.63253938248268,83.46730386052303,0.8347644780403556,1.26,1.34,0.08000000000000007,0.6788990825688074,0.6743119266055045,-0.004587155963302836
3Q80_B,2,2,t060,218,0.36754587155963303,low_or_equal,low_or_equal,0.1834862385321101,0.3073394495412844,0.41743119266055045,0.11009174311926606,67.0,91.0,24.0,1.920937180519104,2.650547981262207,0.729610800743103,12.126237869262695,15.16004753112793,3.0338096618652344,-5.7617716789245605,-1.145439624786377,4.616332054138184,40.0,22.0,-18.0,18.34862385321101,10.091743119266056,-8.256880733944953,0.396,0.766,0.37,0.85184,0.85993,0.00808999999999993,78.63598396051819,78.86073619631902,0.22475223580083536,2.05,2.04,-0.009999999999999787,0.6834862385321101,0.6284403669724771,-0.05504587155963303
3Q80_B,3,2,t060,218,0.36754587155963303,low_or_equal,low_or_equal,0.1834862385321101,0.3348623853211009,0.44954128440366975,0.11467889908256884,73.0,98.0,25.0,3.177286386489868,2.43328595161438,-0.7440004348754883,16.3433780670166,18.4250545501709,2.081676483154297,-1.9036273956298828,2.4489545822143555,4.352581977844238,17.0,33.0,16.0,7.79816513761468,15.137614678899084,7.339449541284404,0.33599999999999997,0.344,0.008000000000000007,0.8722,0.86533,-0.006869999999999932,77.53384757221882,79.36846970643347,1.834622134214655,2.1,2.2,0.10000000000000009,0.6743119266055045,0.6422018348623854,-0.032110091743119185
3Q80_B,4,2,t060,218,0.36754587155963303,low_or_equal,low_or_equal,0.1834862385321101,0.3532110091743119,0.4724770642201835,0.11926605504587157,77.0,103.0,26.0,3.0037457942962646,2.242178440093994,-0.7615673542022705,16.34088706970215,11.137158393859863,-5.203728675842285,-2.54422664642334,-5.553479194641113,-3.0092525482177734,11.0,37.0,26.0,5.045871559633028,16.972477064220186,11.926605504587158,0.434,0.402,-0.03199999999999997,0.86093,0.85462,-0.006309999999999927,82.40236486486486,80.65431265206813,-1.7480522127967362,2.09,2.04,-0.04999999999999982,0.6513761467889908,0.6467889908256881,-0.004587155963302725
3Q80_B,5,2,t060,218,0.36754587155963303,low_or_equal,low_or_equal,0.1834862385321101,0.3486238532110092,0.3532110091743119,0.004587155963302725,76.0,77.0,1.0,2.3009190559387207,1.822475790977478,-0.4784432649612427,16.153295516967773,11.822957992553711,-4.3303375244140625,0.4833536148071289,-6.620875835418701,-7.10422945022583,41.0,30.0,-11.0,18.807339449541285,13.761467889908257,-5.045871559633028,0.32599999999999996,0.358,0.03200000000000003,0.85673,0.87337,0.016639999999999988,81.41607697082557,78.15220560747663,-3.2638713633489402,1.93,2.24,0.3100000000000003,0.6788990825688074,0.6834862385321101,0.004587155963302725
3Q80_B,6,2,t060,218,0.36754587155963303,low_or_equal,low_or_equal,0.1834862385321101,0.3669724770642202,0.42201834862385323,0.05504587155963303,80.0,92.0,12.0,3.4789621829986572,2.5705699920654297,-0.9083921909332275,16.688785552978516,16.71883201599121,0.030046463012695312,0.47707271575927734,0.5988359451293945,0.12176322937011719,33.0,30.0,-3.0,15.137614678899084,13.761467889908257,-1.3761467889908268,0.32,0.476,0.15599999999999997,0.86146,0.95126,0.08979999999999999,79.86893366398016,82.73645756457566,2.8675239005955007,2.25,1.39,-0.8600000000000001,0.6559633027522935,0.6513761467889908,-0.004587155963302725
3Q80_B,7,2,t060,218,0.36754587155963303,low_or_equal,low_or_equal,0.1834862385321101,0.44954128440366975,0.3761467889908257,-0.07339449541284404,98.0,82.0,-16.0,2.873018264770508,1.9065372943878174,-0.9664809703826904,13.452343940734863,14.429465293884277,0.9771213531494141,-2.3853254318237305,-2.0772275924682617,0.30809783935546875,21.0,25.0,4.0,9.63302752293578,11.46788990825688,1.8348623853211006,0.526,0.47800000000000004,-0.04799999999999999,0.96093,0.86226,-0.09866999999999992,83.92801823708207,80.52790755777639,-3.4001106793056834,1.31,2.18,0.8700000000000001,0.6330275229357798,0.6651376146788991,0.032110091743119296
7PFR_F,0,2,t060,279,0.42159498207885304,high,high,0.35842293906810035,0.3046594982078853,0.32974910394265233,0.02508960573476704,85.0,92.0,7.0,2.1192023754119873,2.295018196105957,0.17581582069396973,16.13462257385254,13.239532470703125,-2.895090103149414,-0.17993545532226562,-2.894486427307129,-2.7145509719848633,55.0,82.0,27.0,19.71326164874552,29.39068100358423,9.677419354838712,0.09,0.05800000000000001,-0.03199999999999999,0.94026,0.96246,0.022199999999999998,79.8498355263158,83.64419840150447,3.7943628751886678,1.77,1.46,-0.31000000000000005,0.6881720430107527,0.6881720430107527,0.0
7PFR_F,1,2,t060,279,0.42159498207885304,high,high,0.35842293906810035,0.44086021505376344,0.44086021505376344,0.0,123.0,123.0,0.0,2.457054615020752,2.9967339038848877,0.5396792888641357,15.236669540405273,17.724985122680664,2.4883155822753906,-1.2914423942565918,1.985753059387207,3.277195453643799,116.0,144.0,28.0,41.57706093189964,51.61290322580645,10.03584229390681,0.03,0.026000000000000002,-0.003999999999999997,0.93091,0.93016,-0.0007500000000000284,80.2905657708628,80.87444709246901,0.5838813216062135,1.89,1.88,-0.010000000000000009,0.6666666666666666,0.6774193548387096,0.010752688172043001
7PFR_F,2,2,t060,279,0.42159498207885304,high,high,0.35842293906810035,0.4838709677419355,0.3942652329749104,-0.0896057347670251,135.0,110.0,-25.0,2.5370092391967773,1.692267894744873,-0.8447413444519043,17.36383056640625,13.29278564453125,-4.071044921875,2.75970458984375,-3.1643929481506348,-5.924097537994385,182.0,128.0,-54.0,65.23297491039428,45.878136200716845,-19.35483870967743,0.03,0.034,0.0040000000000000036,0.95129,0.96342,0.012130000000000085,83.11185464841905,83.03415290231241,-0.07770174610664071,1.76,1.45,-0.31000000000000005,0.6630824372759857,0.6344086021505376,-0.028673835125448077
7PFR_F,3,2,t060,279,0.42159498207885304,high,high,0.35842293906810035,0.4838709677419355,0.24731182795698925,-0.23655913978494625,135.0,69.0,-66.0,2.270108461380005,0.7256558537483215,-1.5444526076316833,17.402517318725586,9.004295349121094,-8.398221969604492,1.8877124786376953,-7.7514801025390625,-9.639192581176758,100.0,22.0,-78.0,35.842293906810035,7.885304659498208,-27.956989247311828,0.06400000000000002,0.6260000000000001,0.562,0.96175,0.93722,-0.02452999999999994,80.30113039399625,82.51469711090401,2.2135667169077635,1.44,1.69,0.25,0.6415770609318996,0.6810035842293907,0.03942652329749108
7PFR_F,4,2,t060,279,0.42159498207885304,high,high,0.35842293906810035,0.43010752688172044,0.45161290322580644,0.021505376344086002,120.0,126.0,6.0,4.49403190612793,1.8640806674957275,-2.629951238632202,21.070249557495117,9.118842124938965,-11.951407432556152,4.648447036743164,-6.942291259765625,-11.590738296508789,184.0,77.0,-107.0,65.94982078853047,27.598566308243726,-38.35125448028675,0.0,0.08,0.08,0.95656,0.94825,-0.008309999999999929,85.55788515406162,82.55127790973872,-3.0066072443229075,1.51,1.9,0.3899999999999999,0.6630824372759857,0.6379928315412187,-0.02508960573476704
7PFR_F,5,2,t060,279,0.42159498207885304,high,high,0.35842293906810035,0.4121863799283154,0.3763440860215054,-0.03584229390681004,115.0,105.0,-10.0,1.9065226316452026,1.9852889776229858,0.0787663459777832,11.680546760559082,13.318081855773926,1.6375350952148438,-4.756627082824707,-3.0396547317504883,1.7169723510742188,60.0,86.0,26.0,21.50537634408602,30.824372759856633,9.318996415770613,0.078,0.042,-0.036,0.95022,0.94175,-0.008469999999999978,83.78473785473786,80.60399147727273,-3.180746377465127,1.77,1.86,0.09000000000000008,0.6308243727598566,0.6738351254480287,0.043010752688172116
7PFR_F,6,2,t060,279,0.42159498207885304,high,high,0.35842293906810035,0.34408602150537637,0.35842293906810035,0.014336917562723983,96.0,100.0,4.0,2.1602139472961426,1.6372687816619873,-0.5229451656341553,14.103754043579102,12.075763702392578,-2.0279903411865234,-2.325216770172119,-4.345823287963867,-2.020606517791748,42.0,72.0,30.0,15.053763440860216,25.806451612903224,10.752688172043008,0.174,0.096,-0.07799999999999999,0.94572,0.92796,-0.017759999999999998,83.10418670438473,81.75741003787878,-1.3467766665059457,1.99,1.95,-0.040000000000000036,0.6487455197132617,0.6845878136200717,0.03584229390681004
7PFR_F,7,2,t060,279,0.42159498207885304,high,high,0.35842293906810035,0.4731182795698925,0.3727598566308244,-0.1003584229390681,132.0,104.0,-28.0,1.7381973266601562,1.4599919319152832,-0.27820539474487305,14.681354522705078,14.955055236816406,0.2737007141113281,0.08008289337158203,-0.8764815330505371,-0.9565644264221191,102.0,54.0,-48.0,36.55913978494624,19.35483870967742,-17.20430107526882,0.018,0.088,0.06999999999999999,0.92637,0.96546,0.03908999999999996,79.49373000940734,84.63351913084554,5.1397891214381985,1.91,1.42,-0.49,0.6666666666666666,0.6845878136200717,0.017921146953405076
1USN_A,0,2,t060,165,0.3628787878787879,low_or_equal,low_or_equal,0.23636363636363636,0.4,0.1696969696969697,-0.23030303030303031,66.0,28.0,-38.0,2.3627586364746094,0.1865610033273697,-2.1761976331472397,13.796671867370605,1.3059368133544922,-12.490735054016113,-1.8198752403259277,-13.936058044433594,-12.116182804107666,85.0,2.0,-83.0,51.515151515151516,1.2121212121212122,-50.303030303030305,0.02,2.1900000000000004,2.1700000000000004,0.93273,0.94831,0.015580000000000038,87.88814329738058,86.1207668944571,-1.7673764029234746,1.61,1.24,-0.3700000000000001,0.6242424242424243,0.6787878787878788,0.054545454545454564
1USN_A,1,2,t060,165,0.3628787878787879,low_or_equal,low_or_equal,0.23636363636363636,0.3696969696969697,0.3090909090909091,-0.06060606060606061,61.0,51.0,-10.0,1.0856719017028809,0.42512673139572144,-0.6605451703071594,4.626202583312988,4.908018112182617,0.2818155288696289,-10.769960403442383,-12.018196105957031,-1.2482357025146484,6.0,5.0,-1.0,3.6363636363636362,3.0303030303030303,-0.606060606060606,1.594,1.2500000000000002,-0.34399999999999986,0.96218,0.94794,-0.01424000000000003,89.99522411128285,85.2590053557766,-4.736218755506258,1.01,1.48,0.47,0.6666666666666666,0.6484848484848484,-0.018181818181818188
1USN_A,2,2,t060,165,0.3628787878787879,low_or_equal,low_or_equal,0.23636363636363636,0.3090909090909091,0.37575757575757573,0.06666666666666665,51.0,62.0,11.0,0.31398653984069824,1.4128957986831665,1.0989092588424683,10.9060697555542,10.02011489868164,-0.8859548568725586,-6.598785400390625,-9.095132827758789,-2.496347427368164,21.0,2.0,-19.0,12.727272727272727,1.2121212121212122,-11.515151515151514,0.47000000000000003,2.0479999999999996,1.5779999999999996,0.93403,0.9501,0.016069999999999918,87.2240092879257,88.97926235741444,1.7552530694887452,1.81,1.17,-0.6400000000000001,0.6060606060606061,0.6424242424242425,0.036363636363636376
1USN_A,3,2,t060,165,0.3628787878787879,low_or_equal,low_or_equal,0.23636363636363636,0.44242424242424244,0.42424242424242425,-0.018181818181818188,73.0,70.0,-3.0,1.404929280281067,0.5836305022239685,-0.8212987780570984,7.040884017944336,8.535918235778809,1.4950342178344727,-10.938830375671387,-9.6536283493042,1.2852020263671875,5.0,10.0,5.0,3.0303030303030303,6.0606060606060606,3.0303030303030303,1.278,1.168,-0.1100000000000001,0.959,0.95739,-0.0016100000000000003,87.66188708430008,90.41242703533025,2.750539951030177,0.98,1.04,0.06000000000000005,0.6363636363636364,0.6606060606060606,0.024242424242424288
1USN_A,4,2,t060,165,0.3628787878787879,low_or_equal,low_or_equal,0.23636363636363636,0.3393939393939394,0.4121212121212121,0.0727272727272727,56.0,68.0,12.0,1.2509530782699585,0.5053349137306213,-0.7456181645393372,7.187508583068848,4.525173187255859,-2.6623353958129883,-8.606816291809082,-11.389490127563477,-2.7826738357543945,13.0,8.0,-5.0,7.878787878787878,4.848484848484849,-3.0303030303030294,0.7719999999999999,1.1720000000000002,0.40000000000000024,0.95075,0.96126,0.01051000000000002,89.91451010886469,89.86888974556669,-0.045620363297999234,1.11,1.04,-0.07000000000000006,0.6363636363636364,0.6424242424242425,0.0060606060606061
1USN_A,5,2,t060,165,0.3628787878787879,low_or_equal,low_or_equal,0.23636363636363636,0.23636363636363636,0.26666666666666666,0.030303030303030304,39.0,44.0,5.0,0.6635327339172363,1.788390040397644,1.1248573064804077,4.607243537902832,12.511360168457031,7.904116630554199,-11.965754508972168,-6.178835391998291,5.786919116973877,6.0,4.0,-2.0,3.6363636363636362,2.4242424242424243,-1.212121212121212,1.59,1.3960000000000001,-0.19399999999999995,0.9539,0.94462,-0.009279999999999955,87.97478560490046,87.33222999223,-0.6425556126704635,1.22,1.41,0.18999999999999995,0.6303030303030303,0.6424242424242425,0.0121212121212122
1USN_A,6,2,t060,165,0.3628787878787879,low_or_equal,low_or_equal,0.23636363636363636,0.3393939393939394,0.40606060606060607,0.06666666666666665,56.0,67.0,11.0,2.7888617515563965,0.8401407599449158,-1.9487209916114807,14.425092697143555,5.294282913208008,-9.130809783935547,-2.608426094055176,-11.777657508850098,-9.169231414794922,59.0,26.0,-33.0,35.75757575757576,15.757575757575756,-20.0,0.022,0.42799999999999994,0.4059999999999999,0.95055,0.93126,-0.01929000000000003,85.75179861644888,85.49933183183184,-0.25246678461704164,1.31,1.4,0.08999999999999986,0.6545454545454545,0.6484848484848484,-0.0060606060606061
1USN_A,7,2,t060,165,0.3628787878787879,low_or_equal,low_or_equal,0.23636363636363636,0.4666666666666667,0.2909090909090909,-0.17575757575757578,77.0,48.0,-29.0,2.0353944301605225,0.7903990745544434,-1.244995355606079,11.064918518066406,8.193902969360352,-2.8710155487060547,-4.4671478271484375,-10.729496002197266,-6.262348175048828,90.0,3.0,-87.0,54.54545454545454,1.8181818181818181,-52.72727272727272,0.018000000000000002,2.092,2.0740000000000003,0.94513,0.93531,-0.009820000000000051,86.0458409090909,87.1044980544747,1.0586571453838047,1.5,1.64,0.1399999999999999,0.6484848484848484,0.6424242424242425,-0.006060606060605989
7S5C_F,0,2,t060,59,0.3326271186440678,low_or_equal,low_or_equal,0.2711864406779661,0.4406779661016949,0.15254237288135594,-0.288135593220339,26.0,9.0,-17.0,0.6236435174942017,-0.22895938158035278,-0.8526028990745544,4.193637847900391,1.1481513977050781,-3.0454864501953125,-11.609392166137695,-13.011841773986816,-1.402449607849121,6.0,0.0,-6.0,10.16949152542373,0.0,-10.16949152542373,1.446,4.55,3.104,0.97287,0.97235,-0.0005199999999999649,90.66202083333333,88.48281837160751,-2.179202461725822,0.46,0.45,-0.010000000000000009,0.3220338983050847,0.2711864406779661,-0.05084745762711862
7S5C_F,1,2,t060,59,0.3326271186440678,low_or_equal,low_or_equal,0.2711864406779661,0.423728813559322,0.423728813559322,0.0,25.0,25.0,0.0,0.46723905205726624,0.4672386646270752,-3.8743019104003906e-07,2.3547487258911133,2.354750633239746,1.9073486328125e-06,-10.996658325195312,-10.996655464172363,2.86102294921875e-06,0.0,0.0,0.0,0.0,0.0,0.0,4.0600000000000005,4.0600000000000005,0.0,0.96772,0.96772,0.0,89.02968553459121,89.02968553459121,0.0,0.5,0.5,0.0,0.3050847457627119,0.3050847457627119,0.0
7S5C_F,2,2,t060,59,0.3326271186440678,low_or_equal,low_or_equal,0.2711864406779661,0.423728813559322,0.423728813559322,0.0,25.0,25.0,0.0,0.852599024772644,0.8526008129119873,1.7881393432617188e-06,3.6586599349975586,3.658662796020508,2.86102294921875e-06,-9.557650566101074,-9.557648658752441,1.9073486328125e-06,9.0,9.0,0.0,15.254237288135593,15.254237288135593,0.0,0.8919999999999998,0.8919999999999998,0.0,0.97843,0.97843,0.0,89.39606995884773,89.39606995884773,0.0,0.39,0.39,0.0,0.23728813559322035,0.23728813559322035,0.0
7S5C_F,3,2,t060,59,0.3326271186440678,low_or_equal,low_or_equal,0.2711864406779661,0.3898305084745763,0.03389830508474576,-0.3559322033898305,23.0,2.0,-21.0,2.0390002727508545,-0.09157958626747131,-2.130579859018326,10.108421325683594,0.5041093826293945,-9.6043119430542,-6.442217826843262,-13.731401443481445,-7.289183616638184,0.0,0.0,0.0,0.0,0.0,0.0,4.3020000000000005,9.187999999999999,4.885999999999998,0.95746,0.95904,0.0015800000000000258,90.70162839248435,88.49970276008493,-2.2019256323994227,0.59,0.67,0.08000000000000007,0.3050847457627119,0.3559322033898305,0.05084745762711862
7S5C_F,4,2,t060,59,0.3326271186440678,low_or_equal,low_or_equal,0.2711864406779661,0.288135593220339,0.3050847457627119,0.01694915254237289,17.0,18.0,1.0,0.4687161445617676,-0.4923335611820221,-0.9610497057437897,2.0232486724853516,2.497258186340332,0.47400951385498047,-12.490928649902344,-12.200241088867188,0.29068756103515625,8.0,0.0,-8.0,13.559322033898304,0.0,-13.559322033898304,1.0559999999999998,2.8980000000000006,1.8420000000000007,0.95129,0.93988,-0.01140999999999992,89.24449484536083,86.46220164609053,-2.782293199270299,0.95,1.01,0.06000000000000005,0.2711864406779661,0.2711864406779661,0.0
7S5C_F,5,2,t060,59,0.3326271186440678,low_or_equal,low_or_equal,0.2711864406779661,0.3050847457627119,0.0847457627118644,-0.22033898305084748,18.0,5.0,-13.0,0.9368467926979065,0.08938424289226532,-0.8474625498056412,5.298007011413574,0.8362865447998047,-4.4617204666137695,-11.891141891479492,-13.340993881225586,-1.4498519897460938,2.0,1.0,-1.0,3.389830508474576,1.694915254237288,-1.694915254237288,2.306,2.794,0.488,0.95475,0.9502,-0.004549999999999943,90.03290598290599,90.08084233261339,0.04793634970739902,0.97,1.05,0.08000000000000007,0.288135593220339,0.3559322033898305,0.06779661016949151
7S5C_F,6,2,t060,59,0.3326271186440678,low_or_equal,low_or_equal,0.2711864406779661,0.3389830508474576,0.3050847457627119,-0.03389830508474573,20.0,18.0,-2.0,-3.6089470386505127,-0.23613283038139343,3.3728142082691193,4.22145938873291,3.976496696472168,-0.2449626922607422,-3.2454512119293213,-11.513045310974121,-8.2675940990448,6.0,14.0,8.0,10.16949152542373,23.728813559322035,13.559322033898304,1.0,0.51,-0.49,0.98299,0.97355,-0.009440000000000004,88.52802521008402,88.34473118279571,-0.18329402728831212,0.34,0.43,0.08999999999999997,0.2542372881355932,0.22033898305084745,-0.033898305084745756
7S5C_F,7,2,t060,59,0.3326271186440678,low_or_equal,low_or_equal,0.2711864406779661,0.05084745762711865,0.4406779661016949,0.38983050847457623,3.0,26.0,23.0,-0.3634890615940094,1.0149672031402588,1.3784562647342682,0.6606664657592773,4.005044937133789,3.3443784713745117,-12.061717987060547,-9.350212097167969,2.711505889892578,17.0,0.0,-17.0,28.8135593220339,0.0,-28.8135593220339,0.484,3.072,2.588,0.97074,0.97288,0.0021399999999999197,89.2148643006263,90.11176220806794,0.896897907441641,0.46,0.85,0.38999999999999996,0.288135593220339,0.3050847457627119,0.01694915254237289
2O4T_A,0,2,t060,90,0.35416666666666663,low_or_equal,low_or_equal,0.35555555555555557,0.32222222222222224,0.06666666666666667,-0.2555555555555556,29.0,6.0,-23.0,3.7401885986328125,-0.08179152011871338,-3.821980118751526,15.210801124572754,0.9863910675048828,-14.224410057067871,-0.6442322731018066,-13.355937004089355,-12.711704730987549,8.0,5.0,-3.0,8.88888888888889,5.555555555555555,-3.333333333333334,1.15,1.2200000000000002,0.07000000000000028,0.78786,0.7836,-0.0042600000000000415,76.27943758573389,78.10775172413794,1.8283141384040533,2.03,2.03,0.0,0.4,0.36666666666666664,-0.03333333333333338
2O4T_A,1,2,t060,90,0.35416666666666663,low_or_equal,low_or_equal,0.35555555555555557,0.28888888888888886,0.28888888888888886,0.0,26.0,26.0,0.0,0.6712499856948853,0.6712489128112793,-1.0728836059570312e-06,7.483247756958008,7.483245849609375,-1.9073486328125e-06,-5.786680221557617,-5.786680698394775,-4.76837158203125e-07,25.0,25.0,0.0,27.77777777777778,27.77777777777778,0.0,0.842,0.842,0.0,0.74487,0.74487,0.0,75.1102396804261,75.1102396804261,0.0,1.89,1.89,0.0,0.36666666666666664,0.36666666666666664,0.0
2O4T_A,2,2,t060,90,0.35416666666666663,low_or_equal,low_or_equal,0.35555555555555557,0.45555555555555555,0.4111111111111111,-0.04444444444444445,41.0,37.0,-4.0,1.8575109243392944,0.10044160485267639,-1.757069319486618,7.204833984375,1.749190330505371,-5.455643653869629,-7.573107719421387,-12.25345230102539,-4.680344581604004,56.0,21.0,-35.0,62.22222222222222,23.333333333333332,-38.888888888888886,0.142,0.196,0.05400000000000002,0.78121,0.75951,-0.02169999999999994,77.30259615384615,74.6335531628533,-2.6690429909928497,1.74,2.2,0.4600000000000002,0.4444444444444444,0.4,-0.0444444444444444
2O4T_A,3,2,t060,90,0.35416666666666663,low_or_equal,low_or_equal,0.35555555555555557,0.4444444444444444,0.26666666666666666,-0.17777777777777776,40.0,24.0,-16.0,2.3932178020477295,0.27558737993240356,-2.117630422115326,12.552197456359863,3.795665740966797,-8.756531715393066,-1.434030532836914,-12.82650089263916,-11.392470359802246,32.0,10.0,-22.0,35.55555555555556,11.11111111111111,-24.444444444444446,0.21200000000000002,1.024,0.812,0.7756,0.78862,0.013020000000000032,75.79808199121523,78.9250879765396,3.1270059853243737,2.58,2.14,-0.43999999999999995,0.4111111111111111,0.37777777777777777,-0.033333333333333326
2O4T_A,4,2,t060,90,0.35416666666666663,low_or_equal,low_or_equal,0.35555555555555557,0.3333333333333333,0.18888888888888888,-0.14444444444444443,30.0,17.0,-13.0,1.1133205890655518,0.2663598656654358,-0.846960723400116,6.548505783081055,1.9308280944824219,-4.617677688598633,-8.99062728881836,-12.697739601135254,-3.7071123123168945,6.0,3.0,-3.0,6.666666666666667,3.3333333333333335,-3.3333333333333335,1.398,1.864,0.4660000000000002,0.75904,0.78658,0.027539999999999898,74.23038834951457,78.18577080491131,3.9553824553967445,1.87,1.65,-0.2200000000000002,0.34444444444444444,0.3,-0.04444444444444445
2O4T_A,5,2,t060,90,0.35416666666666663,low_or_equal,low_or_equal,0.35555555555555557,0.4666666666666667,0.4222222222222222,-0.04444444444444445,42.0,38.0,-4.0,0.4250577688217163,1.6568233966827393,1.231765627861023,5.879291534423828,12.494793891906738,6.61550235748291,-9.966849327087402,-0.6262927055358887,9.340556621551514,17.0,36.0,19.0,18.88888888888889,40.0,21.11111111111111,0.388,0.21600000000000003,-0.172,0.79991,0.81418,0.014270000000000005,80.20757162346521,81.29478382147839,1.0872121980131766,1.84,2.13,0.2899999999999998,0.37777777777777777,0.4,0.022222222222222254
2O4T_A,6,2,t060,90,0.35416666666666663,low_or_equal,low_or_equal,0.35555555555555557,0.36666666666666664,0.4111111111111111,0.04444444444444445,33.0,37.0,4.0,5.252712726593018,0.9570619463920593,-4.295650780200958,18.084510803222656,6.511650085449219,-11.572860717773438,2.905599594116211,-5.993210792541504,-8.898810386657715,47.0,12.0,-35.0,52.22222222222223,13.333333333333334,-38.88888888888889,0.194,1.006,0.812,0.81992,0.76917,-0.05074999999999996,83.61516713091922,80.23059945504087,-3.384567675878344,1.88,1.88,0.0,0.3333333333333333,0.3111111111111111,-0.0222222222222222
2O4T_A,7,2,t060,90,0.35416666666666663,low_or_equal,low_or_equal,0.35555555555555557,0.15555555555555556,0.24444444444444444,0.08888888888888888,14.0,22.0,8.0,0.21066313982009888,0.2288280874490738,0.018164947628974915,2.4443864822387695,1.3884153366088867,-1.0559711456298828,-13.547952651977539,-13.367388725280762,0.18056392669677734,2.0,16.0,14.0,2.2222222222222223,17.77777777777778,15.555555555555557,2.2960000000000003,0.6,-1.6960000000000002,0.77624,0.80073,0.024490000000000012,79.99225425950196,83.44813984168866,3.4558855821866956,1.87,1.9,0.029999999999999805,0.36666666666666664,0.36666666666666664,0.0
7D66_J,0,2,t060,120,0.4302083333333333,high,high,0.20833333333333334,0.475,0.31666666666666665,-0.15833333333333333,57.0,38.0,-19.0,0.569725751876831,0.35892191529273987,-0.2108038365840912,6.118351936340332,2.5776805877685547,-3.5406713485717773,-7.191093921661377,-12.776334762573242,-5.585240840911865,43.0,8.0,-35.0,35.833333333333336,6.666666666666667,-29.166666666666668,0.39,1.548,1.158,0.9303,0.93,-0.00029999999999996696,84.25354166666666,84.85488247863248,0.6013408119658123,1.48,1.39,-0.09000000000000008,0.44166666666666665,0.4583333333333333,0.016666666666666663
7D66_J,1,2,t060,120,0.4302083333333333,high,high,0.20833333333333334,0.36666666666666664,0.44166666666666665,0.07500000000000001,44.0,53.0,9.0,2.3133747577667236,0.3012091815471649,-2.0121655762195587,13.822851181030273,7.7242841720581055,-6.098567008972168,0.12293243408203125,-7.793457984924316,-7.916390419006348,21.0,28.0,7.0,17.5,23.333333333333332,5.833333333333332,0.288,0.358,0.07,0.91326,0.89592,-0.01733999999999991,77.21714285714286,80.94030368763558,3.7231608304927164,1.71,1.59,-0.11999999999999988,0.44166666666666665,0.49166666666666664,0.04999999999999999
7D66_J,2,2,t060,120,0.4302083333333333,high,high,0.20833333333333334,0.4083333333333333,0.4166666666666667,0.00833333333333336,49.0,50.0,1.0,0.8937436938285828,1.0165919065475464,0.12284821271896362,3.6154298782348633,4.90236759185791,1.2869377136230469,-11.756757736206055,-9.979517936706543,1.7772397994995117,9.0,18.0,9.0,7.5,15.0,7.5,1.122,0.8220000000000001,-0.30000000000000004,0.89063,0.87009,-0.020540000000000003,81.29911255411255,77.71179653679653,-3.5873160173160272,2.27,2.47,0.20000000000000018,0.5166666666666667,0.5,-0.01666666666666672
7D66_J,3,2,t060,120,0.4302083333333333,high,high,0.20833333333333334,0.43333333333333335,0.4083333333333333,-0.025000000000000022,52.0,49.0,-3.0,0.31407755613327026,1.091986894607544,0.7779093384742737,3.7173376083374023,3.9025535583496094,0.18521595001220703,-9.995538711547852,-11.35951042175293,-1.3639717102050781,26.0,4.0,-22.0,21.666666666666668,3.3333333333333335,-18.333333333333336,0.4640000000000001,1.468,1.004,0.90723,0.93551,0.028279999999999972,82.88287610619469,83.44425324675325,0.5613771405585624,1.33,1.13,-0.20000000000000018,0.425,0.4666666666666667,0.041666666666666685
7D66_J,4,2,t060,120,0.4302083333333333,high,high,0.20833333333333334,0.4583333333333333,0.43333333333333335,-0.024999999999999967,55.0,52.0,-3.0,1.094167709350586,1.1005126237869263,0.006344914436340332,8.59337043762207,6.83955717086792,-1.7538132667541504,-9.5010404586792,-7.568889141082764,1.9321513175964355,12.0,6.0,-6.0,10.0,5.0,-5.0,0.694,1.27,0.5760000000000001,0.90219,0.90728,0.005089999999999928,79.66543617021276,79.62746509129967,-0.03797107891308826,1.49,2.03,0.5399999999999998,0.4166666666666667,0.49166666666666664,0.07499999999999996
7D66_J,5,2,t060,120,0.4302083333333333,high,high,0.20833333333333334,0.45,0.4166666666666667,-0.033333333333333326,54.0,50.0,-4.0,0.8662901520729065,0.1900705248117447,-0.6762196272611618,7.302903652191162,3.3953514099121094,-3.9075522422790527,-8.02666187286377,-10.96628475189209,-2.9396228790283203,26.0,18.0,-8.0,21.666666666666668,15.0,-6.666666666666668,0.398,0.834,0.43599999999999994,0.9217,0.93572,0.014020000000000032,84.79630718954247,78.86198895027626,-5.934318239266219,1.42,1.54,0.1200000000000001,0.5083333333333333,0.4583333333333333,-0.04999999999999999
7D66_J,6,2,t060,120,0.4302083333333333,high,high,0.20833333333333334,0.375,0.21666666666666667,-0.15833333333333333,45.0,26.0,-19.0,0.9644429683685303,0.33410581946372986,-0.6303371489048004,7.011930465698242,2.6215219497680664,-4.390408515930176,-9.603622436523438,-12.784799575805664,-3.1811771392822266,16.0,1.0,-15.0,13.333333333333334,0.8333333333333334,-12.5,0.658,2.032,1.374,0.92885,0.8963,-0.03254999999999997,83.24299568965517,81.3354535637149,-1.9075421259402674,1.5,1.66,0.15999999999999992,0.425,0.45,0.025000000000000022
7D66_J,7,2,t060,120,0.4302083333333333,high,high,0.20833333333333334,0.475,0.375,-0.09999999999999998,57.0,45.0,-12.0,1.3664259910583496,0.2748461961746216,-1.091579794883728,5.060153961181641,1.6480655670166016,-3.412088394165039,-11.759117126464844,-13.05193042755127,-1.2928133010864258,27.0,14.0,-13.0,22.5,11.666666666666666,-10.833333333333334,0.626,0.4880000000000001,-0.1379999999999999,0.90852,0.93384,0.02532000000000001,79.29401950162514,82.3460947368421,3.052075235216961,1.7,1.31,-0.3899999999999999,0.44166666666666665,0.425,-0.016666666666666663
9YGK_B,0,2,t060,271,0.29612546125461253,low_or_equal,low_or_equal,0.2878228782287823,0.36162361623616235,0.39114391143911437,0.029520295202952018,98.0,106.0,8.0,2.016638994216919,1.520202875137329,-0.49643611907958984,18.354278564453125,13.184951782226562,-5.1693267822265625,1.9073114395141602,-3.4684243202209473,-5.375735759735107,62.0,77.0,15.0,22.878228782287824,28.413284132841326,5.5350553505535025,0.1,0.06999999999999999,-0.030000000000000013,0.92674,0.97828,0.05154000000000003,87.37620392532313,84.94188661267269,-2.4343173126504354,1.8,1.11,-0.69,0.7121771217712177,0.6974169741697417,-0.014760147601476037
9YGK_B,1,2,t060,271,0.29612546125461253,low_or_equal,low_or_equal,0.2878228782287823,0.4059040590405904,0.4095940959409594,0.0036900369003690092,110.0,111.0,1.0,3.2722232341766357,1.7281908988952637,-1.544032335281372,19.636625289916992,14.268224716186523,-5.368400573730469,3.1857528686523438,-2.248051166534424,-5.433804035186768,76.0,68.0,-8.0,28.044280442804425,25.092250922509223,-2.952029520295202,0.018,0.048,0.030000000000000002,0.91248,0.93235,0.019870000000000054,81.56444549763033,85.5153673664122,3.950921868781876,2.15,1.84,-0.30999999999999983,0.6642066420664207,0.7158671586715867,0.05166051660516602
9YGK_B,2,2,t060,271,0.29612546125461253,low_or_equal,low_or_equal,0.2878228782287823,0.2952029520295203,0.2988929889298893,0.0036900369003690092,80.0,81.0,1.0,2.2073440551757812,1.2602758407592773,-0.9470682144165039,18.340612411499023,14.519338607788086,-3.8212738037109375,1.6929330825805664,-2.2223081588745117,-3.915241241455078,78.0,58.0,-20.0,28.782287822878228,21.40221402214022,-7.380073800738007,0.09,0.05,-0.039999999999999994,0.90008,0.918,0.017920000000000047,80.81247619047619,86.65841778202677,5.845941591550584,2.45,2.07,-0.38000000000000034,0.6752767527675276,0.6900369003690037,0.014760147601476037
9YGK_B,3,2,t060,271,0.29612546125461253,low_or_equal,low_or_equal,0.2878228782287823,0.3284132841328413,0.26199261992619927,-0.06642066420664205,89.0,71.0,-18.0,1.9606679677963257,2.2420291900634766,0.2813612222671509,18.16482925415039,18.780656814575195,0.6158275604248047,2.05153751373291,2.065580368041992,0.014042854309082031,63.0,90.0,27.0,23.247232472324722,33.210332103321036,9.963099630996314,0.054000000000000006,0.05,-0.0040000000000000036,0.91373,0.94182,0.02808999999999995,84.8081581485053,84.5392040520984,-0.26895409640690104,2.25,1.73,-0.52,0.7084870848708487,0.6974169741697417,-0.011070110701106972
9YGK_B,4,2,t060,271,0.29612546125461253,low_or_equal,low_or_equal,0.2878228782287823,0.25092250922509224,0.2915129151291513,0.040590405904059046,68.0,79.0,11.0,1.7830549478530884,1.8150219917297363,0.03196704387664795,16.245662689208984,14.264372825622559,-1.9812898635864258,-0.34414196014404297,-2.434847354888916,-2.090705394744873,68.0,71.0,3.0,25.092250922509223,26.199261992619927,1.1070110701107048,0.07999999999999999,0.082,0.0020000000000000157,0.96921,0.92602,-0.04319000000000006,85.66501672240803,86.75071189679885,1.0856951743908212,1.2,2.05,0.8499999999999999,0.6826568265682657,0.6863468634686347,0.0036900369003690647
9YGK_B,5,2,t060,271,0.29612546125461253,low_or_equal,low_or_equal,0.2878228782287823,0.30996309963099633,0.2915129151291513,-0.018450184501845046,84.0,79.0,-5.0,2.41137433052063,1.4646230936050415,-0.9467512369155884,15.814512252807617,15.584646224975586,-0.22986602783203125,-0.6483750343322754,-0.9224257469177246,-0.2740507125854492,55.0,58.0,3.0,20.29520295202952,21.40221402214022,1.1070110701107012,0.20599999999999996,0.06,-0.14599999999999996,0.92087,0.92139,0.000520000000000076,87.13944523470839,87.22101923076923,0.0815739960608397,2.08,2.07,-0.010000000000000231,0.7011070110701108,0.7011070110701108,0.0
9YGK_B,6,2,t060,271,0.29612546125461253,low_or_equal,low_or_equal,0.2878228782287823,0.15867158671586715,0.2730627306273063,0.11439114391143915,43.0,74.0,31.0,1.0332797765731812,1.5254719257354736,0.4921921491622925,13.723380088806152,15.012887954711914,1.2895078659057617,-2.696287155151367,-1.6201562881469727,1.0761308670043945,57.0,63.0,6.0,21.033210332103323,23.247232472324722,2.214022140221399,0.076,0.11399999999999999,0.03799999999999999,0.93444,0.88796,-0.04648000000000008,84.90112771084337,82.34215317919075,-2.5589745316526233,1.81,2.4,0.5899999999999999,0.6715867158671587,0.6568265682656826,-0.014760147601476037
9YGK_B,7,2,t060,271,0.29612546125461253,low_or_equal,low_or_equal,0.2878228782287823,0.25830258302583026,0.4280442804428044,0.16974169741697415,70.0,116.0,46.0,1.7888824939727783,1.6280654668807983,-0.16081702709197998,15.702163696289062,17.499608993530273,1.797445297241211,-1.0443353652954102,1.2384462356567383,2.2827816009521484,68.0,98.0,30.0,25.092250922509223,36.162361623616235,11.070110701107012,0.028000000000000004,0.024,-0.0040000000000000036,0.91461,0.92758,0.012969999999999926,85.77676387582314,83.31570952380952,-2.461054352013619,2.32,1.91,-0.4099999999999999,0.6863468634686347,0.6678966789667896,-0.0184501845018451
4BT7_A,0,2,t060,236,0.3744703389830509,low_or_equal,low_or_equal,0.2923728813559322,0.4025423728813559,0.3389830508474576,-0.0635593220338983,95.0,80.0,-15.0,1.9112013578414917,2.5915966033935547,0.680395245552063,14.533917427062988,16.647245407104492,2.113327980041504,-1.4349088668823242,1.3941659927368164,2.8290748596191406,39.0,128.0,89.0,16.52542372881356,54.23728813559322,37.711864406779654,0.266,0.062,-0.20400000000000001,0.97336,0.97889,0.005530000000000035,83.4578251711427,84.84705263157895,1.3892274604362456,1.18,0.93,-0.2499999999999999,0.5466101694915254,0.5508474576271186,0.004237288135593209
4BT7_A,1,2,t060,236,0.3744703389830509,low_or_equal,low_or_equal,0.2923728813559322,0.4067796610169492,0.4025423728813559,-0.0042372881355932646,96.0,95.0,-1.0,3.1261680126190186,2.922776937484741,-0.20339107513427734,16.374462127685547,19.92227554321289,3.5478134155273438,-0.07039737701416016,4.015297889709473,4.085695266723633,29.0,84.0,55.0,12.288135593220339,35.59322033898305,23.305084745762713,0.5,0.018,-0.482,0.97206,0.98998,0.017919999999999936,82.38864424592748,86.37815539112052,3.9895111451930347,1.17,0.59,-0.58,0.5720338983050848,0.5677966101694916,-0.004237288135593209
4BT7_A,2,2,t060,236,0.3744703389830509,low_or_equal,low_or_equal,0.2923728813559322,0.3516949152542373,0.24152542372881355,-0.11016949152542374,83.0,57.0,-26.0,2.5708744525909424,1.1387447118759155,-1.4321297407150269,17.364856719970703,9.926606178283691,-7.438250541687012,1.0765676498413086,-7.436302661895752,-8.51287031173706,77.0,40.0,-37.0,32.6271186440678,16.94915254237288,-15.67796610169492,0.068,0.466,0.398,0.97116,0.96841,-0.00275000000000003,82.43230565838181,82.65021533613447,0.21790967775265813,1.05,1.25,0.19999999999999996,0.576271186440678,0.5889830508474576,0.012711864406779627
4BT7_A,3,2,t060,236,0.3744703389830509,low_or_equal,low_or_equal,0.2923728813559322,0.2838983050847458,0.4533898305084746,0.1694915254237288,67.0,107.0,40.0,0.6126144528388977,3.5245702266693115,2.911955773830414,7.115232467651367,18.176071166992188,11.06083869934082,-10.882427215576172,2.0714311599731445,12.953858375549316,40.0,121.0,81.0,16.94915254237288,51.271186440677965,34.32203389830509,0.346,0.072,-0.27399999999999997,0.96512,0.99065,0.025530000000000053,81.82616151022548,87.52934782608696,5.703186315861487,1.29,0.57,-0.7200000000000001,0.5466101694915254,0.5635593220338984,0.016949152542372947
4BT7_A,4,2,t060,236,0.3744703389830509,low_or_equal,low_or_equal,0.2923728813559322,0.423728813559322,0.4067796610169492,-0.016949152542372836,100.0,96.0,-4.0,0.6297125220298767,2.960611581802368,2.3308990597724915,7.028902053833008,17.156553268432617,10.12765121459961,-9.663086891174316,0.8547916412353516,10.517878532409668,42.0,77.0,35.0,17.796610169491526,32.6271186440678,14.830508474576273,0.48999999999999994,0.16799999999999998,-0.32199999999999995,0.96366,0.98964,0.025980000000000003,81.09679748822606,88.31057219251336,7.213774704287303,1.17,0.6,-0.57,0.5677966101694916,0.5635593220338984,-0.004237288135593209
4BT7_A,5,2,t060,236,0.3744703389830509,low_or_equal,low_or_equal,0.2923728813559322,0.3855932203389831,0.3728813559322034,-0.012711864406779683,91.0,88.0,-3.0,0.982403576374054,1.6160780191421509,0.6336744427680969,7.765167236328125,11.565544128417969,3.8003768920898438,-8.319580078125,-4.471059322357178,3.8485207557678223,34.0,24.0,-10.0,14.40677966101695,10.16949152542373,-4.23728813559322,0.21000000000000002,0.8619999999999999,0.6519999999999999,0.97256,0.96728,-0.005279999999999951,83.3187493431424,84.1873269941891,0.8685776510467065,1.01,1.13,0.11999999999999988,0.5720338983050848,0.559322033898305,-0.012711864406779738
4BT7_A,6,2,t060,236,0.3744703389830509,low_or_equal,low_or_equal,0.2923728813559322,0.3686440677966102,0.3389830508474576,-0.029661016949152574,87.0,80.0,-7.0,2.461229085922241,1.418354868888855,-1.0428742170333862,16.870895385742188,9.167880058288574,-7.703015327453613,0.7404870986938477,-7.209740161895752,-7.9502272605896,80.0,32.0,-48.0,33.89830508474576,13.559322033898304,-20.338983050847453,0.026000000000000002,0.584,0.5579999999999999,0.9654,0.99044,0.02503999999999995,83.76885427666315,84.90659652814308,1.137742251479935,1.16,0.57,-0.59,0.5677966101694916,0.5720338983050848,0.004237288135593209
4BT7_A,7,2,t060,236,0.3744703389830509,low_or_equal,low_or_equal,0.2923728813559322,0.3728813559322034,0.3177966101694915,-0.055084745762711884,88.0,75.0,-13.0,1.1697994470596313,3.101480007171631,1.9316805601119995,13.489130020141602,17.232357025146484,3.743227005004883,-2.1204442977905273,0.9612970352172852,3.0817413330078125,70.0,55.0,-15.0,29.66101694915254,23.30508474576271,-6.3559322033898304,0.06000000000000001,0.13399999999999998,0.07399999999999997,0.99083,0.97013,-0.02069999999999994,87.00827055702918,82.1367422245651,-4.871528332464081,0.56,1.09,0.53,0.597457627118644,0.5423728813559322,-0.05508474576271183
9GJ9_C,0,2,t060,389,0.3692159383033419,low_or_equal,low_or_equal,0.16966580976863754,0.4241645244215938,0.3856041131105398,-0.03856041131105398,165.0,150.0,-15.0,1.8835675716400146,1.551104187965393,-0.3324633836746216,16.52755355834961,12.502077102661133,-4.025476455688477,-0.14518070220947266,-3.97145938873291,-3.8262786865234375,165.0,181.0,16.0,42.41645244215938,46.52956298200514,4.113110539845756,0.038,0.026000000000000002,-0.011999999999999997,0.79766,0.80523,0.007569999999999966,73.32679344033497,72.15601459346769,-1.1707788468672788,2.22,2.06,-0.16000000000000014,0.6401028277634961,0.5989717223650386,-0.041131105398457546
9GJ9_C,1,2,t060,389,0.3692159383033419,low_or_equal,low_or_equal,0.16966580976863754,0.4601542416452442,0.35218508997429304,-0.10796915167095117,179.0,137.0,-42.0,1.0366475582122803,1.3254002332687378,0.2887526750564575,10.889104843139648,9.794116973876953,-1.0949878692626953,-5.330696105957031,-6.851294994354248,-1.5205988883972168,126.0,84.0,-42.0,32.390745501285345,21.59383033419023,-10.796915167095115,0.014000000000000002,0.12200000000000003,0.10800000000000003,0.84634,0.80513,-0.04120999999999997,74.33269736842105,72.64129571577847,-1.6914016526425826,2.26,1.99,-0.2699999999999998,0.6143958868894601,0.6169665809768637,0.0025706940874036244
9GJ9_C,2,2,t060,389,0.3692159383033419,low_or_equal,low_or_equal,0.16966580976863754,0.18766066838046272,0.3264781491002571,0.13881748071979436,73.0,127.0,54.0,0.165003702044487,1.1239548921585083,0.9589511901140213,3.908323287963867,8.417398452758789,4.509075164794922,-12.414789199829102,-7.938573837280273,4.476215362548828,21.0,55.0,34.0,5.3984575835475574,14.138817480719796,8.740359897172238,1.15,0.492,-0.6579999999999999,0.83955,0.9544,0.11485000000000001,72.62964036312849,78.40990680013807,5.780266437009587,2.65,1.78,-0.8699999999999999,0.6195372750642674,0.6169665809768637,-0.0025706940874036244
9GJ9_C,3,2,t060,389,0.3692159383033419,low_or_equal,low_or_equal,0.16966580976863754,0.39588688946015427,0.31876606683804626,-0.07712082262210801,154.0,124.0,-30.0,1.5671271085739136,1.2041884660720825,-0.36293864250183105,12.610237121582031,8.803756713867188,-3.8064804077148438,-3.9209275245666504,-7.786868095397949,-3.865940570831299,67.0,71.0,4.0,17.223650385604113,18.251928020565554,1.0282776349614409,0.64,0.10600000000000001,-0.534,0.83544,0.80595,-0.029489999999999905,72.08931094788387,72.00916550764951,-0.08014544023436088,2.69,1.98,-0.71,0.622107969151671,0.6580976863753213,0.0359897172236503
9GJ9_C,4,2,t060,389,0.3692159383033419,low_or_equal,low_or_equal,0.16966580976863754,0.42930591259640105,0.3676092544987147,-0.061696658097686374,167.0,143.0,-24.0,1.435430645942688,0.9486010074615479,-0.48682963848114014,18.31146240234375,6.183354377746582,-12.128108024597168,1.6000862121582031,-10.261517524719238,-11.861603736877441,124.0,55.0,-69.0,31.876606683804624,14.138817480719796,-17.73778920308483,0.016,0.386,0.37,0.94134,0.95751,0.016170000000000018,78.7750784792466,84.05586460890915,5.280786129662545,2.07,1.26,-0.8099999999999998,0.6169665809768637,0.6169665809768637,0.0
9GJ9_C,5,2,t060,389,0.3692159383033419,low_or_equal,low_or_equal,0.16966580976863754,0.34704370179948585,0.455012853470437,0.10796915167095117,135.0,177.0,42.0,1.5185949802398682,1.805253028869629,0.28665804862976074,12.437765121459961,14.955068588256836,2.517303466796875,-4.237109184265137,-1.2808842658996582,2.9562249183654785,49.0,137.0,88.0,12.596401028277635,35.2185089974293,22.62210796915167,0.378,0.10200000000000001,-0.276,0.81479,0.80776,-0.007029999999999981,70.76305565278264,71.45458145189302,0.69152579911038,2.57,2.23,-0.33999999999999986,0.5989717223650386,0.6401028277634961,0.041131105398457546
9GJ9_C,6,2,t060,389,0.3692159383033419,low_or_equal,low_or_equal,0.16966580976863754,0.31876606683804626,0.29562982005141386,-0.023136246786632397,124.0,115.0,-9.0,0.818177342414856,0.40137284994125366,-0.4168044924736023,8.868432998657227,3.4362926483154297,-5.432140350341797,-7.78290319442749,-13.08241081237793,-5.2995076179504395,85.0,21.0,-64.0,21.85089974293059,5.3984575835475574,-16.452442159383033,0.074,0.6439999999999999,0.57,0.8137,0.80865,-0.005049999999999999,73.61904712041886,71.93618302018093,-1.6828641002379214,2.11,1.73,-0.3799999999999999,0.6478149100257069,0.6272493573264781,-0.020565552699228773
9GJ9_C,7,2,t060,389,0.3692159383033419,low_or_equal,low_or_equal,0.16966580976863754,0.390745501285347,0.3676092544987147,-0.023136246786632342,152.0,143.0,-9.0,0.9139774441719055,1.4939337968826294,0.5799563527107239,5.808981895446777,13.792906761169434,7.983924865722656,-10.614086151123047,-2.7630462646484375,7.851039886474609,55.0,116.0,61.0,14.138817480719796,29.82005141388175,15.681233933161954,0.236,0.148,-0.088,0.84302,0.95709,0.11407,73.45976108033241,84.48380784175204,11.024046761419626,2.29,1.47,-0.8200000000000001,0.6503856041131105,0.6426735218508998,-0.007712082262210762
1QU9_A,0,2,t060,127,0.38976377952755903,high,high,0.2125984251968504,0.3464566929133858,0.47244094488188976,0.12598425196850394,44.0,60.0,16.0,0.13807004690170288,1.7167060375213623,1.5786359906196594,2.812368392944336,8.710399627685547,5.898031234741211,-11.542180061340332,-8.58958625793457,2.9525938034057617,30.0,14.0,-16.0,23.62204724409449,11.023622047244094,-12.598425196850394,0.6,0.9400000000000001,0.3400000000000001,0.98106,0.97886,-0.0022000000000000908,91.57385529157668,92.55466738197424,0.9808120903975635,0.45,0.5,0.04999999999999999,0.7480314960629921,0.7086614173228346,-0.03937007874015752
1QU9_A,1,2,t060,127,0.38976377952755903,high,high,0.2125984251968504,0.4409448818897638,0.47244094488188976,0.031496062992125984,56.0,60.0,4.0,3.2890408039093018,0.5722329020500183,-2.7168079018592834,15.139665603637695,8.655547142028809,-6.484118461608887,0.6795711517333984,-5.458401679992676,-6.137972831726074,39.0,23.0,-16.0,30.708661417322837,18.11023622047244,-12.598425196850396,0.502,0.476,-0.026000000000000023,0.96905,0.97431,0.005260000000000042,92.31075291622481,92.55472103004291,0.2439681138180987,0.68,0.61,-0.07000000000000006,0.7322834645669292,0.6692913385826772,-0.06299212598425197
1QU9_A,2,2,t060,127,0.38976377952755903,high,high,0.2125984251968504,0.33070866141732286,0.30708661417322836,-0.023622047244094502,42.0,39.0,-3.0,-0.1605895310640335,0.6316522359848022,0.7922417670488358,7.517178535461426,8.369158744812012,0.8519802093505859,-3.7905309200286865,-4.618748664855957,-0.8282177448272705,10.0,8.0,-2.0,7.874015748031496,6.299212598425196,-1.5748031496063,1.042,1.084,0.04200000000000004,0.97957,0.9789,-0.0006700000000000594,92.81327349524815,92.43441145281017,-0.37886204243798716,0.5,0.51,0.010000000000000009,0.7165354330708661,0.7165354330708661,0.0
1QU9_A,3,2,t060,127,0.38976377952755903,high,high,0.2125984251968504,0.44881889763779526,0.3937007874015748,-0.05511811023622043,57.0,50.0,-7.0,1.7685718536376953,1.7573081254959106,-0.011263728141784668,9.374528884887695,9.323959350585938,-0.05056953430175781,-5.368234634399414,-6.1365132331848145,-0.7682785987854004,20.0,10.0,-10.0,15.748031496062993,7.874015748031496,-7.874015748031496,1.012,0.782,-0.22999999999999998,0.97222,0.97969,0.007469999999999977,92.98760939167556,92.12456776947705,-0.8630416221985087,0.63,0.49,-0.14,0.7086614173228346,0.7086614173228346,0.0
1QU9_A,4,2,t060,127,0.38976377952755903,high,high,0.2125984251968504,0.41732283464566927,0.3543307086614173,-0.06299212598425197,53.0,45.0,-8.0,0.7681225538253784,1.495684266090393,0.7275617122650146,5.778747081756592,11.327144622802734,5.548397541046143,-8.377100944519043,-2.0200347900390625,6.3570661544799805,4.0,30.0,26.0,3.149606299212598,23.62204724409449,20.47244094488189,1.702,0.43600000000000005,-1.266,0.97831,0.97475,-0.0035600000000000076,92.75542857142858,92.59673796791444,-0.15869060351414532,0.51,0.57,0.05999999999999994,0.6377952755905512,0.7322834645669292,0.09448818897637801
1QU9_A,5,2,t060,127,0.38976377952755903,high,high,0.2125984251968504,0.4330708661417323,0.3937007874015748,-0.039370078740157466,55.0,50.0,-5.0,3.0641589164733887,1.910176396369934,-1.1539825201034546,12.167729377746582,9.922615051269531,-2.245114326477051,-3.3278894424438477,-3.7848267555236816,-0.456937313079834,5.0,17.0,12.0,3.937007874015748,13.385826771653544,9.448818897637796,1.624,0.712,-0.9120000000000001,0.97678,0.97905,0.0022699999999999942,92.85271855010662,91.95216101694915,-0.9005575331574676,0.54,0.5,-0.040000000000000036,0.7165354330708661,0.7322834645669292,0.015748031496063075
1QU9_A,6,2,t060,127,0.38976377952755903,high,high,0.2125984251968504,0.3779527559055118,0.47244094488188976,0.09448818897637795,48.0,60.0,12.0,1.6834286451339722,1.8346385955810547,0.15120995044708252,9.075521469116211,11.697181701660156,2.6216602325439453,-6.242864608764648,-2.757009506225586,3.4858551025390625,25.0,10.0,-15.0,19.68503937007874,7.874015748031496,-11.811023622047244,0.634,1.2499999999999998,0.6159999999999998,0.97586,0.98057,0.004710000000000103,92.7012660944206,91.89884899683211,-0.8024170975884886,0.56,0.47,-0.09000000000000008,0.7322834645669292,0.7007874015748031,-0.03149606299212604
1QU9_A,7,2,t060,127,0.38976377952755903,high,high,0.2125984251968504,0.3228346456692913,0.47244094488188976,0.14960629921259844,41.0,60.0,19.0,0.7038239240646362,0.320556104183197,-0.3832678198814392,8.350305557250977,4.435400009155273,-3.914905548095703,-4.986020565032959,-9.122079849243164,-4.136059284210205,25.0,32.0,7.0,19.68503937007874,25.196850393700785,5.511811023622045,0.726,0.43199999999999994,-0.29400000000000004,0.97899,0.97737,-0.0016200000000000658,92.48059765208112,92.06474399164055,-0.41585366044056116,0.5,0.54,0.040000000000000036,0.7637795275590551,0.7165354330708661,-0.047244094488189003
1LI1_C,0,1,t075,224,0.3370535714285714,low_or_equal,not_tier2,0.12946428571428573,0.39285714285714285,0.36160714285714285,-0.03125,88.0,81.0,-7.0,1.144861102104187,2.032191753387451,0.8873306512832642,8.822981834411621,12.837230682373047,4.014248847961426,-10.277056694030762,-3.7143659591674805,6.562690734863281,17.0,23.0,6.0,7.5892857142857135,10.267857142857142,2.678571428571429,0.806,0.7899999999999999,-0.016000000000000125,0.95452,0.93714,-0.017380000000000062,77.96796785304248,76.12128073184677,-1.846687121195714,1.39,1.74,0.3500000000000001,0.4955357142857143,0.49107142857142855,-0.004464285714285754
1LI1_C,1,1,t075,224,0.3370535714285714,low_or_equal,not_tier2,0.12946428571428573,0.32142857142857145,0.36607142857142855,0.044642857142857095,72.0,82.0,10.0,1.4509886503219604,1.361419677734375,-0.08956897258758545,9.019819259643555,12.653461456298828,3.6336421966552734,-7.374013423919678,-3.7969822883605957,3.577031135559082,18.0,3.0,-15.0,8.035714285714286,1.3392857142857142,-6.696428571428572,0.8220000000000001,2.0140000000000002,1.1920000000000002,0.93409,0.94716,0.013070000000000026,77.02045866364666,78.5534504608295,1.5329917971828309,1.6,1.66,0.05999999999999983,0.5267857142857143,0.5625,0.0357142857142857
1LI1_C,2,1,t075,224,0.3370535714285714,low_or_equal,not_tier2,0.12946428571428573,0.2544642857142857,0.32589285714285715,0.07142857142857145,57.0,73.0,16.0,1.1550848484039307,0.9294421076774597,-0.22564274072647095,9.318769454956055,7.366551876068115,-1.9522175788879395,-7.236567974090576,-8.945171356201172,-1.7086033821105957,5.0,26.0,21.0,2.232142857142857,11.607142857142858,9.375,1.112,0.6599999999999999,-0.4520000000000002,0.94899,0.95915,0.010159999999999947,79.75422559906488,79.21067669172933,-0.5435489073355484,1.55,1.35,-0.19999999999999996,0.5223214285714286,0.5178571428571429,-0.004464285714285698
1LI1_C,3,1,t075,224,0.3370535714285714,low_or_equal,not_tier2,0.12946428571428573,0.26785714285714285,0.40625,0.13839285714285715,60.0,91.0,31.0,0.5710830092430115,0.6228430867195129,0.051760077476501465,3.632558822631836,3.5419845581054688,-0.09057426452636719,-12.707160949707031,-12.13972282409668,0.5674381256103516,5.0,20.0,15.0,2.232142857142857,8.928571428571429,6.696428571428571,1.3800000000000001,1.068,-0.31200000000000006,0.94828,0.94749,-0.0007899999999999574,78.9426693455798,77.60427594070696,-1.3383934048728463,1.48,1.46,-0.020000000000000018,0.5267857142857143,0.48660714285714285,-0.04017857142857145
1LI1_C,4,1,t075,224,0.3370535714285714,low_or_equal,not_tier2,0.12946428571428573,0.33482142857142855,0.38392857142857145,0.049107142857142905,75.0,86.0,11.0,0.49276700615882874,1.2532404661178589,0.7604734599590302,3.9156789779663086,6.119506359100342,2.203827381134033,-11.580072402954102,-9.912607192993164,1.6674652099609375,1.0,15.0,14.0,0.4464285714285714,6.696428571428571,6.25,2.472,0.914,-1.5579999999999998,0.92355,0.94956,0.026009999999999978,78.47820023148148,77.8917231476163,-0.5864770838651765,1.61,1.48,-0.13000000000000012,0.5357142857142857,0.5,-0.0357142857142857
1LI1_C,5,1,t075,224,0.3370535714285714,low_or_equal,not_tier2,0.12946428571428573,0.375,0.42410714285714285,0.04910714285714285,84.0,95.0,11.0,0.8237055540084839,1.6543561220169067,0.8306505680084229,4.090328216552734,7.02354621887207,2.933218002319336,-11.956912994384766,-9.135588645935059,2.821324348449707,22.0,15.0,-7.0,9.821428571428571,6.696428571428571,-3.125,0.392,1.0,0.608,0.91387,0.94427,0.030400000000000094,75.50085289066972,77.2382621082621,1.7374092175923863,1.72,1.37,-0.34999999999999987,0.5535714285714286,0.5535714285714286,0.0
1LI1_C,6,1,t075,224,0.3370535714285714,low_or_equal,not_tier2,0.12946428571428573,0.3169642857142857,0.24553571428571427,-0.07142857142857142,71.0,55.0,-16.0,0.552765429019928,0.39021357893943787,-0.1625518500804901,4.116048812866211,6.305418014526367,2.1893692016601562,-12.062710762023926,-12.59537124633789,-0.5326604843139648,8.0,0.0,-8.0,3.571428571428571,0.0,-3.571428571428571,1.05,3.664,2.614,0.93939,0.95098,0.0115900000000001,77.84906002265006,78.42014797951053,0.5710879568604668,1.71,1.38,-0.33000000000000007,0.5133928571428571,0.48214285714285715,-0.031249999999999944
1LI1_C,7,1,t075,224,0.3370535714285714,low_or_equal,not_tier2,0.12946428571428573,0.4330357142857143,0.2857142857142857,-0.1473214285714286,97.0,64.0,-33.0,1.6907631158828735,1.5520745515823364,-0.1386885643005371,12.952451705932617,8.984048843383789,-3.968402862548828,-5.472250938415527,-7.529287815093994,-2.057036876678467,19.0,0.0,-19.0,8.482142857142858,0.0,-8.482142857142858,0.9019999999999999,3.058,2.1559999999999997,0.90043,0.95176,0.0513300000000001,75.32726635514018,80.98131849315068,5.654052138010499,1.85,1.45,-0.40000000000000013,0.49107142857142855,0.5223214285714286,0.031250000000000056
4ZIE_A,0,1,t075,147,0.36904761904761907,low_or_equal,not_tier2,0.4013605442176871,0.41496598639455784,0.38095238095238093,-0.03401360544217691,61.0,56.0,-5.0,3.0367839336395264,-0.6540392637252808,-3.690823197364807,13.978622436523438,6.596640586853027,-7.38198184967041,-1.6469202041625977,-4.199798583984375,-2.5528783798217773,50.0,6.0,-44.0,34.01360544217687,4.081632653061225,-29.931972789115644,0.144,1.368,1.2240000000000002,0.61951,0.60105,-0.018460000000000032,61.53915921288014,52.37376419213974,-9.165395020740405,2.66,2.48,-0.18000000000000016,0.40816326530612246,0.36054421768707484,-0.047619047619047616
4ZIE_A,1,1,t075,147,0.36904761904761907,low_or_equal,not_tier2,0.4013605442176871,0.2789115646258503,0.46258503401360546,0.18367346938775514,41.0,68.0,27.0,0.9509620070457458,3.6830780506134033,2.7321160435676575,7.392733573913574,15.179450988769531,7.786717414855957,-7.9681525230407715,-0.2139286994934082,7.754223823547363,3.0,34.0,31.0,2.0408163265306123,23.12925170068027,21.088435374149658,1.582,0.11400000000000002,-1.468,0.61743,0.6796,0.06216999999999995,66.10392730496453,59.82985903083701,-6.274068274127522,2.0,2.76,0.7599999999999998,0.46258503401360546,0.4421768707482993,-0.020408163265306145
4ZIE_A,2,1,t075,147,0.36904761904761907,low_or_equal,not_tier2,0.4013605442176871,0.3673469387755102,0.46938775510204084,0.10204081632653061,54.0,69.0,15.0,1.1271305084228516,2.0254170894622803,0.8982865810394287,7.778057098388672,15.510984420776367,7.732927322387695,-7.8990373611450195,2.537064552307129,10.436101913452148,10.0,23.0,13.0,6.802721088435375,15.646258503401361,8.843537414965986,0.6599999999999999,0.252,-0.4079999999999999,0.62199,0.6553,0.03330999999999995,59.739139492753615,56.15019213174748,-3.5889473610061344,2.37,1.83,-0.54,0.38095238095238093,0.4013605442176871,0.020408163265306145
4ZIE_A,3,1,t075,147,0.36904761904761907,low_or_equal,not_tier2,0.4013605442176871,0.3673469387755102,0.46938775510204084,0.10204081632653061,54.0,69.0,15.0,1.5173263549804688,1.3084443807601929,-0.20888197422027588,10.533273696899414,12.591690063476562,2.0584163665771484,-5.2096405029296875,1.7881746292114258,6.997815132141113,18.0,58.0,40.0,12.244897959183673,39.455782312925166,27.21088435374149,0.358,0.126,-0.23199999999999998,0.75054,0.74817,-0.0023699999999999832,76.15478299379983,71.81046778464254,-4.344315209157287,2.84,2.82,-0.020000000000000018,0.4557823129251701,0.5034013605442177,0.047619047619047616
4ZIE_A,4,1,t075,147,0.36904761904761907,low_or_equal,not_tier2,0.4013605442176871,0.35374149659863946,0.40816326530612246,0.054421768707483,52.0,60.0,8.0,-2.8502140045166016,1.8786945343017578,4.728908538818359,4.656647205352783,13.522314071655273,8.86566686630249,-0.8831725120544434,-1.9412002563476562,-1.058027744293213,15.0,15.0,0.0,10.204081632653061,10.204081632653061,0.0,0.572,0.5199999999999999,-0.052000000000000046,0.63253,0.63041,-0.0021200000000000108,65.16543382997371,59.48276867030965,-5.6826651596640545,2.13,2.05,-0.08000000000000007,0.48299319727891155,0.3469387755102041,-0.13605442176870747
4ZIE_A,5,1,t075,147,0.36904761904761907,low_or_equal,not_tier2,0.4013605442176871,0.3469387755102041,0.42857142857142855,0.08163265306122447,51.0,63.0,12.0,2.484893560409546,0.09321259707212448,-2.3916809633374214,11.169893264770508,6.976149559020996,-4.193743705749512,-4.591444969177246,-6.353180885314941,-1.7617359161376953,9.0,18.0,9.0,6.122448979591836,12.244897959183673,6.122448979591836,0.624,0.422,-0.202,0.64573,0.63125,-0.014480000000000048,64.5272743362832,62.479867841409686,-2.0474064948735133,2.34,2.47,0.13000000000000034,0.4217687074829932,0.46258503401360546,0.040816326530612235
4ZIE_A,6,1,t075,147,0.36904761904761907,low_or_equal,not_tier2,0.4013605442176871,0.46258503401360546,0.30612244897959184,-0.1564625850340136,68.0,45.0,-23.0,2.7137601375579834,2.248156785964966,-0.4656033515930176,12.08143138885498,15.167142868041992,3.0857114791870117,-3.16422176361084,0.5862531661987305,3.7504749298095703,33.0,21.0,-12.0,22.448979591836736,14.285714285714285,-8.163265306122451,0.242,0.21399999999999997,-0.028000000000000025,0.62269,0.75674,0.13405,65.96199472759227,70.58417652411282,4.62218179652055,2.0,2.98,0.98,0.4897959183673469,0.42857142857142855,-0.06122448979591838
4ZIE_A,7,1,t075,147,0.36904761904761907,low_or_equal,not_tier2,0.4013605442176871,0.36054421768707484,0.3129251700680272,-0.047619047619047616,53.0,46.0,-7.0,1.4270445108413696,2.5466525554656982,1.1196080446243286,7.727046012878418,13.484549522399902,5.757503509521484,-8.09441089630127,-2.20590877532959,5.88850212097168,25.0,25.0,0.0,17.006802721088434,17.006802721088434,0.0,0.27599999999999997,0.368,0.09200000000000003,0.6498,0.72462,0.07482,67.92035230352303,63.80042972247091,-4.119922581052123,2.3,3.15,0.8500000000000001,0.4013605442176871,0.42857142857142855,0.02721088435374147
1UOU_A,0,1,t075,438,0.3242009132420091,low_or_equal,not_tier2,0.2968036529680365,0.3607305936073059,0.23972602739726026,-0.12100456621004566,158.0,105.0,-53.0,1.0963633060455322,1.1386383771896362,0.042275071144104004,10.32358169555664,15.441246032714844,5.117664337158203,-6.692663669586182,-1.6792259216308594,5.013437747955322,32.0,30.0,-2.0,7.30593607305936,6.8493150684931505,-0.4566210045662098,0.4699999999999999,0.30599999999999994,-0.16399999999999998,0.96138,0.94666,-0.014720000000000066,91.84775623268698,91.00996919285274,-0.8377870398342395,1.56,1.99,0.42999999999999994,0.636986301369863,0.6415525114155252,0.004566210045662156
1UOU_A,1,1,t075,438,0.3242009132420091,low_or_equal,not_tier2,0.2968036529680365,0.3059360730593607,0.271689497716895,-0.034246575342465724,134.0,119.0,-15.0,0.5863932371139526,0.571023166179657,-0.015370070934295654,6.243663787841797,6.042627334594727,-0.2010364532470703,-10.813373565673828,-11.024286270141602,-0.21091270446777344,56.0,24.0,-32.0,12.785388127853881,5.47945205479452,-7.305936073059361,0.264,0.442,0.178,0.97047,0.9502,-0.02027000000000001,92.50743486352357,91.51776615384615,-0.9896687096774173,1.36,1.87,0.51,0.6529680365296804,0.6643835616438356,0.011415525114155223
1UOU_A,2,1,t075,438,0.3242009132420091,low_or_equal,not_tier2,0.2968036529680365,0.23972602739726026,0.4041095890410959,0.16438356164383564,105.0,177.0,72.0,0.789055347442627,1.3200587034225464,0.5310033559799194,6.409526824951172,8.716313362121582,2.30678653717041,-10.39369010925293,-7.661857604980469,2.731832504272461,34.0,39.0,5.0,7.76255707762557,8.904109589041095,1.141552511415525,0.376,0.26399999999999996,-0.11200000000000004,0.95942,0.95654,-0.0028800000000001047,92.0445482388974,91.61297582145072,-0.43157241744668795,1.69,1.66,-0.030000000000000027,0.6689497716894978,0.680365296803653,0.011415525114155223
1UOU_A,3,1,t075,438,0.3242009132420091,low_or_equal,not_tier2,0.2968036529680365,0.3036529680365297,0.1872146118721461,-0.11643835616438358,133.0,82.0,-51.0,0.5536748170852661,0.2528861463069916,-0.30078867077827454,2.7268009185791016,2.938203811645508,0.21140289306640625,-12.927577018737793,-13.067060470581055,-0.13948345184326172,15.0,23.0,8.0,3.4246575342465753,5.251141552511415,1.8264840182648396,1.21,0.298,-0.9119999999999999,0.9381,0.9636,0.025499999999999967,92.15770755885998,91.99112066318699,-0.16658689567299234,2.0,1.56,-0.43999999999999995,0.636986301369863,0.6529680365296804,0.01598173515981738
1UOU_A,4,1,t075,438,0.3242009132420091,low_or_equal,not_tier2,0.2968036529680365,0.363013698630137,0.3789954337899543,0.015981735159817323,159.0,166.0,7.0,0.644895076751709,1.0400042533874512,0.3951091766357422,4.79403018951416,10.040878295898438,5.246848106384277,-11.908258438110352,-7.281503677368164,4.6267547607421875,15.0,37.0,22.0,3.4246575342465753,8.447488584474886,5.0228310502283104,0.496,0.29800000000000004,-0.19799999999999995,0.95386,0.95154,-0.0023199999999999887,92.27097084367246,93.5171848869619,1.2462140432894415,1.72,1.79,0.07000000000000006,0.636986301369863,0.6278538812785388,-0.0091324200913242
1UOU_A,5,1,t075,438,0.3242009132420091,low_or_equal,not_tier2,0.2968036529680365,0.24429223744292236,0.2876712328767123,0.04337899543378995,107.0,126.0,19.0,0.5916718244552612,1.0758253335952759,0.48415350914001465,8.2466402053833,11.224712371826172,2.978072166442871,-8.868075370788574,-5.77097225189209,3.0971031188964844,33.0,40.0,7.0,7.534246575342466,9.1324200913242,1.5981735159817338,0.514,0.6139999999999999,0.09999999999999987,0.96599,0.96094,-0.005049999999999999,91.70074451652765,92.6269771039604,0.9262325874327502,1.47,1.61,0.14000000000000012,0.6506849315068494,0.632420091324201,-0.0182648401826484
1UOU_A,6,1,t075,438,0.3242009132420091,low_or_equal,not_tier2,0.2968036529680365,0.4520547945205479,0.2602739726027397,-0.1917808219178082,198.0,114.0,-84.0,1.9024286270141602,1.0530492067337036,-0.8493794202804565,10.990184783935547,11.737574577331543,0.7473897933959961,-6.063181400299072,-5.400213241577148,0.6629681587219238,70.0,34.0,-36.0,15.981735159817351,7.76255707762557,-8.219178082191782,0.434,0.40199999999999997,-0.03200000000000003,0.9682,0.96668,-0.0015199999999999658,91.41885477433222,91.7326116838488,0.3137569095165844,1.42,1.46,0.040000000000000036,0.6164383561643836,0.6575342465753424,0.041095890410958846
1UOU_A,7,1,t075,438,0.3242009132420091,low_or_equal,not_tier2,0.2968036529680365,0.3242009132420091,0.3949771689497717,0.07077625570776258,142.0,173.0,31.0,0.9778037667274475,0.956048846244812,-0.021754920482635498,7.500921249389648,10.84023666381836,3.339315414428711,-9.639244079589844,-6.421296119689941,3.2179479598999023,39.0,34.0,-5.0,8.904109589041095,7.76255707762557,-1.141552511415525,0.42400000000000004,0.356,-0.06800000000000006,0.96776,0.95017,-0.017589999999999995,91.8223760842627,93.25314982796372,1.4307737437010246,1.43,1.82,0.3900000000000001,0.6712328767123288,0.6575342465753424,-0.013698630136986356
5HGJ_A,0,1,t075,194,0.42010309278350516,high,not_tier2,0.23195876288659795,0.3247422680412371,0.4329896907216495,0.10824742268041238,63.0,84.0,21.0,2.525245189666748,3.23649263381958,0.711247444152832,18.922866821289062,18.407257080078125,-0.5156097412109375,-0.0010237693786621094,-0.3168368339538574,-0.3158130645751953,40.0,44.0,4.0,20.618556701030926,22.68041237113402,2.061855670103096,0.344,0.48,0.136,0.97335,0.98548,0.012129999999999974,87.13368593955322,87.48207973421927,0.3483937946660518,1.04,0.66,-0.38,0.6494845360824743,0.6391752577319587,-0.010309278350515538
5HGJ_A,1,1,t075,194,0.42010309278350516,high,not_tier2,0.23195876288659795,0.4587628865979381,0.39690721649484534,-0.061855670103092786,89.0,77.0,-12.0,3.0070838928222656,3.7314584255218506,0.724374532699585,17.352771759033203,16.69588279724121,-0.6568889617919922,1.0796818733215332,0.5290131568908691,-0.5506687164306641,93.0,37.0,-56.0,47.93814432989691,19.072164948453608,-28.8659793814433,0.012,0.386,0.374,0.97102,0.98011,0.009090000000000042,89.20517739816032,87.60881806108898,-1.596359337071334,0.77,0.82,0.04999999999999993,0.654639175257732,0.6391752577319587,-0.015463917525773252
5HGJ_A,2,1,t075,194,0.42010309278350516,high,not_tier2,0.23195876288659795,0.4020618556701031,0.4484536082474227,0.04639175257731959,78.0,87.0,9.0,2.7778396606445312,2.582235813140869,-0.1956038475036621,12.955598831176758,17.93083953857422,4.975240707397461,-1.8265886306762695,2.339704990386963,4.166293621063232,81.0,166.0,85.0,41.75257731958763,85.56701030927834,43.814432989690715,0.033999999999999996,0.022,-0.011999999999999997,0.96707,0.97899,0.011920000000000042,88.46019450033535,86.79457525083612,-1.6656192494992297,1.5,0.85,-0.65,0.5927835051546392,0.6288659793814433,0.03608247422680411
5HGJ_A,3,1,t075,194,0.42010309278350516,high,not_tier2,0.23195876288659795,0.41237113402061853,0.3865979381443299,-0.025773195876288624,80.0,75.0,-5.0,2.4143998622894287,1.326789140701294,-1.0876107215881348,17.2750301361084,8.775814056396484,-8.499216079711914,-1.8683691024780273,-10.204251289367676,-8.335882186889648,51.0,16.0,-35.0,26.288659793814436,8.24742268041237,-18.041237113402065,0.578,0.8859999999999999,0.30799999999999994,0.97948,0.98497,0.005489999999999995,88.31380300065231,86.2499135063207,-2.063889494331619,0.84,0.71,-0.13,0.6237113402061856,0.634020618556701,0.010309278350515427
5HGJ_A,4,1,t075,194,0.42010309278350516,high,not_tier2,0.23195876288659795,0.4845360824742268,0.5,0.015463917525773196,94.0,97.0,3.0,3.2848687171936035,2.5278525352478027,-0.7570161819458008,16.81106185913086,16.649751663208008,-0.16131019592285156,-2.08206844329834,1.3726410865783691,3.454709529876709,34.0,98.0,64.0,17.525773195876287,50.51546391752577,32.98969072164948,0.434,0.028000000000000004,-0.40599999999999997,0.98284,0.96892,-0.013920000000000043,88.09878504672898,87.18543507362784,-0.9133499731011341,0.72,1.28,0.56,0.6443298969072165,0.6237113402061856,-0.020618556701030966
5HGJ_A,5,1,t075,194,0.42010309278350516,high,not_tier2,0.23195876288659795,0.42783505154639173,0.4484536082474227,0.020618556701030966,83.0,87.0,4.0,3.6687939167022705,3.3408114910125732,-0.32798242568969727,19.070144653320312,14.985578536987305,-4.084566116333008,0.13596582412719727,2.8231825828552246,2.6872167587280273,111.0,190.0,79.0,57.21649484536082,97.9381443298969,40.72164948453608,0.06799999999999999,0.016,-0.05199999999999999,0.98481,0.98651,0.0017000000000000348,88.76849869451696,91.08676371022342,2.3182650157064586,0.69,0.67,-0.019999999999999907,0.6752577319587629,0.6082474226804123,-0.06701030927835061
5HGJ_A,6,1,t075,194,0.42010309278350516,high,not_tier2,0.23195876288659795,0.36597938144329895,0.4329896907216495,0.06701030927835055,71.0,84.0,13.0,2.488744020462036,2.764118194580078,0.275374174118042,18.210098266601562,16.5887451171875,-1.6213531494140625,-0.8355422019958496,-1.2597241401672363,-0.4241819381713867,26.0,78.0,52.0,13.402061855670103,40.20618556701031,26.804123711340203,0.826,0.08600000000000001,-0.74,0.98318,0.98613,0.002949999999999897,88.56372445616348,89.03602657807309,0.47230212190960685,0.74,0.66,-0.07999999999999996,0.6288659793814433,0.6288659793814433,0.0
5HGJ_A,7,1,t075,194,0.42010309278350516,high,not_tier2,0.23195876288659795,0.4845360824742268,0.3917525773195876,-0.09278350515463918,94.0,76.0,-18.0,3.120199203491211,2.6930081844329834,-0.42719101905822754,14.709209442138672,12.382972717285156,-2.3262367248535156,0.2478489875793457,-3.706137180328369,-3.953986167907715,56.0,42.0,-14.0,28.865979381443296,21.649484536082475,-7.21649484536082,0.146,0.5740000000000001,0.42800000000000005,0.97679,0.97191,-0.0048799999999999955,89.00699865410498,89.15893617021277,0.15193751610779316,0.89,0.89,0.0,0.6237113402061856,0.6443298969072165,0.020618556701030966
6DNB_A,0,1,t075,411,0.4300486618004866,high,not_tier2,0.1192214111922141,0.45012165450121655,0.25304136253041365,-0.1970802919708029,185.0,104.0,-81.0,2.1621339321136475,2.3295702934265137,0.1674363613128662,15.069619178771973,16.79267692565918,1.723057746887207,-0.8200898170471191,-0.11625480651855469,0.7038350105285645,80.0,44.0,-36.0,19.464720194647203,10.70559610705596,-8.759124087591243,0.21799999999999997,0.358,0.14,0.9674,0.96003,-0.007369999999999988,83.21592933947773,87.1235777845965,3.907648445118781,1.56,1.76,0.19999999999999996,0.6423357664233577,0.6690997566909975,0.02676399026763987
6DNB_A,1,1,t075,411,0.4300486618004866,high,not_tier2,0.1192214111922141,0.45985401459854014,0.4306569343065693,-0.029197080291970823,189.0,177.0,-12.0,2.4566447734832764,2.401458501815796,-0.05518627166748047,14.761312484741211,17.453018188476562,2.6917057037353516,-1.6277518272399902,0.6179800033569336,2.245731830596924,44.0,50.0,6.0,10.70559610705596,12.165450121654501,1.459854014598541,0.22800000000000004,0.27799999999999997,0.04999999999999993,0.96481,0.9611,-0.003709999999999991,88.05397348951912,81.95685070943861,-6.097122780080511,1.67,1.78,0.1100000000000001,0.6642335766423357,0.6690997566909975,0.0048661800486617945
6DNB_A,2,1,t075,411,0.4300486618004866,high,not_tier2,0.1192214111922141,0.48175182481751827,0.39416058394160586,-0.08759124087591241,198.0,162.0,-36.0,1.6905733346939087,1.9636818170547485,0.27310848236083984,14.135297775268555,15.861262321472168,1.7259645462036133,-0.6498022079467773,-0.5546712875366211,0.09513092041015625,74.0,34.0,-40.0,18.004866180048662,8.27250608272506,-9.732360097323602,0.192,0.28600000000000003,0.09400000000000003,0.96333,0.97046,0.00712999999999997,86.83824732824428,87.93932981694074,1.1010824886964627,1.79,1.59,-0.19999999999999996,0.6472019464720195,0.6472019464720195,0.0
6DNB_A,3,1,t075,411,0.4300486618004866,high,not_tier2,0.1192214111922141,0.3844282238442822,0.35523114355231145,-0.029197080291970767,158.0,146.0,-12.0,1.913175344467163,1.3183094263076782,-0.5948659181594849,16.20138168334961,12.549636840820312,-3.651744842529297,-0.4465503692626953,-4.359881401062012,-3.9133310317993164,43.0,26.0,-17.0,10.46228710462287,6.326034063260341,-4.136253041362529,0.27,0.336,0.066,0.9671,0.9636,-0.0034999999999999476,85.8649569760295,87.42762763680832,1.5626706607788208,1.63,1.63,0.0,0.6666666666666666,0.6447688564476886,-0.021897810218978075
6DNB_A,4,1,t075,411,0.4300486618004866,high,not_tier2,0.1192214111922141,0.41605839416058393,0.40389294403892945,-0.012165450121654486,171.0,166.0,-5.0,1.9026466608047485,2.0723214149475098,0.16967475414276123,15.4260835647583,18.021913528442383,2.595829963684082,-1.446455955505371,0.9896020889282227,2.4360580444335938,61.0,43.0,-18.0,14.841849148418493,10.46228710462287,-4.379562043795623,0.22399999999999998,0.438,0.21400000000000002,0.95983,0.97023,0.010400000000000076,85.75264705882353,87.44742883379247,1.6947817749689449,1.72,1.52,-0.19999999999999996,0.6496350364963503,0.6618004866180048,0.012165450121654486
6DNB_A,5,1,t075,411,0.4300486618004866,high,not_tier2,0.1192214111922141,0.45012165450121655,0.4282238442822384,-0.02189781021897813,185.0,176.0,-9.0,1.5627267360687256,1.9622716903686523,0.39954495429992676,15.313831329345703,16.412466049194336,1.0986347198486328,-1.2689285278320312,-0.22938060760498047,1.0395479202270508,46.0,42.0,-4.0,11.19221411192214,10.218978102189782,-0.9732360097323589,0.304,0.28200000000000003,-0.021999999999999964,0.9683,0.96013,-0.00817000000000001,88.50929616941762,83.02075968992249,-5.488536479495139,1.67,1.82,0.15000000000000013,0.6690997566909975,0.6472019464720195,-0.021897810218978075
6DNB_A,6,1,t075,411,0.4300486618004866,high,not_tier2,0.1192214111922141,0.41849148418491483,0.44038929440389296,0.02189781021897813,172.0,181.0,9.0,2.184351682662964,2.3755855560302734,0.19123387336730957,18.061941146850586,16.77394676208496,-1.287994384765625,1.9149446487426758,0.23287105560302734,-1.6820735931396484,58.0,60.0,2.0,14.111922141119221,14.5985401459854,0.48661800486617857,0.348,0.286,-0.062,0.96845,0.96697,-0.0014800000000000368,88.32848698315468,87.61029043106085,-0.7181965520938292,1.67,1.69,0.020000000000000018,0.6788321167883211,0.6715328467153284,-0.007299270072992692
6DNB_A,7,1,t075,411,0.4300486618004866,high,not_tier2,0.1192214111922141,0.3795620437956204,0.45012165450121655,0.07055961070559613,156.0,185.0,29.0,2.414733409881592,2.736851453781128,0.32211804389953613,17.12876319885254,15.969614028930664,-1.159149169921875,0.5075569152832031,-0.059093475341796875,-0.566650390625,47.0,74.0,27.0,11.435523114355231,18.004866180048662,6.569343065693431,0.27,0.142,-0.12800000000000003,0.96836,0.96209,-0.006269999999999998,88.59646341463416,87.23995977722772,-1.3565036374064334,1.7,1.71,0.010000000000000009,0.681265206812652,0.6277372262773723,-0.05352798053527974
6TN1_AAA,0,1,t075,497,0.4210261569416499,high,not_tier2,0.22535211267605634,0.4386317907444668,0.3722334004024145,-0.0663983903420523,218.0,185.0,-33.0,1.978471040725708,1.8822064399719238,-0.09626460075378418,15.265713691711426,13.226607322692871,-2.0391063690185547,-1.2556657791137695,-3.8637356758117676,-2.608069896697998,84.0,103.0,19.0,16.901408450704224,20.72434607645875,3.822937625754527,0.10600000000000001,0.128,0.021999999999999992,0.98563,0.98705,0.0014199999999999768,89.3595300990602,89.85309730005095,0.49356720099075346,0.99,0.95,-0.040000000000000036,0.670020120724346,0.6861167002012073,0.016096579476861272
6TN1_AAA,1,1,t075,497,0.4210261569416499,high,not_tier2,0.22535211267605634,0.48893360160965793,0.40040241448692154,-0.08853118712273639,243.0,199.0,-44.0,2.109478235244751,2.2749288082122803,0.1654505729675293,19.63373565673828,20.15369987487793,0.5199642181396484,3.2396631240844727,3.4626331329345703,0.22297000885009766,142.0,194.0,52.0,28.57142857142857,39.03420523138833,10.462776659959758,0.0,0.0,0.0,0.98366,0.98604,0.0023800000000000487,89.83191662430097,89.52861542377195,-0.3033012005290203,1.1,0.97,-0.13000000000000012,0.676056338028169,0.6800804828973843,0.004024144869215318
6TN1_AAA,2,1,t075,497,0.4210261569416499,high,not_tier2,0.22535211267605634,0.42857142857142855,0.34004024144869216,-0.08853118712273639,213.0,169.0,-44.0,2.023303747177124,2.1776745319366455,0.15437078475952148,15.964740753173828,20.768695831298828,4.803955078125,-0.5298566818237305,3.591742515563965,4.121599197387695,41.0,139.0,98.0,8.249496981891348,27.96780684104628,19.71830985915493,0.472,0.0,-0.472,0.98332,0.98463,0.0013100000000000334,88.55771108850458,88.96931313131313,0.4116020428085534,1.13,1.06,-0.06999999999999984,0.6780684104627767,0.6680080482897385,-0.010060362173038184
6TN1_AAA,3,1,t075,497,0.4210261569416499,high,not_tier2,0.22535211267605634,0.4124748490945674,0.42052313883299797,0.00804828973843058,205.0,209.0,4.0,2.476860761642456,1.3446135520935059,-1.1322472095489502,15.482837677001953,12.666378021240234,-2.8164596557617188,-1.8391447067260742,-4.093080520629883,-2.2539358139038086,81.0,74.0,-7.0,16.297786720321934,14.88933601609658,-1.4084507042253538,0.148,0.178,0.03,0.98714,0.98207,-0.005070000000000019,89.618984335523,89.32929837892604,-0.28968595659695495,0.95,1.13,0.17999999999999994,0.6680080482897385,0.6559356136820925,-0.012072434607645954
6TN1_AAA,4,1,t075,497,0.4210261569416499,high,not_tier2,0.22535211267605634,0.3963782696177062,0.41448692152917505,0.01810865191146882,197.0,206.0,9.0,2.67687726020813,2.284849166870117,-0.3920280933380127,19.754602432250977,18.26572608947754,-1.4888763427734375,2.8256845474243164,1.1804580688476562,-1.6452264785766602,173.0,90.0,-83.0,34.80885311871227,18.10865191146881,-16.70020120724346,0.006,0.12400000000000003,0.11800000000000002,0.98249,0.98288,0.00039000000000000146,88.91303485118291,88.36785750125439,-0.5451773499285224,1.14,1.1,-0.039999999999999813,0.6579476861167002,0.716297786720322,0.05835010060362178
6TN1_AAA,5,1,t075,497,0.4210261569416499,high,not_tier2,0.22535211267605634,0.4305835010060362,0.38832997987927564,-0.04225352112676056,214.0,193.0,-21.0,2.2475807666778564,1.996347188949585,-0.2512335777282715,18.604537963867188,13.745320320129395,-4.859217643737793,1.425267219543457,-3.539027214050293,-4.96429443359375,115.0,65.0,-50.0,23.138832997987926,13.078470824949697,-10.060362173038229,0.05600000000000001,0.13399999999999998,0.07799999999999997,0.98129,0.98174,0.00044999999999995044,88.07529441624365,88.65189698492462,0.5766025686809684,1.17,1.16,-0.010000000000000009,0.6861167002012073,0.6901408450704225,0.004024144869215207
6TN1_AAA,6,1,t075,497,0.4210261569416499,high,not_tier2,0.22535211267605634,0.34004024144869216,0.38028169014084506,0.040241448692152904,169.0,189.0,20.0,1.9489164352416992,2.2773842811584473,0.32846784591674805,20.007375717163086,20.11187744140625,0.10450172424316406,2.8687868118286133,3.211318016052246,0.3425312042236328,179.0,180.0,1.0,36.016096579476866,36.21730382293762,0.20120724346075747,0.0,0.0,0.0,0.98463,0.98445,-0.00017999999999995797,90.97677700795484,88.35657200811359,-2.620204999841249,1.08,1.03,-0.050000000000000044,0.647887323943662,0.6398390342052314,-0.008048289738430636
6TN1_AAA,7,1,t075,497,0.4210261569416499,high,not_tier2,0.22535211267605634,0.43259557344064387,0.3903420523138833,-0.04225352112676056,215.0,194.0,-21.0,1.454094648361206,1.1974111795425415,-0.25668346881866455,13.637925148010254,11.273362159729004,-2.36456298828125,-2.986048698425293,-5.73361349105835,-2.7475647926330566,47.0,78.0,31.0,9.456740442655935,15.694164989939638,6.2374245472837035,0.48200000000000004,0.13599999999999998,-0.3460000000000001,0.98653,0.98038,-0.006149999999999989,88.45960566228514,88.31555100997187,-0.1440546523132724,0.98,1.19,0.20999999999999996,0.6539235412474849,0.6539235412474849,0.0
1TX4_A,0,1,t075,196,0.319515306122449,low_or_equal,not_tier2,0.2602040816326531,0.3979591836734694,0.3112244897959184,-0.086734693877551,78.0,61.0,-17.0,3.3842499256134033,0.7494414448738098,-2.6348084807395935,17.356597900390625,4.892925262451172,-12.463672637939453,3.3570876121520996,-10.996223449707031,-14.35331106185913,80.0,1.0,-79.0,40.816326530612244,0.5102040816326531,-40.30612244897959,0.084,2.45,2.366,0.97878,0.98158,0.0028000000000000247,89.26260456273765,88.1439600249844,-1.118644537753255,0.83,0.85,0.020000000000000018,0.576530612244898,0.5357142857142857,-0.04081632653061229
1TX4_A,1,1,t075,196,0.319515306122449,low_or_equal,not_tier2,0.2602040816326531,0.3622448979591837,0.45408163265306123,0.09183673469387754,71.0,89.0,18.0,2.0648674964904785,1.6620838642120361,-0.4027836322784424,12.693050384521484,7.0091471672058105,-5.683903217315674,-3.261234760284424,-7.9233245849609375,-4.662089824676514,50.0,18.0,-32.0,25.510204081632654,9.183673469387756,-16.3265306122449,0.202,0.63,0.428,0.98077,0.97753,-0.0032400000000000206,89.07402113113736,89.0406835443038,-0.0333375868335537,0.76,0.83,0.06999999999999995,0.5357142857142857,0.5612244897959183,0.025510204081632626
1TX4_A,2,1,t075,196,0.319515306122449,low_or_equal,not_tier2,0.2602040816326531,0.21428571428571427,0.41836734693877553,0.20408163265306126,42.0,82.0,40.0,1.1207503080368042,2.5810935497283936,1.4603432416915894,8.811182022094727,12.221668243408203,3.4104862213134766,-6.44925594329834,-3.7329812049865723,2.7162747383117676,13.0,25.0,12.0,6.63265306122449,12.755102040816327,6.122448979591837,0.732,0.246,-0.486,0.97247,0.97449,0.0020200000000000218,89.70184160905092,89.5759462915601,-0.12589531749081573,1.22,0.9,-0.31999999999999995,0.5459183673469388,0.5459183673469388,0.0
1TX4_A,3,1,t075,196,0.319515306122449,low_or_equal,not_tier2,0.2602040816326531,0.27040816326530615,0.32653061224489793,0.05612244897959179,53.0,64.0,11.0,1.9486607313156128,1.115067481994629,-0.8335932493209839,17.595746994018555,9.998218536376953,-7.597528457641602,1.2754120826721191,-6.01031494140625,-7.285727024078369,33.0,9.0,-24.0,16.83673469387755,4.591836734693878,-12.244897959183671,0.24000000000000005,0.6779999999999999,0.4379999999999999,0.97445,0.97595,0.0014999999999999458,87.94996247654784,89.6847001934236,1.734737716875756,1.13,0.93,-0.19999999999999984,0.5714285714285714,0.5510204081632653,-0.020408163265306145
1TX4_A,4,1,t075,196,0.319515306122449,low_or_equal,not_tier2,0.2602040816326531,0.29591836734693877,0.22448979591836735,-0.07142857142857142,58.0,44.0,-14.0,2.0470731258392334,0.5545804500579834,-1.49249267578125,17.10957145690918,5.273048400878906,-11.836523056030273,0.8345170021057129,-11.084944725036621,-11.919461727142334,32.0,34.0,2.0,16.3265306122449,17.346938775510203,1.020408163265305,0.19599999999999998,0.144,-0.05199999999999999,0.97823,0.97505,-0.0031800000000000717,88.11069515306123,87.62049467752034,-0.4902004755408882,0.82,0.87,0.050000000000000044,0.5306122448979592,0.5561224489795918,0.025510204081632626
1TX4_A,5,1,t075,196,0.319515306122449,low_or_equal,not_tier2,0.2602040816326531,0.40816326530612246,0.42346938775510207,0.015306122448979609,80.0,83.0,3.0,0.9515451788902283,1.8298567533493042,0.8783115744590759,4.61892032623291,15.966947555541992,11.348027229309082,-11.27678108215332,1.187147617340088,12.463928699493408,15.0,46.0,31.0,7.653061224489796,23.46938775510204,15.816326530612244,0.776,0.15,-0.626,0.97517,0.97731,0.0021400000000000308,88.80670918367348,89.40931428571429,0.6026051020408119,0.87,0.87,0.0,0.5561224489795918,0.5867346938775511,0.030612244897959218
1TX4_A,6,1,t075,196,0.319515306122449,low_or_equal,not_tier2,0.2602040816326531,0.24489795918367346,0.2857142857142857,0.040816326530612235,48.0,56.0,8.0,0.8988686203956604,1.0667786598205566,0.16791003942489624,7.56619930267334,5.88118839263916,-1.6850109100341797,-8.733550071716309,-10.07268238067627,-1.339132308959961,27.0,9.0,-18.0,13.77551020408163,4.591836734693878,-9.183673469387752,0.42000000000000004,0.892,0.472,0.96746,0.97765,0.010190000000000032,88.57656660412758,88.62239294710326,0.045826342975686885,1.07,0.86,-0.21000000000000008,0.5714285714285714,0.5510204081632653,-0.020408163265306145
1TX4_A,7,1,t075,196,0.319515306122449,low_or_equal,not_tier2,0.2602040816326531,0.3622448979591837,0.3469387755102041,-0.015306122448979609,71.0,68.0,-3.0,1.1700923442840576,3.1762712001800537,2.006178855895996,7.488551616668701,17.34176254272461,9.853210926055908,-9.045143127441406,1.06752347946167,10.112666606903076,6.0,58.0,52.0,3.061224489795918,29.591836734693878,26.53061224489796,1.0,0.20600000000000002,-0.794,0.97556,0.97866,0.0030999999999999917,90.29863928112965,89.7091178364456,-0.5895214446840527,0.94,0.8,-0.1399999999999999,0.5459183673469388,0.5561224489795918,0.010204081632653073
6Y76_A,0,1,t075,156,0.3629807692307692,low_or_equal,not_tier2,0.20512820512820512,0.358974358974359,0.3974358974358974,0.038461538461538436,56.0,62.0,6.0,0.8231237530708313,0.48679834604263306,-0.33632540702819824,8.047656059265137,6.543356418609619,-1.5042996406555176,-10.057832717895508,-5.942990303039551,4.114842414855957,10.0,5.0,-5.0,6.41025641025641,3.205128205128205,-3.205128205128205,0.5359999999999999,1.1880000000000002,0.6520000000000002,0.81469,0.80727,-0.007419999999999982,63.34348778433024,63.67869602763385,0.33520824330360455,2.78,3.11,0.33000000000000007,0.532051282051282,0.5192307692307693,-0.012820512820512775
6Y76_A,1,1,t075,156,0.3629807692307692,low_or_equal,not_tier2,0.20512820512820512,0.1858974358974359,0.391025641025641,0.20512820512820512,29.0,61.0,32.0,2.210577964782715,2.7275285720825195,0.5169506072998047,16.374244689941406,13.124486923217773,-3.249757766723633,0.6117510795593262,-3.0268516540527344,-3.6386027336120605,27.0,34.0,7.0,17.307692307692307,21.794871794871796,4.487179487179489,0.316,0.168,-0.148,0.83436,0.84018,0.005820000000000047,65.89010906040268,67.1688759367194,1.2787668763167233,1.97,2.89,0.9200000000000002,0.5641025641025641,0.5705128205128205,0.0064102564102563875
6Y76_A,2,1,t075,156,0.3629807692307692,low_or_equal,not_tier2,0.20512820512820512,0.38461538461538464,0.4423076923076923,0.057692307692307654,60.0,69.0,9.0,0.9768127202987671,3.1763203144073486,2.1995075941085815,4.5017547607421875,16.42576026916504,11.924005508422852,-11.290854454040527,3.474306583404541,14.765161037445068,32.0,102.0,70.0,20.51282051282051,65.38461538461539,44.871794871794876,0.33399999999999996,0.016,-0.31799999999999995,0.81909,0.89911,0.08001999999999998,68.86599832214766,73.54787107718406,4.6818727550363946,2.18,2.16,-0.020000000000000018,0.532051282051282,0.5833333333333334,0.05128205128205132
6Y76_A,3,1,t075,156,0.3629807692307692,low_or_equal,not_tier2,0.20512820512820512,0.4935897435897436,0.3717948717948718,-0.1217948717948718,77.0,58.0,-19.0,3.781816244125366,2.3553013801574707,-1.4265148639678955,17.193111419677734,15.76235580444336,-1.430755615234375,2.771148204803467,0.4779229164123535,-2.2932252883911133,71.0,38.0,-33.0,45.51282051282051,24.358974358974358,-21.153846153846153,0.06200000000000001,0.15,0.08799999999999998,0.86614,0.83765,-0.028490000000000015,73.37944727891156,74.22812447434819,0.8486771954366361,2.79,1.88,-0.9100000000000001,0.532051282051282,0.5448717948717948,0.012820512820512775
6Y76_A,4,1,t075,156,0.3629807692307692,low_or_equal,not_tier2,0.20512820512820512,0.3974358974358974,0.2564102564102564,-0.14102564102564102,62.0,40.0,-22.0,4.678098201751709,0.8394191265106201,-3.838679075241089,18.894487380981445,7.3740153312683105,-11.520472049713135,3.1228365898132324,-8.400713920593262,-11.523550510406494,47.0,2.0,-45.0,30.128205128205128,1.282051282051282,-28.846153846153847,0.118,2.242,2.124,0.85044,0.79203,-0.05840999999999996,69.42183361629881,64.0594645941278,-5.362369022171009,2.63,2.53,-0.10000000000000009,0.5,0.5384615384615384,0.038461538461538436
6Y76_A,5,1,t075,156,0.3629807692307692,low_or_equal,not_tier2,0.20512820512820512,0.4230769230769231,0.3141025641025641,-0.10897435897435898,66.0,49.0,-17.0,0.5738049745559692,0.3270317018032074,-0.24677327275276184,4.179866790771484,1.7955379486083984,-2.384328842163086,-10.609430313110352,-13.291313171386719,-2.681882858276367,7.0,35.0,28.0,4.487179487179487,22.435897435897438,17.94871794871795,1.416,0.276,-1.14,0.88362,0.87412,-0.009499999999999953,76.48321672354949,70.57379396984925,-5.909422753700241,2.22,2.34,0.11999999999999966,0.5448717948717948,0.5641025641025641,0.019230769230769273
6Y76_A,6,1,t075,156,0.3629807692307692,low_or_equal,not_tier2,0.20512820512820512,0.391025641025641,0.4423076923076923,0.051282051282051266,61.0,69.0,8.0,2.6638317108154297,3.389434814453125,0.7256031036376953,17.2175350189209,18.158342361450195,0.9408073425292969,1.7572379112243652,2.9531149864196777,1.1958770751953125,17.0,29.0,12.0,10.897435897435898,18.58974358974359,7.692307692307693,0.20400000000000001,0.128,-0.07600000000000001,0.83729,0.80813,-0.029159999999999964,64.8408298052498,61.608988860325624,-3.2318409449241727,2.76,1.96,-0.7999999999999998,0.532051282051282,0.5833333333333334,0.05128205128205132
6Y76_A,7,1,t075,156,0.3629807692307692,low_or_equal,not_tier2,0.20512820512820512,0.2692307692307692,0.36538461538461536,0.09615384615384615,42.0,57.0,15.0,1.9592516422271729,2.6102306842803955,0.6509790420532227,13.92070198059082,11.65222454071045,-2.268477439880371,-2.064268112182617,-4.284703254699707,-2.22043514251709,17.0,42.0,25.0,10.897435897435898,26.923076923076923,16.025641025641026,0.264,0.088,-0.17600000000000002,0.85543,0.86302,0.007589999999999986,67.48596951735817,70.55176916596461,3.0657996486064434,2.52,2.53,0.009999999999999787,0.5576923076923077,0.5833333333333334,0.02564102564102566
6SNK_A,0,1,t075,188,0.3796542553191489,high,not_tier2,0.22872340425531915,0.3776595744680851,0.35638297872340424,-0.021276595744680882,71.0,67.0,-4.0,2.323725938796997,1.4662907123565674,-0.8574352264404297,14.28958511352539,8.446693420410156,-5.842891693115234,-0.16050338745117188,-6.687702655792236,-6.5271992683410645,101.0,8.0,-93.0,53.72340425531915,4.25531914893617,-49.468085106382986,0.026000000000000002,0.4959999999999999,0.46999999999999986,0.9814,0.98736,0.005959999999999965,88.35428571428571,89.35766438356164,1.0033786692759321,0.8,0.59,-0.21000000000000008,0.5425531914893617,0.5638297872340425,0.021276595744680882
6SNK_A,1,1,t075,188,0.3796542553191489,high,not_tier2,0.22872340425531915,0.3351063829787234,0.3776595744680851,0.04255319148936171,63.0,71.0,8.0,1.2874339818954468,2.3876450061798096,1.1002110242843628,7.719792366027832,10.763199806213379,3.043407440185547,-6.229643821716309,-3.9302806854248047,2.299363136291504,70.0,61.0,-9.0,37.234042553191486,32.4468085106383,-4.787234042553187,0.06000000000000001,0.14,0.08,0.9899,0.98828,-0.0016199999999999548,89.52146358543418,89.3257880055788,-0.19567557985537576,0.56,0.57,0.009999999999999898,0.5691489361702128,0.5425531914893617,-0.02659574468085113
6SNK_A,2,1,t075,188,0.3796542553191489,high,not_tier2,0.22872340425531915,0.40425531914893614,0.39893617021276595,-0.005319148936170193,76.0,75.0,-1.0,3.9112002849578857,1.936464548110962,-1.9747357368469238,17.193153381347656,17.122344970703125,-0.07080841064453125,1.22590970993042,1.850487232208252,0.624577522277832,76.0,86.0,10.0,40.42553191489361,45.744680851063826,5.319148936170215,0.014000000000000002,0.016,0.0019999999999999983,0.98858,0.97931,-0.00927,89.24632049518569,89.10289290681503,-0.14342758837065617,0.59,0.96,0.37,0.574468085106383,0.574468085106383,0.0
6SNK_A,3,1,t075,188,0.3796542553191489,high,not_tier2,0.22872340425531915,0.40425531914893614,0.3829787234042553,-0.021276595744680826,76.0,72.0,-4.0,2.680144786834717,1.7709014415740967,-0.9092433452606201,17.976224899291992,17.014854431152344,-0.9613704681396484,2.1116394996643066,3.4522175788879395,1.3405780792236328,74.0,68.0,-6.0,39.361702127659576,36.17021276595745,-3.191489361702125,0.014000000000000002,0.028000000000000004,0.014000000000000002,0.98895,0.99266,0.003709999999999991,87.58398606271777,90.38924671734624,2.8052606546284693,0.55,0.44,-0.11000000000000004,0.5478723404255319,0.5372340425531915,-0.010638297872340385
6SNK_A,4,1,t075,188,0.3796542553191489,high,not_tier2,0.22872340425531915,0.32978723404255317,0.3404255319148936,0.010638297872340441,62.0,64.0,2.0,1.422506332397461,0.46920615434646606,-0.9533001780509949,12.129640579223633,3.116668701171875,-9.012971878051758,-3.1798834800720215,-12.333341598510742,-9.15345811843872,24.0,5.0,-19.0,12.76595744680851,2.6595744680851063,-10.106382978723405,0.48599999999999993,0.8780000000000001,0.3920000000000002,0.98425,0.97727,-0.006979999999999986,89.01922491349481,89.65899305555556,0.6397681420607455,0.76,0.92,0.16000000000000003,0.5531914893617021,0.5478723404255319,-0.005319148936170248
6SNK_A,5,1,t075,188,0.3796542553191489,high,not_tier2,0.22872340425531915,0.31382978723404253,0.4521276595744681,0.13829787234042556,59.0,85.0,26.0,2.805380344390869,3.547023057937622,0.7416427135467529,18.845884323120117,18.118511199951172,-0.7273731231689453,3.15971040725708,2.2205138206481934,-0.9391965866088867,89.0,90.0,1.0,47.340425531914896,47.87234042553192,0.5319148936170208,0.022,0.012,-0.009999999999999998,0.98144,0.98022,-0.0012199999999999989,89.68948965517241,87.5394295532646,-2.150060101907812,0.93,0.91,-0.020000000000000018,0.5585106382978723,0.5691489361702128,0.010638297872340496
6SNK_A,6,1,t075,188,0.3796542553191489,high,not_tier2,0.22872340425531915,0.425531914893617,0.44148936170212766,0.015957446808510634,80.0,83.0,3.0,0.4105477035045624,2.0897300243377686,1.6791823208332062,3.215587615966797,15.549154281616211,12.333566665649414,-13.251300811767578,-0.07393026351928711,13.177370548248291,40.0,112.0,72.0,21.27659574468085,59.57446808510638,38.29787234042553,0.11000000000000001,0.022,-0.08800000000000002,0.98216,0.9859,0.0037399999999999656,87.68510474860335,87.13195054945055,-0.5531541991528002,0.88,0.77,-0.10999999999999999,0.5372340425531915,0.5425531914893617,0.005319148936170137
6SNK_A,7,1,t075,188,0.3796542553191489,high,not_tier2,0.22872340425531915,0.44680851063829785,0.4095744680851064,-0.03723404255319146,84.0,77.0,-7.0,3.31148099899292,1.9497435092926025,-1.3617374897003174,17.271038055419922,16.83130645751953,-0.4397315979003906,2.1992602348327637,-0.9278264045715332,-3.127086639404297,83.0,30.0,-53.0,44.148936170212764,15.957446808510639,-28.191489361702125,0.014000000000000002,0.41400000000000003,0.4,0.96921,0.98403,0.014819999999999944,89.04598452883263,88.42256624825663,-0.6234182805760042,1.34,0.74,-0.6000000000000001,0.5638297872340425,0.5638297872340425,0.0
1U6T_A,0,1,t075,121,0.2830578512396694,low_or_equal,not_tier2,0.2644628099173554,0.3140495867768595,0.24793388429752067,-0.06611570247933884,38.0,30.0,-8.0,2.5733413696289062,0.37848010659217834,-2.194861263036728,15.581021308898926,2.2483272552490234,-13.332694053649902,-0.23884344100952148,-13.047452926635742,-12.80860948562622,15.0,0.0,-15.0,12.396694214876034,0.0,-12.396694214876034,0.358,3.6700000000000004,3.3120000000000003,0.90191,0.94736,0.04544999999999999,86.72939795918367,87.55882892057026,0.829430961386592,1.78,1.12,-0.6599999999999999,0.5454545454545454,0.48760330578512395,-0.05785123966942146
1U6T_A,1,1,t075,121,0.2830578512396694,low_or_equal,not_tier2,0.2644628099173554,0.2644628099173554,0.2066115702479339,-0.05785123966942149,32.0,25.0,-7.0,0.1438130885362625,1.2855592966079712,1.1417462080717087,1.7105627059936523,8.830778121948242,7.12021541595459,-13.834068298339844,-6.9157915115356445,6.918276786804199,1.0,8.0,7.0,0.8264462809917356,6.6115702479338845,5.785123966942149,2.88,0.784,-2.096,0.93481,0.96335,0.02854000000000001,83.35232323232323,86.6529255861366,3.3006023538133746,1.17,0.95,-0.21999999999999997,0.5041322314049587,0.5041322314049587,0.0
1U6T_A,2,1,t075,121,0.2830578512396694,low_or_equal,not_tier2,0.2644628099173554,0.03305785123966942,0.2396694214876033,0.2066115702479339,4.0,29.0,25.0,0.09040161222219467,0.36690157651901245,0.2764999642968178,1.3306941986083984,2.494962692260742,1.1642684936523438,-14.143058776855469,-12.919303894042969,1.2237548828125,0.0,1.0,1.0,0.0,0.8264462809917356,0.8264462809917356,5.255999999999999,2.9320000000000004,-2.323999999999999,0.93933,0.95451,0.015179999999999971,85.21479879275654,84.45833333333333,-0.756465459423211,1.18,0.96,-0.21999999999999997,0.5206611570247934,0.6033057851239669,0.0826446280991735
1U6T_A,3,1,t075,121,0.2830578512396694,low_or_equal,not_tier2,0.2644628099173554,0.3884297520661157,0.39669421487603307,0.008264462809917383,47.0,48.0,1.0,1.01378333568573,1.473367691040039,0.4595843553543091,6.793999671936035,5.849555969238281,-0.9444437026977539,-11.53618049621582,-9.374345779418945,2.161834716796875,1.0,9.0,8.0,0.8264462809917356,7.43801652892562,6.6115702479338845,2.0780000000000003,0.8180000000000002,-1.2600000000000002,0.96198,0.94494,-0.017039999999999944,86.43145030425964,84.40868473895583,-2.022765565303814,0.97,1.12,0.15000000000000013,0.512396694214876,0.5206611570247934,0.008264462809917439
1U6T_A,4,1,t075,121,0.2830578512396694,low_or_equal,not_tier2,0.2644628099173554,0.45454545454545453,0.15702479338842976,-0.2975206611570248,55.0,19.0,-36.0,0.883010745048523,0.11826745420694351,-0.7647432908415794,6.2461442947387695,0.7258367538452148,-5.520307540893555,-11.355688095092773,-13.811866760253906,-2.456178665161133,3.0,2.0,-1.0,2.479338842975207,1.6528925619834711,-0.8264462809917357,1.6580000000000001,1.916,0.2579999999999998,0.94181,0.94754,0.005730000000000013,86.31825952626158,87.2881308411215,0.9698713148599154,1.19,1.1,-0.08999999999999986,0.5206611570247934,0.5289256198347108,0.008264462809917328
1U6T_A,5,1,t075,121,0.2830578512396694,low_or_equal,not_tier2,0.2644628099173554,0.30578512396694213,0.21487603305785125,-0.09090909090909088,37.0,26.0,-11.0,0.6795598268508911,0.6528593897819519,-0.02670043706893921,3.151674270629883,4.3927812576293945,1.2411069869995117,-12.003334045410156,-11.183332443237305,0.8200016021728516,0.0,1.0,1.0,0.0,0.8264462809917356,0.8264462809917356,2.946,2.784,-0.16200000000000037,0.93946,0.82451,-0.11495,87.4419452887538,84.77166839378239,-2.6702768949714084,1.2,1.93,0.73,0.512396694214876,0.5785123966942148,0.06611570247933884
1U6T_A,6,1,t075,121,0.2830578512396694,low_or_equal,not_tier2,0.2644628099173554,0.32231404958677684,0.32231404958677684,0.0,39.0,39.0,0.0,2.0136606693267822,2.0048999786376953,-0.008760690689086914,8.471891403198242,15.280607223510742,6.8087158203125,-7.036195278167725,-2.5963544845581055,4.439840793609619,1.0,32.0,31.0,0.8264462809917356,26.446280991735538,25.619834710743802,2.488,0.372,-2.116,0.91845,0.92817,0.009720000000000062,85.32152331606218,83.99446280991735,-1.3270605061448322,1.7,1.64,-0.06000000000000005,0.48760330578512395,0.49586776859504134,0.008264462809917383
1U6T_A,7,1,t075,121,0.2830578512396694,low_or_equal,not_tier2,0.2644628099173554,0.18181818181818182,0.3305785123966942,0.1487603305785124,22.0,40.0,18.0,0.280391663312912,0.7778056859970093,0.4974140226840973,2.016472816467285,7.249497413635254,5.233024597167969,-13.389669418334961,-10.665358543395996,2.724310874938965,0.0,4.0,4.0,0.0,3.3057851239669422,3.3057851239669422,2.7660000000000005,1.532,-1.2340000000000004,0.83536,0.93781,0.10245000000000004,82.12577079107504,87.99006122448979,5.864290433414752,1.89,1.2,-0.69,0.5454545454545454,0.5289256198347108,-0.016528925619834656
1ZR3_A,0,1,t075,186,0.4133064516129032,high,not_tier2,0.3817204301075269,0.4032258064516129,0.4731182795698925,0.06989247311827962,75.0,88.0,13.0,1.5291752815246582,1.9165987968444824,0.3874235153198242,13.423593521118164,13.933189392089844,0.5095958709716797,-1.8329582214355469,-0.16510725021362305,1.6678509712219238,25.0,31.0,6.0,13.440860215053762,16.666666666666664,3.225806451612902,0.22999999999999998,0.176,-0.05399999999999999,0.97943,0.98412,0.004689999999999972,88.63275664034458,87.47703923019985,-1.1557174101447316,0.77,0.66,-0.10999999999999999,0.532258064516129,0.5806451612903226,0.048387096774193616
1ZR3_A,1,1,t075,186,0.4133064516129032,high,not_tier2,0.3817204301075269,0.3763440860215054,0.44623655913978494,0.06989247311827956,70.0,83.0,13.0,1.1499122381210327,2.3607587814331055,1.2108465433120728,8.172772407531738,17.805587768554688,9.63281536102295,-8.840360641479492,2.492588996887207,11.3329496383667,20.0,24.0,4.0,10.75268817204301,12.903225806451612,2.150537634408602,0.7299999999999999,0.24800000000000005,-0.4819999999999998,0.98581,0.96311,-0.022699999999999942,88.6703488372093,86.08133771929825,-2.589011117911056,0.64,1.07,0.43000000000000005,0.5053763440860215,0.532258064516129,0.026881720430107503
1ZR3_A,2,1,t075,186,0.4133064516129032,high,not_tier2,0.3817204301075269,0.3763440860215054,0.21505376344086022,-0.16129032258064516,70.0,40.0,-30.0,2.2998437881469727,0.07883238792419434,-2.2210114002227783,17.233421325683594,2.17716121673584,-15.056260108947754,1.6342334747314453,-13.318504333496094,-14.952737808227539,35.0,11.0,-24.0,18.817204301075268,5.913978494623656,-12.903225806451612,0.13999999999999999,0.754,0.614,0.98571,0.98096,-0.004749999999999921,87.10218457101658,88.2779250720461,1.175740501029523,0.64,0.73,0.08999999999999997,0.543010752688172,0.543010752688172,0.0
1ZR3_A,3,1,t075,186,0.4133064516129032,high,not_tier2,0.3817204301075269,0.46236559139784944,0.34946236559139787,-0.11290322580645157,86.0,65.0,-21.0,3.729586124420166,0.43863147497177124,-3.2909546494483948,20.55069923400879,5.831935405731201,-14.718763828277588,3.632868766784668,-9.355719566345215,-12.988588333129883,71.0,3.0,-68.0,38.17204301075269,1.6129032258064515,-36.55913978494624,0.014000000000000002,1.688,1.674,0.98,0.9851,0.005099999999999993,87.5225841874085,84.77140783744558,-2.7511763499629183,0.75,0.64,-0.10999999999999999,0.5483870967741935,0.5591397849462365,0.010752688172043001
1ZR3_A,4,1,t075,186,0.4133064516129032,high,not_tier2,0.3817204301075269,0.44086021505376344,0.3602150537634409,-0.08064516129032256,82.0,67.0,-15.0,2.4128167629241943,2.9478600025177,0.5350432395935059,14.009706497192383,12.184640884399414,-1.8250656127929688,-1.4428987503051758,-3.213542938232422,-1.770644187927246,16.0,19.0,3.0,8.60215053763441,10.21505376344086,1.6129032258064502,0.506,0.32999999999999996,-0.17600000000000005,0.98624,0.9806,-0.005639999999999978,86.19036690647482,87.07796943231442,0.887602525839597,0.63,0.73,0.09999999999999998,0.5698924731182796,0.5376344086021505,-0.032258064516129115
1ZR3_A,5,1,t075,186,0.4133064516129032,high,not_tier2,0.3817204301075269,0.3225806451612903,0.43548387096774194,0.11290322580645162,60.0,81.0,21.0,0.8173878192901611,3.982531785964966,3.1651439666748047,5.564157485961914,17.207462310791016,11.643304824829102,-10.552192687988281,1.0715560913085938,11.623748779296875,0.0,40.0,40.0,0.0,21.50537634408602,21.50537634408602,2.934,0.048,-2.886,0.97748,0.98529,0.007809999999999984,87.15591966173362,84.6169599427754,-2.5389597189582247,0.86,0.63,-0.22999999999999998,0.532258064516129,0.5376344086021505,0.005376344086021501
1ZR3_A,6,1,t075,186,0.4133064516129032,high,not_tier2,0.3817204301075269,0.45698924731182794,0.46236559139784944,0.005376344086021501,85.0,86.0,1.0,1.00254487991333,3.7342889308929443,2.7317440509796143,7.309564113616943,16.94286346435547,9.633299350738525,-8.286828994750977,1.1043434143066406,9.391172409057617,10.0,16.0,6.0,5.376344086021505,8.60215053763441,3.225806451612905,0.8320000000000001,0.368,-0.4640000000000001,0.97576,0.98163,0.005870000000000042,84.25855291576674,87.70848375451264,3.4499308387458996,0.83,0.72,-0.10999999999999999,0.5376344086021505,0.5268817204301075,-0.010752688172043001
1ZR3_A,7,1,t075,186,0.4133064516129032,high,not_tier2,0.3817204301075269,0.46774193548387094,0.42473118279569894,-0.043010752688172005,87.0,79.0,-8.0,3.198432207107544,2.9718220233917236,-0.2266101837158203,22.643661499023438,16.142908096313477,-6.500753402709961,3.9124488830566406,-1.44384765625,-5.356296539306641,40.0,42.0,2.0,21.50537634408602,22.58064516129032,1.0752688172043001,0.018,0.26799999999999996,0.24999999999999997,0.98721,0.98153,-0.005680000000000018,87.90380918220947,87.24219724438,-0.6616119378294769,0.59,0.75,0.16000000000000003,0.5268817204301075,0.5376344086021505,0.010752688172043001
2VXP_A,0,1,t075,131,0.41984732824427484,high,not_tier2,0.10687022900763359,0.48091603053435117,0.48091603053435117,0.0,63.0,63.0,0.0,0.851570725440979,2.0950636863708496,1.2434929609298706,3.967050552368164,9.065519332885742,5.098468780517578,-12.605825424194336,-5.259189128875732,7.3466362953186035,28.0,60.0,32.0,21.374045801526716,45.80152671755725,24.427480916030536,0.514,0.15,-0.364,0.90333,0.92699,0.023660000000000014,87.40036726128017,86.17963579604579,-1.2207314652343797,1.46,1.2,-0.26,0.5038167938931297,0.5572519083969466,0.05343511450381688
2VXP_A,1,1,t075,131,0.41984732824427484,high,not_tier2,0.10687022900763359,0.29770992366412213,0.4122137404580153,0.11450381679389315,39.0,54.0,15.0,0.9305995106697083,0.02594522014260292,-0.9046542905271053,5.835567474365234,3.6665077209472656,-2.1690597534179688,-10.217582702636719,-10.518559455871582,-0.3009767532348633,13.0,32.0,19.0,9.923664122137405,24.427480916030532,14.503816793893128,0.9720000000000001,0.538,-0.43400000000000005,0.94145,0.94529,0.0038399999999999546,84.22702463054186,87.45063072227875,3.223606091736883,1.14,1.1,-0.039999999999999813,0.5190839694656488,0.549618320610687,0.03053435114503822
2VXP_A,2,1,t075,131,0.41984732824427484,high,not_tier2,0.10687022900763359,0.40458015267175573,0.16030534351145037,-0.24427480916030536,53.0,21.0,-32.0,1.6399614810943604,0.44359758496284485,-1.1963638961315155,8.895668029785156,5.9784440994262695,-2.9172239303588867,-9.038503646850586,-12.584611892700195,-3.5461082458496094,17.0,11.0,-6.0,12.977099236641221,8.396946564885496,-4.580152671755725,1.238,1.002,-0.236,0.93146,0.91063,-0.020829999999999904,90.82510101010102,89.37678571428572,-1.4483152958153056,1.3,1.49,0.18999999999999995,0.5038167938931297,0.5267175572519084,0.022900763358778664
2VXP_A,3,1,t075,131,0.41984732824427484,high,not_tier2,0.10687022900763359,0.4351145038167939,0.4198473282442748,-0.01526717557251911,57.0,55.0,-2.0,2.443242311477661,1.96927809715271,-0.47396421432495117,8.9112548828125,13.463573455810547,4.552318572998047,-6.934955596923828,1.3416337966918945,8.276589393615723,19.0,77.0,58.0,14.50381679389313,58.778625954198475,44.274809160305345,0.8039999999999999,0.156,-0.6479999999999999,0.92986,0.94266,0.012800000000000034,86.0388877755511,88.18962090163936,2.150733126088255,1.19,1.18,-0.010000000000000009,0.5267175572519084,0.5190839694656488,-0.007633587786259555
2VXP_A,4,1,t075,131,0.41984732824427484,high,not_tier2,0.10687022900763359,0.4122137404580153,0.44274809160305345,0.030534351145038163,54.0,58.0,4.0,2.766968250274658,1.9839482307434082,-0.78302001953125,9.96839714050293,11.497048377990723,1.528651237487793,-5.940051078796387,-6.6518073081970215,-0.7117562294006348,25.0,41.0,16.0,19.083969465648856,31.297709923664126,12.21374045801527,0.278,0.51,0.23199999999999998,0.92006,0.94194,0.02188000000000001,89.37563894523328,89.34338414634146,-0.03225479889181315,1.41,1.19,-0.21999999999999997,0.5038167938931297,0.4961832061068702,-0.007633587786259499
2VXP_A,5,1,t075,131,0.41984732824427484,high,not_tier2,0.10687022900763359,0.4198473282442748,0.4961832061068702,0.07633587786259544,55.0,65.0,10.0,3.226353645324707,1.0958982706069946,-2.1304553747177124,10.12258529663086,4.399784088134766,-5.722801208496094,-5.886322975158691,-10.64622688293457,-4.759903907775879,6.0,25.0,19.0,4.580152671755725,19.083969465648856,14.503816793893131,1.494,0.6619999999999999,-0.8320000000000001,0.9345,0.93731,0.002809999999999979,89.50165818921668,89.40683838383839,-0.09481980537829315,1.29,1.26,-0.030000000000000027,0.549618320610687,0.48091603053435117,-0.06870229007633588
2VXP_A,6,1,t075,131,0.41984732824427484,high,not_tier2,0.10687022900763359,0.4351145038167939,0.4961832061068702,0.06106870229007633,57.0,65.0,8.0,1.1496970653533936,0.44763362407684326,-0.7020634412765503,7.333456039428711,4.033443450927734,-3.3000125885009766,-7.9698686599731445,-9.285300254821777,-1.3154315948486328,17.0,43.0,26.0,12.977099236641221,32.82442748091603,19.847328244274806,1.1540000000000001,0.126,-1.028,0.93428,0.94101,0.006730000000000014,91.77902892561984,91.22351602895553,-0.555512896664311,1.35,1.29,-0.06000000000000005,0.5267175572519084,0.5114503816793893,-0.01526717557251911
2VXP_A,7,1,t075,131,0.41984732824427484,high,not_tier2,0.10687022900763359,0.4732824427480916,0.3893129770992366,-0.08396946564885499,62.0,51.0,-11.0,1.79060959815979,1.5412789583206177,-0.24933063983917236,9.554019927978516,7.216431617736816,-2.337588310241699,-5.930737495422363,-8.173361778259277,-2.242624282836914,56.0,14.0,-42.0,42.74809160305343,10.687022900763358,-32.06106870229007,0.24200000000000005,1.0340000000000003,0.7920000000000003,0.90574,0.95383,0.048089999999999966,86.41872838250255,87.07497409326426,0.6562457107617092,1.47,1.0,-0.47,0.5038167938931297,0.5190839694656488,0.01526717557251911
2ERF_A,0,1,t075,209,0.37260765550239233,low_or_equal,not_tier2,0.07177033492822966,0.35406698564593303,0.47368421052631576,0.11961722488038273,74.0,99.0,25.0,1.9980586767196655,2.123667001724243,0.12560832500457764,11.569551467895508,10.447522163391113,-1.1220293045043945,-6.173905372619629,-3.7758803367614746,2.3980250358581543,11.0,64.0,53.0,5.263157894736842,30.62200956937799,25.358851674641148,1.116,0.41600000000000004,-0.7000000000000001,0.96921,0.96155,-0.00766,86.56682360326428,83.81419211195929,-2.752631491304996,1.4,1.51,0.1100000000000001,0.5550239234449761,0.5119617224880383,-0.0430622009569378
2ERF_A,1,1,t075,209,0.37260765550239233,low_or_equal,not_tier2,0.07177033492822966,0.2727272727272727,0.3684210526315789,0.09569377990430622,57.0,77.0,20.0,2.1289851665496826,1.1204584836959839,-1.0085266828536987,14.654178619384766,6.811417579650879,-7.842761039733887,-1.9409666061401367,-9.069967269897461,-7.129000663757324,102.0,41.0,-61.0,48.803827751196174,19.617224880382775,-29.1866028708134,0.06999999999999999,0.22199999999999998,0.15199999999999997,0.96504,0.95974,-0.005299999999999971,85.49571339950371,86.2245701357466,0.7288567362428893,1.37,1.5,0.1299999999999999,0.5598086124401914,0.5454545454545454,-0.014354066985646008
2ERF_A,2,1,t075,209,0.37260765550239233,low_or_equal,not_tier2,0.07177033492822966,0.37320574162679426,0.4688995215311005,0.09569377990430622,78.0,98.0,20.0,1.186022400856018,1.7412097454071045,0.5551873445510864,9.308024406433105,16.566864013671875,7.2588396072387695,-9.78134822845459,2.5432066917419434,12.324554920196533,11.0,70.0,59.0,5.263157894736842,33.49282296650718,28.229665071770334,1.134,0.042,-1.0919999999999999,0.96312,0.96869,0.005570000000000075,87.20218376337318,87.45978696741855,0.25760320404536685,1.44,1.27,-0.16999999999999993,0.5502392344497608,0.583732057416268,0.03349282296650724
2ERF_A,3,1,t075,209,0.37260765550239233,low_or_equal,not_tier2,0.07177033492822966,0.45454545454545453,0.3875598086124402,-0.06698564593301432,95.0,81.0,-14.0,3.8040430545806885,1.8721600770950317,-1.9318829774856567,17.72021484375,12.49185848236084,-5.22835636138916,3.196728229522705,-3.492671012878418,-6.689399242401123,75.0,18.0,-57.0,35.88516746411483,8.61244019138756,-27.27272727272727,0.05800000000000001,0.27599999999999997,0.21799999999999997,0.93581,0.9475,0.011689999999999978,78.41965539246969,85.05773501577288,6.6380796233031845,1.65,1.66,0.010000000000000009,0.5311004784688995,0.5406698564593302,0.009569377990430672
2ERF_A,4,1,t075,209,0.37260765550239233,low_or_equal,not_tier2,0.07177033492822966,0.3253588516746411,0.4688995215311005,0.14354066985645936,68.0,98.0,30.0,1.8951170444488525,2.7963452339172363,0.9012281894683838,17.136022567749023,17.338327407836914,0.20230484008789062,1.196230411529541,1.8008198738098145,0.6045894622802734,73.0,121.0,48.0,34.92822966507177,57.89473684210527,22.9665071770335,0.05800000000000001,0.024,-0.03400000000000001,0.96214,0.93337,-0.028769999999999962,84.94773274224193,83.12513581806697,-1.8225969241749596,1.37,1.95,0.5799999999999998,0.5263157894736842,0.5358851674641149,0.009569377990430672
2ERF_A,5,1,t075,209,0.37260765550239233,low_or_equal,not_tier2,0.07177033492822966,0.3157894736842105,0.40669856459330145,0.09090909090909094,66.0,85.0,19.0,0.6936293840408325,0.0017678019357845187,-0.691861582105048,4.205780029296875,9.997900009155273,5.792119979858398,-12.29425048828125,-0.7575259208679199,11.53672456741333,19.0,108.0,89.0,9.090909090909092,51.674641148325364,42.58373205741627,0.6180000000000001,0.06799999999999999,-0.5500000000000002,0.9377,0.96197,0.024270000000000014,80.39865139949109,85.22112373737374,4.822472337882658,1.55,1.2,-0.3500000000000001,0.5502392344497608,0.5741626794258373,0.02392344497607657
2ERF_A,6,1,t075,209,0.37260765550239233,low_or_equal,not_tier2,0.07177033492822966,0.4258373205741627,0.45454545454545453,0.02870813397129185,89.0,95.0,6.0,0.4888109266757965,2.2449798583984375,1.756168931722641,2.288522720336914,10.120206832885742,7.831684112548828,-12.635095596313477,-5.109079837799072,7.526015758514404,31.0,49.0,18.0,14.832535885167463,23.444976076555022,8.61244019138756,0.44000000000000006,0.348,-0.09200000000000008,0.95,0.96148,0.011480000000000046,83.28852511125238,84.90613504823152,1.617609936979136,1.69,1.22,-0.47,0.5358851674641149,0.5358851674641149,0.0
2ERF_A,7,1,t075,209,0.37260765550239233,low_or_equal,not_tier2,0.07177033492822966,0.45933014354066987,0.430622009569378,-0.02870813397129185,96.0,90.0,-6.0,2.190342903137207,1.3949819803237915,-0.7953609228134155,13.834368705749512,8.732605934143066,-5.101762771606445,-4.991681098937988,-9.2221040725708,-4.2304229736328125,18.0,28.0,10.0,8.61244019138756,13.397129186602871,4.784688995215312,0.382,0.476,0.09399999999999997,0.94615,0.9677,0.021549999999999958,84.93569628229365,83.33339861023373,-1.602297672059919,1.79,1.29,-0.5,0.5741626794258373,0.569377990430622,-0.004784688995215336
1EYB_A,0,1,t075,419,0.29982100238663484,low_or_equal,not_tier2,0.30071599045346065,0.3054892601431981,0.2529832935560859,-0.05250596658711221,128.0,106.0,-22.0,0.738785982131958,1.847654104232788,1.10886812210083,5.831026077270508,18.38551139831543,12.554485321044922,-11.07656192779541,1.3719682693481445,12.448530197143555,10.0,85.0,75.0,2.386634844868735,20.286396181384248,17.899761336515514,0.792,0.012,-0.78,0.83026,0.79766,-0.03259999999999996,60.494045413803406,63.55947447447447,3.0654290606710646,3.06,3.19,0.1299999999999999,0.5656324582338902,0.5274463007159904,-0.03818615751789978
1EYB_A,1,1,t075,419,0.29982100238663484,low_or_equal,not_tier2,0.30071599045346065,0.18377088305489261,0.2577565632458234,0.0739856801909308,77.0,108.0,31.0,0.5640671253204346,1.400579571723938,0.8365124464035034,9.06063461303711,19.522048950195312,10.461414337158203,-8.187442779541016,2.3025894165039062,10.490032196044922,21.0,75.0,54.0,5.011933174224343,17.899761336515514,12.887828162291171,0.7500000000000001,0.026000000000000002,-0.7240000000000001,0.84183,0.84122,-0.0006099999999999994,66.56836163240989,68.6251609990972,2.056799366687315,2.97,2.7,-0.27,0.5560859188544153,0.5274463007159904,-0.02863961813842486
1EYB_A,2,1,t075,419,0.29982100238663484,low_or_equal,not_tier2,0.30071599045346065,0.26968973747016706,0.38663484486873506,0.116945107398568,113.0,162.0,49.0,2.087306022644043,1.8578224182128906,-0.22948360443115234,18.38421630859375,12.948881149291992,-5.435335159301758,-0.0904083251953125,-3.698716163635254,-3.6083078384399414,60.0,33.0,-27.0,14.319809069212411,7.875894988066825,-6.443914081145586,0.23200000000000004,0.5839999999999999,0.3519999999999998,0.8222,0.82093,-0.0012699999999999934,61.46087139423077,63.10936322869956,1.6484918344687856,3.48,2.9,-0.5800000000000001,0.5346062052505967,0.5751789976133651,0.04057279236276845
1EYB_A,3,1,t075,419,0.29982100238663484,low_or_equal,not_tier2,0.30071599045346065,0.27923627684964203,0.31742243436754175,0.03818615751789972,117.0,133.0,16.0,0.5529933571815491,0.839566171169281,0.28657281398773193,5.500945091247559,6.455899238586426,0.9549541473388672,-11.50128173828125,-12.106106758117676,-0.6048250198364258,7.0,24.0,17.0,1.6706443914081146,5.727923627684964,4.05727923627685,1.188,0.602,-0.586,0.83742,0.86031,0.022889999999999966,63.91615568862275,65.79188859100387,1.8757329023811167,3.13,2.61,-0.52,0.568019093078759,0.5560859188544153,-0.011933174224343701
1EYB_A,4,1,t075,419,0.29982100238663484,low_or_equal,not_tier2,0.30071599045346065,0.26252983293556087,0.324582338902148,0.062052505966587124,110.0,136.0,26.0,0.600328266620636,1.9640833139419556,1.3637550473213196,4.707929611206055,19.714738845825195,15.00680923461914,-11.899377822875977,-0.12142467498779297,11.777953147888184,61.0,53.0,-8.0,14.558472553699284,12.649164677804295,-1.9093078758949886,0.11000000000000001,0.11600000000000002,0.006000000000000005,0.84395,0.81178,-0.03217000000000003,65.39900119617225,64.41279846335698,-0.986202732815272,3.02,3.4,0.3799999999999999,0.513126491646778,0.5369928400954654,0.023866348448687402
1EYB_A,5,1,t075,419,0.29982100238663484,low_or_equal,not_tier2,0.30071599045346065,0.36992840095465396,0.3818615751789976,0.011933174224343646,155.0,160.0,5.0,1.5657150745391846,2.4213292598724365,0.855614185333252,15.26778793334961,18.50763511657715,3.239847183227539,-1.8304848670959473,1.7187347412109375,3.5492196083068848,42.0,93.0,51.0,10.023866348448687,22.195704057279237,12.17183770883055,0.254,0.14200000000000002,-0.11199999999999999,0.8305,0.70364,-0.12685999999999997,62.20337514934289,54.024801540284365,-8.178573609058525,2.88,3.79,0.9100000000000001,0.5560859188544153,0.5417661097852029,-0.014319809069212375
1EYB_A,6,1,t075,419,0.29982100238663484,low_or_equal,not_tier2,0.30071599045346065,0.38902147971360385,0.3914081145584726,0.002386634844868729,163.0,164.0,1.0,1.0302006006240845,2.302278757095337,1.2720781564712524,9.508895874023438,18.32817268371582,8.819276809692383,-7.479597568511963,1.4280500411987305,8.907647609710693,35.0,77.0,42.0,8.353221957040573,18.377088305489263,10.02386634844869,0.458,0.076,-0.382,0.8134,0.83007,0.016669999999999963,65.59289095266627,63.1906223818073,-2.402268570858965,3.32,3.19,-0.1299999999999999,0.5298329355608592,0.5393794749403341,0.009546539379474916
1EYB_A,7,1,t075,419,0.29982100238663484,low_or_equal,not_tier2,0.30071599045346065,0.33890214797136037,0.2100238663484487,-0.12887828162291168,142.0,88.0,-54.0,0.915894627571106,0.36161309480667114,-0.5542815327644348,10.8891019821167,5.097034454345703,-5.792067527770996,-6.221534252166748,-12.051810264587402,-5.830276012420654,13.0,5.0,-8.0,3.1026252983293556,1.1933174224343674,-1.9093078758949882,1.374,1.4380000000000002,0.06400000000000006,0.8373,0.84795,0.010649999999999937,63.02068289786224,65.19904064554692,2.1783577476846787,3.18,2.97,-0.20999999999999996,0.5393794749403341,0.5346062052505967,-0.004773269689737458
6HGM_A,0,1,t075,330,0.42159090909090907,high,not_tier2,0.25757575757575757,0.3575757575757576,0.3878787878787879,0.030303030303030276,118.0,128.0,10.0,1.5114191770553589,0.5645063519477844,-0.9469128251075745,16.50166893005371,5.374712944030762,-11.12695598602295,-3.1383910179138184,-12.605789184570312,-9.467398166656494,50.0,54.0,4.0,15.151515151515152,16.363636363636363,1.212121212121211,0.10600000000000001,0.254,0.148,0.9889,0.98895,4.999999999999449e-05,85.44245810055865,87.90578987150415,2.4633317709455014,0.75,0.74,-0.010000000000000009,0.5181818181818182,0.5666666666666667,0.048484848484848464
6HGM_A,1,1,t075,330,0.42159090909090907,high,not_tier2,0.25757575757575757,0.38484848484848483,0.3333333333333333,-0.051515151515151514,127.0,110.0,-17.0,2.117164134979248,2.2117767333984375,0.09461259841918945,11.501386642456055,18.324975967407227,6.823589324951172,-4.5962114334106445,1.6696081161499023,6.265819549560547,73.0,48.0,-25.0,22.12121212121212,14.545454545454545,-7.575757575757576,0.08,0.21800000000000003,0.138,0.98526,0.98703,0.0017699999999999383,86.43446583616459,85.99165106701611,-0.44281476914848383,0.94,0.8,-0.1399999999999999,0.5333333333333333,0.5333333333333333,0.0
6HGM_A,2,1,t075,330,0.42159090909090907,high,not_tier2,0.25757575757575757,0.44545454545454544,0.40606060606060607,-0.03939393939393937,147.0,134.0,-13.0,2.858680009841919,1.8684062957763672,-0.9902737140655518,20.099971771240234,19.867630004882812,-0.23234176635742188,3.558094024658203,3.2529067993164062,-0.3051872253417969,38.0,74.0,36.0,11.515151515151516,22.424242424242426,10.90909090909091,0.438,0.042,-0.396,0.98308,0.97233,-0.010749999999999926,85.11421845574388,85.37758502101643,0.2633665652725483,0.6,1.0,0.4,0.5818181818181818,0.5484848484848485,-0.033333333333333326
6HGM_A,3,1,t075,330,0.42159090909090907,high,not_tier2,0.25757575757575757,0.36363636363636365,0.3606060606060606,-0.00303030303030305,120.0,119.0,-1.0,1.4460290670394897,1.852386713027954,0.40635764598846436,6.807332992553711,15.076688766479492,8.269355773925781,-10.26977252960205,-1.662898063659668,8.606874465942383,25.0,42.0,17.0,7.575757575757576,12.727272727272727,5.1515151515151505,0.596,0.43000000000000005,-0.16599999999999993,0.98893,0.98742,-0.0015100000000000113,86.05235404896422,87.260432618683,1.2080785697187792,0.75,0.8,0.050000000000000044,0.5848484848484848,0.5242424242424243,-0.06060606060606055
6HGM_A,4,1,t075,330,0.42159090909090907,high,not_tier2,0.25757575757575757,0.4727272727272727,0.4121212121212121,-0.06060606060606061,156.0,136.0,-20.0,3.009516477584839,1.9792698621749878,-1.030246615409851,16.498281478881836,19.231204986572266,2.7329235076904297,0.17197132110595703,2.8433618545532227,2.6713905334472656,103.0,80.0,-23.0,31.212121212121215,24.242424242424242,-6.969696969696972,0.018000000000000002,0.030000000000000006,0.012000000000000004,0.99056,0.97543,-0.015129999999999977,87.67198134328358,84.16528166351607,-3.5066996797675074,0.72,0.88,0.16000000000000003,0.5393939393939394,0.5242424242424243,-0.015151515151515138
6HGM_A,5,1,t075,330,0.42159090909090907,high,not_tier2,0.25757575757575757,0.41818181818181815,0.4,-0.018181818181818132,138.0,132.0,-6.0,2.3866803646087646,2.127692222595215,-0.2589881420135498,17.929719924926758,20.647769927978516,2.718050003051758,1.319382667541504,1.072758674621582,-0.24662399291992188,148.0,11.0,-137.0,44.84848484848485,3.3333333333333335,-41.515151515151516,0.036,0.5640000000000001,0.528,0.99008,0.98138,-0.00869999999999993,87.35524684270953,85.72128897338402,-1.6339578693255135,0.75,1.05,0.30000000000000004,0.5606060606060606,0.5606060606060606,0.0
6HGM_A,6,1,t075,330,0.42159090909090907,high,not_tier2,0.25757575757575757,0.4696969696969697,0.46060606060606063,-0.009090909090909094,155.0,152.0,-3.0,3.0321123600006104,2.612494945526123,-0.4196174144744873,18.758468627929688,19.920618057250977,1.162149429321289,2.770679473876953,3.330378532409668,0.5596990585327148,139.0,91.0,-48.0,42.12121212121212,27.575757575757574,-14.545454545454543,0.02,0.064,0.044,0.98814,0.98817,2.999999999997449e-05,86.78093415007656,85.81378076923076,-0.9671533808458008,0.87,0.83,-0.040000000000000036,0.5424242424242425,0.5454545454545454,0.003030303030302939
6HGM_A,7,1,t075,330,0.42159090909090907,high,not_tier2,0.25757575757575757,0.46060606060606063,0.3939393939393939,-0.06666666666666671,152.0,130.0,-22.0,1.7986983060836792,1.8050684928894043,0.006370186805725098,17.548933029174805,13.151457786560059,-4.397475242614746,1.483597755432129,-3.349146842956543,-4.832744598388672,35.0,69.0,34.0,10.606060606060606,20.909090909090907,10.303030303030301,0.194,0.10800000000000001,-0.086,0.98973,0.99108,0.0013499999999999623,87.70085922516303,85.9198158803222,-1.7810433448408247,0.81,0.67,-0.14,0.5666666666666667,0.5818181818181818,0.015151515151515138
4HQ8_E,0,2,t075,214,0.31133177570093457,low_or_equal,low_or_equal,0.24766355140186916,0.397196261682243,0.18691588785046728,-0.2102803738317757,85.0,40.0,-45.0,2.901768207550049,0.8818577527999878,-2.019910454750061,11.691105842590332,6.300021171569824,-5.391084671020508,-4.424677848815918,-10.88025951385498,-6.4555816650390625,56.0,16.0,-40.0,26.168224299065418,7.476635514018691,-18.691588785046726,0.30199999999999994,0.942,0.64,0.38698,0.41115,0.024170000000000025,28.78421398684997,31.315560859188544,2.531346872338574,4.54,5.67,1.13,0.514018691588785,0.5373831775700935,0.02336448598130847
4HQ8_E,1,2,t075,214,0.31133177570093457,low_or_equal,low_or_equal,0.24766355140186916,0.17757009345794392,0.22429906542056074,0.04672897196261683,38.0,48.0,10.0,1.378695011138916,2.3519840240478516,0.9732890129089355,14.614616394042969,19.414073944091797,4.799457550048828,-1.9110393524169922,2.9795827865600586,4.890622138977051,38.0,73.0,35.0,17.75700934579439,34.112149532710276,16.355140186915886,0.21000000000000002,0.02,-0.19000000000000003,0.33888,0.35577,0.01688999999999996,29.58243551289742,33.95504419563936,4.372608682741941,4.54,4.74,0.20000000000000018,0.48598130841121495,0.5467289719626168,0.060747663551401876
4HQ8_E,2,2,t075,214,0.31133177570093457,low_or_equal,low_or_equal,0.24766355140186916,0.3925233644859813,0.16355140186915887,-0.22897196261682243,84.0,35.0,-49.0,1.785037875175476,0.4344671368598938,-1.3505707383155823,15.896526336669922,4.941845893859863,-10.954680442810059,0.11015701293945312,-13.21624755859375,-13.326404571533203,35.0,10.0,-25.0,16.355140186915886,4.672897196261682,-11.682242990654203,0.5860000000000001,1.0879999999999999,0.5019999999999998,0.36905,0.30328,-0.06577,31.745448444173277,30.190690887432996,-1.554757556740281,4.64,5.05,0.41000000000000014,0.5233644859813084,0.5373831775700935,0.014018691588785104
4HQ8_E,3,2,t075,214,0.31133177570093457,low_or_equal,low_or_equal,0.24766355140186916,0.1308411214953271,0.3364485981308411,0.205607476635514,28.0,72.0,44.0,1.018558144569397,1.1463582515716553,0.1278001070022583,9.389244079589844,8.297558784484863,-1.0916852951049805,-7.150756359100342,-7.172616481781006,-0.021860122680664062,49.0,69.0,20.0,22.897196261682243,32.242990654205606,9.345794392523363,0.057999999999999996,0.254,0.196,0.40341,0.36917,-0.03423999999999999,35.91958583433373,37.60783096926714,1.6882451349334104,4.03,5.08,1.0499999999999998,0.48130841121495327,0.514018691588785,0.032710280373831724
4HQ8_E,4,2,t075,214,0.31133177570093457,low_or_equal,low_or_equal,0.24766355140186916,0.3317757009345794,0.4953271028037383,0.1635514018691589,71.0,106.0,35.0,0.7914257049560547,1.0800501108169556,0.2886244058609009,4.445634841918945,11.476763725280762,7.031128883361816,-11.459314346313477,-1.7122321128845215,9.747082233428955,8.0,59.0,51.0,3.7383177570093453,27.570093457943923,23.83177570093458,1.306,0.27,-1.036,0.40299,0.4241,0.021109999999999962,31.635473747736874,30.631601912731618,-1.0038718350052562,5.31,5.61,0.3000000000000007,0.5093457943925234,0.5280373831775701,0.01869158878504673
4HQ8_E,5,2,t075,214,0.31133177570093457,low_or_equal,low_or_equal,0.24766355140186916,0.3364485981308411,0.4252336448598131,0.08878504672897197,72.0,91.0,19.0,1.4498591423034668,1.0897443294525146,-0.36011481285095215,16.81656837463379,6.759666919708252,-10.056901454925537,2.5640859603881836,-8.67325496673584,-11.237340927124023,94.0,49.0,-45.0,43.925233644859816,22.897196261682243,-21.028037383177573,0.016,0.25999999999999995,0.24399999999999994,0.32023,0.40007,0.07983999999999997,27.937472858866105,30.56010265700483,2.6226297981387248,5.57,4.42,-1.1500000000000004,0.5233644859813084,0.4953271028037383,-0.02803738317757004
4HQ8_E,6,2,t075,214,0.31133177570093457,low_or_equal,low_or_equal,0.24766355140186916,0.40186915887850466,0.1822429906542056,-0.21962616822429906,86.0,39.0,-47.0,1.860184907913208,0.805160641670227,-1.055024266242981,16.168272018432617,8.634201049804688,-7.53407096862793,0.3941202163696289,-7.804534435272217,-8.198654651641846,64.0,20.0,-44.0,29.906542056074763,9.345794392523365,-20.560747663551396,0.306,0.79,0.48400000000000004,0.38424,0.35943,-0.02481,31.877670316301703,31.092008368200837,-0.7856619481008664,5.59,4.72,-0.8700000000000001,0.5093457943925234,0.4953271028037383,-0.014018691588785048
4HQ8_E,7,2,t075,214,0.31133177570093457,low_or_equal,low_or_equal,0.24766355140186916,0.32242990654205606,0.3925233644859813,0.07009345794392524,69.0,84.0,15.0,0.80328768491745,1.6823620796203613,0.8790743947029114,5.92484188079834,12.392047882080078,6.467206001281738,-10.955384254455566,-4.041689395904541,6.913694858551025,21.0,45.0,24.0,9.813084112149532,21.02803738317757,11.214953271028037,0.258,0.136,-0.122,0.4929,0.42911,-0.06379000000000001,47.36737492642731,33.04452282157676,-14.322852104850547,4.01,3.68,-0.3299999999999996,0.514018691588785,0.5186915887850467,0.004672897196261738
4C9G_A,0,2,t075,265,0.4429245283018868,high,high,0.2792452830188679,0.4867924528301887,0.39245283018867927,-0.09433962264150941,129.0,104.0,-25.0,3.0841078758239746,4.071033477783203,0.9869256019592285,14.678606033325195,15.440346717834473,0.7617406845092773,0.6795063018798828,-0.6586933135986328,-1.3381996154785156,213.0,162.0,-51.0,80.37735849056604,61.13207547169811,-19.24528301886793,0.046000000000000006,0.032,-0.014000000000000005,0.90422,0.92874,0.024519999999999986,86.87749505928853,85.88973516429623,-0.9877598949923083,2.2,1.78,-0.42000000000000015,0.6226415094339622,0.6981132075471698,0.07547169811320753
4C9G_A,1,2,t075,265,0.4429245283018868,high,high,0.2792452830188679,0.4867924528301887,0.47547169811320755,-0.01132075471698113,129.0,126.0,-3.0,4.940500736236572,3.9872305393218994,-0.9532701969146729,20.11237907409668,17.765775680541992,-2.3466033935546875,4.1787872314453125,1.595611572265625,-2.5831756591796875,189.0,118.0,-71.0,71.32075471698113,44.528301886792455,-26.792452830188672,0.02,0.032,0.012,0.89807,0.93029,0.032219999999999915,88.0425656265478,83.89405271009448,-4.148512916453313,2.37,1.77,-0.6000000000000001,0.6150943396226415,0.6188679245283019,0.0037735849056603765
4C9G_A,2,2,t075,265,0.4429245283018868,high,high,0.2792452830188679,0.4037735849056604,0.43018867924528303,0.026415094339622636,107.0,114.0,7.0,3.9601171016693115,3.5182268619537354,-0.44189023971557617,17.182350158691406,15.755973815917969,-1.4263763427734375,0.7034435272216797,0.07738208770751953,-0.6260614395141602,111.0,114.0,3.0,41.88679245283019,43.0188679245283,1.1320754716981085,0.036,0.044,0.008,0.91363,0.92821,0.014579999999999926,87.0182470703125,85.79357073170732,-1.2246763386051782,2.02,1.83,-0.18999999999999995,0.6830188679245283,0.660377358490566,-0.02264150943396226
4C9G_A,3,2,t075,265,0.4429245283018868,high,high,0.2792452830188679,0.41509433962264153,0.39245283018867927,-0.02264150943396226,110.0,104.0,-6.0,3.208899974822998,1.5531253814697266,-1.6557745933532715,15.26633358001709,13.034078598022461,-2.232254981994629,-0.8563365936279297,1.3504867553710938,2.2068233489990234,127.0,183.0,56.0,47.924528301886795,69.0566037735849,21.1320754716981,0.048,0.04,-0.008,0.91855,0.89395,-0.024599999999999955,87.4375651746188,87.22284011916584,-0.21472505545295917,1.98,2.26,0.2799999999999998,0.6528301886792452,0.6339622641509434,-0.018867924528301883
4C9G_A,4,2,t075,265,0.4429245283018868,high,high,0.2792452830188679,0.4377358490566038,0.43018867924528303,-0.007547169811320753,116.0,114.0,-2.0,3.1259865760803223,3.2674012184143066,0.14141464233398438,16.065603256225586,18.02392578125,1.958322525024414,-0.2229299545288086,3.0537281036376953,3.276658058166504,117.0,161.0,44.0,44.15094339622642,60.75471698113207,16.603773584905653,0.16999999999999998,0.036,-0.13399999999999998,0.86044,0.93097,0.07052999999999998,85.80269920318726,86.56612081877185,0.7634216155845905,2.66,1.73,-0.9300000000000002,0.6641509433962264,0.6264150943396226,-0.037735849056603765
4C9G_A,5,2,t075,265,0.4429245283018868,high,high,0.2792452830188679,0.4037735849056604,0.47924528301886793,0.07547169811320753,107.0,127.0,20.0,2.7090210914611816,2.6673099994659424,-0.04171109199523926,13.378124237060547,16.68040657043457,3.3022823333740234,-2.8628711700439453,0.5485811233520508,3.411452293395996,135.0,82.0,-53.0,50.943396226415096,30.943396226415093,-20.000000000000004,0.05600000000000001,0.10600000000000001,0.05,0.94556,0.91905,-0.026509999999999923,78.44008933002482,89.72798327594687,11.28789394592205,1.54,1.95,0.4099999999999999,0.6641509433962264,0.6377358490566037,-0.026415094339622636
4C9G_A,6,2,t075,265,0.4429245283018868,high,high,0.2792452830188679,0.47924528301886793,0.37358490566037733,-0.1056603773584906,127.0,99.0,-28.0,2.0245015621185303,1.7100764513015747,-0.31442511081695557,14.075769424438477,11.693702697753906,-2.3820667266845703,2.053816795349121,-4.643847465515137,-6.697664260864258,273.0,73.0,-200.0,103.01886792452831,27.547169811320753,-75.47169811320755,0.032,0.278,0.24600000000000002,0.75383,0.93149,0.17766000000000004,85.84187899655682,85.30067746686304,-0.5412015296937795,3.81,1.81,-2.0,0.6,0.6490566037735849,0.049056603773584895
4C9G_A,7,2,t075,265,0.4429245283018868,high,high,0.2792452830188679,0.43018867924528303,0.47924528301886793,0.049056603773584895,114.0,127.0,13.0,2.78631329536438,3.038454532623291,0.25214123725891113,15.295049667358398,14.788375854492188,-0.5066738128662109,-0.9761795997619629,-1.0321364402770996,-0.05595684051513672,42.0,84.0,42.0,15.849056603773585,31.69811320754717,15.849056603773585,0.198,0.182,-0.016000000000000014,0.898,0.91804,0.020039999999999947,80.80443443443444,87.1525147928994,6.348080358464955,2.25,1.97,-0.28,0.569811320754717,0.6339622641509434,0.0641509433962264
5X0O_B,0,2,t075,192,0.3815104166666667,high,high,0.25,0.4427083333333333,0.3645833333333333,-0.078125,85.0,70.0,-15.0,1.14640474319458,0.9944331049919128,-0.15197163820266724,7.47307014465332,6.451624870300293,-1.0214452743530273,-8.35216999053955,-9.788886070251465,-1.436716079711914,39.0,3.0,-36.0,20.3125,1.5625,-18.75,0.252,1.986,1.734,0.83527,0.88624,0.05097000000000007,78.54175115207373,75.82986256544503,-2.711888586628703,2.49,1.79,-0.7000000000000002,0.484375,0.453125,-0.03125
5X0O_B,1,2,t075,192,0.3815104166666667,high,high,0.25,0.4479166666666667,0.3125,-0.13541666666666669,86.0,60.0,-26.0,1.4026011228561401,0.3492511212825775,-1.0533500015735626,5.833203315734863,2.68072509765625,-3.1524782180786133,-10.379289627075195,-12.871212005615234,-2.491922378540039,18.0,5.0,-13.0,9.375,2.604166666666667,-6.770833333333333,0.566,1.28,0.7140000000000001,0.87087,0.85241,-0.018460000000000032,76.10459370904326,81.29057382333977,5.1859801142965125,2.18,2.44,0.2599999999999998,0.4635416666666667,0.453125,-0.010416666666666685
5X0O_B,2,2,t075,192,0.3815104166666667,high,high,0.25,0.3697916666666667,0.4322916666666667,0.0625,71.0,83.0,12.0,0.9729164242744446,1.5839697122573853,0.6110532879829407,4.84084415435791,14.921388626098633,10.080544471740723,-11.387407302856445,-1.6410646438598633,9.746342658996582,9.0,12.0,3.0,4.6875,6.25,1.5625,0.8379999999999999,0.9219999999999999,0.08400000000000007,0.9385,0.884,-0.05449999999999999,81.27188396349413,82.84234234234235,1.5704583788482154,1.38,2.02,0.6400000000000001,0.4322916666666667,0.4427083333333333,0.01041666666666663
5X0O_B,3,2,t075,192,0.3815104166666667,high,high,0.25,0.15625,0.2864583333333333,0.13020833333333331,30.0,55.0,25.0,0.3065037727355957,2.1391351222991943,1.8326313495635986,3.83563232421875,18.11835479736328,14.282722473144531,-12.286991119384766,1.8275485038757324,14.114539623260498,39.0,42.0,3.0,20.3125,21.875,1.5625,0.29799999999999993,0.12,-0.17799999999999994,0.88702,0.8776,-0.009419999999999984,78.7039817232376,75.77714285714286,-2.926838866094741,2.0,2.06,0.06000000000000005,0.4947916666666667,0.4791666666666667,-0.015625
5X0O_B,4,2,t075,192,0.3815104166666667,high,high,0.25,0.359375,0.2552083333333333,-0.10416666666666669,69.0,49.0,-20.0,0.9644742012023926,0.3314225971698761,-0.6330516040325165,5.793434143066406,2.707944869995117,-3.085489273071289,-10.324137687683105,-12.979103088378906,-2.654965400695801,5.0,5.0,0.0,2.604166666666667,2.604166666666667,0.0,1.3820000000000001,1.468,0.08599999999999985,0.8658,0.88373,0.01793,76.63032916392363,82.31592520954223,5.685596045618595,2.15,2.05,-0.10000000000000009,0.46875,0.5,0.03125
5X0O_B,5,2,t075,192,0.3815104166666667,high,high,0.25,0.484375,0.3385416666666667,-0.14583333333333331,93.0,65.0,-28.0,2.488563299179077,1.9887431859970093,-0.49982011318206787,11.234777450561523,9.806857109069824,-1.4279203414916992,-4.877712726593018,-6.506625652313232,-1.6289129257202148,42.0,10.0,-32.0,21.875,5.208333333333334,-16.666666666666664,0.21799999999999997,0.764,0.546,0.89977,0.87005,-0.02971999999999997,79.04844018506279,80.48625081645983,1.437810631397042,1.86,2.18,0.32000000000000006,0.4635416666666667,0.4791666666666667,0.015625
5X0O_B,6,2,t075,192,0.3815104166666667,high,high,0.25,0.3541666666666667,0.4375,0.08333333333333331,68.0,84.0,16.0,0.9744963049888611,2.7437937259674072,1.7692974209785461,6.1715545654296875,13.819032669067383,7.647478103637695,-9.644515991210938,-2.521820068359375,7.1226959228515625,5.0,25.0,20.0,2.604166666666667,13.020833333333334,10.416666666666668,1.328,0.46799999999999997,-0.8600000000000001,0.88764,0.84984,-0.037799999999999945,81.44013806706114,74.77874751491053,-6.661390552150607,1.97,2.39,0.42000000000000015,0.4427083333333333,0.4375,-0.005208333333333315
5X0O_B,7,2,t075,192,0.3815104166666667,high,high,0.25,0.4375,0.3541666666666667,-0.08333333333333331,84.0,68.0,-16.0,-0.3850882053375244,2.0038514137268066,2.388939619064331,2.73968505859375,9.65041446685791,6.91072940826416,-10.74972152709961,-5.97835636138916,4.771365165710449,22.0,8.0,-14.0,11.458333333333332,4.166666666666666,-7.291666666666666,0.476,1.1039999999999999,0.6279999999999999,0.9305,0.92963,-0.0008700000000000374,79.18403681788297,80.45673001310617,1.272693195223198,1.56,1.56,0.0,0.4895833333333333,0.5052083333333334,0.015625000000000056
1PXZ_B,0,2,t075,346,0.4136560693641618,high,high,0.12716763005780346,0.41329479768786126,0.4190751445086705,0.005780346820809246,143.0,145.0,2.0,2.169145345687866,1.0695327520370483,-1.0996125936508179,19.627422332763672,7.651834011077881,-11.975588321685791,3.130375862121582,-10.020784378051758,-13.15116024017334,83.0,46.0,-37.0,23.98843930635838,13.294797687861271,-10.693641618497109,0.1,0.45,0.35,0.89747,0.88755,-0.00992000000000004,78.78766590389016,74.70965634441087,-4.078009559479284,2.2,2.45,0.25,0.6213872832369942,0.6271676300578035,0.005780346820809301
1PXZ_B,1,2,t075,346,0.4136560693641618,high,high,0.12716763005780346,0.4479768786127168,0.4682080924855491,0.020231213872832332,155.0,162.0,7.0,2.2645950317382812,2.209059238433838,-0.05553579330444336,18.43634796142578,18.28775405883789,-0.14859390258789062,-0.7428221702575684,1.6912765502929688,2.434098720550537,36.0,75.0,39.0,10.404624277456648,21.67630057803468,11.271676300578033,0.312,0.05600000000000001,-0.256,0.90571,0.89532,-0.01039000000000001,78.06344021124104,76.92644427596665,-1.136995935274399,2.52,2.31,-0.20999999999999996,0.5982658959537572,0.6127167630057804,0.014450867052023142
1PXZ_B,2,2,t075,346,0.4136560693641618,high,high,0.12716763005780346,0.4913294797687861,0.42196531791907516,-0.06936416184971095,170.0,146.0,-24.0,2.418811559677124,2.8016505241394043,0.3828389644622803,18.951757431030273,19.826202392578125,0.8744449615478516,-0.2717247009277344,3.523617744445801,3.795342445373535,71.0,176.0,105.0,20.520231213872833,50.86705202312138,30.34682080924855,0.24000000000000005,0.008,-0.23200000000000004,0.89014,0.87893,-0.011210000000000053,80.31536987351475,75.24890147225368,-5.066468401261076,2.52,2.59,0.06999999999999984,0.6242774566473989,0.6127167630057804,-0.011560693641618491
1PXZ_B,3,2,t075,346,0.4136560693641618,high,high,0.12716763005780346,0.40173410404624277,0.37283236994219654,-0.02890173410404623,139.0,129.0,-10.0,1.04567289352417,2.628720283508301,1.5830473899841309,13.384593963623047,20.418277740478516,7.033683776855469,-1.2434115409851074,3.748518943786621,4.9919304847717285,41.0,102.0,61.0,11.849710982658959,29.47976878612717,17.630057803468212,0.366,0.016,-0.35,0.88407,0.88823,0.0041599999999999415,77.1133586050038,74.3197049924357,-2.793653612568093,2.4,2.06,-0.33999999999999986,0.6040462427745664,0.5953757225433526,-0.00867052023121384
1PXZ_B,4,2,t075,346,0.4136560693641618,high,high,0.12716763005780346,0.41329479768786126,0.3988439306358382,-0.014450867052023086,143.0,138.0,-5.0,1.4938225746154785,1.8106740713119507,0.31685149669647217,10.91366195678711,17.621379852294922,6.7077178955078125,-7.7307515144348145,1.7534160614013672,9.484167575836182,74.0,64.0,-10.0,21.38728323699422,18.497109826589593,-2.8901734104046284,0.182,0.186,0.0040000000000000036,0.90114,0.89768,-0.0034600000000000186,78.55404086265607,78.83349718574108,0.27945632308501445,2.14,2.3,0.1599999999999997,0.6242774566473989,0.6127167630057804,-0.011560693641618491
1PXZ_B,5,2,t075,346,0.4136560693641618,high,high,0.12716763005780346,0.47109826589595377,0.476878612716763,0.005780346820809246,163.0,165.0,2.0,2.348421096801758,3.7418596744537354,1.3934385776519775,15.176006317138672,17.98336410522461,2.8073577880859375,-0.6343207359313965,1.1401700973510742,1.7744908332824707,109.0,71.0,-38.0,31.502890173410403,20.520231213872833,-10.98265895953757,0.146,0.17800000000000002,0.03200000000000003,0.94385,0.89042,-0.05342999999999998,76.66113670694864,77.8339138576779,1.1727771507292601,2.1,2.26,0.1599999999999997,0.6127167630057804,0.6098265895953757,-0.0028901734104046506
1PXZ_B,6,2,t075,346,0.4136560693641618,high,high,0.12716763005780346,0.3439306358381503,0.48554913294797686,0.14161849710982655,119.0,168.0,49.0,1.3272191286087036,2.1324737071990967,0.8052545785903931,14.717025756835938,19.401046752929688,4.68402099609375,-4.840537071228027,1.0922355651855469,5.932772636413574,90.0,84.0,-6.0,26.011560693641616,24.277456647398843,-1.7341040462427735,0.28200000000000003,0.198,-0.08400000000000002,0.9277,0.90642,-0.021279999999999966,78.29103762827822,76.02375481881265,-2.26728280946557,2.37,2.17,-0.20000000000000018,0.6098265895953757,0.5982658959537572,-0.011560693641618491
1PXZ_B,7,2,t075,346,0.4136560693641618,high,high,0.12716763005780346,0.3265895953757225,0.4421965317919075,0.11560693641618497,113.0,153.0,40.0,1.4246102571487427,1.6529964208602905,0.22838616371154785,14.916711807250977,15.433313369750977,0.5166015625,-2.0213656425476074,-3.9225454330444336,-1.9011797904968262,65.0,90.0,25.0,18.786127167630056,26.011560693641616,7.22543352601156,0.33799999999999997,0.16599999999999998,-0.172,0.90301,0.89689,-0.006120000000000014,78.87005355776589,79.06122402720061,0.1911704694347236,2.47,2.4,-0.07000000000000028,0.615606936416185,0.6242774566473989,0.00867052023121384
4AC2_A,0,2,t075,115,0.3282608695652174,low_or_equal,low_or_equal,0.25217391304347825,0.45217391304347826,0.1826086956521739,-0.26956521739130435,52.0,21.0,-31.0,1.6611523628234863,0.703790009021759,-0.9573623538017273,9.833423614501953,5.5071306228637695,-4.326292991638184,-8.612313270568848,-10.664885520935059,-2.052572250366211,6.0,27.0,21.0,5.217391304347826,23.47826086956522,18.26086956521739,1.2040000000000002,0.246,-0.9580000000000002,0.95801,0.96036,0.0023499999999999632,86.37747767857142,86.84885428253615,0.47137660396472825,1.02,0.99,-0.030000000000000027,0.43478260869565216,0.4782608695652174,0.043478260869565244
4AC2_A,1,2,t075,115,0.3282608695652174,low_or_equal,low_or_equal,0.25217391304347825,0.2608695652173913,0.34782608695652173,0.08695652173913043,30.0,40.0,10.0,1.4911690950393677,2.406200408935547,0.9150313138961792,9.74881649017334,18.709617614746094,8.960801124572754,-6.783151149749756,0.1327977180480957,6.915948867797852,33.0,34.0,1.0,28.695652173913043,29.565217391304348,0.8695652173913047,0.282,0.39,0.10800000000000004,0.96509,0.9575,-0.007589999999999986,84.76895691609977,85.14391982182629,0.3749629057265196,1.05,1.01,-0.040000000000000036,0.43478260869565216,0.4434782608695652,0.008695652173913049
4AC2_A,2,2,t075,115,0.3282608695652174,low_or_equal,low_or_equal,0.25217391304347825,0.043478260869565216,0.4956521739130435,0.4521739130434783,5.0,57.0,52.0,0.05865422263741493,1.6315706968307495,1.5729164741933346,0.9946212768554688,10.634759902954102,9.640138626098633,-14.099370002746582,-0.27191781997680664,13.827452182769775,4.0,41.0,37.0,3.4782608695652173,35.65217391304348,32.17391304347826,1.6440000000000001,0.13599999999999998,-1.5080000000000002,0.96265,0.93367,-0.028980000000000006,85.96286975717439,84.21523026315789,-1.7476394940164965,1.02,1.35,0.33000000000000007,0.5478260869565217,0.4608695652173913,-0.08695652173913038
4AC2_A,3,2,t075,115,0.3282608695652174,low_or_equal,low_or_equal,0.25217391304347825,0.43478260869565216,0.41739130434782606,-0.017391304347826098,50.0,48.0,-2.0,2.062450647354126,0.8402578234672546,-1.2221928238868713,14.51219367980957,6.118781089782715,-8.393412590026855,-4.087244987487793,-9.067991256713867,-4.980746269226074,22.0,28.0,6.0,19.130434782608695,24.347826086956523,5.217391304347828,0.42000000000000004,0.19,-0.23000000000000004,0.95297,0.95749,0.0045199999999999685,83.38878656554714,85.07360745614035,1.6848208905932154,1.16,0.98,-0.17999999999999994,0.4260869565217391,0.46956521739130436,0.043478260869565244
4AC2_A,4,2,t075,115,0.3282608695652174,low_or_equal,low_or_equal,0.25217391304347825,0.4,0.391304347826087,-0.008695652173913049,46.0,45.0,-1.0,0.9125478863716125,0.44759601354599,-0.46495187282562256,5.190863609313965,11.66556167602539,6.474698066711426,-11.989492416381836,0.48351335525512695,12.473005771636963,21.0,34.0,13.0,18.26086956521739,29.565217391304348,11.304347826086957,0.726,0.26799999999999996,-0.458,0.95185,0.9739,0.022050000000000014,83.77944196428572,83.2295054945055,-0.5499364697802207,1.08,0.77,-0.31000000000000005,0.4608695652173913,0.4434782608695652,-0.017391304347826098
4AC2_A,5,2,t075,115,0.3282608695652174,low_or_equal,low_or_equal,0.25217391304347825,0.40869565217391307,0.06086956521739131,-0.3478260869565218,47.0,7.0,-40.0,2.547755718231201,0.05080351606011391,-2.4969522021710873,10.213823318481445,1.3962697982788086,-8.817553520202637,-3.7374160289764404,-13.904017448425293,-10.166601419448853,48.0,12.0,-36.0,41.73913043478261,10.434782608695652,-31.304347826086957,0.11000000000000001,0.674,0.5640000000000001,0.95439,0.96901,0.014620000000000077,78.58801948051948,82.99895810955961,4.410938629040132,0.71,0.79,0.08000000000000007,0.45217391304347826,0.41739130434782606,-0.034782608695652195
4AC2_A,6,2,t075,115,0.3282608695652174,low_or_equal,low_or_equal,0.25217391304347825,0.20869565217391303,0.4956521739130435,0.28695652173913044,24.0,57.0,33.0,0.07552704960107803,3.259573459625244,3.184046410024166,0.9265365600585938,13.89957332611084,12.973036766052246,-13.542794227600098,-0.6718688011169434,12.870925426483154,24.0,63.0,39.0,20.869565217391305,54.78260869565217,33.91304347826087,0.47000000000000003,0.076,-0.394,0.9581,0.97501,0.01691000000000009,86.25186252771618,85.5523118865867,-0.6995506411294912,1.19,0.66,-0.5299999999999999,0.4434782608695652,0.4260869565217391,-0.017391304347826098
4AC2_A,7,2,t075,115,0.3282608695652174,low_or_equal,low_or_equal,0.25217391304347825,0.41739130434782606,0.3739130434782609,-0.04347826086956519,48.0,43.0,-5.0,2.049288034439087,0.6618028283119202,-1.3874852061271667,9.412459373474121,7.419328689575195,-1.9931306838989258,-7.5025553703308105,-7.5717549324035645,-0.0691995620727539,26.0,17.0,-9.0,22.608695652173914,14.782608695652174,-7.82608695652174,0.29000000000000004,0.372,0.08199999999999996,0.96574,0.96666,0.0009199999999999209,85.44363636363636,85.57460455037919,0.13096818674283384,0.82,1.06,0.2400000000000001,0.5130434782608696,0.5217391304347826,0.008695652173912993
6K82_B,0,2,t075,282,0.4091312056737589,high,high,0.3723404255319149,0.4397163120567376,0.3333333333333333,-0.1063829787234043,124.0,94.0,-30.0,3.0602145195007324,1.6711562871932983,-1.389058232307434,14.871513366699219,10.988266944885254,-3.883246421813965,-1.0029425621032715,-4.799983024597168,-3.7970404624938965,36.0,20.0,-16.0,12.76595744680851,7.092198581560284,-5.673758865248226,0.402,0.4120000000000001,0.010000000000000064,0.94607,0.92563,-0.020440000000000014,84.88159963849978,85.2592084078712,0.3776087693714203,1.84,1.64,-0.20000000000000018,0.6702127659574468,0.6595744680851063,-0.010638297872340496
6K82_B,1,2,t075,282,0.4091312056737589,high,high,0.3723404255319149,0.4574468085106383,0.41134751773049644,-0.046099290780141855,129.0,116.0,-13.0,1.9543873071670532,2.0643017292022705,0.10991442203521729,14.831323623657227,12.179559707641602,-2.651763916015625,-0.26522254943847656,-3.9327478408813477,-3.667525291442871,37.0,50.0,13.0,13.120567375886525,17.73049645390071,4.609929078014185,0.064,0.45,0.386,0.97689,0.93121,-0.045680000000000054,82.13648214285715,78.16971518987341,-3.9667669529837326,1.0,1.3,0.30000000000000004,0.6666666666666666,0.6276595744680851,-0.03900709219858156
6K82_B,2,2,t075,282,0.4091312056737589,high,high,0.3723404255319149,0.46808510638297873,0.4716312056737589,0.003546099290780147,132.0,133.0,1.0,2.8201568126678467,3.711430549621582,0.8912737369537354,16.65732192993164,19.43899154663086,2.7816696166992188,0.6305456161499023,4.3967084884643555,3.766162872314453,13.0,135.0,122.0,4.609929078014184,47.87234042553192,43.262411347517734,0.966,0.0,-0.966,0.93092,0.96036,0.02944000000000002,78.60885727190606,81.80781992687386,3.1989626549678007,1.35,1.37,0.020000000000000018,0.6205673758865248,0.6453900709219859,0.024822695035461084
6K82_B,3,2,t075,282,0.4091312056737589,high,high,0.3723404255319149,0.3191489361702128,0.3723404255319149,0.05319148936170209,90.0,105.0,15.0,2.614346504211426,2.610736608505249,-0.003609895706176758,15.532392501831055,19.017202377319336,3.4848098754882812,-0.47861194610595703,2.445772171020508,2.924384117126465,32.0,12.0,-20.0,11.347517730496454,4.25531914893617,-7.092198581560284,0.44400000000000006,0.8099999999999999,0.3659999999999999,0.96777,0.93551,-0.032260000000000066,82.12269161406672,80.30111903700401,-1.8215725770627103,1.36,2.21,0.8499999999999999,0.6666666666666666,0.6382978723404256,-0.028368794326241065
6K82_B,4,2,t075,282,0.4091312056737589,high,high,0.3723404255319149,0.3971631205673759,0.44680851063829785,0.049645390070921946,112.0,126.0,14.0,1.5685049295425415,3.3096067905426025,1.741101861000061,11.700225830078125,18.099050521850586,6.398824691772461,-3.5486583709716797,3.1306657791137695,6.679324150085449,50.0,54.0,4.0,17.73049645390071,19.148936170212767,1.418439716312058,0.45599999999999996,0.344,-0.11199999999999999,0.92559,0.94478,0.01918999999999993,83.2229950383401,87.75594275329395,4.532947714953849,1.5,1.71,0.20999999999999996,0.6560283687943262,0.6843971631205674,0.028368794326241176
6K82_B,5,2,t075,282,0.4091312056737589,high,high,0.3723404255319149,0.425531914893617,0.4787234042553192,0.05319148936170215,120.0,135.0,15.0,2.1745529174804688,3.7465438842773438,1.571990966796875,17.29962730407715,16.07881736755371,-1.2208099365234375,3.8359642028808594,0.33418941497802734,-3.501774787902832,166.0,25.0,-141.0,58.86524822695035,8.865248226950355,-49.99999999999999,0.006,0.11200000000000002,0.10600000000000001,0.94868,0.9192,-0.02947999999999995,80.33813181818182,79.58078033378439,-0.7573514843974323,1.7,1.1,-0.5999999999999999,0.6063829787234043,0.6631205673758865,0.05673758865248224
6K82_B,6,2,t075,282,0.4091312056737589,high,high,0.3723404255319149,0.3333333333333333,0.4397163120567376,0.1063829787234043,94.0,124.0,30.0,1.887617826461792,2.2721245288848877,0.3845067024230957,14.054723739624023,11.828413963317871,-2.2263097763061523,-1.257467269897461,-3.591320037841797,-2.333852767944336,23.0,45.0,22.0,8.156028368794328,15.957446808510639,7.801418439716311,0.538,0.122,-0.41600000000000004,0.94604,0.96429,0.01824999999999999,85.83146230699364,79.40824545454547,-6.423216852448178,1.6,1.6,0.0,0.6631205673758865,0.6702127659574468,0.007092198581560294
6K82_B,7,2,t075,282,0.4091312056737589,high,high,0.3723404255319149,0.4326241134751773,0.41134751773049644,-0.021276595744680882,122.0,116.0,-6.0,3.283139705657959,2.2239978313446045,-1.0591418743133545,18.655471801757812,15.801847457885742,-2.8536243438720703,2.897329330444336,0.4344797134399414,-2.4628496170043945,75.0,68.0,-7.0,26.595744680851062,24.113475177304963,-2.4822695035460995,0.028000000000000004,0.054000000000000006,0.026000000000000002,0.91371,0.93536,0.021649999999999947,78.43632131446829,80.33430511543685,1.8979838009685608,2.02,1.28,-0.74,0.6453900709219859,0.6382978723404256,-0.007092198581560294
7W62_A,0,2,t075,140,0.35178571428571426,low_or_equal,low_or_equal,0.15714285714285714,0.35714285714285715,0.37142857142857144,0.01428571428571429,50.0,52.0,2.0,0.31973570585250854,-0.15713272988796234,-0.4768684357404709,4.6641845703125,7.148108959197998,2.483924388885498,-9.905792236328125,-2.1541624069213867,7.751629829406738,33.0,59.0,26.0,23.57142857142857,42.142857142857146,18.571428571428577,0.21200000000000002,0.134,-0.07800000000000001,0.97871,0.97453,-0.0041799999999999615,87.00056533827619,86.68624652455978,-0.3143188137164117,0.89,0.94,0.04999999999999993,0.6142857142857143,0.6142857142857143,0.0
7W62_A,1,2,t075,140,0.35178571428571426,low_or_equal,low_or_equal,0.15714285714285714,0.35714285714285715,0.09285714285714286,-0.2642857142857143,50.0,13.0,-37.0,2.385441541671753,0.030813809484243393,-2.3546277321875095,10.702861785888672,1.6012296676635742,-9.101632118225098,-4.994665145874023,-13.722013473510742,-8.727348327636719,31.0,10.0,-21.0,22.142857142857142,7.142857142857142,-15.0,0.32799999999999996,0.7619999999999999,0.43399999999999994,0.95309,0.95066,-0.0024300000000000432,87.88933023255814,82.48072744014733,-5.408602792410804,1.14,1.16,0.020000000000000018,0.5928571428571429,0.5857142857142857,-0.0071428571428571175
7W62_A,2,2,t075,140,0.35178571428571426,low_or_equal,low_or_equal,0.15714285714285714,0.37857142857142856,0.42142857142857143,0.04285714285714287,53.0,59.0,6.0,-1.8393094539642334,0.4312158524990082,2.2705253064632416,4.801693916320801,3.9236879348754883,-0.8780059814453125,-5.090842247009277,-10.184925079345703,-5.094082832336426,20.0,28.0,8.0,14.285714285714285,20.0,5.714285714285715,0.546,0.278,-0.268,0.9706,0.97823,0.007630000000000026,85.65707386363636,89.4197558685446,3.7626820049082426,0.88,0.85,-0.030000000000000027,0.6142857142857143,0.6071428571428571,-0.0071428571428572285
7W62_A,3,2,t075,140,0.35178571428571426,low_or_equal,low_or_equal,0.15714285714285714,0.15,0.3142857142857143,0.16428571428571428,21.0,44.0,23.0,0.40735265612602234,0.736212432384491,0.32885977625846863,5.979071617126465,4.344937324523926,-1.634134292602539,-12.39339828491211,-11.357912063598633,1.0354862213134766,23.0,9.0,-14.0,16.428571428571427,6.428571428571428,-10.0,0.568,0.702,0.134,0.97547,0.97128,-0.004189999999999916,87.55504545454546,88.43157653528873,0.8765310807432627,0.89,0.92,0.030000000000000027,0.5428571428571428,0.5857142857142857,0.04285714285714293
7W62_A,4,2,t075,140,0.35178571428571426,low_or_equal,low_or_equal,0.15714285714285714,0.4785714285714286,0.42857142857142855,-0.050000000000000044,67.0,60.0,-7.0,0.018695415928959846,1.8537129163742065,1.8350175004452467,7.769681930541992,7.508617401123047,-0.2610645294189453,-4.90034294128418,-7.458648681640625,-2.5583057403564453,71.0,24.0,-47.0,50.71428571428571,17.142857142857142,-33.57142857142857,0.12400000000000003,0.17400000000000002,0.04999999999999999,0.98086,0.97522,-0.005639999999999978,83.99293628808864,85.17627358490567,1.1833372968170295,0.64,0.9,0.26,0.5714285714285714,0.5928571428571429,0.021428571428571463
7W62_A,5,2,t075,140,0.35178571428571426,low_or_equal,low_or_equal,0.15714285714285714,0.15,0.4642857142857143,0.3142857142857143,21.0,65.0,44.0,0.1705019474029541,4.332904815673828,4.162402868270874,3.0784425735473633,16.40903091430664,13.330588340759277,-13.587942123413086,0.7300939559936523,14.318036079406738,20.0,30.0,10.0,14.285714285714285,21.428571428571427,7.142857142857142,0.68,0.3420000000000001,-0.33799999999999997,0.96667,0.96241,-0.0042600000000000415,85.91280442804428,85.39878228782288,-0.5140221402213996,0.95,1.02,0.07000000000000006,0.5857142857142857,0.6071428571428571,0.021428571428571352
7W62_A,6,2,t075,140,0.35178571428571426,low_or_equal,low_or_equal,0.15714285714285714,0.5,0.44285714285714284,-0.05714285714285716,70.0,62.0,-8.0,1.2818102836608887,-0.2353154569864273,-1.517125740647316,7.741178512573242,9.086729049682617,1.345550537109375,-10.670294761657715,-2.0589194297790527,8.611375331878662,10.0,116.0,106.0,7.142857142857142,82.85714285714286,75.71428571428572,1.4920000000000002,0.033999999999999996,-1.4580000000000002,0.97818,0.97726,-0.0009200000000000319,88.14670055452865,89.51622054665411,1.3695199921254613,0.85,0.83,-0.020000000000000018,0.6214285714285714,0.6214285714285714,0.0
7W62_A,7,2,t075,140,0.35178571428571426,low_or_equal,low_or_equal,0.15714285714285714,0.44285714285714284,0.21428571428571427,-0.22857142857142856,62.0,30.0,-32.0,2.615621566772461,-0.4068053960800171,-3.022426962852478,12.745848655700684,3.89395809173584,-8.851890563964844,-2.8346738815307617,-9.209212303161621,-6.374538421630859,42.0,22.0,-20.0,30.0,15.714285714285714,-14.285714285714286,0.198,0.63,0.432,0.97967,0.97959,-8.000000000008001e-05,87.93499535747448,87.94926538108356,0.014270023609086024,0.82,0.82,0.0,0.5928571428571429,0.55,-0.042857142857142816
3CYQ_D,0,2,t075,132,0.41382575757575757,high,high,0.3787878787878788,0.45454545454545453,0.38636363636363635,-0.06818181818181818,60.0,51.0,-9.0,3.472742795944214,3.0612995624542236,-0.41144323348999023,18.53873062133789,19.652326583862305,1.113595962524414,2.4969491958618164,2.888381004333496,0.3914318084716797,13.0,17.0,4.0,9.848484848484848,12.878787878787879,3.030303030303031,0.41600000000000004,0.2,-0.21600000000000003,0.96493,0.86031,-0.10461999999999994,86.26849616858237,82.5768,-3.691696168582368,0.84,1.23,0.39,0.44696969696969696,0.4772727272727273,0.03030303030303033
3CYQ_D,1,2,t075,132,0.41382575757575757,high,high,0.3787878787878788,0.3181818181818182,0.4696969696969697,0.15151515151515155,42.0,62.0,20.0,1.193882703781128,2.777876377105713,1.583993673324585,9.606828689575195,8.896699905395508,-0.7101287841796875,-8.352818489074707,-7.288130760192871,1.064687728881836,7.0,1.0,-6.0,5.303030303030303,0.7575757575757576,-4.545454545454545,1.04,2.35,1.31,0.91848,0.91065,-0.007830000000000004,82.9132761904762,81.72578034682081,-1.187495843655384,1.42,1.48,0.06000000000000005,0.4772727272727273,0.4393939393939394,-0.0378787878787879
3CYQ_D,2,2,t075,132,0.41382575757575757,high,high,0.3787878787878788,0.4166666666666667,0.44696969696969696,0.030303030303030276,55.0,59.0,4.0,3.878413200378418,3.841320276260376,-0.03709292411804199,20.09627914428711,16.702051162719727,-3.394227981567383,3.81534481048584,1.4145183563232422,-2.4008264541625977,67.0,28.0,-39.0,50.75757575757576,21.21212121212121,-29.545454545454547,0.09,0.27199999999999996,0.18199999999999997,0.95745,0.90763,-0.049819999999999975,83.72635135135135,82.79762404580153,-0.9287273055498275,1.03,1.58,0.55,0.5,0.5075757575757576,0.007575757575757569
3CYQ_D,3,2,t075,132,0.41382575757575757,high,high,0.3787878787878788,0.3712121212121212,0.4166666666666667,0.04545454545454547,49.0,55.0,6.0,2.329026937484741,2.401367664337158,0.07234072685241699,17.039440155029297,16.51458168029785,-0.5248584747314453,1.2046661376953125,-0.6221761703491211,-1.8268423080444336,50.0,44.0,-6.0,37.878787878787875,33.33333333333333,-4.545454545454547,0.057999999999999996,0.182,0.124,0.93592,0.9446,0.008680000000000021,85.40764367816092,75.11577142857142,-10.291872249589503,1.24,1.04,-0.19999999999999996,0.4318181818181818,0.45454545454545453,0.022727272727272707
3CYQ_D,4,2,t075,132,0.41382575757575757,high,high,0.3787878787878788,0.45454545454545453,0.44696969696969696,-0.007575757575757569,60.0,59.0,-1.0,1.305452585220337,1.3540483713150024,0.04859578609466553,13.220890998840332,10.555235862731934,-2.6656551361083984,1.7397165298461914,-4.591254234313965,-6.330970764160156,24.0,47.0,23.0,18.181818181818183,35.60606060606061,17.424242424242426,0.8299999999999998,0.37,-0.45999999999999985,0.94815,0.84503,-0.1031200000000001,86.39491575817641,79.668092042186,-6.726823715990406,1.11,1.21,0.09999999999999987,0.42424242424242425,0.4621212121212121,0.037878787878787845
3CYQ_D,5,2,t075,132,0.41382575757575757,high,high,0.3787878787878788,0.3712121212121212,0.3712121212121212,0.0,49.0,49.0,0.0,3.658785820007324,0.2964911162853241,-3.362294703722,18.884122848510742,8.282651901245117,-10.601470947265625,2.7384729385375977,-4.831406116485596,-7.569879055023193,80.0,15.0,-65.0,60.60606060606061,11.363636363636363,-49.24242424242425,0.006,0.9019999999999999,0.8959999999999999,0.91474,0.89015,-0.02459,84.39308365758754,79.10831106870228,-5.284772588885261,1.44,1.58,0.14000000000000012,0.42424242424242425,0.4318181818181818,0.007575757575757569
3CYQ_D,6,2,t075,132,0.41382575757575757,high,high,0.3787878787878788,0.4696969696969697,0.44696969696969696,-0.022727272727272763,62.0,59.0,-3.0,2.038508653640747,4.124851226806641,2.0863425731658936,13.489699363708496,12.917206764221191,-0.5724925994873047,-4.179661273956299,-2.0973782539367676,2.0822830200195312,1.0,65.0,64.0,0.7575757575757576,49.24242424242424,48.484848484848484,2.318,0.048,-2.27,0.9184,0.93227,0.013870000000000049,83.43023188405796,81.80496531219029,-1.6252665718676695,1.51,1.37,-0.1399999999999999,0.4318181818181818,0.44696969696969696,0.015151515151515138
3CYQ_D,7,2,t075,132,0.41382575757575757,high,high,0.3787878787878788,0.45454545454545453,0.29545454545454547,-0.15909090909090906,60.0,39.0,-21.0,-0.19865716993808746,0.37947356700897217,0.5781307369470596,3.9954395294189453,4.256065368652344,0.26062583923339844,-7.242490291595459,-13.212441444396973,-5.969951152801514,20.0,8.0,-12.0,15.151515151515152,6.0606060606060606,-9.090909090909092,0.608,1.03,0.42200000000000004,0.96224,0.82758,-0.13466,85.46614051973052,82.22466794995186,-3.241472569778651,0.94,1.47,0.53,0.4166666666666667,0.44696969696969696,0.030303030303030276
3TYX_A,0,2,t075,335,0.3768656716417911,high,low_or_equal,0.3164179104477612,0.2656716417910448,0.3253731343283582,0.05970149253731338,89.0,109.0,20.0,0.756754457950592,1.080715298652649,0.3239608407020569,7.627315044403076,6.075168132781982,-1.5521469116210938,-9.171345710754395,-10.195856094360352,-1.024510383605957,6.0,90.0,84.0,1.791044776119403,26.865671641791046,25.074626865671643,1.4979999999999998,0.126,-1.3719999999999999,0.97193,0.983,0.011070000000000024,83.02024682124159,86.72601872659176,3.7057719053501756,1.31,0.98,-0.33000000000000007,0.5671641791044776,0.608955223880597,0.04179104477611939
3TYX_A,1,2,t075,335,0.3768656716417911,high,low_or_equal,0.3164179104477612,0.382089552238806,0.41492537313432837,0.032835820895522394,128.0,139.0,11.0,1.5356849431991577,1.476239800453186,-0.05944514274597168,13.456194877624512,10.682311058044434,-2.773883819580078,-2.7289047241210938,-5.707474231719971,-2.978569507598877,31.0,37.0,6.0,9.253731343283581,11.044776119402986,1.7910447761194046,0.48200000000000004,0.352,-0.13000000000000006,0.98054,0.9678,-0.012739999999999974,86.27576086956522,84.44861926260346,-1.82714160696176,1.02,1.34,0.32000000000000006,0.591044776119403,0.6,0.008955223880596996
3TYX_A,2,2,t075,335,0.3768656716417911,high,low_or_equal,0.3164179104477612,0.3194029850746269,0.36716417910447763,0.04776119402985074,107.0,123.0,16.0,1.4769188165664673,0.5056856274604797,-0.9712331891059875,15.970025062561035,6.504094123840332,-9.465930938720703,-0.9108562469482422,-9.926017761230469,-9.015161514282227,75.0,38.0,-37.0,22.388059701492537,11.343283582089553,-11.044776119402984,0.030000000000000006,0.398,0.368,0.90897,0.98075,0.07178000000000007,72.16389264264264,86.33457754412318,14.170684901480541,2.29,1.03,-1.26,0.6059701492537314,0.5970149253731343,-0.008955223880597107
3TYX_A,3,2,t075,335,0.3768656716417911,high,low_or_equal,0.3164179104477612,0.44776119402985076,0.25970149253731345,-0.1880597014925373,150.0,87.0,-63.0,2.5851073265075684,0.6157100796699524,-1.969397246837616,19.11374855041504,8.602845191955566,-10.510903358459473,2.542933464050293,-7.6604766845703125,-10.203410148620605,140.0,27.0,-113.0,41.7910447761194,8.059701492537313,-33.731343283582085,0.036,0.6180000000000001,0.5820000000000001,0.92857,0.91515,-0.013419999999999987,70.67132286995515,69.7785501858736,-0.8927726840815495,2.08,2.06,-0.020000000000000018,0.6029850746268657,0.5940298507462687,-0.008955223880596996
3TYX_A,4,2,t075,335,0.3768656716417911,high,low_or_equal,0.3164179104477612,0.4716417910447761,0.3194029850746269,-0.15223880597014922,158.0,107.0,-51.0,1.390256643295288,2.1682016849517822,0.7779450416564941,7.974028587341309,17.91763687133789,9.943608283996582,-8.48332691192627,1.419590950012207,9.902917861938477,42.0,111.0,69.0,12.53731343283582,33.134328358208954,20.597014925373134,0.354,0.064,-0.29,0.93091,0.97992,0.04901,72.2500487804878,84.49062523260142,12.240576452113615,1.99,1.01,-0.98,0.6119402985074627,0.6119402985074627,0.0
3TYX_A,5,2,t075,335,0.3768656716417911,high,low_or_equal,0.3164179104477612,0.33432835820895523,0.3283582089552239,-0.005970149253731349,112.0,110.0,-2.0,1.6642731428146362,1.7044439315795898,0.04017078876495361,14.11180305480957,10.046597480773926,-4.0652055740356445,-2.380800247192383,-6.284317970275879,-3.903517723083496,98.0,36.0,-62.0,29.253731343283583,10.746268656716417,-18.507462686567166,0.016,0.476,0.45999999999999996,0.91441,0.90559,-0.008819999999999939,71.42424990647213,71.0755738317757,-0.3486760746964279,2.36,2.54,0.18000000000000016,0.5940298507462687,0.5850746268656717,-0.008955223880596996
3TYX_A,6,2,t075,335,0.3768656716417911,high,low_or_equal,0.3164179104477612,0.48059701492537316,0.373134328358209,-0.10746268656716418,161.0,125.0,-36.0,2.3361215591430664,1.405215859413147,-0.9309056997299194,19.591384887695312,9.316692352294922,-10.27469253540039,3.565548896789551,-7.80534553527832,-11.370894432067871,113.0,19.0,-94.0,33.731343283582085,5.6716417910447765,-28.059701492537307,0.126,0.8640000000000001,0.7380000000000001,0.92614,0.97731,0.05117000000000005,71.3890977443609,84.39883948756594,13.00974174320504,1.94,1.14,-0.8,0.6029850746268657,0.591044776119403,-0.011940298507462699
3TYX_A,7,2,t075,335,0.3768656716417911,high,low_or_equal,0.3164179104477612,0.31343283582089554,0.31044776119402984,-0.0029850746268657025,105.0,104.0,-1.0,1.5117859840393066,1.6966835260391235,0.1848975419998169,12.985539436340332,16.321685791015625,3.336146354675293,-3.7428293228149414,-0.3543100357055664,3.388519287109375,48.0,22.0,-26.0,14.328358208955224,6.567164179104477,-7.761194029850747,0.31399999999999995,0.21400000000000002,-0.09999999999999992,0.98156,0.98256,0.0010000000000000009,85.3407695181173,84.7828319579895,-0.5579375601277974,1.03,0.98,-0.050000000000000044,0.6029850746268657,0.6,-0.0029850746268657025
5AL8_A,0,2,t075,116,0.4084051724137931,high,high,0.27586206896551724,0.4827586206896552,0.3103448275862069,-0.1724137931034483,56.0,36.0,-20.0,4.789180755615234,2.928281784057617,-1.8608989715576172,15.322979927062988,14.34591293334961,-0.9770669937133789,-0.14768505096435547,-1.699061393737793,-1.5513763427734375,75.0,35.0,-40.0,64.65517241379311,30.17241379310345,-34.482758620689665,0.05600000000000001,0.388,0.332,0.94564,0.95033,0.004689999999999972,85.95503759398497,85.65764512595837,-0.2973924680266009,1.04,0.89,-0.15000000000000002,0.4827586206896552,0.5344827586206896,0.05172413793103442
5AL8_A,1,2,t075,116,0.4084051724137931,high,high,0.27586206896551724,0.4396551724137931,0.25862068965517243,-0.18103448275862066,51.0,30.0,-21.0,1.5529049634933472,2.9231066703796387,1.3702017068862915,10.982902526855469,18.17296600341797,7.1900634765625,-7.109140872955322,0.5575380325317383,7.6666789054870605,20.0,39.0,19.0,17.24137931034483,33.62068965517241,16.379310344827584,0.502,0.026000000000000002,-0.476,0.91277,0.94425,0.031480000000000063,84.48760563380281,85.05209302325581,0.5644873894529923,1.5,0.94,-0.56,0.5086206896551724,0.5775862068965517,0.06896551724137934
5AL8_A,2,2,t075,116,0.4084051724137931,high,high,0.27586206896551724,0.46551724137931033,0.35344827586206895,-0.11206896551724138,54.0,41.0,-13.0,2.0698816776275635,3.6719250679016113,1.6020433902740479,16.965688705444336,17.543901443481445,0.5782127380371094,-1.3443794250488281,-1.0152835845947266,0.32909584045410156,4.0,52.0,48.0,3.4482758620689653,44.827586206896555,41.37931034482759,1.218,0.05,-1.168,0.93386,0.93815,0.004290000000000016,86.87429999999999,84.47038802660754,-2.4039119733924537,1.43,1.19,-0.24,0.5,0.5,0.0
5AL8_A,3,2,t075,116,0.4084051724137931,high,high,0.27586206896551724,0.3017241379310345,0.25862068965517243,-0.043103448275862044,35.0,30.0,-5.0,1.6803127527236938,0.7370942234992981,-0.9432185292243958,9.601703643798828,5.972738265991211,-3.628965377807617,-7.911474704742432,-11.955934524536133,-4.044459819793701,7.0,32.0,25.0,6.0344827586206895,27.586206896551722,21.551724137931032,1.186,0.21400000000000002,-0.972,0.92891,0.9462,0.017290000000000028,85.2028910463862,84.85048672566371,-0.35240432072248495,1.57,1.11,-0.45999999999999996,0.4827586206896552,0.5,0.017241379310344807
5AL8_A,4,2,t075,116,0.4084051724137931,high,high,0.27586206896551724,0.47413793103448276,0.43103448275862066,-0.0431034482758621,55.0,50.0,-5.0,-0.8133386969566345,2.3481595516204834,3.161498248577118,5.969733238220215,13.468667030334473,7.498933792114258,-5.0905232429504395,-4.845865249633789,0.2446579933166504,19.0,16.0,-3.0,16.379310344827587,13.793103448275861,-2.586206896551726,0.5720000000000001,0.658,0.08599999999999997,0.93374,0.94311,0.00936999999999999,84.6094731064764,83.39039344262295,-1.2190796638534493,1.53,0.96,-0.5700000000000001,0.5603448275862069,0.5,-0.06034482758620685
5AL8_A,5,2,t075,116,0.4084051724137931,high,high,0.27586206896551724,0.39655172413793105,0.4482758620689655,0.051724137931034475,46.0,52.0,6.0,1.4234873056411743,3.2844088077545166,1.8609215021133423,6.171546936035156,16.218791961669922,10.047245025634766,-9.99134635925293,2.4855093955993652,12.476855754852295,28.0,88.0,60.0,24.137931034482758,75.86206896551724,51.72413793103448,0.44799999999999995,0.024,-0.42399999999999993,0.95599,0.93892,-0.01707000000000003,87.31390829694323,86.44894220283533,-0.8649660941078992,1.17,1.29,0.1200000000000001,0.5086206896551724,0.5,-0.008620689655172376
5AL8_A,6,2,t075,116,0.4084051724137931,high,high,0.27586206896551724,0.33620689655172414,0.39655172413793105,0.060344827586206906,39.0,46.0,7.0,-0.05261053144931793,3.2910044193267822,3.3436149507761,6.5074543952941895,16.188373565673828,9.680919170379639,-6.3880109786987305,-1.9709362983703613,4.417074680328369,20.0,68.0,48.0,17.24137931034483,58.620689655172406,41.37931034482757,0.884,0.014000000000000002,-0.87,0.95145,0.95486,0.003410000000000024,83.59947769314472,85.56032822757112,1.960850534426399,1.11,0.92,-0.19000000000000006,0.45689655172413796,0.5517241379310345,0.09482758620689652
5AL8_A,7,2,t075,116,0.4084051724137931,high,high,0.27586206896551724,0.3706896551724138,0.4482758620689655,0.07758620689655171,43.0,52.0,9.0,1.5363008975982666,3.0975422859191895,1.5612413883209229,9.63633918762207,15.20523452758789,5.56889533996582,-7.286800384521484,1.2197518348693848,8.50655221939087,11.0,84.0,73.0,9.482758620689655,72.41379310344827,62.93103448275862,0.692,0.1,-0.592,0.93712,0.92542,-0.011699999999999933,84.63454545454545,85.26190371991248,0.627358265367036,1.33,1.14,-0.19000000000000017,0.5689655172413793,0.5689655172413793,0.0
5K69_A,0,2,t075,350,0.435,high,high,0.22285714285714286,0.47714285714285715,0.4228571428571429,-0.05428571428571427,167.0,148.0,-19.0,2.9192047119140625,3.5499281883239746,0.6307234764099121,17.889406204223633,19.983394622802734,2.0939884185791016,2.4773025512695312,3.762772560119629,1.2854700088500977,164.0,180.0,16.0,46.85714285714286,51.42857142857142,4.571428571428562,0.018000000000000002,0.064,0.046,0.96205,0.95798,-0.004069999999999907,89.40857142857142,90.44648449612403,1.0379130675526085,1.44,1.59,0.15000000000000013,0.64,0.64,0.0
5K69_A,1,2,t075,350,0.435,high,high,0.22285714285714286,0.46285714285714286,0.4257142857142857,-0.037142857142857144,162.0,149.0,-13.0,1.8185967206954956,2.509486198425293,0.6908894777297974,17.813234329223633,16.904884338378906,-0.9083499908447266,2.0922327041625977,0.31556224822998047,-1.7766704559326172,143.0,116.0,-27.0,40.85714285714286,33.14285714285714,-7.714285714285722,0.036000000000000004,0.178,0.142,0.96307,0.95967,-0.0033999999999999586,89.82715402658326,90.07463357890656,0.24747955232329844,1.47,1.51,0.040000000000000036,0.6228571428571429,0.6428571428571429,0.020000000000000018
5K69_A,2,2,t075,350,0.435,high,high,0.22285714285714286,0.4142857142857143,0.4228571428571429,0.008571428571428563,145.0,148.0,3.0,2.5070455074310303,2.3712892532348633,-0.135756254196167,19.053918838500977,12.608540534973145,-6.445378303527832,2.237868309020996,-3.240495204925537,-5.478363513946533,115.0,125.0,10.0,32.857142857142854,35.714285714285715,2.857142857142861,0.092,0.196,0.10400000000000001,0.96363,0.95267,-0.01095999999999997,90.5015110422317,90.68715291357059,0.18564187133888765,1.43,1.63,0.19999999999999996,0.6314285714285715,0.6285714285714286,-0.0028571428571428914
5K69_A,3,2,t075,350,0.435,high,high,0.22285714285714286,0.4657142857142857,0.4828571428571429,0.017142857142857182,163.0,169.0,6.0,3.1850662231445312,1.9717674255371094,-1.2132987976074219,18.63498878479004,16.580293655395508,-2.0546951293945312,3.343576431274414,2.2187986373901367,-1.1247777938842773,159.0,159.0,0.0,45.42857142857143,45.42857142857143,0.0,0.084,0.054000000000000006,-0.03,0.95894,0.96231,0.003369999999999984,89.80273325590399,89.7319528228925,-0.0707804330114925,1.5,1.45,-0.050000000000000044,0.6485714285714286,0.6314285714285715,-0.017142857142857126
5K69_A,4,2,t075,350,0.435,high,high,0.22285714285714286,0.4342857142857143,0.4657142857142857,0.03142857142857142,152.0,163.0,11.0,3.6701500415802,3.1646006107330322,-0.505549430847168,18.969356536865234,18.66727066040039,-0.30208587646484375,2.5166397094726562,3.8170719146728516,1.3004322052001953,164.0,198.0,34.0,46.85714285714286,56.57142857142857,9.714285714285708,0.08,0.05,-0.03,0.97197,0.94727,-0.024700000000000055,90.10863251155624,90.42746875,0.3188362384437653,1.26,1.75,0.49,0.6342857142857142,0.6457142857142857,0.011428571428571455
5K69_A,5,2,t075,350,0.435,high,high,0.22285714285714286,0.41714285714285715,0.44285714285714284,0.02571428571428569,146.0,155.0,9.0,0.7029615640640259,1.3214223384857178,0.6184607744216919,10.55126953125,7.40846061706543,-3.1428089141845703,-3.7454676628112793,-8.935760498046875,-5.190292835235596,89.0,59.0,-30.0,25.428571428571427,16.857142857142858,-8.57142857142857,0.21600000000000003,0.386,0.16999999999999998,0.95453,0.93754,-0.01698999999999995,89.93041440743609,90.17015169194866,0.2397372845125716,1.61,1.93,0.31999999999999984,0.6257142857142857,0.5828571428571429,-0.042857142857142816
5K69_A,6,2,t075,350,0.435,high,high,0.22285714285714286,0.36857142857142855,0.3314285714285714,-0.037142857142857144,129.0,116.0,-13.0,1.5766651630401611,2.0196592807769775,0.4429941177368164,18.021543502807617,19.380327224731445,1.3587837219238281,1.8785715103149414,2.601696014404297,0.7231245040893555,82.0,83.0,1.0,23.42857142857143,23.714285714285715,0.2857142857142847,0.142,0.062,-0.07999999999999999,0.96264,0.96982,0.007179999999999964,89.90664378337148,89.72368808049536,-0.1829557028761144,1.45,1.29,-0.15999999999999992,0.6428571428571429,0.6457142857142857,0.0028571428571427804
5K69_A,7,2,t075,350,0.435,high,high,0.22285714285714286,0.44,0.4057142857142857,-0.03428571428571431,154.0,142.0,-12.0,2.803393602371216,1.9794365167617798,-0.823957085609436,13.416522979736328,18.029987335205078,4.61346435546875,-2.535198211669922,2.241581916809082,4.776780128479004,78.0,131.0,53.0,22.285714285714285,37.42857142857143,15.142857142857146,0.26,0.084,-0.176,0.96493,0.96092,-0.004009999999999958,90.15988439306358,90.54604126119112,0.3861568681275429,1.42,1.49,0.07000000000000006,0.6257142857142857,0.6371428571428571,0.011428571428571455
1O51_A,0,2,t075,89,0.28230337078651685,low_or_equal,low_or_equal,0.4606741573033708,0.24719101123595505,0.4157303370786517,0.16853932584269665,22.0,37.0,15.0,0.003073242260143161,0.980734646320343,0.9776614040601999,4.992537498474121,7.068545341491699,2.076007843017578,-11.813916206359863,-11.107165336608887,0.7067508697509766,0.0,1.0,1.0,0.0,1.1235955056179776,1.1235955056179776,3.3920000000000003,2.778,-0.6140000000000003,0.86881,0.86981,0.0010000000000000009,82.52397727272727,81.22712078651685,-1.296856486210416,1.7,1.55,-0.1499999999999999,0.47191011235955055,0.47191011235955055,0.0
1O51_A,1,2,t075,89,0.28230337078651685,low_or_equal,low_or_equal,0.4606741573033708,0.449438202247191,0.47191011235955055,0.02247191011235955,40.0,42.0,2.0,2.2156529426574707,2.1713991165161133,-0.04425382614135742,8.10296630859375,13.618743896484375,5.515777587890625,-6.823105812072754,-0.2936697006225586,6.529436111450195,55.0,9.0,-46.0,61.79775280898876,10.112359550561797,-51.68539325842696,0.252,0.844,0.592,0.6716,0.86993,0.19833,72.19438672438672,82.39896892655368,10.20458220216696,2.88,1.6,-1.2799999999999998,0.47191011235955055,0.449438202247191,-0.02247191011235955
1O51_A,2,2,t075,89,0.28230337078651685,low_or_equal,low_or_equal,0.4606741573033708,0.43820224719101125,0.4606741573033708,0.02247191011235955,39.0,41.0,2.0,3.8392446041107178,4.89434814453125,1.0551035404205322,20.356361389160156,16.748340606689453,-3.608020782470703,2.287041187286377,2.3685851097106934,0.0815439224243164,19.0,16.0,-3.0,21.34831460674157,17.97752808988764,-3.3707865168539293,0.148,0.434,0.28600000000000003,0.91678,0.85317,-0.06361000000000006,82.20037410071943,81.85431818181819,-0.3460559189012429,1.38,1.54,0.16000000000000014,0.5280898876404494,0.47191011235955055,-0.05617977528089885
1O51_A,3,2,t075,89,0.28230337078651685,low_or_equal,low_or_equal,0.4606741573033708,0.0898876404494382,0.02247191011235955,-0.06741573033707865,8.0,2.0,-6.0,0.030222538858652115,0.10123033076524734,0.07100779190659523,0.9323587417602539,0.6819057464599609,-0.25045299530029297,-14.049033164978027,-14.129510879516602,-0.08047771453857422,0.0,0.0,0.0,0.0,0.0,0.0,5.676,9.028,3.3520000000000003,0.84968,0.84439,-0.005290000000000017,78.25222222222222,79.41950980392157,1.1672875816993553,1.65,1.64,-0.010000000000000009,0.47191011235955055,0.48314606741573035,0.011235955056179803
1O51_A,4,2,t075,89,0.28230337078651685,low_or_equal,low_or_equal,0.4606741573033708,0.23595505617977527,0.43820224719101125,0.20224719101123598,21.0,39.0,18.0,1.5662537813186646,0.9044439792633057,-0.6618098020553589,11.527091026306152,8.41990852355957,-3.107182502746582,-6.918649196624756,-2.684610366821289,4.234038829803467,1.0,69.0,68.0,1.1235955056179776,77.52808988764045,76.40449438202248,2.428,0.014000000000000002,-2.414,0.87976,0.87384,-0.005920000000000036,76.81897142857143,81.5030670470756,4.684095618504173,1.42,1.36,-0.05999999999999983,0.449438202247191,0.47191011235955055,0.02247191011235955
1O51_A,5,2,t075,89,0.28230337078651685,low_or_equal,low_or_equal,0.4606741573033708,0.24719101123595505,0.2247191011235955,-0.02247191011235955,22.0,20.0,-2.0,0.8635550737380981,2.7299814224243164,1.8664263486862183,6.183712959289551,18.34349250793457,12.15977954864502,-11.158905029296875,-0.06366157531738281,11.095243453979492,0.0,5.0,5.0,0.0,5.617977528089887,5.617977528089887,3.178,1.27,-1.908,0.81733,0.86111,0.04378000000000004,76.11553867403315,80.97853760445682,4.862998930423672,1.92,1.42,-0.5,0.4606741573033708,0.48314606741573035,0.02247191011235955
1O51_A,6,2,t075,89,0.28230337078651685,low_or_equal,low_or_equal,0.4606741573033708,0.2696629213483146,0.3258426966292135,0.0561797752808989,24.0,29.0,5.0,2.028588056564331,1.0681129693984985,-0.9604750871658325,11.811957359313965,5.933297634124756,-5.878659725189209,-6.709369659423828,-9.100475311279297,-2.3911056518554688,3.0,14.0,11.0,3.3707865168539324,15.730337078651685,12.359550561797752,1.916,0.6,-1.3159999999999998,0.85768,0.84372,-0.013959999999999972,82.93229254571027,81.72599447513812,-1.2062980705721458,1.58,1.73,0.1499999999999999,0.48314606741573035,0.47191011235955055,-0.011235955056179803
1O51_A,7,2,t075,89,0.28230337078651685,low_or_equal,low_or_equal,0.4606741573033708,0.2808988764044944,0.16853932584269662,-0.11235955056179778,25.0,15.0,-10.0,3.6785695552825928,0.2220858484506607,-3.456483706831932,15.300065994262695,2.353856086730957,-12.946209907531738,0.5474090576171875,-13.955940246582031,-14.503349304199219,4.0,0.0,-4.0,4.49438202247191,0.0,-4.49438202247191,1.412,3.65,2.238,0.85675,0.86895,0.012199999999999989,80.66118065433855,83.21157367668097,2.550393022342419,1.33,1.69,0.3599999999999999,0.47191011235955055,0.47191011235955055,0.0
3IEZ_B,0,2,t075,95,0.35526315789473684,low_or_equal,low_or_equal,0.42105263157894735,0.4105263157894737,0.3684210526315789,-0.04210526315789476,39.0,35.0,-4.0,0.8410912752151489,0.43072766065597534,-0.4103636145591736,5.057413101196289,4.663898468017578,-0.39351463317871094,-9.37855339050293,-12.570758819580078,-3.1922054290771484,5.0,6.0,1.0,5.263157894736842,6.315789473684211,1.052631578947369,1.17,1.316,0.14600000000000013,0.46922,0.83487,0.36565,47.98514138817481,63.71322496749025,15.728083579315438,4.32,2.02,-2.3000000000000003,0.3157894736842105,0.3894736842105263,0.0736842105263158
3IEZ_B,1,2,t075,95,0.35526315789473684,low_or_equal,low_or_equal,0.42105263157894735,0.45263157894736844,0.45263157894736844,0.0,43.0,43.0,0.0,1.0593743324279785,1.0593743324279785,0.0,9.092423439025879,9.092423439025879,0.0,-4.954390525817871,-4.954390525817871,0.0,0.0,0.0,0.0,0.0,0.0,0.0,4.4959999999999996,4.4959999999999996,0.0,0.45446,0.45446,0.0,43.2375157629256,43.2375157629256,0.0,3.22,3.22,0.0,0.35789473684210527,0.35789473684210527,0.0
3IEZ_B,2,2,t075,95,0.35526315789473684,low_or_equal,low_or_equal,0.42105263157894735,0.35789473684210527,0.45263157894736844,0.09473684210526317,34.0,43.0,9.0,1.2216476202011108,3.0297915935516357,1.808143973350525,7.763280868530273,11.26635456085205,3.5030736923217773,-8.244606018066406,-6.161016941070557,2.0835890769958496,0.0,0.0,0.0,0.0,0.0,0.0,3.8939999999999997,5.545999999999999,1.6519999999999997,0.91412,0.96212,0.04799999999999993,69.73308087291399,82.05930501930501,12.326224146391027,1.17,0.76,-0.4099999999999999,0.3368421052631579,0.3684210526315789,0.03157894736842104
3IEZ_B,3,2,t075,95,0.35526315789473684,low_or_equal,low_or_equal,0.42105263157894735,0.4421052631578947,0.30526315789473685,-0.13684210526315788,42.0,29.0,-13.0,1.036890983581543,1.0100698471069336,-0.026821136474609375,7.403040885925293,4.450351715087891,-2.9526891708374023,-9.675224304199219,-10.675588607788086,-1.0003643035888672,12.0,0.0,-12.0,12.631578947368421,0.0,-12.631578947368421,0.876,6.258,5.382,0.95331,0.27804,-0.67527,85.60772842639594,42.40412738853503,-43.203601037860906,0.96,5.31,4.35,0.35789473684210527,0.37894736842105264,0.02105263157894738
3IEZ_B,4,2,t075,95,0.35526315789473684,low_or_equal,low_or_equal,0.42105263157894735,0.3157894736842105,0.4421052631578947,0.12631578947368421,30.0,42.0,12.0,0.9627298712730408,0.5288443565368652,-0.43388551473617554,7.058115005493164,4.117554664611816,-2.9405603408813477,-9.712905883789062,-12.317357063293457,-2.6044511795043945,0.0,9.0,9.0,0.0,9.473684210526317,9.473684210526317,3.6719999999999997,1.062,-2.6099999999999994,0.56613,0.95659,0.39046000000000003,60.124810126582275,87.23273072060682,27.10792059402455,2.26,0.94,-1.3199999999999998,0.3263157894736842,0.37894736842105264,0.05263157894736842
3IEZ_B,5,2,t075,95,0.35526315789473684,low_or_equal,low_or_equal,0.42105263157894735,0.3473684210526316,0.43157894736842106,0.08421052631578946,33.0,41.0,8.0,1.3558521270751953,0.7875024676322937,-0.5683496594429016,8.837590217590332,4.526706695556641,-4.310883522033691,-9.369150161743164,-11.272192001342773,-1.9030418395996094,0.0,2.0,2.0,0.0,2.1052631578947367,2.1052631578947367,5.1,2.786,-2.3139999999999996,0.70037,0.65102,-0.049350000000000005,53.216777920410784,48.83694373401534,-4.379834186395442,2.46,3.18,0.7200000000000002,0.3368421052631579,0.3684210526315789,0.03157894736842104
3IEZ_B,6,2,t075,95,0.35526315789473684,low_or_equal,low_or_equal,0.42105263157894735,0.17894736842105263,0.2631578947368421,0.08421052631578946,17.0,25.0,8.0,-0.12326239794492722,1.0124707221984863,1.1357331201434135,1.3120536804199219,8.965456008911133,7.653402328491211,-12.500864028930664,-9.432914733886719,3.0679492950439453,2.0,0.0,-2.0,2.1052631578947367,0.0,-2.1052631578947367,2.426,3.774,1.3479999999999999,0.74685,0.53353,-0.21332000000000007,49.66944091486658,65.88859119496855,16.219150280101978,2.86,2.41,-0.44999999999999973,0.35789473684210527,0.3368421052631579,-0.02105263157894738
3IEZ_B,7,2,t075,95,0.35526315789473684,low_or_equal,low_or_equal,0.42105263157894735,0.3368421052631579,0.3368421052631579,0.0,32.0,32.0,0.0,1.3214138746261597,1.3214138746261597,0.0,7.358458042144775,7.358458042144775,0.0,-5.525510311126709,-5.525510311126709,0.0,2.0,2.0,0.0,2.1052631578947367,2.1052631578947367,0.0,2.0220000000000002,2.0220000000000002,0.0,0.4152,0.4152,0.0,39.11899363057325,39.11899363057325,0.0,3.63,3.63,0.0,0.3684210526315789,0.3684210526315789,0.0
8ERB_D,0,2,t075,428,0.4044976635514019,high,high,0.205607476635514,0.40420560747663553,0.4392523364485981,0.03504672897196259,173.0,188.0,15.0,1.6718727350234985,1.8455897569656372,0.17371702194213867,8.144824981689453,9.8928804397583,1.7480554580688477,-7.751045227050781,-6.57835054397583,1.1726946830749512,97.0,44.0,-53.0,22.66355140186916,10.2803738317757,-12.38317757009346,0.21200000000000002,0.352,0.13999999999999996,0.84466,0.88593,0.04127000000000003,73.71671406959153,72.87980433473811,-0.8369097348534211,2.43,2.9,0.46999999999999975,0.6565420560747663,0.6448598130841121,-0.011682242990654235
8ERB_D,1,2,t075,428,0.4044976635514019,high,high,0.205607476635514,0.36682242990654207,0.34345794392523366,-0.023364485981308414,157.0,147.0,-10.0,0.9886083006858826,2.048056125640869,1.0594478249549866,5.271390914916992,14.078292846679688,8.806901931762695,-11.093873023986816,-2.6921873092651367,8.40168571472168,88.0,111.0,23.0,20.5607476635514,25.934579439252335,5.3738317757009355,0.27199999999999996,0.06999999999999999,-0.20199999999999996,0.86406,0.98794,0.12387999999999999,72.73324651726226,86.01403230631169,13.280785789049432,2.12,0.95,-1.1700000000000002,0.6658878504672897,0.6752336448598131,0.009345794392523366
8ERB_D,2,2,t075,428,0.4044976635514019,high,high,0.205607476635514,0.4205607476635514,0.35514018691588783,-0.06542056074766356,180.0,152.0,-28.0,2.474351644515991,0.8684880137443542,-1.605863630771637,16.821514129638672,9.888484001159668,-6.933030128479004,-0.041286468505859375,-6.138189315795898,-6.096902847290039,127.0,140.0,13.0,29.672897196261683,32.71028037383177,3.0373831775700886,0.174,0.026000000000000002,-0.148,0.87506,0.98619,0.11113000000000006,73.26883495145631,86.94122908427137,13.672394132815057,2.33,0.98,-1.35,0.6542056074766355,0.6588785046728972,0.004672897196261738
8ERB_D,3,2,t075,428,0.4044976635514019,high,high,0.205607476635514,0.3901869158878505,0.3644859813084112,-0.025700934579439283,167.0,156.0,-11.0,2.3731651306152344,2.156148910522461,-0.21701622009277344,18.266376495361328,11.936212539672852,-6.330163955688477,1.3070182800292969,-4.648490905761719,-5.955509185791016,205.0,102.0,-103.0,47.89719626168225,23.83177570093458,-24.06542056074767,0.006,0.092,0.086,0.98142,0.98505,0.003630000000000022,86.26578191814293,86.89852369380316,0.6327417756602216,1.13,0.96,-0.16999999999999993,0.6588785046728972,0.633177570093458,-0.025700934579439227
8ERB_D,4,2,t075,428,0.4044976635514019,high,high,0.205607476635514,0.3598130841121495,0.36682242990654207,0.007009345794392552,154.0,157.0,3.0,2.1650168895721436,1.264610767364502,-0.9004061222076416,18.839963912963867,7.203920364379883,-11.636043548583984,2.027979850769043,-9.373607635498047,-11.40158748626709,94.0,118.0,24.0,21.962616822429908,27.570093457943923,5.607476635514015,0.168,0.22600000000000003,0.058000000000000024,0.87722,0.84463,-0.03259000000000001,72.14176183206106,72.63618453105968,0.4944226989986191,2.78,2.06,-0.7199999999999998,0.6448598130841121,0.6542056074766355,0.009345794392523366
8ERB_D,5,2,t075,428,0.4044976635514019,high,high,0.205607476635514,0.4532710280373832,0.45093457943925236,-0.0023364485981308136,194.0,193.0,-1.0,1.2879599332809448,2.2092998027801514,0.9213398694992065,12.215899467468262,14.312263488769531,2.0963640213012695,-4.473156452178955,-2.487466812133789,1.985689640045166,130.0,100.0,-30.0,30.373831775700932,23.364485981308412,-7.0093457943925195,0.178,0.044000000000000004,-0.13399999999999998,0.83945,0.98558,0.14612999999999998,70.81588588588589,85.13128081779917,14.315394931913275,2.41,0.97,-1.4400000000000002,0.6565420560747663,0.6448598130841121,-0.011682242990654235
8ERB_D,6,2,t075,428,0.4044976635514019,high,high,0.205607476635514,0.37383177570093457,0.3691588785046729,-0.004672897196261683,160.0,158.0,-2.0,2.8547942638397217,1.9035149812698364,-0.9512792825698853,18.74950408935547,15.683917999267578,-3.0655860900878906,1.9074020385742188,-1.420600414276123,-3.328002452850342,152.0,176.0,24.0,35.51401869158878,41.1214953271028,5.607476635514018,0.10400000000000001,0.01,-0.09400000000000001,0.84601,0.84657,0.0005600000000000049,72.8861914893617,72.9621426394392,0.07595115007748632,2.52,2.02,-0.5,0.6378504672897196,0.6635514018691588,0.025700934579439227
8ERB_D,7,2,t075,428,0.4044976635514019,high,high,0.205607476635514,0.4672897196261682,0.40186915887850466,-0.06542056074766356,200.0,172.0,-28.0,1.9850081205368042,1.7111200094223022,-0.27388811111450195,18.123037338256836,18.22396469116211,0.10092735290527344,1.341679573059082,1.4567279815673828,0.11504840850830078,191.0,142.0,-49.0,44.626168224299064,33.177570093457945,-11.44859813084112,0.018,0.10400000000000001,0.08600000000000001,0.84912,0.82924,-0.01988000000000001,71.74735509456985,72.85536764705883,1.1080125524889723,2.54,2.35,-0.18999999999999995,0.6448598130841121,0.6285046728971962,-0.016355140186915862
6DNT_A,0,2,t075,310,0.4080645161290323,high,high,0.24838709677419354,0.3580645161290323,0.44516129032258067,0.08709677419354839,111.0,138.0,27.0,3.34950852394104,2.6623027324676514,-0.6872057914733887,16.505292892456055,17.701217651367188,1.1959247589111328,0.035902976989746094,1.200972557067871,1.165069580078125,87.0,55.0,-32.0,28.064516129032256,17.741935483870968,-10.322580645161288,0.23000000000000004,0.366,0.13599999999999995,0.98453,0.98421,-0.00031999999999998696,94.12722837228372,93.65082415340677,-0.47640421887695084,0.83,0.83,0.0,0.7032258064516129,0.7354838709677419,0.032258064516129004
6DNT_A,1,2,t075,310,0.4080645161290323,high,high,0.24838709677419354,0.4032258064516129,0.38064516129032255,-0.022580645161290325,125.0,118.0,-7.0,1.051864743232727,0.2626330256462097,-0.7892317175865173,12.032306671142578,6.044032096862793,-5.988274574279785,-3.7254366874694824,-12.050435066223145,-8.324998378753662,46.0,86.0,40.0,14.838709677419354,27.741935483870968,12.903225806451614,0.726,0.37,-0.356,0.98984,0.98689,-0.002950000000000008,93.66084158415842,94.05883807169344,0.3979964875350248,0.66,0.76,0.09999999999999998,0.7322580645161291,0.7161290322580646,-0.016129032258064502
6DNT_A,2,2,t075,310,0.4080645161290323,high,high,0.24838709677419354,0.43548387096774194,0.4258064516129032,-0.009677419354838734,135.0,132.0,-3.0,1.6421971321105957,2.0971715450286865,0.4549744129180908,17.576353073120117,10.609314918518066,-6.967038154602051,1.9684371948242188,-5.672531604766846,-7.6409687995910645,119.0,100.0,-19.0,38.387096774193544,32.25806451612903,-6.1290322580645125,0.094,0.25,0.156,0.98611,0.97718,-0.008929999999999993,94.05265272652727,93.45069192751235,-0.6019607990149183,0.77,1.08,0.31000000000000005,0.7193548387096774,0.7096774193548387,-0.009677419354838679
6DNT_A,3,2,t075,310,0.4080645161290323,high,high,0.24838709677419354,0.4096774193548387,0.432258064516129,0.022580645161290325,127.0,134.0,7.0,1.038291096687317,0.8828880190849304,-0.15540307760238647,9.84890365600586,8.483951568603516,-1.3649520874023438,-6.241251468658447,-6.975543975830078,-0.7342925071716309,88.0,95.0,7.0,28.387096774193548,30.64516129032258,2.258064516129032,0.296,0.27,-0.025999999999999968,0.98146,0.98336,0.0019000000000000128,93.80318649650062,94.06038875103391,0.25720225453329704,0.92,0.89,-0.030000000000000027,0.7161290322580646,0.7,-0.016129032258064613
6DNT_A,4,2,t075,310,0.4080645161290323,high,high,0.24838709677419354,0.3580645161290323,0.4838709677419355,0.12580645161290321,111.0,150.0,39.0,1.139923334121704,1.226509928703308,0.086586594581604,6.9116668701171875,12.588756561279297,5.677089691162109,-10.389423370361328,-5.418246269226074,4.971177101135254,61.0,78.0,17.0,19.67741935483871,25.161290322580644,5.483870967741932,0.466,0.42000000000000004,-0.045999999999999985,0.98586,0.98577,-8.999999999992347e-05,94.31431583298884,93.57034468608946,-0.7439711468993835,0.82,0.8,-0.019999999999999907,0.6870967741935484,0.7322580645161291,0.04516129032258065
6DNT_A,5,2,t075,310,0.4080645161290323,high,high,0.24838709677419354,0.44193548387096776,0.3709677419354839,-0.07096774193548389,137.0,115.0,-22.0,2.882338285446167,1.888554334640503,-0.9937839508056641,15.763010025024414,16.96242904663086,1.1994190216064453,-0.504488468170166,0.9151220321655273,1.4196105003356934,84.0,93.0,9.0,27.09677419354839,30.0,2.9032258064516085,0.41999999999999993,0.244,-0.17599999999999993,0.98568,0.98107,-0.004610000000000003,94.14792592592592,94.04579493565795,-0.10213099026796613,0.8,1.02,0.21999999999999997,0.7258064516129032,0.7032258064516129,-0.022580645161290325
6DNT_A,6,2,t075,310,0.4080645161290323,high,high,0.24838709677419354,0.43548387096774194,0.47096774193548385,0.035483870967741915,135.0,146.0,11.0,2.1686959266662598,1.6411904096603394,-0.5275055170059204,17.525793075561523,12.979959487915039,-4.545833587646484,1.496591567993164,-3.3148555755615234,-4.8114471435546875,122.0,94.0,-28.0,39.35483870967742,30.32258064516129,-9.032258064516135,0.156,0.22400000000000003,0.06800000000000003,0.98304,0.98361,0.0005699999999999594,94.17338563170934,93.22438914027148,-0.9489964914378533,0.86,0.85,-0.010000000000000009,0.7096774193548387,0.7225806451612903,0.012903225806451535
6DNT_A,7,2,t075,310,0.4080645161290323,high,high,0.24838709677419354,0.42258064516129035,0.3741935483870968,-0.04838709677419356,131.0,116.0,-15.0,0.8883975148200989,3.1524457931518555,2.2640482783317566,8.75511646270752,14.487945556640625,5.7328290939331055,-9.368402481079102,-3.7097368240356445,5.658665657043457,63.0,126.0,63.0,20.32258064516129,40.64516129032258,20.32258064516129,0.52,0.124,-0.396,0.98869,0.98028,-0.008409999999999918,94.06007407407408,94.4764279835391,0.41635390946501616,0.7,1.0,0.30000000000000004,0.7387096774193549,0.7387096774193549,0.0
6NQK_F,0,2,t075,215,0.42848837209302326,high,high,0.32558139534883723,0.4186046511627907,0.4186046511627907,0.0,90.0,90.0,0.0,1.5521175861358643,1.6838123798370361,0.13169479370117188,9.16469955444336,7.429202079772949,-1.7354974746704102,-8.863351821899414,-8.580331802368164,0.28302001953125,54.0,37.0,-17.0,25.116279069767444,17.209302325581397,-7.906976744186046,0.284,0.536,0.25200000000000006,0.42738,0.4055,-0.021879999999999955,40.9870606060606,39.83240898058252,-1.1546516254780812,4.19,4.29,0.09999999999999964,0.5255813953488372,0.4930232558139535,-0.03255813953488368
6NQK_F,1,2,t075,215,0.42848837209302326,high,high,0.32558139534883723,0.386046511627907,0.22790697674418606,-0.15813953488372093,83.0,49.0,-34.0,1.3399049043655396,1.6978055238723755,0.35790061950683594,8.612646102905273,17.021484375,8.408838272094727,-6.956833362579346,-1.7688522338867188,5.187981128692627,51.0,17.0,-34.0,23.72093023255814,7.906976744186046,-15.813953488372093,0.25999999999999995,0.8240000000000001,0.5640000000000001,0.29626,0.3883,0.09203999999999996,34.17870631514408,39.57299007444169,5.394283759297608,5.8,5.05,-0.75,0.4930232558139535,0.5441860465116279,0.05116279069767443
6NQK_F,2,2,t075,215,0.42848837209302326,high,high,0.32558139534883723,0.46511627906976744,0.3767441860465116,-0.08837209302325583,100.0,81.0,-19.0,1.277262806892395,1.8886713981628418,0.6114085912704468,11.243392944335938,10.833776473999023,-0.40961647033691406,-2.3595991134643555,-5.227417945861816,-2.867818832397461,92.0,58.0,-34.0,42.7906976744186,26.976744186046513,-15.81395348837209,0.186,0.162,-0.023999999999999994,0.38069,0.3226,-0.058089999999999975,29.726400244051252,25.71818400481058,-4.008216239240671,4.64,5.24,0.6000000000000005,0.5162790697674419,0.4930232558139535,-0.023255813953488358
6NQK_F,3,2,t075,215,0.42848837209302326,high,high,0.32558139534883723,0.386046511627907,0.4,0.013953488372093037,83.0,86.0,3.0,2.488495349884033,2.3215584754943848,-0.16693687438964844,14.690207481384277,17.07583236694336,2.385624885559082,-1.492009162902832,-2.092904567718506,-0.6008954048156738,33.0,75.0,42.0,15.348837209302326,34.883720930232556,19.53488372093023,0.27599999999999997,0.126,-0.14999999999999997,0.43893,0.39993,-0.03899999999999998,32.539808383233535,34.98174150485437,2.441933121620835,4.05,4.68,0.6299999999999999,0.5209302325581395,0.4511627906976744,-0.06976744186046513
6NQK_F,4,2,t075,215,0.42848837209302326,high,high,0.32558139534883723,0.4325581395348837,0.4046511627906977,-0.02790697674418602,93.0,87.0,-6.0,2.6877176761627197,3.1896731853485107,0.501955509185791,12.772272109985352,14.99228286743164,2.220010757446289,-1.3027210235595703,-1.476710319519043,-0.17398929595947266,60.0,80.0,20.0,27.906976744186046,37.2093023255814,9.302325581395351,0.312,0.19999999999999998,-0.11200000000000002,0.38789,0.40031,0.012419999999999987,43.40868310282622,58.96653548002386,15.55785237719764,4.32,4.28,-0.040000000000000036,0.5116279069767442,0.5302325581395348,0.018604651162790642
6NQK_F,5,2,t075,215,0.42848837209302326,high,high,0.32558139534883723,0.42790697674418604,0.4604651162790698,0.032558139534883734,92.0,99.0,7.0,2.0892868041992188,1.009588599205017,-1.0796982049942017,14.330442428588867,8.401594161987305,-5.9288482666015625,-1.573911190032959,-8.94054126739502,-7.3666300773620605,63.0,10.0,-53.0,29.30232558139535,4.651162790697675,-24.651162790697676,0.166,1.0139999999999998,0.8479999999999998,0.37732,0.36572,-0.0116,28.333713606654783,28.4926796589525,0.15896605229771765,4.99,4.81,-0.1800000000000006,0.5023255813953489,0.4790697674418605,-0.023255813953488413
6NQK_F,6,2,t075,215,0.42848837209302326,high,high,0.32558139534883723,0.4883720930232558,0.4186046511627907,-0.06976744186046507,105.0,90.0,-15.0,3.9250965118408203,3.1548616886138916,-0.7702348232269287,17.30411148071289,16.39288330078125,-0.9112281799316406,1.0818052291870117,-2.5024118423461914,-3.584217071533203,99.0,67.0,-32.0,46.04651162790698,31.16279069767442,-14.88372093023256,0.164,0.36000000000000004,0.19600000000000004,0.40582,0.41781,0.01199,33.70598798798799,35.527997616209774,1.8220096282217852,4.85,4.77,-0.08000000000000007,0.5488372093023256,0.4744186046511628,-0.07441860465116279
6NQK_F,7,2,t075,215,0.42848837209302326,high,high,0.32558139534883723,0.4232558139534884,0.29767441860465116,-0.12558139534883722,91.0,64.0,-27.0,3.2075748443603516,1.160677194595337,-2.0468976497650146,14.69691276550293,9.549758911132812,-5.147153854370117,-0.5284938812255859,-9.562703132629395,-9.034209251403809,88.0,9.0,-79.0,40.93023255813954,4.186046511627907,-36.74418604651163,0.30600000000000005,1.4380000000000002,1.1320000000000001,0.39011,0.39375,0.0036399999999999766,34.34886091127098,33.31973477998795,-1.0291261312830358,4.4,5.78,1.38,0.5162790697674419,0.5441860465116279,0.027906976744186074
9END_A,0,2,t075,307,0.4140879478827362,high,high,0.2280130293159609,0.41042345276872966,0.4820846905537459,0.07166123778501626,126.0,148.0,22.0,1.2338454723358154,1.557275652885437,0.3234301805496216,9.357061386108398,13.659517288208008,4.302455902099609,-6.464761257171631,-0.32550477981567383,6.139256477355957,37.0,93.0,56.0,12.052117263843648,30.293159609120522,18.241042345276874,0.146,0.05800000000000001,-0.08799999999999998,0.97919,0.97523,-0.0039599999999999635,88.92783889129494,88.56930060816681,-0.3585382831281265,1.17,1.2,0.030000000000000027,0.6547231270358306,0.6710097719869706,0.016286644951140072
9END_A,1,2,t075,307,0.4140879478827362,high,high,0.2280130293159609,0.4560260586319218,0.4495114006514658,-0.006514657980456029,140.0,138.0,-2.0,2.1548359394073486,1.2781541347503662,-0.8766818046569824,12.009696006774902,10.703240394592285,-1.3064556121826172,-4.4740800857543945,-4.9722900390625,-0.49820995330810547,79.0,67.0,-12.0,25.732899022801302,21.824104234527688,-3.908794788273614,0.04,0.05600000000000001,0.016000000000000007,0.97286,0.97019,-0.00266999999999995,88.05447709593777,88.71578992681877,0.6613128308810019,1.27,1.49,0.21999999999999997,0.6579804560260586,0.6579804560260586,0.0
9END_A,2,2,t075,307,0.4140879478827362,high,high,0.2280130293159609,0.3355048859934853,0.3713355048859935,0.03583061889250816,103.0,114.0,11.0,0.9734800457954407,1.4388686418533325,0.46538859605789185,11.47705078125,10.504039764404297,-0.9730110168457031,-2.290529727935791,-5.166590690612793,-2.876060962677002,68.0,66.0,-2.0,22.149837133550488,21.49837133550489,-0.6514657980455993,0.041999999999999996,0.186,0.14400000000000002,0.96359,0.97906,0.015470000000000095,89.61508260869566,88.00193631669535,-1.6131462920003088,1.53,1.18,-0.3500000000000001,0.6547231270358306,0.6710097719869706,0.016286644951140072
9END_A,3,2,t075,307,0.4140879478827362,high,high,0.2280130293159609,0.3583061889250814,0.48534201954397393,0.1270358306188925,110.0,149.0,39.0,1.8033205270767212,2.0401716232299805,0.23685109615325928,13.255245208740234,12.843257904052734,-0.4119873046875,-1.8017821311950684,-2.6765785217285156,-0.8747963905334473,65.0,59.0,-6.0,21.172638436482085,19.218241042345277,-1.9543973941368087,0.054000000000000006,0.036,-0.01800000000000001,0.96534,0.97375,0.008410000000000029,88.11040505226481,88.28116738197424,0.17076232970943295,1.44,1.29,-0.1499999999999999,0.6351791530944625,0.6286644951140065,-0.006514657980456029
9END_A,4,2,t075,307,0.4140879478827362,high,high,0.2280130293159609,0.46254071661237783,0.48534201954397393,0.0228013029315961,142.0,149.0,7.0,1.3390028476715088,2.23502779006958,0.8960249423980713,9.24084758758545,11.257670402526855,2.0168228149414062,-5.979678153991699,-3.8615670204162598,2.1181111335754395,48.0,58.0,10.0,15.63517915309446,18.892508143322477,3.2573289902280163,0.078,0.124,0.046,0.97313,0.97182,-0.0013100000000000334,88.25200950734659,88.36707559395248,0.11506608660589279,1.23,1.32,0.09000000000000008,0.6221498371335505,0.6840390879478827,0.061889250814332164
9END_A,5,2,t075,307,0.4140879478827362,high,high,0.2280130293159609,0.42996742671009774,0.3485342019543974,-0.08143322475570036,132.0,107.0,-25.0,1.4435482025146484,2.1219921112060547,0.6784439086914062,8.763879776000977,10.438106536865234,1.6742267608642578,-8.761727333068848,-5.435601711273193,3.3261256217956543,80.0,35.0,-45.0,26.058631921824105,11.400651465798045,-14.65798045602606,0.22200000000000003,0.094,-0.12800000000000003,0.96697,0.97406,0.007090000000000041,88.19409071274298,88.0009334485739,-0.19315726416907353,1.37,1.3,-0.07000000000000006,0.6514657980456026,0.6514657980456026,0.0
9END_A,6,2,t075,307,0.4140879478827362,high,high,0.2280130293159609,0.42996742671009774,0.36482084690553745,-0.06514657980456029,132.0,112.0,-20.0,1.8503825664520264,2.196361780166626,0.3459792137145996,8.832624435424805,13.253941535949707,4.421317100524902,-7.285001277923584,-3.0124149322509766,4.272586345672607,74.0,93.0,19.0,24.104234527687296,30.293159609120522,6.188925081433226,0.072,0.064,-0.007999999999999993,0.97288,0.97117,-0.0017099999999999893,88.73316904453091,87.38376241900649,-1.3494066255244235,1.33,1.36,0.030000000000000027,0.6514657980456026,0.6547231270358306,0.0032573289902280145
9END_A,7,2,t075,307,0.4140879478827362,high,high,0.2280130293159609,0.42996742671009774,0.3745928338762215,-0.055374592833876246,132.0,115.0,-17.0,2.6403145790100098,0.9422242641448975,-1.6980903148651123,13.501792907714844,13.516027450561523,0.014234542846679688,-2.143681526184082,-1.0179848670959473,1.1256966590881348,59.0,83.0,24.0,19.218241042345277,27.035830618892508,7.817589576547231,0.054000000000000006,0.046,-0.008000000000000007,0.97121,0.97325,0.0020399999999999308,87.92228755364806,87.23455441302485,-0.6877331406232088,1.31,1.23,-0.08000000000000007,0.6579804560260586,0.6677524429967426,0.009771986970684043
5I0L_A,0,2,t075,158,0.3686708860759494,low_or_equal,low_or_equal,0.2088607594936709,0.3291139240506329,0.34810126582278483,0.018987341772151944,52.0,55.0,3.0,0.9176341891288757,1.2215471267700195,0.3039129376411438,4.532623291015625,8.569479942321777,4.036856651306152,-11.865619659423828,-7.617617130279541,4.248002529144287,20.0,26.0,6.0,12.658227848101266,16.455696202531644,3.7974683544303787,0.508,0.2,-0.308,0.98584,0.98512,-0.0007200000000000539,92.29394930498773,91.3398586866168,-0.954090618370941,0.57,0.59,0.020000000000000018,0.7278481012658228,0.689873417721519,-0.03797468354430378
5I0L_A,1,2,t075,158,0.3686708860759494,low_or_equal,low_or_equal,0.2088607594936709,0.4430379746835443,0.4873417721518987,0.044303797468354444,70.0,77.0,7.0,2.1461918354034424,2.7294921875,0.5833003520965576,11.003408432006836,9.766485214233398,-1.2369232177734375,-4.178581237792969,-4.348416328430176,-0.16983509063720703,40.0,50.0,10.0,25.31645569620253,31.645569620253166,6.329113924050635,0.182,0.11600000000000002,-0.06599999999999998,0.98498,0.98076,-0.0042200000000000015,93.19284999999999,91.15431438127091,-2.0385356187290853,0.59,0.68,0.09000000000000008,0.7151898734177216,0.6835443037974683,-0.03164556962025322
5I0L_A,2,2,t075,158,0.3686708860759494,low_or_equal,low_or_equal,0.2088607594936709,0.43037974683544306,0.20253164556962025,-0.2278481012658228,68.0,32.0,-36.0,1.39435613155365,1.6220753192901611,0.22771918773651123,7.434396266937256,12.994037628173828,5.559641361236572,-8.373830795288086,-3.111672878265381,5.262157917022705,34.0,23.0,-11.0,21.518987341772153,14.556962025316455,-6.962025316455698,0.256,0.20800000000000002,-0.04799999999999999,0.98792,0.98674,-0.0011800000000000699,93.2432577665827,93.49444259567389,0.2511848290911871,0.53,0.56,0.030000000000000027,0.7151898734177216,0.6835443037974683,-0.03164556962025322
5I0L_A,3,2,t075,158,0.3686708860759494,low_or_equal,low_or_equal,0.2088607594936709,0.34177215189873417,0.31645569620253167,-0.0253164556962025,54.0,50.0,-4.0,1.9688621759414673,0.8050065040588379,-1.1638556718826294,13.003711700439453,4.098418235778809,-8.905293464660645,-3.0465893745422363,-11.878875732421875,-8.832286357879639,23.0,35.0,12.0,14.556962025316455,22.151898734177212,7.594936708860757,0.20400000000000001,0.238,0.033999999999999975,0.9862,0.98642,0.00021999999999999797,92.56443059019118,93.74742233417295,1.1829917439817734,0.57,0.56,-0.009999999999999898,0.689873417721519,0.7088607594936709,0.01898734177215189
5I0L_A,4,2,t075,158,0.3686708860759494,low_or_equal,low_or_equal,0.2088607594936709,0.45569620253164556,0.33544303797468356,-0.120253164556962,72.0,53.0,-19.0,1.7285739183425903,0.6449949145317078,-1.0835790038108826,6.307849407196045,5.452627182006836,-0.855222225189209,-8.805244445800781,-9.900593757629395,-1.0953493118286133,34.0,42.0,8.0,21.518987341772153,26.582278481012654,5.063291139240501,0.194,0.22799999999999998,0.033999999999999975,0.98575,0.98638,0.0006300000000000194,92.9948569023569,92.89867671691793,-0.09618018543896767,0.64,0.57,-0.07000000000000006,0.7215189873417721,0.7088607594936709,-0.012658227848101222
5I0L_A,5,2,t075,158,0.3686708860759494,low_or_equal,low_or_equal,0.2088607594936709,0.379746835443038,0.3291139240506329,-0.05063291139240511,60.0,52.0,-8.0,2.6793274879455566,1.0774632692337036,-1.601864218711853,10.541703224182129,5.574695587158203,-4.967007637023926,-4.924511432647705,-10.771492958068848,-5.846981525421143,53.0,28.0,-25.0,33.54430379746836,17.72151898734177,-15.822784810126588,0.124,0.32999999999999996,0.20599999999999996,0.9836,0.98713,0.003529999999999922,93.63223905723906,93.16829858215179,-0.46394047508727,0.62,0.55,-0.06999999999999995,0.6962025316455697,0.6835443037974683,-0.012658227848101333
5I0L_A,6,2,t075,158,0.3686708860759494,low_or_equal,low_or_equal,0.2088607594936709,0.3987341772151899,0.3670886075949367,-0.03164556962025317,63.0,58.0,-5.0,2.0620014667510986,2.934967517852783,0.8729660511016846,10.42468547821045,13.902389526367188,3.4777040481567383,-3.834415912628174,-1.912003993988037,1.9224119186401367,71.0,50.0,-21.0,44.936708860759495,31.645569620253166,-13.291139240506329,0.21399999999999997,0.126,-0.08799999999999997,0.98617,0.98646,0.00029000000000001247,91.53706176961602,92.8347168216399,1.2976550520238845,0.57,0.56,-0.009999999999999898,0.689873417721519,0.6835443037974683,-0.006329113924050667
5I0L_A,7,2,t075,158,0.3686708860759494,low_or_equal,low_or_equal,0.2088607594936709,0.17088607594936708,0.4050632911392405,0.23417721518987342,27.0,64.0,37.0,0.45347845554351807,2.5367016792297363,2.0832232236862183,3.8698511123657227,18.251558303833008,14.381707191467285,-12.398832321166992,1.7615718841552734,14.160404205322266,9.0,32.0,23.0,5.69620253164557,20.253164556962027,14.556962025316457,0.8559999999999999,0.09000000000000001,-0.7659999999999999,0.98662,0.98583,-0.0007900000000000684,92.08914805624482,92.49933388157895,0.41018582533412484,0.56,0.57,0.009999999999999898,0.6772151898734177,0.7025316455696202,0.025316455696202556
6HJS_B,0,2,t075,236,0.3691737288135593,low_or_equal,low_or_equal,0.19491525423728814,0.4406779661016949,0.3305084745762712,-0.11016949152542371,104.0,78.0,-26.0,2.226454019546509,2.0898828506469727,-0.13657116889953613,10.702191352844238,15.520378112792969,4.8181867599487305,-5.02903413772583,-0.9334297180175781,4.095604419708252,60.0,44.0,-16.0,25.423728813559322,18.64406779661017,-6.779661016949152,0.15,0.14200000000000002,-0.00799999999999998,0.98009,0.97723,-0.0028599999999999737,93.11287305122495,93.14850779510023,0.03563474387527776,0.88,1.01,0.13,0.6398305084745762,0.6694915254237288,0.029661016949152574
6HJS_B,1,2,t075,236,0.3691737288135593,low_or_equal,low_or_equal,0.19491525423728814,0.3940677966101695,0.4025423728813559,0.008474576271186418,93.0,95.0,2.0,1.7816115617752075,1.105898380279541,-0.6757131814956665,10.965652465820312,7.491074085235596,-3.474578380584717,-5.401209354400635,-7.936061859130859,-2.5348525047302246,28.0,46.0,18.0,11.864406779661017,19.491525423728813,7.627118644067796,0.62,0.368,-0.252,0.97277,0.97163,-0.0011400000000000299,92.01259199134199,93.08969398907105,1.0771019977290592,1.17,1.17,0.0,0.673728813559322,0.6779661016949152,0.004237288135593209
6HJS_B,2,2,t075,236,0.3691737288135593,low_or_equal,low_or_equal,0.19491525423728814,0.4491525423728814,0.4830508474576271,0.03389830508474573,106.0,114.0,8.0,3.1780107021331787,1.8711727857589722,-1.3068379163742065,17.233457565307617,12.663063049316406,-4.570394515991211,1.1917285919189453,-2.000361919403076,-3.1920905113220215,54.0,42.0,-12.0,22.88135593220339,17.796610169491526,-5.084745762711865,0.154,0.362,0.208,0.98489,0.98488,-1.0000000000065512e-05,87.1534749034749,94.38411893071468,7.2306440272397765,0.77,0.74,-0.030000000000000027,0.6949152542372882,0.7033898305084746,0.008474576271186418
6HJS_B,3,2,t075,236,0.3691737288135593,low_or_equal,low_or_equal,0.19491525423728814,0.4449152542372881,0.4915254237288136,0.046610169491525466,105.0,116.0,11.0,1.6637864112854004,3.016111135482788,1.3523247241973877,11.537718772888184,11.433487892150879,-0.10423088073730469,-4.434736251831055,-3.8050742149353027,0.629662036895752,23.0,84.0,61.0,9.745762711864407,35.59322033898305,25.847457627118644,0.908,0.242,-0.666,0.96739,0.97016,0.00277000000000005,93.06540688148553,93.36776013143484,0.3023532499493058,1.35,1.34,-0.010000000000000009,0.7033898305084746,0.6694915254237288,-0.03389830508474578
6HJS_B,4,2,t075,236,0.3691737288135593,low_or_equal,low_or_equal,0.19491525423728814,0.2288135593220339,0.4406779661016949,0.211864406779661,54.0,104.0,50.0,1.6305783987045288,1.3279391527175903,-0.3026392459869385,11.996603012084961,10.480031967163086,-1.516571044921875,-4.2946929931640625,-8.7345552444458,-4.439862251281738,25.0,21.0,-4.0,10.59322033898305,8.898305084745763,-1.6949152542372872,0.33399999999999996,0.47000000000000003,0.13600000000000007,0.98265,0.9572,-0.025449999999999973,93.01558568329718,87.68241855328547,-5.333167130011702,0.87,1.31,0.44000000000000006,0.711864406779661,0.6652542372881356,-0.04661016949152541
6HJS_B,5,2,t075,236,0.3691737288135593,low_or_equal,low_or_equal,0.19491525423728814,0.19915254237288135,0.3940677966101695,0.19491525423728814,47.0,93.0,46.0,1.2979388236999512,2.8679676055908203,1.5700287818908691,12.462799072265625,18.79827308654785,6.335474014282227,-3.4844441413879395,3.4094533920288086,6.893897533416748,23.0,74.0,51.0,9.745762711864407,31.35593220338983,21.610169491525426,0.574,0.05800000000000001,-0.5159999999999999,0.97097,0.97063,-0.00034000000000000696,93.813108033241,92.85089511257551,-0.962212920665479,1.31,1.36,0.050000000000000044,0.6822033898305084,0.6864406779661016,0.004237288135593209
6HJS_B,6,2,t075,236,0.3691737288135593,low_or_equal,low_or_equal,0.19491525423728814,0.4067796610169492,0.3432203389830508,-0.06355932203389836,96.0,81.0,-15.0,1.1685091257095337,2.1244606971740723,0.9559515714645386,10.397871017456055,16.232683181762695,5.834812164306641,-5.94295597076416,0.7277698516845703,6.6707258224487305,31.0,57.0,26.0,13.135593220338984,24.152542372881356,11.016949152542372,0.5359999999999999,0.41,-0.12599999999999995,0.98136,0.98422,0.0028599999999999737,92.6913413304253,94.18108839779005,1.4897470673647462,0.92,0.86,-0.06000000000000005,0.6567796610169492,0.6864406779661016,0.029661016949152463
6HJS_B,7,2,t075,236,0.3691737288135593,low_or_equal,low_or_equal,0.19491525423728814,0.3898305084745763,0.4067796610169492,0.01694915254237289,92.0,96.0,4.0,2.603886127471924,2.1461288928985596,-0.45775723457336426,15.863853454589844,15.33797550201416,-0.5258779525756836,-0.05675840377807617,-0.644195556640625,-0.5874371528625488,36.0,25.0,-11.0,15.254237288135593,10.59322033898305,-4.661016949152543,0.46799999999999997,0.39,-0.07799999999999996,0.97584,0.97255,-0.003290000000000015,92.96398574561404,93.21734537493158,0.2533596293175435,1.05,1.24,0.18999999999999995,0.7076271186440678,0.7372881355932204,0.029661016949152574
1WZE_B,0,2,t075,327,0.3857033639143731,high,high,0.17737003058103976,0.41590214067278286,0.45565749235474007,0.03975535168195721,136.0,149.0,13.0,2.4356775283813477,2.4693658351898193,0.03368830680847168,19.818161010742188,20.589305877685547,0.7711448669433594,4.103160858154297,3.7975597381591797,-0.3056011199951172,145.0,120.0,-25.0,44.342507645259936,36.69724770642202,-7.645259938837917,0.006,0.02,0.014,0.98197,0.98509,0.0031200000000000117,89.46427416093813,87.48091161315894,-1.983362547779194,0.97,0.87,-0.09999999999999998,0.7431192660550459,0.72782874617737,-0.015290519877675823
1WZE_B,1,2,t075,327,0.3857033639143731,high,high,0.17737003058103976,0.40672782874617736,0.3577981651376147,-0.04892966360856266,133.0,117.0,-16.0,2.257218599319458,2.4014687538146973,0.14425015449523926,19.57921600341797,20.161043167114258,0.5818271636962891,3.918933868408203,3.592392921447754,-0.3265409469604492,140.0,82.0,-58.0,42.813455657492355,25.076452599388375,-17.73700305810398,0.034,0.05,0.016,0.98176,0.98193,0.00017000000000000348,88.25106811769447,87.94553535353536,-0.30553276415911057,0.97,0.94,-0.030000000000000027,0.7125382262996942,0.7217125382262997,0.00917431192660545
1WZE_B,2,2,t075,327,0.3857033639143731,high,high,0.17737003058103976,0.41590214067278286,0.4709480122324159,0.05504587155963303,136.0,154.0,18.0,2.285853862762451,2.095310688018799,-0.19054317474365234,16.651845932006836,18.523849487304688,1.8720035552978516,-0.04593086242675781,2.802975654602051,2.8489065170288086,63.0,80.0,17.0,19.26605504587156,24.464831804281346,5.198776758409785,0.04,0.036,-0.0040000000000000036,0.9828,0.98455,0.0017500000000000293,87.87753895325609,88.63954710877476,0.7620081555186715,0.91,0.87,-0.040000000000000036,0.7492354740061162,0.7522935779816514,0.003058103975535187
1WZE_B,3,2,t075,327,0.3857033639143731,high,high,0.17737003058103976,0.29357798165137616,0.3853211009174312,0.09174311926605505,96.0,126.0,30.0,1.568150281906128,1.1951550245285034,-0.3729952573776245,17.000690460205078,18.49016761779785,1.4894771575927734,0.8909673690795898,3.642958641052246,2.7519912719726562,65.0,73.0,8.0,19.877675840978593,22.32415902140673,2.4464831804281353,0.06799999999999999,0.054000000000000006,-0.013999999999999985,0.98549,0.97949,-0.006000000000000005,87.9463201911589,87.88107258064517,-0.06524761051373673,0.85,1.04,0.19000000000000006,0.7370030581039755,0.7125382262996942,-0.024464831804281273
1WZE_B,4,2,t075,327,0.3857033639143731,high,high,0.17737003058103976,0.39143730886850153,0.4648318042813456,0.07339449541284404,128.0,152.0,24.0,2.7484183311462402,2.106572389602661,-0.6418459415435791,19.08770179748535,15.673322677612305,-3.414379119873047,2.4694461822509766,-0.6782736778259277,-3.1477198600769043,96.0,64.0,-32.0,29.357798165137616,19.571865443425075,-9.785932721712541,0.026000000000000002,0.274,0.24800000000000003,0.9867,0.98041,-0.006290000000000018,87.80631536278881,89.9916883116883,2.1853729488994986,0.8,0.97,0.16999999999999993,0.746177370030581,0.7247706422018348,-0.021406727828746197
1WZE_B,5,2,t075,327,0.3857033639143731,high,high,0.17737003058103976,0.3516819571865443,0.41284403669724773,0.061162079510703404,115.0,135.0,20.0,1.8638408184051514,2.911588191986084,1.0477473735809326,19.953594207763672,19.596832275390625,-0.3567619323730469,3.6171693801879883,3.187066078186035,-0.4301033020019531,98.0,136.0,38.0,29.96941896024465,41.59021406727829,11.62079510703364,0.024,0.012,-0.012,0.98509,0.98256,-0.0025300000000000322,88.66012454801124,88.49383772819472,-0.16628681981651994,0.87,0.97,0.09999999999999998,0.7584097859327217,0.746177370030581,-0.012232415902140636
1WZE_B,6,2,t075,327,0.3857033639143731,high,high,0.17737003058103976,0.42507645259938837,0.37920489296636084,-0.045871559633027525,139.0,124.0,-15.0,1.6925989389419556,2.223335027694702,0.5307360887527466,18.30157470703125,19.406566619873047,1.1049919128417969,2.3461570739746094,2.7329940795898438,0.3868370056152344,127.0,71.0,-56.0,38.837920489296636,21.712538226299692,-17.125382262996943,0.034,0.054000000000000006,0.020000000000000004,0.98525,0.98397,-0.0012799999999999478,88.05318273497377,89.71099636950383,1.6578136345300578,0.86,0.92,0.06000000000000005,0.7553516819571865,0.7400611620795107,-0.015290519877675823
1WZE_B,7,2,t075,327,0.3857033639143731,high,high,0.17737003058103976,0.3853211009174312,0.382262996941896,-0.003058103975535187,126.0,125.0,-1.0,1.4962409734725952,2.2155776023864746,0.7193366289138794,17.615888595581055,20.48565673828125,2.8697681427001953,1.5545759201049805,3.847156524658203,2.2925806045532227,53.0,124.0,71.0,16.207951070336392,37.920489296636084,21.712538226299692,0.168,0.012,-0.156,0.98606,0.98371,-0.0023500000000000743,88.35829838709677,88.98091129032258,0.6226129032258143,0.82,0.91,0.09000000000000008,0.7186544342507645,0.7400611620795107,0.021406727828746197
6K8P_C,0,2,t075,294,0.423469387755102,high,high,0.22448979591836735,0.3299319727891156,0.42857142857142855,0.09863945578231292,97.0,126.0,29.0,3.056133985519409,2.0447733402252197,-1.0113606452941895,19.79361915588379,17.171537399291992,-2.622081756591797,3.3314390182495117,0.7429656982421875,-2.588473320007324,190.0,96.0,-94.0,64.62585034013605,32.6530612244898,-31.972789115646258,0.006,0.014000000000000002,0.008000000000000002,0.95194,0.95514,0.0031999999999999806,88.8544525215811,88.9991047531149,0.14465223153381146,1.32,1.25,-0.07000000000000006,0.5238095238095238,0.4965986394557823,-0.027210884353741527
6K8P_C,1,2,t075,294,0.423469387755102,high,high,0.22448979591836735,0.42857142857142855,0.3197278911564626,-0.10884353741496594,126.0,94.0,-32.0,2.6645357608795166,1.3308945894241333,-1.3336411714553833,19.08403778076172,13.622645378112793,-5.461392402648926,2.469533920288086,-3.1346516609191895,-5.604185581207275,110.0,59.0,-51.0,37.41496598639456,20.068027210884352,-17.34693877551021,0.01,0.082,0.07200000000000001,0.93971,0.96552,0.02581,88.6242234332425,90.64782352941177,2.023600096169261,1.55,1.36,-0.18999999999999995,0.5238095238095238,0.5068027210884354,-0.017006802721088454
6K8P_C,2,2,t075,294,0.423469387755102,high,high,0.22448979591836735,0.47278911564625853,0.42517006802721086,-0.04761904761904767,139.0,125.0,-14.0,2.1377928256988525,2.297701358795166,0.15990853309631348,18.194129943847656,19.045873641967773,0.8517436981201172,2.906283378601074,2.5802993774414062,-0.32598400115966797,171.0,109.0,-62.0,58.16326530612245,37.07482993197279,-21.088435374149654,0.024,0.02,-0.004,0.97445,0.9681,-0.006350000000000078,84.21508835523335,90.15053085299455,5.935442497761201,1.19,1.31,0.1200000000000001,0.5272108843537415,0.5272108843537415,0.0
6K8P_C,3,2,t075,294,0.423469387755102,high,high,0.22448979591836735,0.43537414965986393,0.3673469387755102,-0.0680272108843537,128.0,108.0,-20.0,1.9087135791778564,2.95505690574646,1.0463433265686035,16.07851791381836,18.505367279052734,2.426849365234375,-3.1917409896850586,0.562251091003418,3.7539920806884766,122.0,129.0,7.0,41.49659863945578,43.87755102040816,2.3809523809523796,0.026000000000000002,0.016,-0.010000000000000002,0.9502,0.97677,0.026569999999999983,89.74471799462847,91.97231844835363,2.2276004537251595,1.4,1.02,-0.3799999999999999,0.5306122448979592,0.5136054421768708,-0.017006802721088454
6K8P_C,4,2,t075,294,0.423469387755102,high,high,0.22448979591836735,0.4931972789115646,0.42517006802721086,-0.06802721088435376,145.0,125.0,-20.0,1.6806179285049438,2.1746480464935303,0.4940301179885864,19.056821823120117,18.500812530517578,-0.5560092926025391,3.0721330642700195,2.560797691345215,-0.5113353729248047,166.0,123.0,-43.0,56.4625850340136,41.83673469387755,-14.625850340136047,0.002,0.016,0.014,0.961,0.94665,-0.014349999999999974,87.53494252873563,88.31560820045559,0.7806656717199587,1.05,1.51,0.45999999999999996,0.5510204081632653,0.5136054421768708,-0.03741496598639449
6K8P_C,5,2,t075,294,0.423469387755102,high,high,0.22448979591836735,0.445578231292517,0.3945578231292517,-0.05102040816326531,131.0,116.0,-15.0,2.233397960662842,2.2094428539276123,-0.023955106735229492,18.220918655395508,18.10753631591797,-0.11338233947753906,1.860276222229004,1.4470930099487305,-0.41318321228027344,129.0,106.0,-23.0,43.87755102040816,36.054421768707485,-7.823129251700678,0.038,0.032,-0.005999999999999998,0.9543,0.95704,0.0027399999999999647,84.81293767186067,89.69327256153146,4.880334889670792,1.8,1.21,-0.5900000000000001,0.5578231292517006,0.5068027210884354,-0.05102040816326525
6K8P_C,6,2,t075,294,0.423469387755102,high,high,0.22448979591836735,0.40476190476190477,0.37755102040816324,-0.027210884353741527,119.0,111.0,-8.0,1.9641482830047607,1.4161875247955322,-0.5479607582092285,17.638429641723633,15.62508773803711,-2.0133419036865234,-1.7977018356323242,-0.4400005340576172,1.357701301574707,143.0,90.0,-53.0,48.63945578231292,30.612244897959183,-18.02721088435374,0.038,0.024,-0.013999999999999999,0.95617,0.97935,0.02318000000000009,89.12300274223036,90.02118843199278,0.8981856897624283,1.22,0.98,-0.24,0.5102040816326531,0.5102040816326531,0.0
6K8P_C,7,2,t075,294,0.423469387755102,high,high,0.22448979591836735,0.37755102040816324,0.336734693877551,-0.040816326530612235,111.0,99.0,-12.0,1.7206789255142212,1.3775701522827148,-0.34310877323150635,18.04644012451172,18.779129028320312,0.7326889038085938,2.093629837036133,2.883502960205078,0.7898731231689453,180.0,96.0,-84.0,61.224489795918366,32.6530612244898,-28.57142857142857,0.034,0.032,-0.0020000000000000018,0.9767,0.95688,-0.01982000000000006,88.32028880866426,88.42254191209787,0.10225310343361116,1.06,1.28,0.21999999999999997,0.5408163265306123,0.5340136054421769,-0.006802721088435382
6VJP_B,0,2,t075,153,0.35784313725490197,low_or_equal,low_or_equal,0.23529411764705882,0.477124183006536,0.26143790849673204,-0.21568627450980393,73.0,40.0,-33.0,1.4927021265029907,1.2127101421356201,-0.2799919843673706,11.189516067504883,8.263601303100586,-2.925914764404297,-3.597944974899292,-8.964452743530273,-5.3665077686309814,10.0,4.0,-6.0,6.535947712418301,2.6143790849673203,-3.921568627450981,1.244,1.89,0.6459999999999999,0.98773,0.98282,-0.00490999999999997,92.82070085470086,91.21510067114093,-1.605600183559929,0.57,0.75,0.18000000000000005,0.6601307189542484,0.6274509803921569,-0.0326797385620915
6VJP_B,1,2,t075,153,0.35784313725490197,low_or_equal,low_or_equal,0.23529411764705882,0.24836601307189543,0.41830065359477125,0.16993464052287582,38.0,64.0,26.0,2.1380999088287354,2.3363282680511475,0.1982283592224121,19.190404891967773,15.987920761108398,-3.202484130859375,3.3279170989990234,0.8907222747802734,-2.43719482421875,35.0,57.0,22.0,22.875816993464053,37.254901960784316,14.379084967320264,0.138,0.238,0.09999999999999998,0.98751,0.98828,0.0007700000000000484,91.470820642978,91.87286445012788,0.4020438071498802,0.58,0.52,-0.05999999999999994,0.6535947712418301,0.6339869281045751,-0.019607843137254943
6VJP_B,2,2,t075,153,0.35784313725490197,low_or_equal,low_or_equal,0.23529411764705882,0.2549019607843137,0.27450980392156865,0.019607843137254943,39.0,42.0,3.0,2.177234649658203,1.5430129766464233,-0.6342216730117798,16.608797073364258,10.305501937866211,-6.303295135498047,1.3850030899047852,-8.184101104736328,-9.569104194641113,30.0,24.0,-6.0,19.607843137254903,15.686274509803921,-3.9215686274509824,0.15799999999999997,0.8160000000000001,0.6580000000000001,0.98691,0.98832,0.0014100000000000223,92.7125748502994,90.83660804020101,-1.8759668100983902,0.59,0.52,-0.06999999999999995,0.6405228758169934,0.6405228758169934,0.0
6VJP_B,3,2,t075,153,0.35784313725490197,low_or_equal,low_or_equal,0.23529411764705882,0.3202614379084967,0.39215686274509803,0.07189542483660133,49.0,60.0,11.0,2.7541351318359375,3.5481133460998535,0.793978214263916,19.61159896850586,17.28184700012207,-2.329751968383789,3.478221893310547,1.371260643005371,-2.106961250305176,24.0,32.0,8.0,15.686274509803921,20.915032679738562,5.2287581699346415,0.172,0.366,0.194,0.98944,0.96569,-0.023749999999999938,91.7947870528109,87.3925760135135,-4.4022110392973985,0.5,1.26,0.76,0.6405228758169934,0.6143790849673203,-0.02614379084967311
6VJP_B,4,2,t075,153,0.35784313725490197,low_or_equal,low_or_equal,0.23529411764705882,0.43790849673202614,0.3137254901960784,-0.12418300653594772,67.0,48.0,-19.0,2.2652688026428223,2.6737303733825684,0.4084615707397461,11.980998992919922,19.761049270629883,7.780050277709961,-3.5722813606262207,3.9426965713500977,7.514977931976318,73.0,32.0,-41.0,47.712418300653596,20.915032679738562,-26.797385620915033,0.276,0.192,-0.08400000000000002,0.98847,0.9855,-0.002969999999999917,91.21228741496599,90.97883304940375,-0.2334543655622383,0.52,0.61,0.08999999999999997,0.6535947712418301,0.6797385620915033,0.02614379084967322
6VJP_B,5,2,t075,153,0.35784313725490197,low_or_equal,low_or_equal,0.23529411764705882,0.47058823529411764,0.45098039215686275,-0.019607843137254888,72.0,69.0,-3.0,0.8202760219573975,3.1082844734191895,2.288008451461792,16.14897346496582,17.290138244628906,1.141164779663086,3.3866376876831055,2.335343360900879,-1.0512943267822266,67.0,19.0,-48.0,43.790849673202615,12.418300653594772,-31.372549019607845,0.134,0.434,0.3,0.98485,0.98715,0.0022999999999999687,92.58995659722223,91.94901877133105,-0.6409378258911715,0.62,0.57,-0.050000000000000044,0.6601307189542484,0.7124183006535948,0.05228758169934644
6VJP_B,6,2,t075,153,0.35784313725490197,low_or_equal,low_or_equal,0.23529411764705882,0.3202614379084967,0.42483660130718953,0.10457516339869283,49.0,65.0,16.0,3.113872766494751,2.4448649883270264,-0.6690077781677246,17.81307601928711,18.383878707885742,0.5708026885986328,1.7670059204101562,3.9850893020629883,2.218083381652832,32.0,56.0,24.0,20.915032679738562,36.60130718954248,15.68627450980392,0.38,0.156,-0.224,0.9876,0.98943,0.0018299999999999983,92.1565903307888,91.97954391891892,-0.17704641186988113,0.55,0.49,-0.06000000000000005,0.6862745098039216,0.6666666666666666,-0.019607843137254943
6VJP_B,7,2,t075,153,0.35784313725490197,low_or_equal,low_or_equal,0.23529411764705882,0.3333333333333333,0.3202614379084967,-0.01307189542483661,51.0,49.0,-2.0,2.147975444793701,2.227299690246582,0.07932424545288086,16.190309524536133,14.404748916625977,-1.7855606079101562,0.9882478713989258,-1.4231500625610352,-2.411397933959961,29.0,18.0,-11.0,18.954248366013072,11.76470588235294,-7.189542483660132,0.262,0.5359999999999999,0.2739999999999999,0.98878,0.97082,-0.017959999999999976,91.75275803722504,86.56610829103215,-5.186649746192884,0.52,0.91,0.39,0.6405228758169934,0.6405228758169934,0.0
4ND3_B,0,2,t075,317,0.39235015772870663,high,high,0.11987381703470032,0.40063091482649843,0.4921135646687697,0.09148264984227128,127.0,156.0,29.0,1.9288216829299927,1.9597127437591553,0.030891060829162598,13.76385498046875,13.404031753540039,-0.35982322692871094,-2.614307403564453,-1.880009651184082,0.7342977523803711,78.0,40.0,-38.0,24.605678233438486,12.618296529968454,-11.987381703470032,0.39199999999999996,0.30999999999999994,-0.08200000000000002,0.97059,0.95137,-0.019219999999999904,89.36903334740397,90.13940008449514,0.770366737091166,1.48,1.74,0.26,0.6277602523659306,0.61198738170347,-0.01577287066246058
4ND3_B,1,2,t075,317,0.39235015772870663,high,high,0.11987381703470032,0.33753943217665616,0.4668769716088328,0.12933753943217663,107.0,148.0,41.0,1.6222577095031738,1.8095595836639404,0.1873018741607666,13.643144607543945,16.14424705505371,2.5011024475097656,-1.5773744583129883,0.06967926025390625,1.6470537185668945,185.0,124.0,-61.0,58.359621451104104,39.11671924290221,-19.242902208201897,0.076,0.06799999999999999,-0.008000000000000007,0.97034,0.967,-0.0033400000000000096,88.57796574770259,89.22059443507588,0.6426286873732892,1.49,1.53,0.040000000000000036,0.6214511041009464,0.6246056782334385,0.003154574132492094
4ND3_B,2,2,t075,317,0.39235015772870663,high,high,0.11987381703470032,0.38801261829652994,0.4195583596214511,0.03154574132492116,123.0,133.0,10.0,1.9378883838653564,2.2357702255249023,0.2978818416595459,11.174546241760254,13.512584686279297,2.338038444519043,-4.729284286499023,-2.201479911804199,2.527804374694824,129.0,107.0,-22.0,40.694006309148264,33.753943217665615,-6.940063091482649,0.048,0.06,0.011999999999999997,0.96878,0.96843,-0.00034999999999996145,88.37440016778524,89.09612123781264,0.7217210700273995,1.64,1.49,-0.1499999999999999,0.6309148264984227,0.6151419558359621,-0.01577287066246058
4ND3_B,3,2,t075,317,0.39235015772870663,high,high,0.11987381703470032,0.43217665615141954,0.4605678233438486,0.028391167192429068,137.0,146.0,9.0,2.032820463180542,2.854119300842285,0.8212988376617432,14.320745468139648,13.941247940063477,-0.3794975280761719,-0.39574766159057617,-0.8258590698242188,-0.4301114082336426,120.0,225.0,105.0,37.85488958990536,70.97791798107255,33.12302839116719,0.05600000000000001,0.032,-0.024000000000000007,0.96999,0.9706,0.0006099999999999994,89.94377909437156,91.6032733361239,1.6594942417523413,1.5,1.48,-0.020000000000000018,0.6403785488958991,0.6624605678233438,0.02208201892744477
4ND3_B,4,2,t075,317,0.39235015772870663,high,high,0.11987381703470032,0.3186119873817035,0.49842271293375395,0.17981072555205047,101.0,158.0,57.0,1.1777609586715698,2.7797601222991943,1.6019991636276245,6.634476661682129,14.849191665649414,8.214715003967285,-9.443403244018555,-0.4880380630493164,8.955365180969238,42.0,136.0,94.0,13.249211356466878,42.90220820189275,29.652996845425868,0.6300000000000001,0.05600000000000001,-0.5740000000000001,0.96898,0.968,-0.0009799999999999809,88.91873049346268,87.89801009676063,-1.0207203967020462,1.5,1.63,0.1299999999999999,0.6403785488958991,0.6593059936908517,0.018927444794952675
4ND3_B,5,2,t075,317,0.39235015772870663,high,high,0.11987381703470032,0.47318611987381703,0.4195583596214511,-0.05362776025236593,150.0,133.0,-17.0,1.779369831085205,1.9172470569610596,0.1378772258758545,13.361833572387695,9.483840942382812,-3.877992630004883,-2.359363555908203,-5.984341621398926,-3.6249780654907227,178.0,45.0,-133.0,56.15141955835961,14.195583596214512,-41.9558359621451,0.038,0.4800000000000001,0.4420000000000001,0.96959,0.96867,-0.0009199999999999209,91.24189575451871,91.69227864036928,0.45038288585057273,1.47,1.5,0.030000000000000027,0.6277602523659306,0.61198738170347,-0.01577287066246058
4ND3_B,6,2,t075,317,0.39235015772870663,high,high,0.11987381703470032,0.40063091482649843,0.3753943217665615,-0.025236593059936918,127.0,119.0,-8.0,1.8807488679885864,1.3591012954711914,-0.521647572517395,15.887248992919922,7.543535232543945,-8.343713760375977,0.5860805511474609,-7.738880157470703,-8.324960708618164,156.0,65.0,-91.0,49.21135646687697,20.50473186119874,-28.706624605678233,0.024,0.172,0.148,0.97155,0.97763,0.006079999999999974,91.84142556770395,88.8682293846798,-2.9731961830241573,1.53,1.13,-0.40000000000000013,0.6435331230283912,0.6435331230283912,0.0
4ND3_B,7,2,t075,317,0.39235015772870663,high,high,0.11987381703470032,0.38801261829652994,0.45110410094637227,0.06309148264984232,123.0,143.0,20.0,1.9791390895843506,1.665744662284851,-0.3133944272994995,14.8765230178833,10.649377822875977,-4.227145195007324,-1.0075774192810059,-4.924464225769043,-3.916886806488037,107.0,108.0,1.0,33.753943217665615,34.06940063091483,0.31545741324921295,0.054000000000000006,0.15,0.09599999999999999,0.96508,0.97547,0.0103899999999999,87.27829206882082,90.6973619890434,3.419069920222583,1.54,1.18,-0.3600000000000001,0.6182965299684543,0.6403785488958991,0.02208201892744477
4QYA_A,0,2,t075,116,0.3566810344827586,low_or_equal,low_or_equal,0.27586206896551724,0.4224137931034483,0.22413793103448276,-0.19827586206896552,49.0,26.0,-23.0,1.7488538026809692,3.28922700881958,1.5403732061386108,12.962186813354492,21.10835075378418,8.146163940429688,-1.617955207824707,2.9457430839538574,4.5636982917785645,30.0,59.0,29.0,25.862068965517242,50.86206896551724,24.999999999999996,0.36,0.002,-0.358,0.95419,0.93622,-0.01796999999999993,86.94072747014116,86.62903948772679,-0.31168798241436946,0.83,1.13,0.29999999999999993,0.43103448275862066,0.46551724137931033,0.03448275862068967
4QYA_A,1,2,t075,116,0.3566810344827586,low_or_equal,low_or_equal,0.27586206896551724,0.3706896551724138,0.3103448275862069,-0.060344827586206906,43.0,36.0,-7.0,0.7912302613258362,0.7740631699562073,-0.017167091369628906,5.06287956237793,7.02466344833374,1.9617838859558105,-12.504117965698242,-11.003665924072266,1.5004520416259766,2.0,7.0,5.0,1.7241379310344827,6.0344827586206895,4.310344827586206,2.2879999999999994,1.4339999999999997,-0.8539999999999996,0.94973,0.9504,0.0006700000000000594,86.5791897891232,87.01270536692225,0.43351557779904226,0.99,1.0,0.010000000000000009,0.5086206896551724,0.4827586206896552,-0.025862068965517182
4QYA_A,2,2,t075,116,0.3566810344827586,low_or_equal,low_or_equal,0.27586206896551724,0.15517241379310345,0.3706896551724138,0.21551724137931036,18.0,43.0,25.0,0.8892112970352173,0.6696343421936035,-0.21957695484161377,9.994636535644531,7.40168571472168,-2.5929508209228516,-7.691921234130859,-9.088884353637695,-1.396963119506836,21.0,14.0,-7.0,18.103448275862068,12.068965517241379,-6.034482758620689,0.196,0.56,0.36400000000000005,0.91683,0.93119,0.014359999999999928,84.61228509249185,85.36252469813391,0.750239605642065,1.31,1.42,0.10999999999999988,0.5086206896551724,0.5172413793103449,0.008620689655172487
4QYA_A,3,2,t075,116,0.3566810344827586,low_or_equal,low_or_equal,0.27586206896551724,0.46551724137931033,0.39655172413793105,-0.06896551724137928,54.0,46.0,-8.0,1.7538245916366577,2.2615134716033936,0.5076888799667358,14.02002239227295,19.293594360351562,5.273571968078613,-3.9640514850616455,3.177062511444092,7.141113996505737,20.0,32.0,12.0,17.24137931034483,27.586206896551722,10.344827586206893,0.5599999999999999,0.05800000000000001,-0.5019999999999999,0.94248,0.92635,-0.016129999999999978,86.18799564270152,87.50375545851529,1.3157598158137631,1.19,1.23,0.040000000000000036,0.49137931034482757,0.5086206896551724,0.017241379310344807
4QYA_A,4,2,t075,116,0.3566810344827586,low_or_equal,low_or_equal,0.27586206896551724,0.35344827586206895,0.3879310344827586,0.03448275862068967,41.0,45.0,4.0,1.9400033950805664,1.1624445915222168,-0.7775588035583496,12.110223770141602,5.606576919555664,-6.5036468505859375,-2.3526339530944824,-10.556303024291992,-8.20366907119751,22.0,20.0,-2.0,18.96551724137931,17.24137931034483,-1.7241379310344804,0.318,0.6639999999999999,0.3459999999999999,0.9634,0.95609,-0.007310000000000039,85.64617297297298,86.65637988826816,1.0102069152951856,0.83,0.87,0.040000000000000036,0.5,0.5603448275862069,0.06034482758620685
4QYA_A,5,2,t075,116,0.3566810344827586,low_or_equal,low_or_equal,0.27586206896551724,0.3620689655172414,0.5,0.13793103448275862,42.0,58.0,16.0,3.255391836166382,1.11095130443573,-2.144440531730652,19.95221710205078,6.244637489318848,-13.707579612731934,2.306178569793701,-6.653188705444336,-8.959367275238037,52.0,60.0,8.0,44.827586206896555,51.724137931034484,6.896551724137929,0.018000000000000002,0.284,0.26599999999999996,0.94714,0.95857,0.011430000000000051,87.1293099671413,87.20109865470853,0.07178868756723489,1.0,0.77,-0.22999999999999998,0.5258620689655172,0.49137931034482757,-0.03448275862068967
4QYA_A,6,2,t075,116,0.3566810344827586,low_or_equal,low_or_equal,0.27586206896551724,0.23275862068965517,0.35344827586206895,0.12068965517241378,27.0,41.0,14.0,0.661657989025116,1.350693702697754,0.6890357136726379,6.954385757446289,7.694884300231934,0.7404985427856445,-11.536208152770996,-9.11279010772705,2.4234180450439453,6.0,18.0,12.0,5.172413793103448,15.517241379310345,10.344827586206897,1.31,0.674,-0.636,0.91769,0.9271,0.00941000000000003,85.10686274509804,85.27770581778266,0.17084307268461885,1.46,1.69,0.22999999999999998,0.5172413793103449,0.5172413793103449,0.0
4QYA_A,7,2,t075,116,0.3566810344827586,low_or_equal,low_or_equal,0.27586206896551724,0.49137931034482757,0.4482758620689655,-0.043103448275862044,57.0,52.0,-5.0,2.945803642272949,5.071239948272705,2.125436305999756,10.645977020263672,18.296749114990234,7.6507720947265625,-4.8762922286987305,2.584496021270752,7.460788249969482,90.0,53.0,-37.0,77.58620689655173,45.689655172413794,-31.896551724137936,0.098,0.016,-0.082,0.93462,0.9234,-0.011220000000000008,87.64598684210526,85.23472747497219,-2.41125936713307,1.22,1.56,0.3400000000000001,0.46551724137931033,0.4482758620689655,-0.017241379310344807
2F7A_A,0,2,t075,228,0.3706140350877193,low_or_equal,low_or_equal,0.2807017543859649,0.30701754385964913,0.21929824561403508,-0.08771929824561406,70.0,50.0,-20.0,0.619564414024353,0.2546023726463318,-0.36496204137802124,3.374140739440918,2.6813106536865234,-0.6928300857543945,-12.221546173095703,-13.07356071472168,-0.8520145416259766,51.0,18.0,-33.0,22.36842105263158,7.894736842105263,-14.473684210526315,0.162,0.6739999999999999,0.5119999999999999,0.92429,0.88951,-0.03477999999999992,80.46754307948859,77.41858797573083,-3.0489551037577627,1.83,2.14,0.31000000000000005,0.5482456140350878,0.5043859649122807,-0.04385964912280704
2F7A_A,1,2,t075,228,0.3706140350877193,low_or_equal,low_or_equal,0.2807017543859649,0.36403508771929827,0.35526315789473684,-0.00877192982456143,83.0,81.0,-2.0,2.6819539070129395,0.6271246075630188,-2.0548292994499207,13.371993064880371,3.1082868576049805,-10.26370620727539,-2.88394832611084,-12.165267944335938,-9.281319618225098,25.0,4.0,-21.0,10.964912280701753,1.7543859649122806,-9.210526315789473,0.422,1.6640000000000001,1.2420000000000002,0.92803,0.89747,-0.03056000000000003,80.72559821925431,79.59442360728075,-1.131174611973563,1.9,2.22,0.3200000000000003,0.5789473684210527,0.543859649122807,-0.03508771929824561
2F7A_A,2,2,t075,228,0.3706140350877193,low_or_equal,low_or_equal,0.2807017543859649,0.3684210526315789,0.4473684210526316,0.07894736842105265,84.0,102.0,18.0,1.1567412614822388,1.624396800994873,0.4676555395126343,13.2743558883667,7.284794807434082,-5.989561080932617,-6.068921089172363,-9.549749374389648,-3.480828285217285,26.0,44.0,18.0,11.403508771929824,19.298245614035086,7.894736842105262,0.47800000000000004,0.23600000000000004,-0.242,0.91568,0.91348,-0.0022000000000000908,81.89997781475319,78.07852367688022,-3.821454137872962,1.66,1.91,0.25,0.5570175438596491,0.5921052631578947,0.03508771929824561
2F7A_A,3,2,t075,228,0.3706140350877193,low_or_equal,low_or_equal,0.2807017543859649,0.3026315789473684,0.42105263157894735,0.11842105263157893,69.0,96.0,27.0,1.7878334522247314,1.3134958744049072,-0.4743375778198242,9.289793968200684,8.439338684082031,-0.8504552841186523,-6.566256046295166,-7.348352909088135,-0.7820968627929688,55.0,53.0,-2.0,24.12280701754386,23.24561403508772,-0.8771929824561404,0.22999999999999998,0.156,-0.07399999999999998,0.92449,0.91801,-0.006480000000000041,81.3529372570794,83.35180586907448,1.9988686119950785,1.93,1.74,-0.18999999999999995,0.5570175438596491,0.5657894736842105,0.00877192982456143
2F7A_A,4,2,t075,228,0.3706140350877193,low_or_equal,low_or_equal,0.2807017543859649,0.4166666666666667,0.36403508771929827,-0.05263157894736842,95.0,83.0,-12.0,2.1281940937042236,1.805085301399231,-0.3231087923049927,18.31306266784668,10.009328842163086,-8.303733825683594,-0.5702853202819824,-7.85566520690918,-7.285379886627197,23.0,11.0,-12.0,10.087719298245613,4.824561403508771,-5.263157894736842,0.5820000000000001,0.974,0.3919999999999999,0.92037,0.94014,0.019769999999999954,81.12735797021512,82.3568843386829,1.2295263684677877,1.81,1.63,-0.18000000000000016,0.5701754385964912,0.5482456140350878,-0.021929824561403466
2F7A_A,5,2,t075,228,0.3706140350877193,low_or_equal,low_or_equal,0.2807017543859649,0.4649122807017544,0.4605263157894737,-0.004385964912280715,106.0,105.0,-1.0,2.3587687015533447,2.676691770553589,0.31792306900024414,16.46095848083496,13.251484870910645,-3.2094736099243164,0.45862627029418945,-2.4055891036987305,-2.86421537399292,15.0,24.0,9.0,6.578947368421052,10.526315789473683,3.947368421052631,1.024,0.30599999999999994,-0.7180000000000001,0.89974,0.92436,0.024619999999999975,81.53979421579533,78.49076666666667,-3.0490275491286525,1.75,1.65,-0.10000000000000009,0.5701754385964912,0.5614035087719298,-0.00877192982456143
2F7A_A,6,2,t075,228,0.3706140350877193,low_or_equal,low_or_equal,0.2807017543859649,0.3991228070175439,0.4517543859649123,0.05263157894736842,91.0,103.0,12.0,1.3765084743499756,1.981690526008606,0.6051820516586304,9.27937126159668,8.163558959960938,-1.1158123016357422,-7.04158353805542,-7.524245262145996,-0.48266172409057617,30.0,14.0,-16.0,13.157894736842104,6.140350877192982,-7.017543859649122,0.496,0.9039999999999999,0.4079999999999999,0.89404,0.92209,0.02805000000000002,79.4323038397329,78.36874377421141,-1.0635600655214859,2.16,1.77,-0.3900000000000001,0.5526315789473685,0.5394736842105263,-0.013157894736842146
2F7A_A,7,2,t075,228,0.3706140350877193,low_or_equal,low_or_equal,0.2807017543859649,0.34210526315789475,0.35964912280701755,0.017543859649122806,78.0,82.0,4.0,1.1861913204193115,2.0186586380004883,0.8324673175811768,12.239216804504395,12.04404354095459,-0.1951732635498047,-7.051075458526611,-5.880774021148682,1.1703014373779297,2.0,5.0,3.0,0.8771929824561403,2.1929824561403506,1.3157894736842102,1.8780000000000001,1.332,-0.546,0.84846,0.92374,0.07528000000000001,76.63853685368537,77.68261563876652,1.0440787850811546,2.29,1.78,-0.51,0.5394736842105263,0.5877192982456141,0.04824561403508776
3Q80_B,0,2,t075,218,0.36754587155963303,low_or_equal,low_or_equal,0.1834862385321101,0.40825688073394495,0.4541284403669725,0.045871559633027525,89.0,99.0,10.0,2.8083574771881104,4.151885986328125,1.3435285091400146,16.422195434570312,18.39582061767578,1.9736251831054688,0.9408073425292969,2.2486391067504883,1.3078317642211914,46.0,33.0,-13.0,21.100917431192663,15.137614678899084,-5.963302752293579,0.35,0.32999999999999996,-0.020000000000000018,0.94863,0.9432,-0.005429999999999935,83.08028355387523,81.65427434170239,-1.4260092121728434,1.46,1.5,0.040000000000000036,0.6559633027522935,0.6651376146788991,0.00917431192660556
3Q80_B,1,2,t075,218,0.36754587155963303,low_or_equal,low_or_equal,0.1834862385321101,0.37155963302752293,0.481651376146789,0.11009174311926606,81.0,105.0,24.0,3.284963607788086,2.7629847526550293,-0.5219788551330566,17.459747314453125,13.741340637207031,-3.7184066772460938,0.03639936447143555,-0.8018245697021484,-0.838223934173584,36.0,44.0,8.0,16.51376146788991,20.18348623853211,3.669724770642201,0.426,0.388,-0.03799999999999998,0.95836,0.87604,-0.08231999999999995,82.63253938248268,79.08791044776119,-3.544628934721487,1.26,2.24,0.9800000000000002,0.6788990825688074,0.6559633027522935,-0.022935779816513846
3Q80_B,2,2,t075,218,0.36754587155963303,low_or_equal,low_or_equal,0.1834862385321101,0.3073394495412844,0.38990825688073394,0.08256880733944955,67.0,85.0,18.0,1.920937180519104,2.7435555458068848,0.8226183652877808,12.126237869262695,15.78966236114502,3.663424491882324,-5.7617716789245605,-1.1640300750732422,4.597741603851318,40.0,26.0,-14.0,18.34862385321101,11.926605504587156,-6.422018348623853,0.396,0.6300000000000001,0.2340000000000001,0.85184,0.88176,0.029919999999999947,78.63598396051819,80.41864228146312,1.7826583209449325,2.05,2.34,0.29000000000000004,0.6834862385321101,0.6697247706422018,-0.013761467889908285
3Q80_B,3,2,t075,218,0.36754587155963303,low_or_equal,low_or_equal,0.1834862385321101,0.3348623853211009,0.4724770642201835,0.13761467889908258,73.0,103.0,30.0,3.177286386489868,1.699095368385315,-1.4781910181045532,16.3433780670166,12.556303024291992,-3.7870750427246094,-1.9036273956298828,-2.742619037628174,-0.838991641998291,17.0,26.0,9.0,7.79816513761468,11.926605504587156,4.128440366972477,0.33599999999999997,0.49800000000000005,0.1620000000000001,0.8722,0.95383,0.08162999999999998,77.53384757221882,82.918224009901,5.384376437682178,2.1,1.37,-0.73,0.6743119266055045,0.6605504587155964,-0.013761467889908174
3Q80_B,4,2,t075,218,0.36754587155963303,low_or_equal,low_or_equal,0.1834862385321101,0.3532110091743119,0.3486238532110092,-0.004587155963302725,77.0,76.0,-1.0,3.0037457942962646,2.7709269523620605,-0.2328188419342041,16.34088706970215,16.710926055908203,0.3700389862060547,-2.54422664642334,-1.9189729690551758,0.6252536773681641,11.0,10.0,-1.0,5.045871559633028,4.587155963302752,-0.4587155963302756,0.434,0.782,0.34800000000000003,0.86093,0.86606,0.005130000000000079,82.40236486486486,79.15372501514234,-3.2486398497225224,2.09,2.05,-0.040000000000000036,0.6513761467889908,0.6651376146788991,0.013761467889908285
3Q80_B,5,2,t075,218,0.36754587155963303,low_or_equal,low_or_equal,0.1834862385321101,0.3486238532110092,0.4908256880733945,0.1422018348623853,76.0,107.0,31.0,2.3009190559387207,-0.5260261297225952,-2.826945185661316,16.153295516967773,11.45640754699707,-4.696887969970703,0.4833536148071289,1.7165699005126953,1.2332162857055664,41.0,52.0,11.0,18.807339449541285,23.853211009174313,5.045871559633028,0.32599999999999996,0.35,0.02400000000000002,0.85673,0.87147,0.014739999999999975,81.41607697082557,79.21706461538461,-2.1990123554409564,1.93,2.4,0.47,0.6788990825688074,0.6788990825688074,0.0
3Q80_B,6,2,t075,218,0.36754587155963303,low_or_equal,low_or_equal,0.1834862385321101,0.3669724770642202,0.44495412844036697,0.07798165137614677,80.0,97.0,17.0,3.4789621829986572,1.2612231969833374,-2.21773898601532,16.688785552978516,11.375371932983398,-5.313413619995117,0.47707271575927734,-6.528177261352539,-7.005249977111816,33.0,24.0,-9.0,15.137614678899084,11.009174311926607,-4.128440366972477,0.32,0.426,0.10599999999999998,0.86146,0.86316,0.0017000000000000348,79.86893366398016,75.60706388206388,-4.261869781916275,2.25,1.88,-0.3700000000000001,0.6559633027522935,0.6697247706422018,0.013761467889908285
3Q80_B,7,2,t075,218,0.36754587155963303,low_or_equal,low_or_equal,0.1834862385321101,0.44954128440366975,0.44036697247706424,-0.009174311926605505,98.0,96.0,-2.0,2.873018264770508,3.2812564373016357,0.40823817253112793,13.452343940734863,16.824460983276367,3.372117042541504,-2.3853254318237305,-1.8702683448791504,0.5150570869445801,21.0,18.0,-3.0,9.63302752293578,8.256880733944955,-1.376146788990825,0.526,0.836,0.30999999999999994,0.96093,0.95405,-0.006879999999999997,83.92801823708207,84.26365717821783,0.33563894113575543,1.31,1.4,0.08999999999999986,0.6330275229357798,0.6697247706422018,0.03669724770642202
7PFR_F,0,2,t075,279,0.42159498207885304,high,high,0.35842293906810035,0.3046594982078853,0.2939068100358423,-0.010752688172043001,85.0,82.0,-3.0,2.1192023754119873,1.679795265197754,-0.4394071102142334,16.13462257385254,13.647625923156738,-2.486996650695801,-0.17993545532226562,-1.2838973999023438,-1.1039619445800781,55.0,83.0,28.0,19.71326164874552,29.749103942652326,10.035842293906807,0.09,0.06000000000000001,-0.029999999999999985,0.94026,0.95479,0.014530000000000043,79.8498355263158,85.85949763033176,6.009662104015959,1.77,1.62,-0.1499999999999999,0.6881720430107527,0.6810035842293907,-0.007168458781362075
7PFR_F,1,2,t075,279,0.42159498207885304,high,high,0.35842293906810035,0.44086021505376344,0.43010752688172044,-0.010752688172043001,123.0,120.0,-3.0,2.457054615020752,2.614095449447632,0.15704083442687988,15.236669540405273,14.130521774291992,-1.1061477661132812,-1.2914423942565918,-1.8346853256225586,-0.5432429313659668,116.0,109.0,-7.0,41.57706093189964,39.06810035842294,-2.508960573476699,0.03,0.028000000000000004,-0.001999999999999995,0.93091,0.9441,0.013190000000000035,80.2905657708628,79.05192703461178,-1.2386387362510192,1.89,1.57,-0.31999999999999984,0.6666666666666666,0.6666666666666666,0.0
7PFR_F,2,2,t075,279,0.42159498207885304,high,high,0.35842293906810035,0.4838709677419355,0.46953405017921146,-0.014336917562724039,135.0,131.0,-4.0,2.5370092391967773,1.640570044517517,-0.8964391946792603,17.36383056640625,10.975212097167969,-6.388618469238281,2.75970458984375,-4.856508255004883,-7.616212844848633,182.0,77.0,-105.0,65.23297491039428,27.598566308243726,-37.63440860215055,0.03,0.054000000000000006,0.024000000000000007,0.95129,0.95543,0.0041400000000000325,83.11185464841905,82.78013653483993,-0.3317181135791287,1.76,1.77,0.010000000000000009,0.6630824372759857,0.6881720430107527,0.02508960573476704
7PFR_F,3,2,t075,279,0.42159498207885304,high,high,0.35842293906810035,0.4838709677419355,0.4336917562724014,-0.05017921146953408,135.0,121.0,-14.0,2.270108461380005,1.262818694114685,-1.0072897672653198,17.402517318725586,13.88296890258789,-3.5195484161376953,1.8877124786376953,-2.5572171211242676,-4.444929599761963,100.0,35.0,-65.0,35.842293906810035,12.544802867383511,-23.297491039426525,0.06400000000000002,0.336,0.272,0.96175,0.91224,-0.04950999999999994,80.30113039399625,80.3484842796809,0.04735388568465737,1.44,2.07,0.6299999999999999,0.6415770609318996,0.6164874551971327,-0.02508960573476693
7PFR_F,4,2,t075,279,0.42159498207885304,high,high,0.35842293906810035,0.43010752688172044,0.4050179211469534,-0.02508960573476704,120.0,113.0,-7.0,4.49403190612793,2.789080858230591,-1.7049510478973389,21.070249557495117,13.540373802185059,-7.529875755310059,4.648447036743164,-2.3446950912475586,-6.993142127990723,184.0,105.0,-79.0,65.94982078853047,37.634408602150536,-28.315412186379938,0.0,0.048,0.048,0.95656,0.96675,0.010190000000000032,85.55788515406162,82.78477304632662,-2.7731121077350025,1.51,1.39,-0.1200000000000001,0.6630824372759857,0.6738351254480287,0.010752688172043001
7PFR_F,5,2,t075,279,0.42159498207885304,high,high,0.35842293906810035,0.4121863799283154,0.46236559139784944,0.050179211469534024,115.0,129.0,14.0,1.9065226316452026,2.595975399017334,0.6894527673721313,11.680546760559082,16.08110809326172,4.400561332702637,-4.756627082824707,0.8017425537109375,5.5583696365356445,60.0,107.0,47.0,21.50537634408602,38.35125448028674,16.84587813620072,0.078,0.026000000000000002,-0.052,0.95022,0.92887,-0.02134999999999998,83.78473785473786,78.1550922858495,-5.62964556888835,1.77,2.01,0.23999999999999977,0.6308243727598566,0.6738351254480287,0.043010752688172116
7PFR_F,6,2,t075,279,0.42159498207885304,high,high,0.35842293906810035,0.34408602150537637,0.3118279569892473,-0.03225806451612906,96.0,87.0,-9.0,2.1602139472961426,0.8645520210266113,-1.2956619262695312,14.103754043579102,7.2745208740234375,-6.829233169555664,-2.325216770172119,-9.043158531188965,-6.717941761016846,42.0,33.0,-9.0,15.053763440860216,11.827956989247312,-3.225806451612904,0.174,0.386,0.21200000000000002,0.94572,0.94075,-0.00497000000000003,83.10418670438473,83.27145428706774,0.16726758268301012,1.99,1.98,-0.010000000000000009,0.6487455197132617,0.6379928315412187,-0.010752688172043001
7PFR_F,7,2,t075,279,0.42159498207885304,high,high,0.35842293906810035,0.4731182795698925,0.45161290322580644,-0.021505376344086058,132.0,126.0,-6.0,1.7381973266601562,2.4298512935638428,0.6916539669036865,14.681354522705078,13.523979187011719,-1.1573753356933594,0.08008289337158203,-1.8903107643127441,-1.9703936576843262,102.0,92.0,-10.0,36.55913978494624,32.97491039426524,-3.5842293906810028,0.018,0.05800000000000001,0.04000000000000001,0.92637,0.94258,0.016209999999999947,79.49373000940734,82.8045505882353,3.3108205788279577,1.91,1.31,-0.5999999999999999,0.6666666666666666,0.6738351254480287,0.007168458781362075
1USN_A,0,2,t075,165,0.3628787878787879,low_or_equal,low_or_equal,0.23636363636363636,0.4,0.22424242424242424,-0.17575757575757578,66.0,37.0,-29.0,2.3627586364746094,0.5475702285766602,-1.8151884078979492,13.796671867370605,5.774860382080078,-8.021811485290527,-1.8198752403259277,-12.82113265991211,-11.001257419586182,85.0,3.0,-82.0,51.515151515151516,1.8181818181818181,-49.696969696969695,0.02,1.95,1.93,0.93273,0.94825,0.01552000000000009,87.88814329738058,85.05971647509578,-2.828426822284797,1.61,1.19,-0.42000000000000015,0.6242424242424243,0.6666666666666666,0.042424242424242364
1USN_A,1,2,t075,165,0.3628787878787879,low_or_equal,low_or_equal,0.23636363636363636,0.3696969696969697,0.2606060606060606,-0.10909090909090907,61.0,43.0,-18.0,1.0856719017028809,0.2771992087364197,-0.8084726929664612,4.626202583312988,4.255395889282227,-0.3708066940307617,-10.769960403442383,-13.496481895446777,-2.7265214920043945,6.0,5.0,-1.0,3.6363636363636362,3.0303030303030303,-0.606060606060606,1.594,1.494,-0.10000000000000009,0.96218,0.95668,-0.00550000000000006,89.99522411128285,87.21006134969325,-2.7851627615896035,1.01,1.03,0.020000000000000018,0.6666666666666666,0.6424242424242425,-0.024242424242424176
1USN_A,2,2,t075,165,0.3628787878787879,low_or_equal,low_or_equal,0.23636363636363636,0.3090909090909091,0.4727272727272727,0.16363636363636364,51.0,78.0,27.0,0.31398653984069824,1.5536046028137207,1.2396180629730225,10.9060697555542,10.37437629699707,-0.5316934585571289,-6.598785400390625,-5.279286861419678,1.3194985389709473,21.0,3.0,-18.0,12.727272727272727,1.8181818181818181,-10.909090909090908,0.47000000000000003,1.434,0.964,0.93403,0.94602,0.011989999999999945,87.2240092879257,85.51397709923664,-1.7100321886890555,1.81,1.41,-0.40000000000000013,0.6060606060606061,0.6545454545454545,0.048484848484848464
1USN_A,3,2,t075,165,0.3628787878787879,low_or_equal,low_or_equal,0.23636363636363636,0.44242424242424244,0.34545454545454546,-0.09696969696969698,73.0,57.0,-16.0,1.404929280281067,0.6573157906532288,-0.7476134896278381,7.040884017944336,7.054663181304932,0.013779163360595703,-10.938830375671387,-9.50969123840332,1.4291391372680664,5.0,2.0,-3.0,3.0303030303030303,1.2121212121212122,-1.8181818181818181,1.278,2.232,0.9540000000000002,0.959,0.96159,0.002589999999999981,87.66188708430008,87.28977828746177,-0.37210879683830456,0.98,1.04,0.06000000000000005,0.6363636363636364,0.6303030303030303,-0.0060606060606061
1USN_A,4,2,t075,165,0.3628787878787879,low_or_equal,low_or_equal,0.23636363636363636,0.3393939393939394,0.14545454545454545,-0.19393939393939397,56.0,24.0,-32.0,1.2509530782699585,1.50165593624115,0.2507028579711914,7.187508583068848,12.903419494628906,5.715910911560059,-8.606816291809082,-6.099578857421875,2.507237434387207,13.0,3.0,-10.0,7.878787878787878,1.8181818181818181,-6.06060606060606,0.7719999999999999,1.7099999999999997,0.9379999999999998,0.95075,0.95144,0.0006899999999999684,89.91451010886469,90.56948072383949,0.6549706149748005,1.11,1.11,0.0,0.6363636363636364,0.6363636363636364,0.0
1USN_A,5,2,t075,165,0.3628787878787879,low_or_equal,low_or_equal,0.23636363636363636,0.23636363636363636,0.26666666666666666,0.030303030303030304,39.0,44.0,5.0,0.6635327339172363,2.253166913986206,1.5896341800689697,4.607243537902832,17.037981033325195,12.430737495422363,-11.965754508972168,-1.7694945335388184,10.19625997543335,6.0,6.0,0.0,3.6363636363636362,3.6363636363636362,0.0,1.59,1.5299999999999998,-0.060000000000000275,0.9539,0.93375,-0.02015,87.97478560490046,86.43587481146305,-1.5389107934374096,1.22,1.65,0.42999999999999994,0.6303030303030303,0.6606060606060606,0.030303030303030387
1USN_A,6,2,t075,165,0.3628787878787879,low_or_equal,low_or_equal,0.23636363636363636,0.3393939393939394,0.2909090909090909,-0.04848484848484852,56.0,48.0,-8.0,2.7888617515563965,1.6833525896072388,-1.1055091619491577,14.425092697143555,15.916004180908203,1.4909114837646484,-2.608426094055176,-2.5933876037597656,0.015038490295410156,59.0,8.0,-51.0,35.75757575757576,4.848484848484849,-30.90909090909091,0.022,0.892,0.87,0.95055,0.95449,0.0039399999999999435,85.75179861644888,88.79094907407408,3.0391504576251975,1.31,1.05,-0.26,0.6545454545454545,0.6303030303030303,-0.024242424242424288
1USN_A,7,2,t075,165,0.3628787878787879,low_or_equal,low_or_equal,0.23636363636363636,0.4666666666666667,0.37575757575757573,-0.09090909090909094,77.0,62.0,-15.0,2.0353944301605225,0.5884771347045898,-1.4469172954559326,11.064918518066406,3.306917190551758,-7.758001327514648,-4.4671478271484375,-13.209755897521973,-8.742608070373535,90.0,0.0,-90.0,54.54545454545454,0.0,-54.54545454545454,0.018000000000000002,2.944,2.926,0.94513,0.95229,0.007159999999999944,86.0458409090909,89.67970814132104,3.633867232230145,1.5,1.11,-0.3899999999999999,0.6484848484848484,0.6242424242424243,-0.024242424242424176
7S5C_F,0,2,t075,59,0.3326271186440678,low_or_equal,low_or_equal,0.2711864406779661,0.4406779661016949,0.4406779661016949,0.0,26.0,26.0,0.0,0.6236435174942017,2.8804216384887695,2.256778120994568,4.193637847900391,9.211341857910156,5.017704010009766,-11.609392166137695,-4.486176490783691,7.123215675354004,6.0,16.0,10.0,10.16949152542373,27.11864406779661,16.94915254237288,1.446,0.32599999999999996,-1.12,0.97287,0.97444,0.0015699999999999603,90.66202083333333,91.29853813559323,0.6365173022599038,0.46,0.45,-0.010000000000000009,0.3220338983050847,0.3050847457627119,-0.016949152542372836
7S5C_F,1,2,t075,59,0.3326271186440678,low_or_equal,low_or_equal,0.2711864406779661,0.423728813559322,0.4406779661016949,0.01694915254237289,25.0,26.0,1.0,0.46723905205726624,0.7602046132087708,0.2929655611515045,2.3547487258911133,2.909398078918457,0.5546493530273438,-10.996658325195312,-11.629446029663086,-0.6327877044677734,0.0,18.0,18.0,0.0,30.508474576271187,30.508474576271187,4.0600000000000005,0.4,-3.6600000000000006,0.96772,0.96944,0.0017199999999999438,89.02968553459121,89.6873535791757,0.6576680445844971,0.5,0.47,-0.030000000000000027,0.3050847457627119,0.3220338983050847,0.016949152542372836
7S5C_F,2,2,t075,59,0.3326271186440678,low_or_equal,low_or_equal,0.2711864406779661,0.423728813559322,0.423728813559322,0.0,25.0,25.0,0.0,0.852599024772644,0.852599024772644,0.0,3.6586599349975586,3.6586599349975586,0.0,-9.557650566101074,-9.557650566101074,0.0,9.0,9.0,0.0,15.254237288135593,15.254237288135593,0.0,0.8919999999999998,0.8919999999999998,0.0,0.97843,0.97843,0.0,89.39606995884773,89.39606995884773,0.0,0.39,0.39,0.0,0.23728813559322035,0.23728813559322035,0.0
7S5C_F,3,2,t075,59,0.3326271186440678,low_or_equal,low_or_equal,0.2711864406779661,0.3898305084745763,0.3898305084745763,0.0,23.0,23.0,0.0,2.0390002727508545,1.5503933429718018,-0.48860692977905273,10.108421325683594,9.211402893066406,-0.8970184326171875,-6.442217826843262,-6.490903854370117,-0.04868602752685547,0.0,8.0,8.0,0.0,13.559322033898304,13.559322033898304,4.3020000000000005,0.9380000000000001,-3.3640000000000003,0.95746,0.95638,-0.0010799999999999699,90.70162839248435,91.08845824411135,0.3868298516269988,0.59,0.6,0.010000000000000009,0.3050847457627119,0.3559322033898305,0.05084745762711862
7S5C_F,4,2,t075,59,0.3326271186440678,low_or_equal,low_or_equal,0.2711864406779661,0.288135593220339,0.3050847457627119,0.01694915254237289,17.0,18.0,1.0,0.4687161445617676,-0.4923325181007385,-0.9610486626625061,2.0232486724853516,2.4972591400146484,0.4740104675292969,-12.490928649902344,-12.200242042541504,0.29068660736083984,8.0,0.0,-8.0,13.559322033898304,0.0,-13.559322033898304,1.0559999999999998,2.8980000000000006,1.8420000000000007,0.95129,0.93988,-0.01140999999999992,89.24449484536083,86.46220164609053,-2.782293199270299,0.95,1.01,0.06000000000000005,0.2711864406779661,0.2711864406779661,0.0
7S5C_F,5,2,t075,59,0.3326271186440678,low_or_equal,low_or_equal,0.2711864406779661,0.3050847457627119,0.3728813559322034,0.06779661016949151,18.0,22.0,4.0,0.9368467926979065,3.5879056453704834,2.651058852672577,5.298007011413574,11.29311752319336,5.995110511779785,-11.891141891479492,-3.0533533096313477,8.837788581848145,2.0,0.0,-2.0,3.389830508474576,0.0,-3.389830508474576,2.306,3.9519999999999995,1.6459999999999995,0.95475,0.9517,-0.003049999999999997,90.03290598290599,90.83561674008811,0.8027107571821261,0.97,1.05,0.08000000000000007,0.288135593220339,0.2542372881355932,-0.03389830508474578
7S5C_F,6,2,t075,59,0.3326271186440678,low_or_equal,low_or_equal,0.2711864406779661,0.3389830508474576,0.3050847457627119,-0.03389830508474573,20.0,18.0,-2.0,-3.6089470386505127,-0.23613151907920837,3.3728155195713043,4.22145938873291,3.97650146484375,-0.24495792388916016,-3.2454512119293213,-11.513042449951172,-8.26759123802185,6.0,14.0,8.0,10.16949152542373,23.728813559322035,13.559322033898304,1.0,0.51,-0.49,0.98299,0.97355,-0.009440000000000004,88.52802521008402,88.34473118279571,-0.18329402728831212,0.34,0.43,0.08999999999999997,0.2542372881355932,0.22033898305084745,-0.033898305084745756
7S5C_F,7,2,t075,59,0.3326271186440678,low_or_equal,low_or_equal,0.2711864406779661,0.05084745762711865,0.06779661016949153,0.016949152542372878,3.0,4.0,1.0,-0.3634890615940094,-0.48867809772491455,-0.12518903613090515,0.6606664657592773,2.034116744995117,1.3734502792358398,-12.061717987060547,-12.501251220703125,-0.4395332336425781,17.0,9.0,-8.0,28.8135593220339,15.254237288135593,-13.559322033898306,0.484,0.812,0.32800000000000007,0.97074,0.96057,-0.010170000000000012,89.2148643006263,88.94658798283263,-0.2682763177936778,0.46,0.92,0.46,0.288135593220339,0.3559322033898305,0.06779661016949151
2O4T_A,0,2,t075,90,0.35416666666666663,low_or_equal,low_or_equal,0.35555555555555557,0.32222222222222224,0.4222222222222222,0.09999999999999998,29.0,38.0,9.0,3.7401885986328125,1.2923414707183838,-2.4478471279144287,15.210801124572754,8.530041694641113,-6.680759429931641,-0.6442322731018066,-5.883384704589844,-5.239152431488037,8.0,5.0,-3.0,8.88888888888889,5.555555555555555,-3.333333333333334,1.15,0.9879999999999999,-0.16200000000000003,0.78786,0.79399,0.006129999999999969,76.27943758573389,77.3058126721763,1.026375086442414,2.03,1.62,-0.4099999999999997,0.4,0.3888888888888889,-0.011111111111111127
2O4T_A,1,2,t075,90,0.35416666666666663,low_or_equal,low_or_equal,0.35555555555555557,0.28888888888888886,0.43333333333333335,0.1444444444444445,26.0,39.0,13.0,0.6712499856948853,2.2826716899871826,1.6114217042922974,7.483247756958008,16.880456924438477,9.397209167480469,-5.786680221557617,3.6479902267456055,9.434670448303223,25.0,40.0,15.0,27.77777777777778,44.44444444444444,16.666666666666664,0.842,0.072,-0.77,0.74487,0.74615,0.0012799999999999478,75.1102396804261,75.34202976995941,0.23179008953330538,1.89,1.98,0.09000000000000008,0.36666666666666664,0.4111111111111111,0.04444444444444445
2O4T_A,2,2,t075,90,0.35416666666666663,low_or_equal,low_or_equal,0.35555555555555557,0.45555555555555555,0.45555555555555555,0.0,41.0,41.0,0.0,1.8575109243392944,4.701408386230469,2.8438974618911743,7.204833984375,18.849292755126953,11.644458770751953,-7.573107719421387,4.799295425415039,12.372403144836426,56.0,87.0,31.0,62.22222222222222,96.66666666666667,34.44444444444445,0.142,0.006,-0.13599999999999998,0.78121,0.8082,0.02699000000000007,77.30259615384615,78.44695054945055,1.1443543956043953,1.74,1.52,-0.21999999999999997,0.4444444444444444,0.37777777777777777,-0.06666666666666665
2O4T_A,3,2,t075,90,0.35416666666666663,low_or_equal,low_or_equal,0.35555555555555557,0.4444444444444444,0.43333333333333335,-0.011111111111111072,40.0,39.0,-1.0,2.3932178020477295,-0.5509869456291199,-2.9442047476768494,12.552197456359863,4.0563812255859375,-8.495816230773926,-1.434030532836914,-7.289340496063232,-5.855309963226318,32.0,20.0,-12.0,35.55555555555556,22.22222222222222,-13.333333333333336,0.21200000000000002,0.64,0.428,0.7756,0.78421,0.008610000000000007,75.79808199121523,79.98896551724138,4.190883526026155,2.58,1.74,-0.8400000000000001,0.4111111111111111,0.3333333333333333,-0.07777777777777778
2O4T_A,4,2,t075,90,0.35416666666666663,low_or_equal,low_or_equal,0.35555555555555557,0.3333333333333333,0.18888888888888888,-0.14444444444444443,30.0,17.0,-13.0,1.1133205890655518,0.26635974645614624,-0.8469608426094055,6.548505783081055,1.9308280944824219,-4.617677688598633,-8.99062728881836,-12.697739601135254,-3.7071123123168945,6.0,3.0,-3.0,6.666666666666667,3.3333333333333335,-3.3333333333333335,1.398,1.864,0.4660000000000002,0.75904,0.78658,0.027539999999999898,74.23038834951457,78.18577080491131,3.9553824553967445,1.87,1.65,-0.2200000000000002,0.34444444444444444,0.3,-0.04444444444444445
2O4T_A,5,2,t075,90,0.35416666666666663,low_or_equal,low_or_equal,0.35555555555555557,0.4666666666666667,0.4222222222222222,-0.04444444444444445,42.0,38.0,-4.0,0.4250577688217163,1.6568238735198975,1.2317661046981812,5.879291534423828,12.494792938232422,6.615501403808594,-9.966849327087402,-0.6262946128845215,9.34055471420288,17.0,36.0,19.0,18.88888888888889,40.0,21.11111111111111,0.388,0.21600000000000003,-0.172,0.79991,0.81418,0.014270000000000005,80.20757162346521,81.29478382147839,1.0872121980131766,1.84,2.13,0.2899999999999998,0.37777777777777777,0.4,0.022222222222222254
2O4T_A,6,2,t075,90,0.35416666666666663,low_or_equal,low_or_equal,0.35555555555555557,0.36666666666666664,0.4111111111111111,0.04444444444444445,33.0,37.0,4.0,5.252712726593018,0.9570623636245728,-4.295650362968445,18.084510803222656,6.511650085449219,-11.572860717773438,2.905599594116211,-5.99321174621582,-8.898811340332031,47.0,12.0,-35.0,52.22222222222223,13.333333333333334,-38.88888888888889,0.194,1.006,0.812,0.81992,0.76917,-0.05074999999999996,83.61516713091922,80.23059945504087,-3.384567675878344,1.88,1.88,0.0,0.3333333333333333,0.3111111111111111,-0.0222222222222222
2O4T_A,7,2,t075,90,0.35416666666666663,low_or_equal,low_or_equal,0.35555555555555557,0.15555555555555556,0.32222222222222224,0.16666666666666669,14.0,29.0,15.0,0.21066313982009888,0.42028144001960754,0.20961830019950867,2.4443864822387695,1.693099021911621,-0.7512874603271484,-13.547952651977539,-13.365266799926758,0.18268585205078125,2.0,0.0,-2.0,2.2222222222222223,0.0,-2.2222222222222223,2.2960000000000003,5.9,3.604,0.77624,0.8003,0.02405999999999997,79.99225425950196,82.36810483870968,2.3758505792077216,1.87,2.09,0.21999999999999975,0.36666666666666664,0.32222222222222224,-0.0444444444444444
7D66_J,0,2,t075,120,0.4302083333333333,high,high,0.20833333333333334,0.475,0.35,-0.125,57.0,42.0,-15.0,0.569725751876831,0.508595883846283,-0.061129868030548096,6.118351936340332,4.622552871704102,-1.4957990646362305,-7.191093921661377,-12.54213809967041,-5.351044178009033,43.0,0.0,-43.0,35.833333333333336,0.0,-35.833333333333336,0.39,3.168,2.778,0.9303,0.87782,-0.05247999999999997,84.25354166666666,78.04106175514626,-6.212479911520404,1.48,1.61,0.13000000000000012,0.44166666666666665,0.425,-0.016666666666666663
7D66_J,1,2,t075,120,0.4302083333333333,high,high,0.20833333333333334,0.36666666666666664,0.24166666666666667,-0.12499999999999997,44.0,29.0,-15.0,2.3133747577667236,0.2948947846889496,-2.018479973077774,13.822851181030273,1.8485527038574219,-11.974298477172852,0.12293243408203125,-13.369000434875488,-13.49193286895752,21.0,11.0,-10.0,17.5,9.166666666666666,-8.333333333333334,0.288,0.9119999999999999,0.6239999999999999,0.91326,0.92533,0.012070000000000025,77.21714285714286,86.40619305856832,9.18905020142546,1.71,1.37,-0.33999999999999986,0.44166666666666665,0.475,0.033333333333333326
7D66_J,2,2,t075,120,0.4302083333333333,high,high,0.20833333333333334,0.4083333333333333,0.4666666666666667,0.05833333333333335,49.0,56.0,7.0,0.8937436938285828,0.8277910351753235,-0.06595265865325928,3.6154298782348633,6.291947364807129,2.6765174865722656,-11.756757736206055,-10.031250953674316,1.7255067825317383,9.0,1.0,-8.0,7.5,0.8333333333333334,-6.666666666666667,1.122,2.1079999999999997,0.9859999999999995,0.89063,0.89595,0.005319999999999991,81.29911255411255,82.43495207667732,1.1358395225647655,2.27,1.79,-0.48,0.5166666666666667,0.43333333333333335,-0.08333333333333337
7D66_J,3,2,t075,120,0.4302083333333333,high,high,0.20833333333333334,0.43333333333333335,0.375,-0.05833333333333335,52.0,45.0,-7.0,0.31407755613327026,1.8944294452667236,1.5803518891334534,3.7173376083374023,8.902591705322266,5.185254096984863,-9.995538711547852,-6.431900978088379,3.5636377334594727,26.0,38.0,12.0,21.666666666666668,31.666666666666664,9.999999999999996,0.4640000000000001,0.25199999999999995,-0.21200000000000013,0.90723,0.87608,-0.03115000000000001,82.88287610619469,77.55822562979189,-5.324650476402795,1.33,1.67,0.33999999999999986,0.425,0.44166666666666665,0.016666666666666663
7D66_J,4,2,t075,120,0.4302083333333333,high,high,0.20833333333333334,0.4583333333333333,0.4166666666666667,-0.04166666666666663,55.0,50.0,-5.0,1.094167709350586,1.1235917806625366,0.029424071311950684,8.59337043762207,4.739734649658203,-3.853635787963867,-9.5010404586792,-10.404685974121094,-0.9036455154418945,12.0,17.0,5.0,10.0,14.166666666666666,4.166666666666666,0.694,0.64,-0.05399999999999994,0.90219,0.9021,-9.00000000000345e-05,79.66543617021276,80.77568353067815,1.1102473604653937,1.49,1.54,0.050000000000000044,0.4166666666666667,0.4666666666666667,0.04999999999999999
7D66_J,5,2,t075,120,0.4302083333333333,high,high,0.20833333333333334,0.45,0.45,0.0,54.0,54.0,0.0,0.8662901520729065,0.9798381328582764,0.11354798078536987,7.302903652191162,7.240462303161621,-0.062441349029541016,-8.02666187286377,-7.608510971069336,0.4181509017944336,26.0,25.0,-1.0,21.666666666666668,20.833333333333336,-0.8333333333333321,0.398,0.398,0.0,0.9217,0.9181,-0.0035999999999999366,84.79630718954247,84.28950980392158,-0.5067973856208994,1.42,1.54,0.1200000000000001,0.5083333333333333,0.5,-0.008333333333333304
7D66_J,6,2,t075,120,0.4302083333333333,high,high,0.20833333333333334,0.375,0.21666666666666667,-0.15833333333333333,45.0,26.0,-19.0,0.9644429683685303,0.33410608768463135,-0.6303368806838989,7.011930465698242,2.621522903442383,-4.390407562255859,-9.603622436523438,-12.784798622131348,-3.18117618560791,16.0,1.0,-15.0,13.333333333333334,0.8333333333333334,-12.5,0.658,2.032,1.374,0.92885,0.8963,-0.03254999999999997,83.24299568965517,81.3354535637149,-1.9075421259402674,1.5,1.66,0.15999999999999992,0.425,0.45,0.025000000000000022
7D66_J,7,2,t075,120,0.4302083333333333,high,high,0.20833333333333334,0.475,0.3333333333333333,-0.14166666666666666,57.0,40.0,-17.0,1.3664259910583496,0.4378010928630829,-0.9286248981952667,5.060153961181641,1.8311071395874023,-3.2290468215942383,-11.759117126464844,-13.116238594055176,-1.357121467590332,27.0,3.0,-24.0,22.5,2.5,-20.0,0.626,1.7920000000000003,1.1660000000000004,0.90852,0.91539,0.006870000000000043,79.29401950162514,78.7204767063922,-0.5735427952329388,1.7,1.62,-0.07999999999999985,0.44166666666666665,0.475,0.033333333333333326
9YGK_B,0,2,t075,271,0.29612546125461253,low_or_equal,low_or_equal,0.2878228782287823,0.36162361623616235,0.21033210332103322,-0.15129151291512913,98.0,57.0,-41.0,2.016638994216919,1.5594894886016846,-0.4571495056152344,18.354278564453125,17.619155883789062,-0.7351226806640625,1.9073114395141602,0.9361152648925781,-0.971196174621582,62.0,59.0,-3.0,22.878228782287824,21.771217712177123,-1.1070110701107012,0.1,0.094,-0.006000000000000005,0.92674,0.92765,0.0009099999999999664,87.37620392532313,85.50663817663818,-1.8695657486849484,1.8,1.84,0.040000000000000036,0.7121771217712177,0.6900369003690037,-0.022140221402214055
9YGK_B,1,2,t075,271,0.29612546125461253,low_or_equal,low_or_equal,0.2878228782287823,0.4059040590405904,0.4132841328413284,0.0073800738007380184,110.0,112.0,2.0,3.2722232341766357,3.1691529750823975,-0.10307025909423828,19.636625289916992,17.440393447875977,-2.1962318420410156,3.1857528686523438,0.7791891098022461,-2.4065637588500977,76.0,64.0,-12.0,28.044280442804425,23.616236162361623,-4.428044280442801,0.018,0.06,0.041999999999999996,0.91248,0.92349,0.011010000000000075,81.56444549763033,83.71210298363812,2.1476574860077875,2.15,2.09,-0.06000000000000005,0.6642066420664207,0.6383763837638377,-0.02583025830258301
9YGK_B,2,2,t075,271,0.29612546125461253,low_or_equal,low_or_equal,0.2878228782287823,0.2952029520295203,0.2693726937269373,-0.02583025830258301,80.0,73.0,-7.0,2.2073440551757812,2.4029030799865723,0.19555902481079102,18.340612411499023,16.279142379760742,-2.0614700317382812,1.6929330825805664,-0.05971717834472656,-1.752650260925293,78.0,87.0,9.0,28.782287822878228,32.10332103321033,3.3210332103321,0.09,0.036000000000000004,-0.05399999999999999,0.90008,0.97775,0.07767000000000002,80.81247619047619,84.94455106888361,4.132074878407423,2.45,1.03,-1.4200000000000002,0.6752767527675276,0.6678966789667896,-0.0073800738007380184
9YGK_B,3,2,t075,271,0.29612546125461253,low_or_equal,low_or_equal,0.2878228782287823,0.3284132841328413,0.46494464944649444,0.13653136531365312,89.0,126.0,37.0,1.9606679677963257,2.3691020011901855,0.40843403339385986,18.16482925415039,12.862085342407227,-5.302743911743164,2.05153751373291,-3.4847331047058105,-5.536270618438721,63.0,77.0,14.0,23.247232472324722,28.413284132841326,5.1660516605166045,0.054000000000000006,0.11800000000000002,0.06400000000000002,0.91373,0.91257,-0.0011600000000000499,84.8081581485053,81.17827107279695,-3.6298870757083534,2.25,2.29,0.040000000000000036,0.7084870848708487,0.6863468634686347,-0.022140221402213944
9YGK_B,4,2,t075,271,0.29612546125461253,low_or_equal,low_or_equal,0.2878228782287823,0.25092250922509224,0.25830258302583026,0.0073800738007380184,68.0,70.0,2.0,1.7830549478530884,1.125267505645752,-0.6577874422073364,16.245662689208984,13.328831672668457,-2.9168310165405273,-0.34414196014404297,-3.1340184211730957,-2.7898764610290527,68.0,58.0,-10.0,25.092250922509223,21.40221402214022,-3.6900369003690017,0.07999999999999999,0.10400000000000001,0.02400000000000002,0.96921,0.90267,-0.06654000000000004,85.66501672240803,83.26466219453762,-2.4003545278704053,1.2,2.26,1.0599999999999998,0.6826568265682657,0.6752767527675276,-0.0073800738007380184
9YGK_B,5,2,t075,271,0.29612546125461253,low_or_equal,low_or_equal,0.2878228782287823,0.30996309963099633,0.3173431734317343,0.007380073800737963,84.0,86.0,2.0,2.41137433052063,2.106156587600708,-0.3052177429199219,15.814512252807617,15.303186416625977,-0.5113258361816406,-0.6483750343322754,-1.3101472854614258,-0.6617722511291504,55.0,64.0,9.0,20.29520295202952,23.616236162361623,3.3210332103321036,0.20599999999999996,0.062,-0.14399999999999996,0.92087,0.92004,-0.0008299999999999974,87.13944523470839,85.641307875895,-1.4981373588133948,2.08,2.06,-0.020000000000000018,0.7011070110701108,0.7158671586715867,0.014760147601475926
9YGK_B,6,2,t075,271,0.29612546125461253,low_or_equal,low_or_equal,0.2878228782287823,0.15867158671586715,0.41697416974169743,0.2583025830258303,43.0,113.0,70.0,1.0332797765731812,2.1473519802093506,1.1140722036361694,13.723380088806152,17.29221534729004,3.5688352584838867,-2.696287155151367,0.9084930419921875,3.6047801971435547,57.0,66.0,9.0,21.033210332103323,24.354243542435423,3.3210332103321,0.076,0.098,0.022000000000000006,0.93444,0.93407,-0.0003700000000000925,84.90112771084337,86.46849047619047,1.5673627653470987,1.81,1.94,0.1299999999999999,0.6715867158671587,0.6900369003690037,0.01845018450184499
9YGK_B,7,2,t075,271,0.29612546125461253,low_or_equal,low_or_equal,0.2878228782287823,0.25830258302583026,0.18081180811808117,-0.07749077490774908,70.0,49.0,-21.0,1.7888824939727783,1.635695457458496,-0.15318703651428223,15.702163696289062,18.86684226989746,3.1646785736083984,-1.0443353652954102,2.2608718872070312,3.3052072525024414,68.0,67.0,-1.0,25.092250922509223,24.723247232472325,-0.36900369003689804,0.028000000000000004,0.032,0.003999999999999997,0.91461,0.86867,-0.04593999999999998,85.77676387582314,81.27512820512821,-4.501635670694924,2.32,2.76,0.43999999999999995,0.6863468634686347,0.6605166051660517,-0.02583025830258301
4BT7_A,0,2,t075,236,0.3744703389830509,low_or_equal,low_or_equal,0.2923728813559322,0.4025423728813559,0.3813559322033898,-0.0211864406779661,95.0,90.0,-5.0,1.9112013578414917,1.579359531402588,-0.3318418264389038,14.533917427062988,11.903398513793945,-2.630518913269043,-1.4349088668823242,-2.989151954650879,-1.5542430877685547,39.0,95.0,56.0,16.52542372881356,40.25423728813559,23.72881355932203,0.266,0.074,-0.192,0.97336,0.97873,0.005369999999999986,83.4578251711427,82.47485133020345,-0.9829738409392519,1.18,0.87,-0.30999999999999994,0.5466101694915254,0.5508474576271186,0.004237288135593209
4BT7_A,1,2,t075,236,0.3744703389830509,low_or_equal,low_or_equal,0.2923728813559322,0.4067796610169492,0.3771186440677966,-0.029661016949152574,96.0,89.0,-7.0,3.1261680126190186,2.134343385696411,-0.9918246269226074,16.374462127685547,16.68625831604004,0.3117961883544922,-0.07039737701416016,0.5680294036865234,0.6384267807006836,29.0,42.0,13.0,12.288135593220339,17.796610169491526,5.508474576271187,0.5,0.324,-0.176,0.97206,0.97696,0.0049000000000000155,82.38864424592748,82.91697271773347,0.5283284718059917,1.17,0.92,-0.2499999999999999,0.5720338983050848,0.5889830508474576,0.016949152542372836
4BT7_A,2,2,t075,236,0.3744703389830509,low_or_equal,low_or_equal,0.2923728813559322,0.3516949152542373,0.4703389830508475,0.11864406779661019,83.0,111.0,28.0,2.5708744525909424,1.6340954303741455,-0.9367790222167969,17.364856719970703,9.078527450561523,-8.28632926940918,1.0765676498413086,-6.4757537841796875,-7.552321434020996,77.0,59.0,-18.0,32.6271186440678,25.0,-7.627118644067799,0.068,0.194,0.126,0.97116,0.97612,0.0049599999999999644,82.43230565838181,84.67021647307287,2.2379108146910625,1.05,1.07,0.020000000000000018,0.576271186440678,0.5805084745762712,0.004237288135593209
4BT7_A,3,2,t075,236,0.3744703389830509,low_or_equal,low_or_equal,0.2923728813559322,0.2838983050847458,0.3305084745762712,0.04661016949152541,67.0,78.0,11.0,0.6126144528388977,-0.37474843859672546,-0.9873628914356232,7.115232467651367,3.5036544799804688,-3.6115779876708984,-10.882427215576172,-9.64777660369873,1.2346506118774414,40.0,57.0,17.0,16.94915254237288,24.152542372881356,7.203389830508478,0.346,0.364,0.018000000000000016,0.96512,0.98593,0.020809999999999995,81.82616151022548,86.54394597457627,4.7177844643508,1.29,0.74,-0.55,0.5466101694915254,0.5466101694915254,0.0
4BT7_A,4,2,t075,236,0.3744703389830509,low_or_equal,low_or_equal,0.2923728813559322,0.423728813559322,0.3135593220338983,-0.11016949152542371,100.0,74.0,-26.0,0.6297125220298767,0.9447029232978821,0.31499040126800537,7.028902053833008,8.954546928405762,1.925644874572754,-9.663086891174316,-6.520145416259766,3.142941474914551,42.0,98.0,56.0,17.796610169491526,41.52542372881356,23.72881355932203,0.48999999999999994,0.076,-0.4139999999999999,0.96366,0.9735,0.009840000000000071,81.09679748822606,82.85890783164625,1.76211034342019,1.17,0.98,-0.18999999999999995,0.5677966101694916,0.5720338983050848,0.004237288135593209
4BT7_A,5,2,t075,236,0.3744703389830509,low_or_equal,low_or_equal,0.2923728813559322,0.3855932203389831,0.3644067796610169,-0.021186440677966156,91.0,86.0,-5.0,0.982403576374054,2.921612501144409,1.9392089247703552,7.765167236328125,14.971078872680664,7.205911636352539,-8.319580078125,-0.8534870147705078,7.466093063354492,34.0,57.0,23.0,14.40677966101695,24.152542372881356,9.745762711864407,0.21000000000000002,0.20400000000000001,-0.006000000000000005,0.97256,0.96629,-0.006269999999999998,83.3187493431424,81.57757496054708,-1.741174382595318,1.01,1.13,0.11999999999999988,0.5720338983050848,0.576271186440678,0.004237288135593209
4BT7_A,6,2,t075,236,0.3744703389830509,low_or_equal,low_or_equal,0.2923728813559322,0.3686440677966102,0.3093220338983051,-0.05932203389830509,87.0,73.0,-14.0,2.461229085922241,0.9504799842834473,-1.510749101638794,16.870895385742188,7.367032527923584,-9.503862857818604,0.7404870986938477,-8.844282150268555,-9.584769248962402,80.0,14.0,-66.0,33.89830508474576,5.932203389830509,-27.96610169491525,0.026000000000000002,1.03,1.004,0.9654,0.97456,0.009159999999999946,83.76885427666315,82.3440083725798,-1.4248459040833552,1.16,0.96,-0.19999999999999996,0.5677966101694916,0.5550847457627118,-0.012711864406779738
4BT7_A,7,2,t075,236,0.3744703389830509,low_or_equal,low_or_equal,0.2923728813559322,0.3728813559322034,0.4661016949152542,0.09322033898305082,88.0,110.0,22.0,1.1697994470596313,2.2514657974243164,1.081666350364685,13.489130020141602,18.313642501831055,4.824512481689453,-2.1204442977905273,3.6461830139160156,5.766627311706543,70.0,84.0,14.0,29.66101694915254,35.59322033898305,5.932203389830512,0.06000000000000001,0.024,-0.03600000000000001,0.99083,0.97268,-0.01815,87.00827055702918,83.24784012705136,-3.7604304299778164,0.56,1.01,0.44999999999999996,0.597457627118644,0.576271186440678,-0.021186440677966045
9GJ9_C,0,2,t075,389,0.3692159383033419,low_or_equal,low_or_equal,0.16966580976863754,0.4241645244215938,0.37532133676092544,-0.048843187660668363,165.0,146.0,-19.0,1.8835675716400146,1.5464664697647095,-0.3371011018753052,16.52755355834961,11.2916898727417,-5.23586368560791,-0.14518070220947266,-5.692681312561035,-5.5475006103515625,165.0,105.0,-60.0,42.41645244215938,26.99228791773779,-15.424164524421592,0.038,0.052000000000000005,0.014000000000000005,0.79766,0.83429,0.03662999999999994,73.32679344033497,72.80653913043479,-0.5202543099001815,2.22,2.24,0.020000000000000018,0.6401028277634961,0.609254498714653,-0.03084832904884316
9GJ9_C,1,2,t075,389,0.3692159383033419,low_or_equal,low_or_equal,0.16966580976863754,0.4601542416452442,0.455012853470437,-0.005141388174807193,179.0,177.0,-2.0,1.0366475582122803,1.384742259979248,0.3480947017669678,10.889104843139648,15.140560150146484,4.251455307006836,-5.330696105957031,-1.522629737854004,3.8080663681030273,126.0,56.0,-70.0,32.390745501285345,14.395886889460154,-17.99485861182519,0.014000000000000002,0.5660000000000001,0.552,0.84634,0.79077,-0.05557000000000001,74.33269736842105,71.61174137931035,-2.7209559891107062,2.26,2.16,-0.09999999999999964,0.6143958868894601,0.6401028277634961,0.02570694087403602
9GJ9_C,2,2,t075,389,0.3692159383033419,low_or_equal,low_or_equal,0.16966580976863754,0.18766066838046272,0.3393316195372751,0.15167095115681237,73.0,132.0,59.0,0.165003702044487,0.7256918549537659,0.5606881529092789,3.908323287963867,11.975075721740723,8.066752433776855,-12.414789199829102,-4.740998268127441,7.67379093170166,21.0,30.0,9.0,5.3984575835475574,7.712082262210797,2.3136246786632393,1.15,0.74,-0.4099999999999999,0.83955,0.82491,-0.014639999999999986,72.62964036312849,72.94493384401115,0.3152934808826586,2.65,2.2,-0.44999999999999973,0.6195372750642674,0.622107969151671,0.0025706940874036244
9GJ9_C,3,2,t075,389,0.3692159383033419,low_or_equal,low_or_equal,0.16966580976863754,0.39588688946015427,0.33676092544987146,-0.059125964010282805,154.0,131.0,-23.0,1.5671271085739136,0.9268034100532532,-0.6403236985206604,12.610237121582031,6.842031478881836,-5.768205642700195,-3.9209275245666504,-9.894460678100586,-5.9735331535339355,67.0,56.0,-11.0,17.223650385604113,14.395886889460154,-2.827763496143959,0.64,0.6659999999999999,0.025999999999999912,0.83544,0.91946,0.0840200000000001,72.08931094788387,80.93204986149584,8.842738913611967,2.69,1.85,-0.8399999999999999,0.622107969151671,0.6298200514138818,0.007712082262210762
9GJ9_C,4,2,t075,389,0.3692159383033419,low_or_equal,low_or_equal,0.16966580976863754,0.42930591259640105,0.38303341902313626,-0.046272493573264795,167.0,149.0,-18.0,1.435430645942688,2.108405828475952,0.6729751825332642,18.31146240234375,18.73326873779297,0.42180633544921875,1.6000862121582031,2.088852882385254,0.4887666702270508,124.0,132.0,8.0,31.876606683804624,33.933161953727506,2.0565552699228817,0.016,0.016,0.0,0.94134,0.83382,-0.10751999999999995,78.7750784792466,71.32900275103164,-7.446075728214964,2.07,2.17,0.10000000000000009,0.6169665809768637,0.6503856041131105,0.033419023136246784
9GJ9_C,5,2,t075,389,0.3692159383033419,low_or_equal,low_or_equal,0.16966580976863754,0.34704370179948585,0.35218508997429304,0.005141388174807193,135.0,137.0,2.0,1.5185949802398682,1.4961987733840942,-0.022396206855773926,12.437765121459961,17.918418884277344,5.480653762817383,-4.237109184265137,0.9305906295776367,5.167699813842773,49.0,111.0,62.0,12.596401028277635,28.53470437017995,15.938303341902314,0.378,0.024,-0.354,0.81479,0.82966,0.014869999999999939,70.76305565278264,70.81410265363128,0.05104700084864078,2.57,2.5,-0.06999999999999984,0.5989717223650386,0.6349614395886889,0.0359897172236503
9GJ9_C,6,2,t075,389,0.3692159383033419,low_or_equal,low_or_equal,0.16966580976863754,0.31876606683804626,0.3110539845758355,-0.007712082262210762,124.0,121.0,-3.0,0.818177342414856,0.9288705587387085,0.11069321632385254,8.868432998657227,12.436198234558105,3.567765235900879,-7.78290319442749,-5.804901599884033,1.978001594543457,85.0,36.0,-49.0,21.85089974293059,9.254498714652955,-12.596401028277635,0.074,0.4699999999999999,0.3959999999999999,0.8137,0.95411,0.14041000000000003,73.61904712041886,80.26130221130221,6.642255090883353,2.11,1.52,-0.5899999999999999,0.6478149100257069,0.6323907455012854,-0.015424164524421524
9GJ9_C,7,2,t075,389,0.3692159383033419,low_or_equal,low_or_equal,0.16966580976863754,0.390745501285347,0.32390745501285345,-0.06683804627249357,152.0,126.0,-26.0,0.9139774441719055,0.46529969573020935,-0.44867774844169617,5.808981895446777,4.411923408508301,-1.3970584869384766,-10.614086151123047,-11.877144813537598,-1.2630586624145508,55.0,87.0,32.0,14.138817480719796,22.36503856041131,8.226221079691515,0.236,0.20600000000000002,-0.02999999999999997,0.84302,0.83988,-0.0031400000000000317,73.45976108033241,71.94520833333334,-1.5145527469990725,2.29,2.46,0.16999999999999993,0.6503856041131105,0.6298200514138818,-0.020565552699228773
1QU9_A,0,2,t075,127,0.38976377952755903,high,high,0.2125984251968504,0.3464566929133858,0.3858267716535433,0.039370078740157466,44.0,49.0,5.0,0.13807004690170288,1.8436906337738037,1.7056205868721008,2.812368392944336,10.18471908569336,7.372350692749023,-11.542180061340332,-4.42118501663208,7.120995044708252,30.0,13.0,-17.0,23.62204724409449,10.236220472440944,-13.385826771653544,0.6,0.9120000000000001,0.31200000000000017,0.98106,0.97725,-0.003810000000000091,91.57385529157668,92.65675588865096,1.0829005970742855,0.45,0.53,0.08000000000000002,0.7480314960629921,0.7165354330708661,-0.03149606299212604
1QU9_A,1,2,t075,127,0.38976377952755903,high,high,0.2125984251968504,0.4409448818897638,0.3543307086614173,-0.08661417322834647,56.0,45.0,-11.0,3.2890408039093018,1.6051490306854248,-1.683891773223877,15.139665603637695,8.135690689086914,-7.003974914550781,0.6795711517333984,-5.648333549499512,-6.32790470123291,39.0,39.0,0.0,30.708661417322837,30.708661417322837,0.0,0.502,0.278,-0.22399999999999998,0.96905,0.97844,0.00939000000000001,92.31075291622481,92.41356531049252,0.10281239426770128,0.68,0.54,-0.14,0.7322834645669292,0.6850393700787402,-0.047244094488189003
1QU9_A,2,2,t075,127,0.38976377952755903,high,high,0.2125984251968504,0.33070866141732286,0.4409448818897638,0.11023622047244092,42.0,56.0,14.0,-0.1605895310640335,2.117332935333252,2.2779224663972855,7.517178535461426,8.716531753540039,1.1993532180786133,-3.7905309200286865,-5.4947829246521,-1.704252004623413,10.0,12.0,2.0,7.874015748031496,9.448818897637794,1.5748031496062982,1.042,0.732,-0.31000000000000005,0.97957,0.9802,0.0006299999999999084,92.81327349524815,91.84377825618945,-0.9694952390587019,0.5,0.47,-0.030000000000000027,0.7165354330708661,0.6614173228346457,-0.055118110236220375
1QU9_A,3,2,t075,127,0.38976377952755903,high,high,0.2125984251968504,0.44881889763779526,0.4094488188976378,-0.039370078740157466,57.0,52.0,-5.0,1.7685718536376953,1.2825229167938232,-0.48604893684387207,9.374528884887695,6.829890727996826,-2.544638156890869,-5.368234634399414,-9.207873344421387,-3.8396387100219727,20.0,3.0,-17.0,15.748031496062993,2.3622047244094486,-13.385826771653544,1.012,1.8199999999999998,0.8079999999999998,0.97222,0.97681,0.004589999999999983,92.98760939167556,92.85067669172932,-0.13693269994624302,0.63,0.56,-0.06999999999999995,0.7086614173228346,0.7086614173228346,0.0
1QU9_A,4,2,t075,127,0.38976377952755903,high,high,0.2125984251968504,0.41732283464566927,0.41732283464566927,0.0,53.0,53.0,0.0,0.7681225538253784,0.5612777471542358,-0.20684480667114258,5.778747081756592,8.82607364654541,3.0473265647888184,-8.377100944519043,-3.8913369178771973,4.485764026641846,4.0,9.0,5.0,3.149606299212598,7.086614173228346,3.937007874015748,1.702,0.8099999999999999,-0.892,0.97831,0.97826,-4.999999999999449e-05,92.75542857142858,92.53652127659575,-0.21890729483283167,0.51,0.51,0.0,0.6377952755905512,0.6929133858267716,0.055118110236220486
1QU9_A,5,2,t075,127,0.38976377952755903,high,high,0.2125984251968504,0.4330708661417323,0.44881889763779526,0.015748031496062964,55.0,57.0,2.0,3.0641589164733887,1.1895639896392822,-1.8745949268341064,12.167729377746582,7.27217960357666,-4.895549774169922,-3.3278894424438477,-6.951789379119873,-3.6238999366760254,5.0,10.0,5.0,3.937007874015748,7.874015748031496,3.937007874015748,1.624,0.8560000000000001,-0.768,0.97678,0.97797,0.0011900000000000244,92.85271855010662,92.11848484848484,-0.7342337016217755,0.54,0.51,-0.030000000000000027,0.7165354330708661,0.6535433070866141,-0.06299212598425197
1QU9_A,6,2,t075,127,0.38976377952755903,high,high,0.2125984251968504,0.3779527559055118,0.4881889763779528,0.11023622047244097,48.0,62.0,14.0,1.6834286451339722,1.1277879476547241,-0.555640697479248,9.075521469116211,7.219918251037598,-1.8556032180786133,-6.242864608764648,-5.398265838623047,0.8445987701416016,25.0,11.0,-14.0,19.68503937007874,8.661417322834646,-11.023622047244094,0.634,1.374,0.7400000000000001,0.97586,0.97833,0.0024700000000000832,92.7012660944206,92.21034297963558,-0.49092311478501927,0.56,0.51,-0.050000000000000044,0.7322834645669292,0.7007874015748031,-0.03149606299212604
1QU9_A,7,2,t075,127,0.38976377952755903,high,high,0.2125984251968504,0.3228346456692913,0.4094488188976378,0.08661417322834647,41.0,52.0,11.0,0.7038239240646362,0.9381610751152039,0.23433715105056763,8.350305557250977,4.169450759887695,-4.180854797363281,-4.986020565032959,-9.897109031677246,-4.911088466644287,25.0,8.0,-17.0,19.68503937007874,6.299212598425196,-13.385826771653544,0.726,1.33,0.6040000000000001,0.97899,0.97809,-0.0009000000000000119,92.48059765208112,92.24737406216506,-0.23322358991605086,0.5,0.52,0.020000000000000018,0.7637795275590551,0.6456692913385826,-0.11811023622047245
