protein_id,design_idx,tier,arm,burden_all,burden_tier2,nod_residue_n,d3_residue_n,delta_residue_n,nod_hotspot_mean,d3_hotspot_mean,delta_hotspot_mean,nod_hotspot_median,d3_hotspot_median,delta_hotspot_median,nod_hotspot_std,d3_hotspot_std,delta_hotspot_std,nod_hotspot_q75,d3_hotspot_q75,delta_hotspot_q75,nod_hotspot_q90,d3_hotspot_q90,delta_hotspot_q90,nod_hotspot_q95,d3_hotspot_q95,delta_hotspot_q95,nod_hotspot_q99,d3_hotspot_q99,delta_hotspot_q99,nod_hotspot_max,d3_hotspot_max,delta_hotspot_max,nod_hotspot_gt0_count,d3_hotspot_gt0_count,delta_hotspot_gt0_count,nod_hotspot_gt0p5_count,d3_hotspot_gt0p5_count,delta_hotspot_gt0p5_count,nod_hotspot_gt1_count,d3_hotspot_gt1_count,delta_hotspot_gt1_count,nod_hotspot_gt2_count,d3_hotspot_gt2_count,delta_hotspot_gt2_count,nod_hotspot_positive_mass,d3_hotspot_positive_mass,delta_hotspot_positive_mass,nod_hotspot_excess_mass_gt0p5,d3_hotspot_excess_mass_gt0p5,delta_hotspot_excess_mass_gt0p5,nod_positive_mass_top10_fraction,d3_positive_mass_top10_fraction,delta_positive_mass_top10_fraction,nod_positive_mass_entropy_norm,d3_positive_mass_entropy_norm,delta_positive_mass_entropy_norm,nod_positive_mass_gini,d3_positive_mass_gini,delta_positive_mass_gini,nod_residue_z_q95,d3_residue_z_q95,delta_residue_z_q95,nod_residue_z_max,d3_residue_z_max,delta_residue_z_max,nod_residue_z_gt1_count,d3_residue_z_gt1_count,delta_residue_z_gt1_count,nod_residue_z_gt2_count,d3_residue_z_gt2_count,delta_residue_z_gt2_count
1EYB_A,0,1,t060,low_or_equal,not_tier2,419.0,419.0,0.0,0.7387860168420614,2.4301254356675615,1.6913394188255002,0.0,0.0,0.0,1.5491324734856766,4.7730599709483865,3.22392749746271,0.6539616584777832,2.966048240661621,2.312086582183838,3.0823905944824217,9.867582702636719,6.785192108154297,4.212909317016601,13.903705596923828,9.690796279907227,5.820491790771484,18.480878829956055,12.66038703918457,5.831026077270508,18.480878829956055,12.649852752685547,209.0,209.0,0.0,128.0,145.0,17.0,85.0,142.0,57.0,70.0,129.0,59.0,339.5079984664917,1071.6079668998718,732.0999684333801,259.4266633987427,990.3303542137146,730.9036908149719,0.5808018888452675,0.571893501618921,-0.00890838722634646,0.7893298170710784,0.7874591406494162,-0.0018706764216621652,0.7888357426178754,0.7881857593805068,-0.0006499832373685344,2.242625056046675,2.40382065825511,0.16119560220843487,3.287155971219481,3.3627805835214084,0.0756246123019273,67.0,55.0,-12.0,37.0,34.0,-3.0
1EYB_A,1,1,t060,low_or_equal,not_tier2,419.0,419.0,0.0,0.5640671258894526,1.217041863461952,0.6529747375724994,0.0,0.0,0.0,1.9498726751669424,3.8007885558800876,1.8509158807131452,0.18662786483764648,0.6941804885864258,0.5075526237487793,1.1935134887695313,2.0053491592407227,0.8118356704711913,1.6655727386474608,4.963026428222656,3.297453689575195,9.060632362365723,19.931507110595703,10.87087474822998,9.06063461303711,19.931507110595703,10.870872497558594,209.0,209.0,0.0,77.0,127.0,50.0,61.0,97.0,36.0,20.0,49.0,29.0,261.61945152282715,537.4149985313416,275.7955470085144,204.89489364624023,461.68378496170044,256.7888913154602,0.8127365276379238,0.7686601799652993,-0.04407634767262447,0.6824703720449309,0.7039775276576477,0.021507155612716766,0.8797767804812846,0.8641168605362743,-0.01565991994501026,0.5649115589886916,0.985580889251364,0.4206693302626724,4.357498617913708,4.923837506872398,0.5663388889586898,20.0,20.0,0.0,20.0,18.0,-2.0
1EYB_A,2,1,t060,low_or_equal,not_tier2,419.0,419.0,0.0,2.087305847386472,2.6643071265664475,0.5770012791799757,0.0,0.0,0.0,4.458502603229658,4.9236528929176515,0.4651502896879931,0.9864912033081055,6.312130689620972,5.325639486312866,8.513729095458984,10.162347793579102,1.6486186981201172,10.851936149597162,13.04590435028076,2.1939682006835977,17.777482604980467,17.309865951538086,-0.4676166534423807,18.38421630859375,17.309865951538086,-1.074350357055664,209.0,209.0,0.0,113.0,205.0,92.0,100.0,157.0,57.0,98.0,133.0,35.0,909.371880531311,1261.8924307823181,352.5205502510071,838.0589056015015,1158.6619172096252,320.6030116081238,0.59739274494569,0.458147116565054,-0.13924562838063592,0.7582801522407527,0.8222733848771685,0.06399323263641576,0.8185638943429532,0.7340331058492551,-0.0845307884936981,1.9658237489559278,2.1085152526993833,0.14269150374345552,3.6552430067893407,2.9745311344019205,-0.6807118723874201,74.0,79.0,5.0,20.0,30.0,10.0
1EYB_A,3,1,t060,low_or_equal,not_tier2,419.0,419.0,0.0,0.5529933032670852,2.057381084824519,1.5043877815574338,0.0,0.0,0.0,1.4170116556721621,4.8753573531840235,3.458345697511861,0.5893092155456543,1.4419074058532715,0.8525981903076172,3.040718650817871,6.241259002685546,3.200540351867675,5.341580009460447,18.105335235595703,12.763755226135256,5.50082405090332,18.36075210571289,12.85992805480957,5.500945091247559,18.37240219116211,12.87145709991455,209.0,209.0,0.0,117.0,137.0,20.0,69.0,114.0,45.0,44.0,79.0,35.0,267.5304927825928,892.09845495224,624.5679621696472,196.08350372314453,809.0995421409607,613.0160384178162,0.6946147789894767,0.7332815822920437,0.038666803302567,0.7637563509868244,0.7470618091212614,-0.016694541865562962,0.8189080469594694,0.8351493146744182,0.016241267714948826,3.3793559051014914,3.291646742631184,-0.08770916247030724,3.4918215161987525,3.3464256924023204,-0.14539582379643212,44.0,38.0,-6.0,24.0,33.0,9.0
1EYB_A,4,1,t060,low_or_equal,not_tier2,419.0,419.0,0.0,0.6003282929377226,0.5161053662083883,-0.08422292672933429,0.0,0.0,0.0,1.352757835767619,1.3251716878268824,-0.02758614794073666,0.8966836929321289,0.8976001739501953,0.0009164810180664062,2.597072219848633,1.6429445266723628,-0.9541276931762701,3.767001056671142,2.026107311248778,-1.740893745422364,4.707563819885254,6.490631799697876,1.783067979812622,4.707929611206055,6.510068893432617,1.8021392822265625,209.0,209.0,0.0,110.0,160.0,50.0,104.0,103.0,-1.0,58.0,22.0,-36.0,294.00957012176514,275.0159115791321,-18.993658542633057,222.02156257629395,189.75895071029663,-32.262611865997314,0.5788010471742708,0.5310488552279904,-0.04775219194628044,0.7884231659693258,0.8046648584648359,0.016241692495510107,0.7887779182847168,0.7516557165439504,-0.037122201740766414,2.340901438531678,1.1394764609834112,-1.201424977548267,3.0364646277857146,4.52315996658032,1.4866953387946058,58.0,37.0,-21.0,37.0,15.0,-22.0
1EYB_A,5,1,t060,low_or_equal,not_tier2,419.0,419.0,0.0,1.5657149988597787,1.2578440076695991,-0.3078709911901796,0.0,0.0,0.0,3.533003436446464,2.9896345964836564,-0.5433688399628078,1.0711088180541992,1.4456357955932617,0.3745269775390625,6.1753106117248535,2.868235778808594,-3.3070748329162596,8.18348731994629,8.642320728302002,0.4588334083557122,15.223443908691406,13.832561492919922,-1.3908824157714843,15.26778793334961,13.832561492919922,-1.4352264404296875,209.0,209.0,0.0,155.0,155.0,0.0,129.0,134.0,5.0,89.0,87.0,-2.0,714.6015610694885,576.1406593322754,-138.46090173721313,628.8321328163147,491.27231216430664,-137.55982065200806,0.6176246043453825,0.6526341631710622,0.03500955882567969,0.7758127409431738,0.7740478708251965,-0.001764870117977213,0.8056480293423154,0.8025399834320197,-0.003108045910295676,1.8731293190427072,2.4700265140488624,0.5968971950061552,3.8783072762226167,4.206105154135035,0.32779787791241866,57.0,32.0,-25.0,18.0,32.0,14.0
1EYB_A,6,1,t060,low_or_equal,not_tier2,419.0,419.0,0.0,1.0302005667675083,2.7039677351357545,1.6737671683682462,0.0,0.0,0.0,2.1804211965978157,5.479697217346533,3.299276020748717,1.8403387069702148,2.1913671493530273,0.3510284423828125,3.3825668334960914,7.542113304138184,4.159546470642092,4.058803367614737,18.518238067626953,14.459434700012217,9.508893795013428,19.920629501342773,10.411735706329345,9.508895874023438,19.932279586791992,10.423383712768555,209.0,209.0,0.0,163.0,163.0,0.0,144.0,127.0,-17.0,85.0,105.0,20.0,491.96843242645264,1193.9644293785095,701.9959969520569,401.2962598800659,1098.8569979667664,697.5607380867004,0.5296057888767925,0.6028485564505697,0.07324276757377712,0.8094325524941453,0.782721651813791,-0.0267109006803542,0.7543223855427492,0.7945013770839662,0.04017899154121696,1.3889989721127545,2.8859752108984296,1.496976238785675,3.888558467733446,3.1440262423840286,-0.7445322253494173,47.0,41.0,-6.0,19.0,33.0,14.0
1EYB_A,7,1,t060,low_or_equal,not_tier2,419.0,419.0,0.0,0.915894634683832,1.1130910227008537,0.19719638801702166,0.0,0.0,0.0,2.137618910175757,3.3317415136035327,1.1941226034277759,1.9947481155395508,0.49138355255126953,-1.5033645629882812,2.407086181640625,3.1497028350830076,0.7426166534423828,3.007732677459716,4.71481409072876,1.707081413269044,10.889101028442383,17.620956420898438,6.731855392456055,10.8891019821167,17.620956420898438,6.731854438781738,209.0,209.0,0.0,142.0,104.0,-38.0,111.0,86.0,-25.0,103.0,55.0,-48.0,420.34350538253784,499.9783010482788,79.63479566574097,340.17711114883423,421.3780879974365,81.2009768486023,0.5685073035139955,0.7636255145479822,0.19511821103398674,0.7814195484856019,0.718498952518474,-0.06292059596712796,0.7855155390844244,0.8576100592670273,0.07209452018260287,0.9785832417640298,1.0810331633837846,0.10244992161975486,4.665568450932566,4.954725728510393,0.28915727757782683,18.0,32.0,14.0,16.0,17.0,1.0
1LI1_C,0,1,t060,low_or_equal,not_tier2,224.0,224.0,0.0,1.1448609914098467,0.9399009368249348,-0.20496005458491184,0.012849807739257812,0.002269744873046875,-0.010580062866210938,2.159722233153346,2.0292270916053328,-0.13049514154801312,2.6493427753448486,0.6758456230163574,-1.9734971523284912,4.282495307922365,3.134458637237549,-1.148036670684816,6.4267631530761715,6.799859428405762,0.37309627532959055,7.752567033767703,6.800573091506958,-0.9519939422607449,8.822981834411621,6.800646781921387,-2.0223350524902344,112.0,112.0,0.0,88.0,69.0,-19.0,62.0,44.0,-18.0,61.0,39.0,-22.0,282.45409297943115,222.6876015663147,-59.766491413116455,234.11380767822266,183.80272340774536,-50.311084270477295,0.5178025354052748,0.650217593209173,0.13241505780389828,0.7888787869776225,0.739504487501286,-0.049374299476336536,0.753556820657362,0.8125794049173813,0.059022584260019384,2.445639573730914,2.8877785615137737,0.44213898778285987,3.555142751756174,2.888166568119285,-0.6669761836368888,34.0,37.0,3.0,17.0,20.0,3.0
1LI1_C,1,1,t060,low_or_equal,not_tier2,224.0,224.0,0.0,1.4509886588369096,1.5818453856876917,0.1308567268507821,0.001941680908203125,0.00109100341796875,-0.000850677490234375,2.8537642682086193,4.13362033734038,1.2798560691317609,2.615466833114624,0.8145942687988281,-1.800872564315796,7.722942066192701,3.0747677803039557,-4.648174285888745,9.019431400299073,15.614327478408812,6.594896078109739,9.01981647491455,16.945634441375734,7.925817966461183,9.019819259643555,18.1102294921875,9.090410232543945,112.0,112.0,0.0,72.0,81.0,9.0,68.0,46.0,-22.0,65.0,42.0,-23.0,352.04431533813477,373.76040267944336,21.716087341308594,306.7303056716919,328.5309944152832,21.80068874359131,0.5891267209148746,0.7592730872346615,0.17014636631978686,0.7724820313281824,0.70296495636414,-0.06951707496404236,0.7706584523739155,0.8451818339569326,0.07452338158301708,2.6520910734554355,3.394719627722217,0.7426285542667816,2.6522269849421702,3.998524963019309,1.3462979780771387,24.0,19.0,-5.0,23.0,15.0,-8.0
1LI1_C,2,1,t060,low_or_equal,not_tier2,224.0,224.0,0.0,1.1550848888499397,0.7514546981879643,-0.40363019066197536,0.00015544891357421875,8.296966552734375e-05,-7.2479248046875e-05,2.7380436761871274,1.4870215781440699,-1.2510220980430575,0.5008754730224609,0.39622926712036133,-0.10464620590209961,6.171166849136376,3.8774742126464843,-2.2936926364898915,9.318743801116943,3.978148365020752,-5.340595436096191,9.318766374588012,4.198353481292725,-5.1204128932952875,9.318769454956055,4.327062606811523,-4.991706848144531,112.0,112.0,0.0,57.0,52.0,-5.0,47.0,44.0,-3.0,28.0,44.0,16.0,271.4914994239807,175.855131149292,-95.63636827468872,229.2497534751892,141.90488624572754,-87.34486722946167,0.7591513680997942,0.5236420271926724,-0.23550934090712183,0.7172689706363317,0.7451324750539317,0.027863504417599994,0.8315490686264264,0.7908909363309438,-0.04065813229548265,2.9815663582238163,2.1699037285390155,-0.8116626296848009,2.9815757276284516,2.4045433914188545,-0.577032336209597,24.0,44.0,20.0,20.0,34.0,14.0
1LI1_C,3,1,t060,low_or_equal,not_tier2,224.0,224.0,0.0,0.5710830305303846,1.1330729105642863,0.5619898800339017,0.0019388198852539062,0.0005645751953125,-0.0013742446899414062,1.1501108666614108,2.1633515712696068,1.013240704608196,0.8781540393829346,1.755293369293213,0.8771393299102783,3.0216938018798913,4.320188999176025,1.298495197296134,3.5965922355651854,6.725591015815725,3.12899878025054,3.6319258213043213,7.144052166938781,3.51212634563446,3.632558822631836,7.144097328186035,3.511538505554199,112.0,112.0,0.0,60.0,98.0,38.0,51.0,77.0,26.0,25.0,52.0,27.0,137.81056308746338,295.58408403396606,157.77352094650269,102.42684173583984,245.13758516311646,142.7107434272766,0.5926682363440967,0.46211835928153566,-0.13054987706256105,0.7601556003523332,0.8053221785652255,0.04516657821289227,0.7885712614255298,0.7280626081223589,-0.0605086533031709,2.630623962207551,2.5851175460904656,-0.04550641611708528,2.661896240480215,2.7785702968723003,0.11667405639208539,28.0,50.0,22.0,23.0,12.0,-11.0
1LI1_C,4,1,t060,low_or_equal,not_tier2,224.0,224.0,0.0,0.492766980613981,0.2045205533504486,-0.2882464272635324,0.050507545471191406,5.054473876953125e-05,-0.050457000732421875,1.4600629460293522,0.7029696954523205,-0.7570932505770317,0.831303596496582,0.20229339599609375,-0.6290102005004883,3.415383052825928,0.5347286224365234,-2.8806544303894044,3.9146689891815187,1.905731391906738,-2.0089375972747807,3.915376720428467,3.0453589057922392,-0.8700178146362276,3.9156789779663086,4.170450210571289,0.25477123260498047,112.0,112.0,0.0,75.0,36.0,-39.0,44.0,19.0,-25.0,42.0,10.0,-32.0,173.18092441558838,64.32794189453125,-108.85298252105713,125.95472049713135,34.88695430755615,-91.0677661895752,0.5017180556507239,0.7154539291037801,0.21373587345305622,0.7951177178625933,0.7308683735254915,-0.06424934433710183,0.7458144646431444,0.8217900058568417,0.07597554121369732,2.343667454799408,2.4200343906171633,0.07636693581775544,2.3443591981160483,5.641679410758942,3.297320212642894,42.0,20.0,-22.0,29.0,18.0,-11.0
1LI1_C,5,1,t060,low_or_equal,not_tier2,224.0,224.0,0.0,0.8237056050981794,0.5568971719060626,-0.2668084331921168,0.01486968994140625,0.000263214111328125,-0.014606475830078125,1.4728186195721795,1.0560170724518114,-0.4168015471203681,2.1292545795440674,1.107062816619873,-1.0221917629241943,3.6736356735229725,2.3050498008728026,-1.3685858726501698,4.086170816421509,2.847004985809326,-1.2391658306121833,4.090080156326294,3.0308526134490967,-1.059227542877197,4.090328216552734,3.144632339477539,-0.9456958770751953,112.0,112.0,0.0,84.0,64.0,-20.0,68.0,57.0,-11.0,63.0,36.0,-27.0,213.74645137786865,139.93482875823975,-73.8116226196289,165.0467071533203,103.90073776245117,-61.14596939086914,0.43970015731849615,0.4539445755172261,0.014244418198729958,0.8148863229370054,0.7797554643948267,-0.03513085854217868,0.7066459501840527,0.7497456572387666,0.04309970705471389,2.2151167618121246,2.1686276421518427,-0.04648911966028191,2.2179395127442336,2.4504671705386287,0.2325276577943951,46.0,55.0,9.0,23.0,15.0,-8.0
1LI1_C,6,1,t060,low_or_equal,not_tier2,224.0,224.0,0.0,0.552765429019928,1.344056350844247,0.7912909218243189,0.001743316650390625,0.00835418701171875,0.006610870361328125,1.2313126998967219,2.6769339529650473,1.4456212530683255,0.8040115833282471,2.5877561569213867,1.7837445735931396,2.153234100341797,4.049451065063477,1.8962169647216798,4.111609983444214,10.221988201141357,6.110378217697144,4.115861759185791,10.223626871109008,6.107765111923217,4.116048812866211,10.223627090454102,6.107578277587891,112.0,112.0,0.0,71.0,101.0,30.0,52.0,94.0,42.0,27.0,70.0,43.0,147.11443614959717,351.4849920272827,204.37055587768555,106.29169940948486,298.8049592971802,192.5132598876953,0.5629423280012137,0.4940586171494998,-0.06888371085171391,0.7747292090715324,0.8095467023979325,0.03481749332640005,0.773684337330832,0.7154140169891141,-0.05827032034171786,2.890284941203635,3.316455320260578,0.4261703790569431,2.8938898982729233,3.3170675465394255,0.42317764826650217,34.0,30.0,-4.0,17.0,13.0,-4.0
1LI1_C,7,1,t060,low_or_equal,not_tier2,224.0,224.0,0.0,1.690763077565602,2.019495436123439,0.3287323585578372,6.961822509765625e-05,0.0002918243408203125,0.00022220611572265625,3.534547545239281,3.0146922164617798,-0.5198553287775014,1.7938470840454102,3.183788299560547,1.3899412155151367,7.805244970321655,7.524938201904298,-0.2803067684173568,10.913278627395629,7.6977637767791744,-3.2155148506164544,12.205607624053957,8.69055678367615,-3.515050840377807,12.952451705932617,9.749323844909668,-3.203127861022949,112.0,112.0,0.0,97.0,95.0,-2.0,88.0,88.0,0.0,51.0,83.0,32.0,440.36517906188965,471.34735012054443,30.982171058654785,390.61431407928467,420.8483772277832,30.234063148498535,0.5332373236103877,0.3891281910769982,-0.14410913253338947,0.7839155650463638,0.8179051213732318,0.033989556326867953,0.7621903933844387,0.6963074014839605,-0.0658829919004782,2.609249255184565,1.883531695092936,-0.7257175600916292,3.186175453640594,2.5640522659584835,-0.6221231876821105,32.0,50.0,18.0,15.0,6.0,-9.0
1O51_A,0,2,t060,low_or_equal,low_or_equal,89.0,89.0,0.0,0.003073242273223534,0.9807343750857236,0.9776611328125,0.0,0.0,0.0,1.6317347251358174,1.9366582384242337,0.30492351328841627,0.1925983428955078,0.7277202606201172,0.5351219177246094,2.7287769317626958,4.792684936523438,2.063908004760742,3.317742156982421,5.389450073242187,2.071707916259766,4.384544792175296,6.4594648742675815,2.0749200820922855,4.992537498474121,7.068544387817383,2.0760068893432617,44.0,44.0,0.0,22.0,37.0,15.0,19.0,16.0,-3.0,14.0,16.0,2.0,56.19386005401611,94.0333948135376,37.839534759521484,42.53738594055176,73.7711238861084,31.23373794555664,0.5729672217719871,0.5406719805256655,-0.03229524124632166,0.7022916006716826,0.7283760898350586,0.026084489163376023,0.7975787706286375,0.7678499121221176,-0.02972885850651985,2.0313773211103916,2.2764551900203234,0.24507786890993177,3.057766792200613,3.143461191007568,0.08569439880695473,14.0,14.0,0.0,5.0,9.0,4.0
1O51_A,1,2,t060,low_or_equal,low_or_equal,89.0,89.0,0.0,2.2156528944379827,0.855348533458924,-1.3603043609790588,0.0,0.0,0.0,3.450901333104885,1.263641520916766,-2.187259812188119,3.992140769958496,2.494119644165039,-1.498021125793457,8.102952003479004,2.718216896057129,-5.384735107421875,8.102959823608398,2.7216537475585936,-5.381306076049804,8.102964630126953,2.787851829528811,-5.3151128005981425,8.10296630859375,3.258721351623535,-4.844244956970215,44.0,44.0,0.0,40.0,40.0,0.0,36.0,35.0,-1.0,36.0,26.0,-10.0,217.3349666595459,85.4575138092041,-131.8774528503418,195.8796901702881,65.39242172241211,-130.48726844787598,0.33554953146055044,0.2928782873287591,-0.04267124413179135,0.7917587875481968,0.8074748274391064,0.015716039890909528,0.6727046497550397,0.6321593084836223,-0.0405453412714174,1.7060200686391167,1.4769261560396292,-0.22909391259948753,1.7060219478540597,1.9019419498189452,0.19592000196488546,20.0,26.0,6.0,0.0,0.0,0.0
1O51_A,2,2,t060,low_or_equal,low_or_equal,89.0,89.0,0.0,3.839244885391064,1.782949404770069,-2.056295480620995,0.0,0.0,0.0,6.636550251263789,3.0355640437098126,-3.6009862075539765,3.739185333251953,2.1038618087768555,-1.6353235244750977,18.115838623046876,7.635508060455322,-10.480330562591554,18.714985656738282,8.234410095214843,-10.48057556152344,19.748904113769534,9.306576118469241,-10.442327995300293,20.356361389160156,9.916470527648926,-10.43989086151123,44.0,44.0,0.0,39.0,32.0,-7.0,39.0,32.0,-7.0,39.0,31.0,-8.0,356.9722080230713,163.3834342956543,-193.588773727417,336.72869396209717,146.57585430145264,-190.15283966064453,0.478175088413427,0.4679106661881546,-0.010264422225272407,0.7540776418798996,0.7385663708665625,-0.015511271013337047,0.7299366760152006,0.7493463761208428,0.019409700105642136,2.2414869485113065,2.1252922348363104,-0.11619471367499612,2.4888105835744647,2.679410154344412,0.1905995707699475,14.0,16.0,2.0,14.0,7.0,-7.0
1O51_A,3,2,t060,low_or_equal,low_or_equal,89.0,89.0,0.0,0.030222539151652475,2.8248826466249617,2.7946601074733093,0.0,0.0,0.0,0.2830664915162154,5.163484715570115,4.8804182240539,0.2322063446044922,0.6504306793212891,0.4182243347167969,0.3619800567626955,12.817193603515625,12.45521354675293,0.578941917419433,13.285356712341308,12.706414794921875,0.7639338302612313,13.93253387451172,13.168600044250487,0.9323587417602539,14.18558120727539,13.253222465515137,44.0,44.0,0.0,8.0,24.0,16.0,0.0,22.0,22.0,0.0,22.0,22.0,11.635974884033203,253.99013328552246,242.35415840148926,1.1679773330688477,239.9232292175293,238.75525188446045,0.4801882666661421,0.47541791312799386,-0.004770353538148253,0.7724974917222758,0.6907186380786852,-0.08177885364359061,0.7158098311675551,0.7804434266615876,0.06463359549403247,1.9384822814195488,2.025855530117779,0.08737324869823015,3.1870116373591424,2.2001999011235696,-0.9868117362355728,11.0,17.0,6.0,5.0,6.0,1.0
1O51_A,4,2,t060,low_or_equal,low_or_equal,89.0,89.0,0.0,1.5662538121255596,0.9292699835273657,-0.6369838285981939,0.0,0.0,0.0,3.5472542589445384,1.9455645814517482,-1.6016896774927902,0.2001819610595703,0.20494461059570312,0.0047626495361328125,9.247840881347656,4.6820423126220705,-4.565798568725586,9.846929550170897,5.271210861206054,-4.575718688964843,10.917938499450687,6.312620429992679,-4.605318069458008,11.527091026306152,6.919821739196777,-4.607269287109375,44.0,44.0,0.0,21.0,21.0,0.0,14.0,21.0,7.0,14.0,19.0,5.0,143.15893268585205,89.17399787902832,-53.98493480682373,131.0430154800415,76.43896770477295,-54.604047775268555,0.6353667014668901,0.5575187522764652,-0.07784794919042493,0.6304492342529976,0.6851150497899491,0.05466581553695149,0.8354141321860369,0.8035166646415024,-0.031897467544534486,2.3343902448394545,2.2317125419906665,-0.10267770284878797,2.8080415124075073,3.0790814207767703,0.27103990836926295,14.0,14.0,0.0,14.0,8.0,-6.0
1O51_A,5,2,t060,low_or_equal,low_or_equal,89.0,89.0,0.0,0.8635549973905756,2.7299812402618064,1.8664262428712308,0.0,0.0,0.0,1.8461136434203382,5.996342641077098,4.15022899765676,0.228057861328125,0.4213390350341797,0.1932811737060547,4.820137214660645,16.06617317199707,11.246035957336428,5.285641860961913,16.665319061279295,11.379677200317381,5.931151542663575,17.73352233886719,11.802370796203615,6.183712959289551,18.343490600585938,12.159777641296387,44.0,44.0,0.0,22.0,20.0,-2.0,21.0,20.0,-1.0,18.0,15.0,-3.0,82.33499145507812,247.83832931518555,165.50333786010742,70.28710556030273,231.7795810699463,161.49247550964355,0.5921416162549904,0.6145899901601265,0.0224483739051361,0.6749424160494176,0.6441896088318574,-0.03075280721756024,0.8116527086471887,0.826153676288977,0.01450096764178821,2.3953492133769365,2.323972904009091,-0.07137630936784545,2.881814985150206,2.603838755538416,-0.27797622961179025,12.0,14.0,2.0,12.0,14.0,2.0
1O51_A,6,2,t060,low_or_equal,low_or_equal,89.0,89.0,0.0,2.0285880646009122,3.1786579174941845,1.1500698528932722,0.0,0.0,0.0,3.8087134123278568,8.433622660255871,4.624909247928015,0.737060546875,13.274484634399414,12.537424087524414,9.530539703369142,16.8757266998291,7.34518699645996,10.129644393920897,16.8757266998291,6.746082305908205,11.202002525329593,16.875728607177734,5.673726081848141,11.811957359313965,16.875728607177734,5.0637712478637695,44.0,44.0,0.0,24.0,43.0,19.0,20.0,38.0,18.0,20.0,33.0,13.0,183.25997018814087,451.8681888580322,268.60821866989136,169.57284116744995,429.98110485076904,260.4082636833191,0.5102380631105661,0.33611913776082586,-0.17411892534974022,0.6866511704642784,0.7828302431027458,0.09617907263846748,0.790558311091567,0.6772131032644797,-0.11334520782708735,2.126979757284673,1.624102634670088,-0.5028771226145852,2.5686808734536766,1.624102860830151,-0.9445780126235255,20.0,25.0,5.0,8.0,0.0,-8.0
1O51_A,7,2,t060,low_or_equal,low_or_equal,89.0,89.0,0.0,3.6785694615224775,0.22139569614710433,-3.4571737653753734,0.0,0.0,0.0,6.806160262440575,2.7175863171210786,-4.088573945319497,15.006099700927734,3.3194522857666016,-11.686647415161133,15.300065994262695,3.323480796813965,-11.976585197448731,15.300065994262695,3.503728675842284,-11.796337318420411,15.300065994262695,4.574350090026859,-10.725715904235837,15.300065994262695,5.183764457702637,-10.116301536560059,44.0,44.0,0.0,25.0,43.0,18.0,23.0,38.0,15.0,23.0,34.0,11.0,354.91855335235596,124.82228946685791,-230.09626388549805,337.90135383605957,103.29433631896973,-234.60701751708984,0.3879780097369491,0.276410493168094,-0.11156751656885511,0.7159664681499261,0.8214819047498794,0.10551543659995322,0.7359578839695713,0.6006061904205491,-0.1353516935490222,1.7074967506822918,1.2078118582714883,-0.4996848924108035,1.7074967506822918,1.8260206604265297,0.11852390974423788,23.0,30.0,7.0,0.0,0.0,0.0
1PXZ_B,0,2,t060,high,high,346.0,346.0,0.0,2.1691452588649156,1.8823127994647604,-0.2868324594001552,0.0010991096496582031,0.013079643249511719,0.011980533599853516,4.925044054605723,4.801692261850347,-0.12335179275537644,2.534982919692993,0.9856650829315186,-1.5493178367614746,4.668607234954834,4.551904678344727,-0.11670255661010742,15.12993597984314,16.689857959747314,1.5599219799041748,19.490161991119386,17.595989322662355,-1.8941726684570312,19.627422332763672,19.082698822021484,-0.5447235107421875,173.0,173.0,0.0,143.0,138.0,-5.0,139.0,84.0,-55.0,119.0,67.0,-52.0,845.60364818573,707.8062696456909,-137.79737854003906,764.4235343933105,633.7202081680298,-130.70332622528076,0.63952159472659,0.7562490926582688,0.1167274979316788,0.7852964701899965,0.7361608013881517,-0.049135668801844834,0.7803866843453373,0.8345374834790567,0.05415079913371934,2.631609093700951,3.0838180276418674,0.4522089339409163,3.544796123716377,3.5821508511102507,0.03735472739387369,33.0,31.0,-2.0,29.0,30.0,1.0
1PXZ_B,1,2,t060,high,high,346.0,346.0,0.0,2.2645950909983905,1.7883993959151252,-0.4761956950832653,0.0024704933166503906,0.003987789154052734,0.0015172958374023438,4.2064830483631,3.8750114007073853,-0.33147164765571446,4.294137001037598,3.497459888458252,-0.7966771125793457,5.786642551422119,6.738823175430298,0.9521806240081787,12.304842472076416,7.737401127815247,-4.567441344261169,16.949640369415285,15.652957153320315,-1.2966832160949693,18.43634796142578,17.139665603637695,-1.296682357788086,173.0,173.0,0.0,155.0,128.0,-27.0,155.0,127.0,-28.0,139.0,112.0,-27.0,901.1857810020447,758.2219848632812,-142.96379613876343,821.2929949760437,687.9159307479858,-133.37706422805786,0.469420513278187,0.47006693233637686,0.000646419058189851,0.8297669735796129,0.8054539398967325,-0.024313033682880403,0.7002333468602191,0.7435701950712716,0.04333684821105255,2.3868507885667247,1.535221736590021,-0.8516290519767038,3.844483071605489,3.961605430353105,0.11712235874761623,30.0,49.0,19.0,25.0,12.0,-13.0
1PXZ_B,2,2,t060,high,high,346.0,346.0,0.0,2.418811744348162,1.841038045166545,-0.5777736991816171,0.00040912628173828125,0.0022335052490234375,0.0018243789672851562,4.760978106555814,4.155550276982937,-0.6054278295728768,3.6869523525238037,1.6474666595458984,-2.0394856929779053,7.834331512451172,6.21161413192749,-1.6227173805236816,16.150618076324463,10.47843885421753,-5.672179222106934,17.465048980712893,16.824449634552003,-0.6405993461608901,18.951757431030273,16.962177276611328,-1.9895801544189453,173.0,173.0,0.0,170.0,152.0,-18.0,153.0,93.0,-60.0,117.0,77.0,-40.0,928.6199774742126,704.087779045105,-224.53219842910767,843.6169066429138,624.7668561935425,-218.85005044937134,0.5573541436668142,0.6291814002887407,0.07182725662192646,0.8099813155695601,0.7728923613906084,-0.03708895417895175,0.7478432040915501,0.8002726739040011,0.052429469812451,2.8842405960799855,2.0785215515000375,-0.805719044579948,3.472594352810913,3.638781442544167,0.16618708973325402,48.0,36.0,-12.0,30.0,20.0,-10.0
1PXZ_B,3,2,t060,high,high,346.0,346.0,0.0,1.0456728535580497,2.3226650395145305,1.2769921859564808,0.0039615631103515625,0.058707237243652344,0.05474567413330078,4.474303122120271,4.988959740306898,0.5146566181866268,2.295243978500366,5.661115288734436,3.36587131023407,6.6261396408081055,8.764913558959961,2.1387739181518555,12.543285369873047,14.886860847473145,2.3435754776000977,13.279691123962403,16.58133888244629,3.3016477584838864,13.384593963623047,16.58133888244629,3.196744918823242,173.0,173.0,0.0,139.0,172.0,33.0,120.0,160.0,40.0,95.0,155.0,60.0,741.3718943595886,1075.4992566108704,334.12736225128174,664.4909596443176,989.381842136383,324.89088249206543,0.550708677983365,0.4250805537351874,-0.1256281242481776,0.7971780685108144,0.84148157300319,0.044303504492375634,0.767256321363851,0.6877751268259316,-0.07948119453791946,2.5696990575968264,2.5183999194160105,-0.051299138180815884,2.7577302595041577,2.8580454814523377,0.10031522194817999,53.0,55.0,2.0,30.0,19.0,-11.0
1PXZ_B,4,2,t060,high,high,346.0,346.0,0.0,1.493822658682145,3.851997546377899,2.358174887695754,0.0028886795043945312,0.0016717910766601562,-0.001216888427734375,2.9552733365624184,6.60389751744924,3.6486241808868214,3.659569501876831,9.609062910079956,5.949493408203125,6.808241605758667,16.67056655883789,9.862324953079224,7.205507278442383,17.498208045959473,10.29270076751709,9.426979827880862,17.577878952026367,8.150899124145505,10.91366195678711,17.577878952026367,6.664216995239258,173.0,173.0,0.0,143.0,149.0,6.0,129.0,134.0,5.0,98.0,114.0,16.0,629.8182101249695,1450.6615762710571,820.8433661460876,550.9057354927063,1372.4714031219482,821.565667629242,0.4354202020987771,0.41570145080793686,-0.01971875129084022,0.8233774533375029,0.8121047728952554,-0.011272680442247496,0.720733766413153,0.7276450248952611,0.006911258482108051,1.9327094211881206,2.0663873816219414,0.13367796043382074,3.1874680360572487,2.0784516067036276,-1.109016429353621,54.0,66.0,12.0,12.0,20.0,8.0
1PXZ_B,5,2,t060,high,high,346.0,346.0,0.0,2.3484212525318124,3.390762041069869,1.0423407885380565,0.0010461807250976562,0.010138511657714844,0.009092330932617188,4.6016840759743305,5.588165092001109,0.9864810160267785,6.134956359863281,8.295998334884644,2.1610419750213623,7.856588840484619,13.262781143188477,5.406192302703857,13.064001321792603,13.622835159301758,0.5588338375091553,15.176006317138672,16.854282474517824,1.6782761573791518,15.176006317138672,18.340991973876953,3.1649856567382812,173.0,173.0,0.0,163.0,153.0,-10.0,154.0,150.0,-4.0,127.0,137.0,10.0,987.1276774406433,1307.6324572563171,320.5047798156738,904.238344669342,1227.5108428001404,323.27249813079834,0.45053761853166846,0.3926404515944511,-0.05789716693721736,0.8287394769656236,0.8322917834747239,0.0035523065091003225,0.7131593990806697,0.6984441088754609,-0.014715290205208786,2.328621411714785,1.8310255602287167,-0.49759585148606833,2.787584904313717,2.6753379126552326,-0.11224699165848451,65.0,69.0,4.0,25.0,12.0,-13.0
1PXZ_B,6,2,t060,high,high,346.0,346.0,0.0,1.3272191472136217,1.6669238991820055,0.3397047519683838,0.0028934478759765625,0.00139617919921875,-0.0014972686767578125,3.1745439431827864,4.43820262256142,1.2636586793786333,1.3754053115844727,2.930175304412842,1.5547699928283691,4.93242073059082,6.871415615081787,1.9389948844909668,9.872211933135986,7.605177402496338,-2.2670345306396484,13.230318164825443,18.117343139648437,4.887024974822994,14.717025756835938,18.255048751831055,3.538022994995117,173.0,173.0,0.0,119.0,132.0,13.0,96.0,116.0,20.0,68.0,99.0,31.0,522.9304857254028,749.2689480781555,226.33846235275269,453.10464096069336,670.6060872077942,217.50144624710083,0.6303849327644183,0.5693031126487642,-0.061081820115654106,0.7673624842287409,0.7865426027074714,0.01918011847873058,0.8075557125663968,0.7801286809699242,-0.02742703159647264,2.6917229494562247,1.3379861192293172,-1.3537368302269075,4.217867778575383,3.737577182331424,-0.48029059624395876,40.0,42.0,2.0,24.0,17.0,-7.0
1PXZ_B,7,2,t060,high,high,346.0,346.0,0.0,1.424610206846557,2.5384460267303997,1.1138358198838427,0.0006737709045410156,0.0002803802490234375,-0.0003933906555175781,3.4948705116517447,5.691883934806897,2.197013423155152,1.372148036956787,2.831103563308716,1.4589555263519287,4.563429832458496,14.31493616104126,9.751506328582764,8.00994324684143,18.44005250930786,10.43010926246643,14.778981399536134,20.003231143951417,5.224249744415284,14.916711807250977,20.13475799560547,5.218046188354492,173.0,173.0,0.0,113.0,129.0,16.0,90.0,122.0,32.0,61.0,119.0,58.0,548.9165935516357,973.9884519577026,425.0718584060669,480.9417390823364,898.7153377532959,417.7735986709595,0.6567156867086834,0.6615211560835623,0.004805469374878912,0.754928268108656,0.7732889755381999,0.018360707429543877,0.8198973451493474,0.7955872798242043,-0.024310065325143126,1.8842852741009037,2.793733439527161,0.9094481654262572,3.860544061767767,3.0914741358780087,-0.7690699258897582,33.0,37.0,4.0,17.0,36.0,19.0
1QU9_A,0,2,t060,high,high,127.0,127.0,0.0,0.13807006896011473,1.7167061257550096,1.578636056794895,0.0,0.0,0.0,1.3999773245482623,2.885101135542548,1.4851238109942857,0.7486085891723633,5.532010555267334,4.783401966094971,2.802971076965332,6.114694595336914,3.311723518371582,2.8058820724487306,6.724856185913084,3.9189741134643534,2.8071274185180664,7.911995639801023,5.104868221282956,2.812368392944336,8.710399627685547,5.898031234741211,63.0,63.0,0.0,44.0,60.0,16.0,25.0,57.0,32.0,21.0,39.0,18.0,79.96422958374023,254.49127578735352,174.52704620361328,53.84416961669922,224.42151832580566,170.57734870910645,0.4562770132805601,0.35638866628230587,-0.09988834699825422,0.778205366907042,0.8097478903156793,0.03154252340863728,0.7304154367540412,0.6701614181324447,-0.06025401862159652,1.9056108671970469,1.7358663786378097,-0.16974448855923718,1.9102440283074944,2.42407221562282,0.5138281873153254,22.0,34.0,12.0,0.0,3.0,3.0
1QU9_A,1,2,t060,high,high,127.0,127.0,0.0,3.2890406931479146,0.5722329297403651,-2.7168077634075494,0.0,0.0,0.0,5.787462522083006,4.140051770350391,-1.6474107517326146,6.321793556213379,5.955174922943115,-0.36661863327026367,15.118408203125,6.257369136810302,-8.861039066314698,15.118408203125,6.671192884445189,-8.447215318679811,15.128033065795899,7.858571262359617,-7.269461803436282,15.139665603637695,8.655547142028809,-6.484118461608887,63.0,63.0,0.0,56.0,60.0,4.0,53.0,37.0,-16.0,50.0,37.0,-13.0,491.30480194091797,260.89065170288086,-230.4141502380371,461.9457178115845,230.59396171569824,-231.35175609588623,0.4001102322597619,0.34598544618182425,-0.05412478607793764,0.8009562248969581,0.7985795315199139,-0.002376693377044159,0.6823126203402932,0.6771988323502054,-0.00511378799008777,2.0439644256598135,1.4731603112751996,-0.5708041143846139,2.0476374344147876,1.9524669401910202,-0.09517049422376744,19.0,37.0,18.0,16.0,0.0,-16.0
1QU9_A,2,2,t060,high,high,127.0,127.0,0.0,-0.1605895598103681,0.6316522538192629,0.792241813629631,0.0,0.0,0.0,4.109964762786503,3.586386428009787,-0.5235783347767162,3.512688159942627,1.0328145027160645,-2.4798736572265625,7.505648422241211,8.341082572937012,0.835434150695801,7.505649566650391,8.341083526611328,0.8354339599609375,7.508509387969971,8.351303768157958,0.8427943801879874,7.517178535461426,8.369158744812012,0.8519802093505859,63.0,63.0,0.0,42.0,39.0,-3.0,37.0,32.0,-5.0,35.0,24.0,-11.0,206.96581602096558,197.15916347503662,-9.806652545928955,180.95200967788696,168.9771318435669,-11.974877834320068,0.4715215409038052,0.5502555387364431,0.07873399783263785,0.7583083351643674,0.730132449398901,-0.02817588576546637,0.7494747126163563,0.7834349048031786,0.033960192186822225,1.865280986317544,2.149637644337814,0.2843566580202701,1.868086112267874,2.1574659190550656,0.28937980678719155,19.0,19.0,0.0,0.0,19.0,19.0
1QU9_A,3,2,t060,high,high,127.0,127.0,0.0,1.7685717747906062,1.7573079800042581,-0.011263794786348091,0.0,0.0,0.0,3.4962683036520645,3.408802416051583,-0.08746588760048146,3.968355178833008,1.6897931098937988,-2.278562068939209,9.356597900390625,9.3018310546875,-0.05476684570312429,9.356598854064941,9.301844787597656,-0.05475406646728587,9.365700759887694,9.3112984085083,-0.05440235137939453,9.374528884887695,9.323959350585938,-0.05056953430175781,63.0,63.0,0.0,57.0,50.0,-7.0,48.0,47.0,-1.0,42.0,23.0,-19.0,274.5803122520447,245.89415502548218,-28.6861572265625,245.04268598556519,218.40162324905396,-26.64106273651123,0.44310710608102644,0.49192395217134766,0.04881684609032122,0.789142204513683,0.7542985804652055,-0.03484362404847752,0.7149176110394713,0.7557629157076422,0.040845304668170934,2.1703217317012484,2.2132514257990454,0.04292969409779701,2.175450065474725,2.219738913276802,0.044288847802077314,19.0,23.0,4.0,16.0,16.0,0.0
1QU9_A,4,2,t060,high,high,127.0,127.0,0.0,0.7681226279791884,1.4956843233483983,0.7275616953692099,0.0,0.0,0.0,2.694951220232002,4.670465697369228,1.9755144771372262,2.176968574523926,2.693342685699463,0.5163741111755371,5.650891876220703,11.30830192565918,5.657410049438477,5.65942234992981,11.308302879333496,5.648880529403686,5.736400909423828,11.31786865234375,5.581467742919921,5.778747081756592,11.327144622802734,5.548397541046143,63.0,63.0,0.0,53.0,45.0,-8.0,53.0,43.0,-10.0,38.0,43.0,5.0,189.2305679321289,301.5765314102173,112.34596347808838,162.02090549468994,278.10024642944336,116.07934093475342,0.39017974522180515,0.4875783029204188,0.09739855769861366,0.7970096968378155,0.7453046891421407,-0.051705007695674876,0.691060013258908,0.7611426662528289,0.07008265299392091,1.8149863660721621,2.100993603595533,0.28600723752337087,1.8592635058329738,2.1050278358734515,0.2457643300404777,22.0,23.0,1.0,0.0,16.0,16.0
1QU9_A,5,2,t060,high,high,127.0,127.0,0.0,3.064158905209519,1.910176322216124,-1.1539825829933947,0.0,0.0,0.0,4.436573624758461,4.467988851254921,0.03141522649645978,5.072250843048096,5.7958314418792725,0.7235805988311768,12.160174751281739,9.879548072814941,-2.2806266784667972,12.160497665405273,9.879549026489258,-2.2809486389160156,12.160497665405273,9.913761367797852,-2.2467362976074217,12.167729377746582,9.922615051269531,-2.245114326477051,63.0,63.0,0.0,55.0,50.0,-5.0,54.0,48.0,-6.0,54.0,48.0,-6.0,409.61232566833496,351.16636848449707,-58.44595718383789,380.748498916626,323.03086280822754,-57.71763610839844,0.3859593316614951,0.3661362073051573,-0.019823124356337818,0.8077744521565946,0.7976663649433,-0.010108087213294592,0.6733845037452835,0.6853622262863508,0.011977722541067326,2.0503071806209423,1.783659935058876,-0.2666472455620663,2.0519372025597087,1.7932987292040712,-0.2586384733556375,23.0,27.0,4.0,15.0,0.0,-15.0
1QU9_A,6,2,t060,high,high,127.0,127.0,0.0,1.6834288018894947,1.8346385580348217,0.15120975614532695,0.0,0.0,0.0,3.361274665651891,4.249931569674333,0.8886569040224419,2.1500120162963867,2.2663049697875977,0.11629295349121094,9.035815238952637,11.685555839538575,2.649740600585938,9.035848331451415,11.685556411743164,2.6497080802917488,9.054493789672852,11.688410587310791,2.633916797637939,9.075521469116211,11.697181701660156,2.6216602325439453,63.0,63.0,0.0,48.0,60.0,12.0,42.0,56.0,14.0,35.0,40.0,5.0,243.61557292938232,297.0612316131592,53.445658683776855,216.79948616027832,266.51351261138916,49.71402645111084,0.4825400069476761,0.5114356909858645,0.028895684038188374,0.754595824764821,0.7673261468091039,0.012730322044282927,0.7582911595796931,0.7442084517444609,-0.014082707835232133,2.1873902792576403,2.3179003455020823,0.13051006624444206,2.199193283061586,2.3206357518789624,0.12144246881737653,20.0,21.0,1.0,19.0,15.0,-4.0
1QU9_A,7,2,t060,high,high,127.0,127.0,0.0,0.7038239043528639,0.320556114977739,-0.3832677893751249,0.0,0.0,0.0,3.447015458890779,2.524632732109023,-0.9223827267817559,0.8963561058044434,2.925647735595703,2.0292916297912598,8.33875846862793,3.0669504165649415,-5.271808052062989,8.338801383972168,3.420338392257689,-4.918462991714479,8.341587810516357,4.350704021453856,-3.990883789062501,8.350305557250977,4.435400009155273,-3.914905548095703,63.0,63.0,0.0,41.0,60.0,19.0,24.0,58.0,34.0,24.0,58.0,34.0,193.62750577926636,169.4536771774292,-24.173828601837158,168.40274858474731,139.16426753997803,-29.238481044769287,0.5599393494133031,0.2754330289526482,-0.28450632046065494,0.721607653086008,0.8411070840248173,0.11949943093880921,0.7912411797986512,0.580324089526369,-0.21091709027228212,2.214953071918098,1.2278151343979682,-0.9871379375201299,2.218290502056143,1.6298782162822087,-0.5884122857739342,21.0,34.0,13.0,15.0,0.0,-15.0
1TX4_A,0,1,t060,low_or_equal,not_tier2,196.0,196.0,0.0,3.38424966529924,0.9893757518456907,-2.3948739134535497,0.0007853507995605469,0.0014204978942871094,0.0006351470947265625,7.100481675881837,3.104851170486265,-3.995630505395572,6.933247208595276,0.433868408203125,-6.499378800392151,16.97604751586914,4.9469757080078125,-12.029071807861328,16.976049423217773,10.962711334228516,-6.013338088989258,17.259629249572754,10.962711334228516,-6.296917915344238,17.356597900390625,10.962711334228516,-6.393886566162109,98.0,98.0,0.0,78.0,41.0,-37.0,77.0,34.0,-43.0,69.0,34.0,-35.0,846.3235688209534,260.1426029205322,-586.1809659004211,805.4430642127991,225.12943172454834,-580.3136324882507,0.40308424198692977,0.6762056239680072,0.27312138198107744,0.7958190151711901,0.7064520072921427,-0.08936700787904739,0.7169674543910074,0.8334513940571082,0.11648393966610082,1.9142081309900028,3.212178308959284,1.2979701779692814,1.9678028720996739,3.212178308959284,1.2443754368596103,38.0,34.0,-4.0,0.0,13.0,13.0
1TX4_A,1,1,t060,low_or_equal,not_tier2,196.0,196.0,0.0,2.0648675840728137,0.7580630681952651,-1.3068045158775485,0.0021181106567382812,6.67572021484375e-05,-0.0020513534545898438,4.110828504159534,1.6599269653176651,-2.450901538841869,1.9249541759490967,1.135854959487915,-0.7890992164611816,7.916747808456421,2.2537002563476562,-5.663047552108765,12.69304871559143,5.780404090881348,-6.912644624710083,12.693049430847168,5.780888891220092,-6.9121605396270756,12.693050384521484,5.781213760375977,-6.911836624145508,98.0,98.0,0.0,71.0,57.0,-14.0,55.0,52.0,-3.0,47.0,23.0,-24.0,437.3440771102905,163.45477676391602,-273.8893003463745,395.9928970336914,128.16630840301514,-267.82658863067627,0.5425401408286069,0.6273259200532366,0.08478577922462971,0.7553393511578023,0.7492315433773378,-0.0061078077804644915,0.7831378737782517,0.7954589106446126,0.01232103686636088,2.5854109751269148,3.0256397586293455,0.4402287835024308,2.5854113811107817,3.026127532797454,0.4407161516866722,38.0,19.0,-19.0,16.0,16.0,0.0
1TX4_A,2,1,t060,low_or_equal,not_tier2,196.0,196.0,0.0,1.1207503007382762,2.5858470469105,1.465096746172224,0.00371551513671875,0.0016202926635742188,-0.0020952224731445312,3.1327990996110646,4.981226249324537,1.8484271497134728,0.47615599632263184,3.1552224159240723,2.6790664196014404,8.390964984893799,12.891336441040039,4.50037145614624,8.811168193817139,14.78596305847168,5.974794864654541,8.81117649078369,14.78596305847168,5.974786567687989,8.811182022094727,14.78596305847168,5.974781036376953,98.0,98.0,0.0,42.0,70.0,28.0,37.0,59.0,22.0,31.0,51.0,20.0,279.5173749923706,530.6758403778076,251.158465385437,242.2358283996582,490.8019828796387,248.56615447998047,0.6229341802517544,0.5392455045022144,-0.08368867574953998,0.7182955599776825,0.7526626480777889,0.03436708810010647,0.8147071465644324,0.7859946284019752,-0.028712518162457235,2.454807234218633,2.4492194092198756,-0.00558782499875754,2.4548116482513076,2.4492194092198756,-0.0055922390314320225,28.0,32.0,4.0,28.0,28.0,0.0
1TX4_A,3,1,t060,low_or_equal,not_tier2,196.0,196.0,0.0,1.9486606169720084,1.9546740420010624,0.006013425029053998,0.0024318695068359375,0.00012683868408203125,-0.0023050308227539062,4.978056126762024,4.678418505563675,-0.29963762119834847,0.5272424221038818,1.541518211364746,1.0142757892608643,5.694321155548096,8.51848316192627,2.824162006378174,17.595739364624023,16.46965789794922,-1.1260814666748047,17.595746994018555,16.46965789794922,-1.126089096069336,17.595746994018555,16.46965789794922,-1.126089096069336,98.0,98.0,0.0,53.0,57.0,4.0,40.0,56.0,16.0,40.0,42.0,2.0,398.6696844100952,403.14382886886597,4.474144458770752,364.5681276321411,368.61753606796265,4.049408435821533,0.8021623753963668,0.7506754179722637,-0.05148695742410314,0.6780917753039657,0.7039068495874277,0.02581507428346197,0.8580232770166893,0.8388732292170973,-0.019150047799592063,3.1432105924907794,3.1025407065842074,-0.040669885906571945,3.1432121250959444,3.1025407065842074,-0.040671418511736945,19.0,24.0,5.0,16.0,16.0,0.0
1TX4_A,4,1,t060,low_or_equal,not_tier2,196.0,196.0,0.0,2.0470729774358323,1.9357560629747352,-0.11131691446109704,0.0009708404541015625,0.0015091896057128906,0.0005383491516113281,4.892612593279521,3.9544531352655694,-0.9381594580139518,1.267622947692871,2.1932239532470703,0.9256010055541992,5.6077046394348145,8.204345226287842,2.5966405868530273,17.10957145690918,12.923757553100586,-4.185813903808594,17.10957145690918,12.923757553100586,-4.185813903808594,17.10957145690918,12.923757553100586,-4.185813903808594,98.0,98.0,0.0,58.0,78.0,20.0,58.0,54.0,-4.0,42.0,50.0,8.0,419.44648027420044,414.8339161872864,-4.6125640869140625,388.1212258338928,372.98741579055786,-15.133810043334961,0.7511866748446053,0.5632783585768175,-0.1879083162677878,0.6993903417942352,0.7585619145507224,0.05917157275648721,0.840970009553313,0.7849854486604628,-0.0559845608928502,3.0786207148637015,2.7786399570993847,-0.29998075776431676,3.0786207148637015,2.7786399570993847,-0.29998075776431676,19.0,37.0,18.0,18.0,15.0,-3.0
1TX4_A,5,1,t060,low_or_equal,not_tier2,196.0,196.0,0.0,0.9515451168527409,1.077083714154302,0.12553859730156103,0.015522480010986328,0.0003681182861328125,-0.015154361724853516,1.6187641678924312,2.1542947170922226,0.5355305491997915,1.1018195152282715,1.8405914306640625,0.738771915435791,3.585047721862793,4.8909711837768555,1.3059234619140625,4.6181347370147705,5.8334866762161255,1.215351939201355,4.618795919418335,5.833513879776001,1.2147179603576665,4.61892032623291,5.834407806396484,1.2154874801635742,98.0,98.0,0.0,80.0,91.0,11.0,54.0,78.0,24.0,42.0,38.0,-4.0,201.6596097946167,262.59407234191895,60.934462547302246,157.53471851348877,216.8143949508667,59.27967643737793,0.43476243813784926,0.41911942698699645,-0.015643011150852815,0.8016009400632378,0.8113171183928607,0.009716178329622904,0.7216001607144511,0.7049773206779066,-0.016622840036544462,2.2650548442370013,2.2078701323103176,-0.05718471192668373,2.265540146070166,2.208297710845905,-0.057242435224260646,42.0,37.0,-5.0,15.0,13.0,-2.0
1TX4_A,6,1,t060,low_or_equal,not_tier2,196.0,196.0,0.0,0.8988685656567009,2.4237271741944917,1.5248586085377909,0.0007801055908203125,0.00031948089599609375,-0.00046062469482421875,2.300299275295655,4.973900598401932,2.673601323106277,0.4589824676513672,3.3206732273101807,2.8616907596588135,5.702184677124023,6.955414295196533,1.2532296180725098,7.562358140945435,16.837769031524658,9.275410890579224,7.562388062477112,16.837770462036133,9.275382399559021,7.56619930267334,16.837770462036133,9.271571159362793,98.0,98.0,0.0,48.0,61.0,13.0,26.0,56.0,30.0,25.0,53.0,28.0,192.18231773376465,504.7539267539978,312.57160902023315,159.47519302368164,466.7908625602722,307.3156695365906,0.7386504423634788,0.6050892538360652,-0.1335611885274136,0.6903509949193753,0.7449181375337729,0.054567142614397546,0.8418223287376183,0.7965982116325858,-0.04522411710503249,2.8967924508137237,2.8979352466274184,0.001142795813694697,2.898462303849439,2.8979355342309696,-0.0005267696184692028,25.0,19.0,-6.0,25.0,16.0,-9.0
1TX4_A,7,1,t060,low_or_equal,not_tier2,196.0,196.0,0.0,1.170092259134565,0.651596086365836,-0.5184961727687291,0.020145416259765625,0.0001850128173828125,-0.019960403442382812,2.3834061024408686,1.908890235207002,-0.4745158672338665,1.5116245746612549,0.1713719367980957,-1.3402526378631592,7.306786060333252,4.06459903717041,-3.242187023162842,7.306844353675842,6.088979005813599,-1.2178653478622437,7.4140712261199955,6.104664015769958,-1.3094072103500372,7.488551616668701,6.104755401611328,-1.383796215057373,98.0,98.0,0.0,71.0,32.0,-39.0,60.0,30.0,-30.0,24.0,30.0,6.0,241.87459421157837,153.05420637130737,-88.820387840271,203.29705286026,127.84897375106812,-75.4480791091919,0.606712889979694,0.7955034759632309,0.18879058598353693,0.754114044763804,0.6803764043312521,-0.07373764043255182,0.782831078057399,0.8518768354444868,0.06904575738708774,2.57478240416376,2.8484523725682567,0.27366996840449653,2.651020886060224,2.8567170676810267,0.20569618162080294,24.0,20.0,-4.0,24.0,20.0,-4.0
1U6T_A,0,1,t060,low_or_equal,not_tier2,121.0,121.0,0.0,2.5733413656881035,0.2092066678133878,-2.3641346978747158,0.0,0.0,0.0,5.320706383271994,0.5097000199036976,-4.811006363368296,0.8198823928833008,0.6503610610961914,-0.16952133178710938,15.58102035522461,0.8554611206054688,-14.72555923461914,15.58102035522461,0.9167146682739258,-14.664305686950684,15.581021308898926,1.7412857055664053,-13.839735603332521,15.581021308898926,2.432906150817871,-13.148115158081055,60.0,60.0,0.0,38.0,35.0,-3.0,29.0,5.0,-24.0,24.0,1.0,-23.0,315.1805491447449,36.21624946594238,-278.9642996788025,293.2463984489441,14.104426383972168,-279.1419720649719,0.6426578925272494,0.4192426220175171,-0.22341527050973226,0.6872039178100507,0.7905469236251446,0.10334300581509381,0.8176239779642309,0.7005626941687089,-0.11706128379552205,2.4447278335883986,1.3880870567637296,-1.056640776824669,2.444728012826689,4.362761224581917,1.9180332117552283,16.0,29.0,13.0,16.0,4.0,-12.0
1U6T_A,1,1,t060,low_or_equal,not_tier2,121.0,121.0,0.0,0.14381309383171648,0.3696686610702641,0.2258555672385476,0.0,0.0,0.0,0.4204006821229471,0.8403070346866444,0.41990635256369724,0.5266904830932617,0.45970726013183594,-0.06698322296142578,0.7226543426513672,2.140871047973633,1.4182167053222656,0.7410688400268555,2.1427440643310547,1.4016752243041992,1.1537607192993156,2.1656816482543944,1.0119209289550788,1.7105627059936523,2.17401123046875,0.46344852447509766,60.0,60.0,0.0,32.0,24.0,-8.0,2.0,22.0,20.0,0.0,19.0,19.0,29.72445297241211,57.50140857696533,27.776955604553223,7.916689872741699,33.9287633895874,26.012073516845703,0.3788100992712222,0.48564857312173426,0.10683847385051204,0.8094739920892597,0.7703198315526019,-0.03915416053665788,0.6736027096919441,0.7342404889142105,0.06063777922226632,1.4206821529858276,2.1100327976213853,0.6893506446355577,3.7268008326012576,2.1472420138328796,-1.579558818768378,28.0,20.0,-8.0,2.0,19.0,17.0
1U6T_A,2,1,t060,low_or_equal,not_tier2,121.0,121.0,0.0,0.09040161006706805,-0.016296749272622355,-0.10669835933969041,0.0,0.0,0.0,0.23776689445690088,0.31939795291513284,0.08163105845823196,0.26543235778808594,0.17841720581054688,-0.08701515197753906,0.3608551025390625,0.4225597381591797,0.06170463562011719,0.37281036376953125,0.5793304443359375,0.20652008056640625,0.8528514862060544,0.9701730728149406,0.11732158660888614,1.3306941986083984,1.0755767822265625,-0.25511741638183594,60.0,60.0,0.0,4.0,8.0,4.0,1.0,2.0,1.0,0.0,0.0,0.0,15.87583065032959,14.218242645263672,-1.657588005065918,1.615865707397461,1.8623380661010742,0.24647235870361328,0.4462029979548886,0.5682324285588186,0.12202943060393001,0.7855884996141209,0.7502819596026377,-0.035306540011483256,0.7111116545618112,0.7696563425910057,0.058544688029194436,1.1877547307312557,1.864843491238104,0.6770887605068483,5.216422544334293,3.418536410561486,-1.7978861337728067,24.0,18.0,-6.0,4.0,4.0,0.0
1U6T_A,3,1,t060,low_or_equal,not_tier2,121.0,121.0,0.0,1.0137832578548716,0.3393522766996021,-0.6744309811552694,0.0,0.0,0.0,1.8452307446228373,0.6681425708954015,-1.177088173727436,0.8033456802368164,0.9352254867553711,0.1318798065185547,4.247781753540039,1.290060043334961,-2.957721710205078,4.856502532958984,1.7082176208496094,-3.148284912109375,6.022289276123046,2.464581680297851,-3.557707595825195,6.793999671936035,2.8880138397216797,-3.9059858322143555,60.0,60.0,0.0,47.0,35.0,-12.0,30.0,14.0,-16.0,29.0,4.0,-25.0,134.76107025146484,46.96691417694092,-87.79415607452393,108.41556739807129,27.28904914855957,-81.12651824951172,0.48885410840708327,0.5080046390968523,0.019150530689769074,0.7670497878615778,0.7548245590034459,-0.012225228858131931,0.7429992601974971,0.7487951217727029,0.005795861575205841,2.0825142255526203,2.048762350699406,-0.0337518748532144,3.132516857810448,3.8145474843887373,0.6820306265782894,25.0,14.0,-11.0,8.0,7.0,-1.0
1U6T_A,4,1,t060,low_or_equal,not_tier2,121.0,121.0,0.0,0.8830107145073,0.46010547038937405,-0.4229052441179259,0.0,0.0,0.0,1.6493842194673083,1.1432815946576118,-0.5061026248096965,1.5834331512451172,0.4164142608642578,-1.1670188903808594,4.325213432312012,2.544086456298828,-1.7811269760131836,4.8663434982299805,3.1475067138671875,-1.718836784362793,5.786207199096679,4.283217239379882,-1.502989959716797,6.2461442947387695,5.037777900695801,-1.2083663940429688,60.0,60.0,0.0,55.0,29.0,-26.0,54.0,22.0,-32.0,13.0,15.0,2.0,125.48846435546875,65.90646266937256,-59.58200168609619,97.18346309661865,48.137309074401855,-49.0461540222168,0.5189439701085067,0.6615406609964544,0.14259669088794769,0.7982330215822041,0.7013827038023716,-0.09685031777983255,0.6884968678425047,0.818750885005445,0.13025401716294027,2.4150423756383175,2.350603085045406,-0.06443929059291165,3.2515974852503247,4.0039763184304045,0.7523788331800798,13.0,16.0,3.0,13.0,10.0,-3.0
1U6T_A,5,1,t060,low_or_equal,not_tier2,121.0,121.0,0.0,0.6795597864576608,2.122319725919361,1.4427599394617003,0.0,0.0,0.0,1.3566372369335087,3.8037095387707387,2.4470723018372302,2.2842655181884766,4.0345916748046875,1.750326156616211,3.0325889587402344,10.698675155639648,7.666086196899414,3.046017646789551,10.698677062988281,7.6526594161987305,3.1185163497924804,10.698678779602051,7.580162429809571,3.151674270629883,10.698678970336914,7.547004699707031,60.0,60.0,0.0,37.0,46.0,9.0,36.0,37.0,1.0,36.0,36.0,0.0,101.0638313293457,276.2861204147339,175.22228908538818,79.66993045806885,250.0222110748291,170.35228061676025,0.3939916719249189,0.503401334855584,0.10940966293066512,0.770721739800457,0.7603499208720044,-0.010371818928452625,0.7094949077018562,0.747553031744201,0.038058124042344765,1.7443556729144052,2.254735081543734,0.510379408629329,1.8222369376798881,2.2547355829880775,0.4324986453081894,36.0,18.0,-18.0,0.0,16.0,16.0
1U6T_A,6,1,t060,low_or_equal,not_tier2,121.0,121.0,0.0,2.0136607619356517,1.4851423807380613,-0.5285183811975904,0.0,0.0,0.0,3.540819025457932,2.7447679190086003,-0.7960511064493319,5.693336486816406,3.0604820251464844,-2.632854461669922,8.432605743408203,7.856687545776367,-0.5759181976318359,8.432638168334961,7.856759071350098,-0.5758790969848633,8.453661727905274,7.8568243980407715,-0.5968373298645027,8.471891403198242,7.856828689575195,-0.6150627136230469,60.0,60.0,0.0,39.0,40.0,1.0,35.0,40.0,5.0,35.0,36.0,1.0,267.2782554626465,192.72983407974243,-74.54842138290405,244.5264654159546,170.9663586616516,-73.56010675430298,0.41044228954634676,0.5299537630850415,0.11951147353869473,0.7589050000948175,0.747000926643827,-0.011904073450990538,0.7244816458564571,0.7571992184054095,0.032717572548952356,1.8128510269087097,2.3213681005545417,0.508517073645832,1.8239369464603887,2.3213934645296215,0.49745651806923274,33.0,16.0,-17.0,0.0,16.0,16.0
1U6T_A,7,1,t060,low_or_equal,not_tier2,121.0,121.0,0.0,0.28039165370720476,1.2390667308460583,0.9586750771388536,0.0,0.0,0.0,0.7640685308883934,3.005174479183143,2.2411059482947495,0.18322086334228516,0.5849676132202148,0.4017467498779297,1.9338741302490234,8.769859313964844,6.83598518371582,1.9558095932006836,8.769865989685059,6.814056396484375,1.9977025985717773,8.769916152954101,6.772213554382324,2.016472816467285,8.769917488098145,6.753444671630859,60.0,60.0,0.0,22.0,38.0,16.0,20.0,21.0,1.0,1.0,20.0,19.0,45.04142379760742,168.2551383972168,123.21371459960938,29.49442958831787,144.33078861236572,114.83635902404785,0.5663235382671743,0.6775923477129236,0.11126880944574935,0.714649492540063,0.6901730647577664,-0.02447642778229664,0.7906234783088777,0.815698425342577,0.02507494703369928,2.1927587274736293,2.505944101084606,0.31318537361097665,2.272153730427183,2.5059612376646756,0.23380750723749255,20.0,16.0,-4.0,19.0,16.0,-3.0
1UOU_A,0,1,t060,low_or_equal,not_tier2,438.0,438.0,0.0,1.0963633027795243,1.501038643867458,0.40467534108793357,0.000835418701171875,0.0031003952026367188,0.0022649765014648438,2.545485891590578,3.7851559070599428,1.2396700154693647,0.8403663635253906,0.8015694618225098,-0.03879690170288086,3.073881530761719,8.903017234802245,5.829135704040526,8.597620010375977,13.230596542358398,4.632976531982422,10.323579788208008,13.246231155395508,2.9226513671875,10.32358169555664,13.246237754821777,2.9226560592651367,219.0,219.0,0.0,158.0,114.0,-44.0,106.0,69.0,-37.0,65.0,65.0,0.0,518.0263042449951,715.0310730934143,197.0047688484192,428.6142921447754,636.6785464286804,208.06425428390503,0.6701753023965189,0.7337241225259659,0.06354882012944696,0.7728361188040256,0.7351768295768164,-0.03765928922720918,0.8088580373627055,0.843924371846406,0.035066334483700556,2.946885988399331,3.0988308504316486,0.15194486203231783,3.6249340148616485,3.1029631009511593,-0.5219709139104891,34.0,57.0,23.0,33.0,39.0,6.0
1UOU_A,1,1,t060,low_or_equal,not_tier2,438.0,438.0,0.0,0.5863932670523587,1.3457252815978167,0.759332014545458,0.004832267761230469,0.0007839202880859375,-0.004048347473144531,1.4910354911333088,2.8189875588044404,1.3279520676711316,0.5787632465362549,1.6631808280944824,1.0844175815582275,1.5301785469055176,4.279076099395752,2.7488975524902344,6.231102252006531,5.773226737976074,-0.4578755140304569,6.243531050682068,12.983996305465698,6.74046525478363,6.243663787841797,13.041217803955078,6.797554016113281,219.0,219.0,0.0,134.0,146.0,12.0,93.0,122.0,29.0,43.0,107.0,64.0,303.35486125946045,633.2061061859131,329.85124492645264,215.2530174255371,547.3261089324951,332.073091506958,0.6280267950177608,0.5544111570770403,-0.07361563794072057,0.7872695704049911,0.7885291340278697,0.0012595636228786011,0.7880511408467248,0.786121300673684,-0.0019298401730407644,3.785764335269935,1.5705998568706003,-2.2151644783993345,3.7941890413952857,4.148827292915557,0.35463825152027173,43.0,73.0,30.0,23.0,16.0,-7.0
1UOU_A,2,1,t060,low_or_equal,not_tier2,438.0,438.0,0.0,0.7890553060731932,0.49484663140283874,-0.29420867467035444,0.0008974075317382812,0.0013265609741210938,0.0004291534423828125,1.7943045387262828,1.3038113272784293,-0.4904932114478535,0.37181997299194336,0.4191751480102539,0.04735517501831055,3.18187837600708,2.3757279396057127,-0.8061504364013672,4.885659313201903,4.322524166107177,-0.5631351470947257,6.409505500793457,4.338630838394165,-2.0708746623992917,6.409526824951172,4.339178085327148,-2.0703487396240234,219.0,219.0,0.0,105.0,91.0,-14.0,104.0,59.0,-45.0,87.0,58.0,-29.0,405.17371368408203,271.22646045684814,-133.9472532272339,328.40209770202637,193.4319248199463,-134.97017288208008,0.5639498096378346,0.6553869921323954,0.09143718249456079,0.7855432568144328,0.7797974358053477,-0.005745821009085161,0.7898415207914706,0.7995714780330407,0.009729957241570109,2.283115223036081,2.93576030106612,0.652645078030039,3.1323955312891116,2.9485335596439035,-0.18386197164520812,85.0,58.0,-27.0,39.0,43.0,4.0
1UOU_A,3,1,t060,low_or_equal,not_tier2,438.0,438.0,0.0,0.5536748306936325,1.0786972296292379,0.5250223989356053,0.0020160675048828125,0.0030126571655273438,0.0009965896606445312,1.032453099336681,2.356329430731902,1.3238763313952209,1.424288272857666,0.556511640548706,-0.86777663230896,2.393211555480957,5.234988784790039,2.8417772293090815,2.7150900840759276,6.201480793952942,3.486390709877014,2.7252301597595214,8.856817321777344,6.131587162017823,2.7268009185791016,8.856847763061523,6.130046844482422,219.0,219.0,0.0,133.0,123.0,-10.0,112.0,93.0,-19.0,75.0,90.0,15.0,279.8142919540405,511.60886335372925,231.79457139968872,198.05943202972412,433.1177248954773,235.05829286575317,0.4184306982293657,0.6199806149666948,0.20154991673732908,0.8214860600255369,0.7719554691807472,-0.049530590844789724,0.7280854781577526,0.810713846449924,0.08262836829217135,2.0934754854926942,2.174052361911259,0.08057687641856459,2.1048182133228472,3.300960566883174,1.1961423535603268,107.0,52.0,-55.0,35.0,39.0,4.0
1UOU_A,4,1,t060,low_or_equal,not_tier2,438.0,438.0,0.0,0.6448951137664656,1.2692793558721673,0.6243842421057018,0.0007534027099609375,0.0014257431030273438,0.0006723403930664062,1.2947870496882592,2.932786403928303,1.6379993542400437,1.5739541053771973,0.5312724113464355,-1.0426816940307617,1.9892541885375976,4.642749786376953,2.6534955978393553,4.217003679275499,10.27665057182312,6.0596468925476215,4.740581636428833,10.27668345451355,5.536101818084718,4.79403018951416,10.276683807373047,5.482653617858887,219.0,219.0,0.0,159.0,124.0,-35.0,127.0,96.0,-31.0,42.0,75.0,33.0,333.78768253326416,594.2428846359253,260.45520210266113,242.1054811477661,518.4788904190063,276.37340927124023,0.4747839420107133,0.672909916906056,0.19812597489534267,0.8237313513532749,0.7525492036045011,-0.07118214774877385,0.7303849481618487,0.8296250363043904,0.0992400881425417,2.758838657190058,3.071267380360903,0.31242872317084514,3.2044922574307995,3.0712787127749794,-0.13321354465582003,59.0,72.0,13.0,24.0,37.0,13.0
1UOU_A,5,1,t060,low_or_equal,not_tier2,438.0,438.0,0.0,0.5916717999602017,1.2029325483052153,0.6112607483450136,0.00234222412109375,0.004059314727783203,0.0017170906066894531,1.6855176219022519,2.452424089894755,0.7669064679925031,0.49582552909851074,2.3468189239501953,1.8509933948516846,1.5162603378295902,4.835123348236097,3.318863010406507,4.378528022766113,5.708331155776977,1.3298031330108646,8.24661696434021,9.930180196762086,1.683563232421875,8.2466402053833,9.930182456970215,1.683542251586914,219.0,219.0,0.0,107.0,138.0,31.0,69.0,111.0,42.0,35.0,111.0,76.0,303.29663848876953,574.8338503837585,271.537211894989,218.60437965393066,489.888587474823,271.28420782089233,0.6926023068999092,0.5610216306089244,-0.1315806762909848,0.7610708267184892,0.7922088477712099,0.031138021052720677,0.8182325304711904,0.781605116315236,-0.036627414155954385,2.2467022436301307,1.8371205151818217,-0.409581728448309,4.541612799505358,3.5586218324252097,-0.982990967080148,35.0,49.0,14.0,24.0,21.0,-3.0
1UOU_A,6,1,t060,low_or_equal,not_tier2,438.0,438.0,0.0,1.902428714107705,1.4997405766352128,-0.4026881374724922,0.00334930419921875,0.0012540817260742188,-0.0020952224731445312,3.1663182235221083,3.2087267387847698,0.04240851526266143,4.3273608684539795,1.2424626350402832,-3.0848982334136963,6.305474758148193,5.298574352264405,-1.0069004058837887,9.758038663864136,9.773957109451294,0.015918445587157493,10.788047351837157,11.282979965209961,0.4949326133728036,10.990184783935547,11.282979965209961,0.29279518127441406,219.0,219.0,0.0,198.0,119.0,-79.0,151.0,114.0,-37.0,131.0,86.0,-45.0,885.8691062927246,693.1826066970825,-192.6864995956421,781.4722909927368,620.7405853271484,-160.73170566558838,0.446965912895845,0.6375889336168444,0.19062302072099946,0.8269774886776436,0.7636588805819039,-0.06331860809573975,0.7256110879334872,0.817136123066809,0.09152503513332189,2.4809919266478873,2.578660386627297,0.09766845997940976,2.8701335204769536,3.0489475062871576,0.17881398581020402,75.0,67.0,-8.0,29.0,41.0,12.0
1UOU_A,7,1,t060,low_or_equal,not_tier2,438.0,438.0,0.0,0.9778037593789297,1.6303607949383183,0.6525570355593886,0.00043964385986328125,0.0001068115234375,-0.00033283233642578125,1.9438719968234905,3.091469301570187,1.1475973047466965,1.5403614044189453,3.671567678451538,2.1312062740325928,3.542805480957031,5.8255452632904055,2.2827397823333744,5.7850282192230225,7.6313810586929325,1.84635283946991,7.310335230827332,11.293835639953613,3.9835004091262816,7.500921249389648,11.333209991455078,3.8322887420654297,219.0,219.0,0.0,142.0,173.0,31.0,123.0,131.0,8.0,83.0,130.0,47.0,468.73215103149414,815.3791799545288,346.64702892303467,380.8537244796753,723.6273946762085,342.7736701965332,0.5601617431379894,0.44422618200648534,-0.11593556113150405,0.8020629707969549,0.8155380716693562,0.013475100872401335,0.7725011784515634,0.7378911310647653,-0.03461004738679807,2.473014924696507,1.9411547320578721,-0.5318601926386348,3.3557340713124324,3.1385882407399577,-0.21714583057247472,51.0,98.0,47.0,38.0,12.0,-26.0
1USN_A,0,2,t060,low_or_equal,low_or_equal,165.0,165.0,0.0,2.3627583041335596,0.18656101804791075,-2.1761972860856487,0.0,0.0,0.0,4.569039088101673,0.4760599162738043,-4.092979171827868,2.771190643310547,0.203399658203125,-2.567790985107422,13.145497894287107,1.2373655319213868,-11.90813236236572,13.648314476013184,1.2705944061279297,-12.377720069885253,13.742320137023926,1.2878036880493164,-12.454516448974609,13.796671867370605,1.3059368133544922,-12.490735054016113,82.0,82.0,0.0,66.0,28.0,-38.0,66.0,25.0,-41.0,60.0,0.0,-60.0,430.4168915748596,39.21954536437988,-391.19734621047974,396.48769330978394,19.181830406188965,-377.30586290359497,0.5382737307784572,0.552155817697181,0.013882086918723835,0.7706030899740112,0.7360178275499258,-0.03458526242408533,0.7561595627826241,0.7924141428323468,0.03625458004972271,2.470006483697758,2.2770944392145394,-0.19291204448321864,2.502476635188421,2.3513338490417586,-0.15114278614666254,28.0,26.0,-2.0,20.0,24.0,4.0
1USN_A,1,2,t060,low_or_equal,low_or_equal,165.0,165.0,0.0,1.085671852574204,0.42512675776626124,-0.6605450948079428,0.0,0.0,0.0,1.910072358087364,1.3579873671700924,-0.5520849909172716,2.436176300048828,0.9597444534301758,-1.4764318466186523,4.450657653808591,3.0962406158447267,-1.3544170379638643,4.623620986938477,3.097412109375,-1.5262088775634766,4.623988227844238,3.9615788650512638,-0.6624093627929746,4.626202583312988,4.908018112182617,0.2818155288696289,82.0,82.0,0.0,61.0,51.0,-10.0,60.0,34.0,-26.0,43.0,27.0,-16.0,204.63430881500244,117.40273761749268,-87.23157119750977,170.9870262145996,83.63813495635986,-87.34889125823975,0.3841096028945641,0.48554626145518714,0.10143665856062306,0.7961361152755201,0.7842424979153182,-0.011893617360201891,0.7061299530019762,0.741947988029795,0.03581803502781877,1.8522592190732348,1.9678278430362055,0.11556862396297074,1.8536107890090967,3.301128907964914,1.4475181189558175,39.0,27.0,-12.0,0.0,5.0,5.0
1USN_A,2,2,t060,low_or_equal,low_or_equal,165.0,165.0,0.0,0.3139864777073716,1.4128958788785067,1.0989094011711351,0.0,0.0,0.0,2.9018708536574143,2.55621183775287,-0.3456590159045443,0.9720916748046875,1.7305727005004883,0.7584810256958008,1.7028270721435548,6.169468307495117,4.466641235351561,8.687797546386717,7.802343559265135,-0.8854539871215819,9.953431015014642,9.067552871704095,-0.8858781433105474,10.9060697555542,10.02011489868164,-0.8859548568725586,82.0,82.0,0.0,51.0,62.0,11.0,41.0,53.0,12.0,13.0,40.0,27.0,184.14053344726562,241.05607891082764,56.91554546356201,146.49165153503418,209.5946168899536,63.102965354919434,0.6846081440546828,0.55063571363319,-0.13397243042149287,0.7304935870581307,0.7617209171259478,0.031227330067817083,0.7982313088486201,0.770407822726632,-0.02782348612198815,2.885659455907658,2.4995767510424733,-0.3860827048651845,3.650087757867289,3.367177513491847,-0.2829102443754419,13.0,23.0,10.0,13.0,13.0,0.0
1USN_A,3,2,t060,low_or_equal,low_or_equal,165.0,165.0,0.0,1.4049292651089755,0.583630454901493,-0.8212988102074825,0.0,0.0,0.0,2.045279799338484,2.0541266288292936,0.008846829490809505,3.056645393371582,0.9155025482177734,-2.1411428451538086,4.556588935852051,2.7534137725830075,-1.8031751632690431,4.831328773498534,6.364866638183592,1.5335378646850586,6.089592437744135,7.583395977020258,1.493803539276123,7.040884017944336,8.535918235778809,1.4950342178344727,82.0,82.0,0.0,73.0,70.0,-3.0,66.0,40.0,-26.0,53.0,18.0,-35.0,247.24496459960938,155.88014459609985,-91.36482000350952,207.76307678222656,118.48443174362183,-89.27864503860474,0.3533677381033639,0.6422076014116875,0.2888398633083236,0.8215128428900136,0.7604093944353374,-0.06110344845467619,0.6699383332447064,0.7640541080245367,0.09411577477983024,1.6752717694164763,2.8144497530695043,1.139177983653028,2.755591071039878,3.871371739827722,1.1157806687878442,36.0,18.0,-18.0,4.0,13.0,9.0
1USN_A,4,2,t060,low_or_equal,low_or_equal,165.0,165.0,0.0,1.2509530500932173,0.5053348830251982,-0.7456181670680191,0.0,0.0,0.0,2.6451234828555417,1.5528347381796157,-1.092288744675926,1.3468685150146484,1.936100959777832,0.5892324447631836,6.31040277481079,3.207777976989746,-3.1026247978210435,7.038814735412598,3.6581399917602515,-3.3806747436523463,7.177304496765137,4.210689048767088,-2.9666154479980493,7.187508583068848,4.525173187255859,-2.6623353958129883,82.0,82.0,0.0,56.0,68.0,12.0,50.0,43.0,-7.0,35.0,26.0,-9.0,246.2486982345581,138.26880264282227,-107.97989559173584,211.39721298217773,101.58352375030518,-109.81368923187256,0.48312173237743355,0.4573716442022817,-0.025750088175151842,0.7687294372740949,0.7968746999214414,0.028145262647346514,0.755035980745177,0.7212309226104026,-0.03380505813477441,2.1881253267885614,2.0303545710415256,-0.1577707557470358,2.2443396580362385,2.5887096710259763,0.3443700129897378,34.0,25.0,-9.0,16.0,9.0,-7.0
1USN_A,5,2,t060,low_or_equal,low_or_equal,165.0,165.0,0.0,0.6635328003854463,1.788390084468957,1.124857284083511,0.0,0.0,0.0,1.388322602159586,3.68871202660473,2.300389424445144,0.2784423828125,4.121532440185547,3.843090057373047,3.461640167236327,9.333879661560058,5.872239494323731,4.020265769958496,10.29308223724365,6.272816467285154,4.02739143371582,11.558719863891596,7.531328430175776,4.607243537902832,12.511360168457031,7.904116630554199,82.0,82.0,0.0,39.0,44.0,5.0,36.0,44.0,8.0,28.0,43.0,15.0,118.56977844238281,329.69018268585205,211.12040424346924,95.0103874206543,298.2855587005615,203.27517127990723,0.5765168106947878,0.5389987567239838,-0.03751805397080399,0.7281844773914354,0.746576497446085,0.01839202005464957,0.8002302393621057,0.7806491428115647,-0.019581096550540966,2.4178335527719064,2.30559937762418,-0.11223417514772649,2.8406299309561054,2.9069686130684524,0.06633868211234706,28.0,23.0,-5.0,17.0,22.0,5.0
1USN_A,6,2,t060,low_or_equal,low_or_equal,165.0,165.0,0.0,2.7888616677486535,0.8401407819805723,-1.9487208857680813,0.0,0.0,0.0,5.015886791238863,1.4574654898387704,-3.5584213014000925,3.8070545196533203,1.4037799835205078,-2.4032745361328125,12.973594665527344,4.043068885803222,-8.930525779724121,13.010003852844237,4.125608444213867,-8.88439540863037,13.472449264526361,4.349451751708979,-9.122997512817381,14.425092697143555,5.294282913208008,-9.130809783935547,82.0,82.0,0.0,56.0,67.0,11.0,51.0,49.0,-2.0,50.0,27.0,-23.0,484.2423906326294,151.29559326171875,-332.94679737091064,449.8053503036499,113.13659572601318,-336.6687545776367,0.46189313670014664,0.47505231935306497,0.013159182652918322,0.7609035308846858,0.7984442789561826,0.03754074807149688,0.7578219062692308,0.7226161565102927,-0.0352057497589382,2.03775376329239,2.254233589158083,0.2164798258656928,2.3198751314961186,3.0560875453182543,0.7362124138221358,33.0,27.0,-6.0,21.0,18.0,-3.0
1USN_A,7,2,t060,low_or_equal,low_or_equal,165.0,165.0,0.0,2.035394555872137,0.7903990629947547,-1.2449954928773823,0.0,0.0,0.0,3.9072733821212724,2.1025459404402405,-1.804727441681032,4.021592140197754,0.7426090240478516,-3.2789831161499023,10.40363750457763,5.338296508789062,-5.065340995788567,10.933801651000977,5.977554321289061,-4.956247329711916,11.028675422668456,7.241643981933588,-3.787031440734869,11.064918518066406,8.193902969360352,-2.8710155487060547,82.0,82.0,0.0,77.0,48.0,-29.0,73.0,23.0,-50.0,47.0,22.0,-25.0,391.1665349006653,157.31109762191772,-233.85543727874756,352.3572344779968,128.01095056533813,-224.3462839126587,0.4763726253180008,0.6716578558094809,0.1952852304914801,0.7917627603404638,0.7109788017270475,-0.08078395861341625,0.7299921298407788,0.8200414246004828,0.09004929475970402,2.2773955709999134,2.4670829581056366,0.1896873871057232,2.3109526974772643,3.5212091036714366,1.2102564061941723,30.0,22.0,-8.0,17.0,22.0,5.0
1WZE_B,0,2,t060,high,high,327.0,327.0,0.0,2.4356773256891,2.190568088391505,-0.2451092372975947,0.0,0.0,0.0,5.540245544680995,5.27667372765038,-0.2635718170306154,4.190082550048828,2.379251003265381,-1.8108315467834473,11.238317489624025,10.554007720947267,-0.6843097686767585,18.57494468688964,18.106016349792473,-0.46892833709716797,19.818159103393555,19.701730728149414,-0.11642837524414062,19.818161010742188,19.701730728149414,-0.11643028259277344,163.0,163.0,0.0,136.0,128.0,-8.0,115.0,104.0,-11.0,91.0,97.0,6.0,964.6960492134094,844.3023982048035,-120.39365100860596,888.5636096000671,774.4194436073303,-114.14416599273682,0.5435072431245577,0.6210470309749776,0.07753978785041993,0.7906040145402732,0.7699521788453861,-0.020651835694887044,0.7740179548673656,0.8017057643228762,0.027687809455510637,2.9130960407874547,3.016189569956198,0.10309352916874337,3.1374933736901665,3.3185987126695733,0.18110533897940684,53.0,42.0,-11.0,18.0,18.0,0.0
1WZE_B,1,2,t060,high,high,327.0,327.0,0.0,2.2572185081808573,2.658636769752619,0.40141826157176164,0.0,0.0,0.0,5.967065501453666,5.30128235197605,-0.6657831494776163,2.6875782012939453,3.517512321472168,0.8299341201782227,10.212764263153304,11.167136764526504,0.9543725013732001,19.00334777832031,16.643490314483614,-2.359857463836697,19.309626960754397,19.39459384918213,0.08496688842773281,19.57921600341797,19.3951473236084,-0.1840686798095703,163.0,163.0,0.0,133.0,139.0,6.0,91.0,138.0,47.0,85.0,132.0,47.0,908.7536835670471,978.2960338592529,69.54235029220581,835.0998749732971,904.7291164398193,69.62924146652222,0.684645252209642,0.5629156139122421,-0.12172963829739991,0.7579313888837128,0.8057509417560278,0.047819552872314985,0.8112112928898692,0.7453640168478262,-0.06584727604204299,2.8064262519088907,2.6380133364370137,-0.16841291547187698,2.9029340286305247,3.1570683171812677,0.25413428855074294,33.0,34.0,1.0,33.0,33.0,0.0
1WZE_B,2,2,t060,high,high,327.0,327.0,0.0,2.285853673194162,1.861724293560063,-0.424129379634099,0.0,0.0,0.0,4.240455407323831,5.177017880906007,0.9365624735821756,3.689873695373535,1.633901596069336,-2.055972099304199,7.255419921875,11.286216163635254,4.030796241760254,15.925510978698727,17.60787296295164,1.6823619842529123,16.651845932006836,19.107240676879883,2.455394744873047,16.651845932006836,19.10759735107422,2.455751419067383,163.0,163.0,0.0,136.0,124.0,-12.0,126.0,99.0,-27.0,108.0,71.0,-37.0,792.09623670578,767.1305589675903,-24.965677738189697,720.4052090644836,695.2212400436401,-25.183969020843506,0.5216641517455544,0.6772953050797912,0.15563115333423683,0.8017736522592656,0.7551969698834706,-0.04657668237579493,0.7523325480520984,0.8180868847028682,0.0657543366507698,3.216554826150762,3.0415480555836742,-0.1750067705670877,3.387841842175888,3.331236911721084,-0.05660493045480397,39.0,47.0,8.0,18.0,20.0,2.0
1WZE_B,3,2,t060,high,high,327.0,327.0,0.0,1.56815035992077,2.1478469626983734,0.5796966027776034,0.0,0.0,0.0,4.14613925511589,4.71343863602693,0.5672993809110398,2.2397379875183105,2.350058078765869,0.1103200912475586,4.656504821777345,6.914372634887801,2.2578678131104564,14.388044548034665,16.149137306213365,1.7610927581787,17.000690460205078,18.805423736572266,1.8047332763671875,17.000690460205078,18.8054256439209,1.8047351837158203,163.0,163.0,0.0,96.0,130.0,34.0,91.0,114.0,23.0,86.0,98.0,12.0,611.9924097061157,771.7305307388306,159.73812103271484,550.24365234375,702.6262674331665,152.3826150894165,0.6258013836748657,0.6161650227421441,-0.009636360932721577,0.7548945725453838,0.7764579707429438,0.021563398197559924,0.8111727499490593,0.7921113703690692,-0.0190613795799901,3.0920076242725147,2.970504428867884,-0.12150319540463084,3.722147074834067,3.5340607924544014,-0.18808628237966563,21.0,33.0,12.0,19.0,20.0,1.0
1WZE_B,4,2,t060,high,high,327.0,327.0,0.0,2.7484181692840854,1.8810431162516277,-0.8673750530324578,0.0,0.0,0.0,5.430853051549929,4.5912502240163935,-0.8396028275335352,2.948617458343506,2.813589572906494,-0.13502788543701172,11.169656372070323,4.567788887023926,-6.601867485046397,17.850755882263183,13.476310729980469,-4.374445152282714,19.08521656036377,16.648052215576172,-2.437164344787597,19.08770179748535,16.648054122924805,-2.439647674560547,163.0,163.0,0.0,128.0,146.0,18.0,109.0,125.0,16.0,90.0,107.0,17.0,941.8078441619873,751.700849533081,-190.10699462890625,868.7929286956787,675.2901229858398,-193.50280570983887,0.5925264916985024,0.6283491936538622,0.03582270195535986,0.777712309687774,0.786147009129793,0.008434699442018911,0.7917647557904857,0.7768970062585345,-0.014867749531951135,2.7808407941859135,2.5255141950388804,-0.25532659914703304,3.008603523812552,3.2163376610205967,0.2077341372080448,48.0,31.0,-17.0,32.0,31.0,-1.0
1WZE_B,5,2,t060,high,high,327.0,327.0,0.0,1.8638407724712966,2.213016079835571,0.3491753073642745,0.0,0.0,0.0,4.8992028833596075,4.970600581746047,0.0713976983864395,2.2087478637695312,2.197925567626953,-0.010822296142578125,5.671087360382081,10.738196182251194,5.067108821869113,19.23925514221191,15.549017715454095,-3.6902374267578146,19.95359230041504,17.316744918823243,-2.636847381591796,19.953594207763672,17.323219299316406,-2.6303749084472656,163.0,163.0,0.0,115.0,138.0,23.0,110.0,115.0,5.0,86.0,91.0,5.0,699.9129176139832,812.8652415275574,112.95232391357422,627.2017588615417,737.8631682395935,110.66140937805176,0.6831021387427793,0.6477439478428196,-0.03535819089995962,0.7528828185291706,0.7758511111331251,0.0229682926039545,0.8169181964202616,0.7918756317575439,-0.025042564662717703,3.5465798790976995,2.6829759133319704,-0.8636039657657291,3.6923870813219732,3.0399149903477056,-0.6524720909742676,25.0,38.0,13.0,20.0,33.0,13.0
1WZE_B,6,2,t060,high,high,327.0,327.0,0.0,1.6925989626379918,2.4287323339269795,0.7361333712889877,0.0,0.0,0.0,4.609930115919201,5.255161885412487,0.6452317694932859,2.011467933654785,2.851167678833008,0.8396997451782227,5.812395095825275,9.440925979614262,3.6285308837889865,14.554616165161104,19.5369815826416,4.982365417480498,18.30157470703125,20.825446586608887,2.523871879577637,18.30157470703125,20.825456619262695,2.5238819122314453,163.0,163.0,0.0,139.0,144.0,5.0,128.0,114.0,-14.0,84.0,91.0,7.0,686.1216597557068,849.4055819511414,163.28392219543457,613.5882534980774,774.5806441307068,160.9923906326294,0.6835350187866346,0.6301167780504597,-0.05341824073617485,0.766943237890578,0.7744690417495221,0.007525803858944191,0.8000804312359941,0.7953763192741592,-0.004704111961834956,2.7900677188375296,3.2555132690021336,0.465445550164604,3.602869311844546,3.500696017833849,-0.10217329401069675,33.0,38.0,5.0,19.0,20.0,1.0
1WZE_B,7,2,t060,high,high,327.0,327.0,0.0,1.496241035811398,2.347254231070889,0.851013195259491,0.0,0.0,0.0,4.611427524616385,5.5217845509384915,0.9103570263221066,0.8515424728393555,2.4954729080200195,1.643930435180664,6.9143283843996866,11.934550476074255,5.020222091674569,14.505381298065151,18.922208023071285,4.416826725006134,17.615451126098634,20.022359352111817,2.406908226013183,17.615888595581055,20.022361755371094,2.406473159790039,163.0,163.0,0.0,126.0,152.0,26.0,76.0,129.0,53.0,37.0,122.0,85.0,604.047737121582,930.8018617630005,326.75412464141846,528.1108455657959,852.9130420684814,324.80219650268555,0.8058981879030732,0.5942077148895065,-0.2116904730135667,0.7248908701297578,0.7907303085451161,0.06583943841535822,0.8383904502902135,0.7747805035289324,-0.06360994676128118,2.8210657530253513,3.001738593582629,0.1806728405572775,3.4955873151471932,3.200977394399808,-0.29460992074738535,33.0,39.0,6.0,33.0,20.0,-13.0
1ZR3_A,0,1,t060,high,not_tier2,186.0,186.0,0.0,1.5291753122883458,1.4958355298606298,-0.03333978242771596,0.01022481918334961,7.343292236328125e-05,-0.010151386260986328,4.047551661494489,5.188461557877554,1.1409098963830653,1.8598065376281738,1.434809684753418,-0.42499685287475586,4.9905009269714355,4.234161853790283,-0.7563390731811523,13.423593521118164,17.646657466888428,4.223063945770264,13.423593521118164,18.57423143386841,5.150637912750245,13.423593521118164,19.046276092529297,5.622682571411133,93.0,93.0,0.0,75.0,69.0,-6.0,62.0,66.0,4.0,46.0,37.0,-9.0,353.40213203430176,403.623028755188,50.22089672088623,312.84028148651123,367.1708984375,54.33061695098877,0.6759464689590301,0.7065982376494568,0.03065176869042674,0.7432380464096545,0.7156237834856494,-0.02761426292400515,0.7984432601433982,0.8228390822325709,0.02439582208917268,2.9386698932060105,3.112834461017886,0.1741645678118755,2.9386698932060105,3.382590459020001,0.44392056581399064,17.0,15.0,-2.0,17.0,15.0,-2.0
1ZR3_A,1,1,t060,high,not_tier2,186.0,186.0,0.0,1.1499121855663996,0.6611352325767599,-0.48877695298963975,0.000476837158203125,0.00026798248291015625,-0.00020885467529296875,2.5150073029874376,1.4216171931674946,-1.093390109819943,3.249288320541382,1.3149847984313965,-1.9343035221099854,4.989167213439941,3.1977453231811523,-1.791421890258789,6.769526124000549,3.2629880905151367,-3.5065380334854126,7.6968585729599015,3.8376244544982923,-3.8592341184616092,8.172772407531738,4.27607536315918,-3.8966970443725586,93.0,93.0,0.0,70.0,54.0,-16.0,64.0,52.0,-12.0,51.0,41.0,-10.0,278.6727900505066,157.21006202697754,-121.46272802352905,238.9730429649353,118.95890712738037,-120.01413583755493,0.4468611288726673,0.4132969894246835,-0.03356413944798381,0.7967720484022257,0.7919049339889863,-0.004867114413239393,0.7257659924569286,0.7265962738066434,0.0008302813497147454,2.2344324534401636,1.8302063807635922,-0.4042260726765714,2.7923816418438516,2.5428365300844447,-0.24954511175940697,35.0,40.0,5.0,13.0,5.0,-8.0
1ZR3_A,2,1,t060,high,not_tier2,186.0,186.0,0.0,2.299843849674348,0.8131769344370853,-1.4866669152372625,0.0038204193115234375,0.044950008392333984,0.04112958908081055,5.189080134683914,2.0172299512322796,-3.171850183451635,3.1450960636138916,3.2807235717773438,0.13562750816345215,11.150420188903809,3.9404191970825195,-7.210000991821289,17.233421325683594,3.9574074745178223,-13.276013851165771,17.233421325683594,4.425779676437378,-12.807641649246216,17.233421325683594,4.425806045532227,-12.807615280151367,93.0,93.0,0.0,70.0,76.0,6.0,65.0,70.0,5.0,55.0,53.0,-2.0,480.34101486206055,231.39545917510986,-248.94555568695068,439.0318899154663,190.17588710784912,-248.8560028076172,0.6547363566827324,0.3350064463920142,-0.31972991029071823,0.7489604175951474,0.8192775719775868,0.07031715438243935,0.7922828130202904,0.6719568055478875,-0.12032600747240285,2.877885306914595,1.5586872176669786,-1.3191980892476165,2.877885306914595,1.790886115332696,-1.086999191581899,20.0,53.0,33.0,17.0,0.0,-17.0
1ZR3_A,3,1,t060,high,not_tier2,186.0,186.0,0.0,3.729586419238839,1.7710998289046749,-1.9584865903341642,0.07270431518554688,0.0004277229309082031,-0.07227659225463867,6.55804271824068,5.900083792214164,-0.6579589260265157,6.76952600479126,0.9663097858428955,-5.803216218948364,12.571917533874512,13.974300384521484,1.4023828506469727,19.235865116119385,17.492267608642578,-1.7435975074768066,20.269610977172853,17.492267608642578,-2.777343368530275,20.55069923400879,17.492267608642578,-3.058431625366211,93.0,93.0,0.0,86.0,69.0,-17.0,80.0,43.0,-37.0,75.0,28.0,-47.0,796.0039010047913,467.39990615844727,-328.603994846344,751.2901186943054,429.3648376464844,-321.92528104782104,0.43080471723319796,0.695921332046848,0.26511661481365006,0.8103564348798661,0.7007961979563433,-0.10956023692352279,0.7057334684633052,0.8296273738031281,0.12389390533982292,2.364467473465986,2.664566866064476,0.30009939259849006,2.5649593236078423,2.664566866064476,0.09960754245663361,40.0,28.0,-12.0,15.0,23.0,8.0
1ZR3_A,4,1,t060,high,not_tier2,186.0,186.0,0.0,2.4128166475603656,1.414023014806932,-0.9987936327534337,0.021536827087402344,0.003798961639404297,-0.017737865447998047,4.862955146219044,4.057473463688413,-0.8054816825306315,4.667381286621094,2.4870059490203857,-2.180375337600708,13.926001071929932,7.114889860153198,-6.811111211776733,13.926004409790039,11.066311120986938,-2.8596932888031006,13.968295860290528,12.328796911239627,-1.6394989490509015,14.009706497192383,13.366368293762207,-0.6433382034301758,93.0,93.0,0.0,82.0,66.0,-16.0,78.0,65.0,-13.0,54.0,65.0,11.0,524.9173164367676,404.5370206832886,-120.380295753479,481.7486410140991,370.4327344894409,-111.3159065246582,0.5044888417972089,0.48505241349332406,-0.019436428303884812,0.7852982528741416,0.7757246067286225,-0.009573646145519032,0.7459828447336132,0.7502366682263808,0.004253823492767594,2.3675290879828896,2.378891246624611,0.011362158641721187,2.3847412737599725,2.9457605541774985,0.561019280417526,23.0,43.0,20.0,22.0,13.0,-9.0
1ZR3_A,5,1,t060,high,not_tier2,186.0,186.0,0.0,0.8173877244354576,1.4562008303980674,0.6388131059626098,0.004776954650878906,0.0040569305419921875,-0.0007200241088867188,1.6155410327170399,3.365614705070793,1.7500736723537533,1.3646440505981445,2.273041248321533,0.9083971977233887,2.6208925247192383,4.1699066162109375,1.5490140914916992,5.563716173171997,11.56462287902832,6.000906705856323,5.5639848709106445,11.56495180130005,6.000966930389405,5.564157485961914,11.564956665039062,6.000799179077148,93.0,93.0,0.0,60.0,51.0,-9.0,52.0,51.0,-1.0,39.0,47.0,8.0,169.389084815979,304.83946800231934,135.45038318634033,132.3357343673706,272.85148334503174,140.51574897766113,0.5199342908709094,0.6451758695950397,0.12524157872413033,0.7761240614282322,0.7334369764327537,-0.042687084995478464,0.759379341278682,0.8071612499521503,0.04778190867346832,2.9379188473808657,3.003440065020048,0.06552121763918217,2.938192014562002,3.0035392403683847,0.06534722580638253,39.0,18.0,-21.0,13.0,15.0,2.0
1ZR3_A,6,1,t060,high,not_tier2,186.0,186.0,0.0,1.002544908113377,1.853247606626121,0.8507026985127439,0.011577129364013672,0.005473613739013672,-0.006103515625,2.419454097477691,4.442562899362218,2.0231088018845274,2.144099712371826,0.9625353813171387,-1.1815643310546875,6.000925779342651,9.782075881958008,3.7811501026153564,7.225404739379883,14.821572065353394,7.596167325973511,7.267974805831909,14.82157244682312,7.553597640991211,7.309564113616943,14.821573257446289,7.512009143829346,93.0,93.0,0.0,85.0,71.0,-14.0,65.0,41.0,-24.0,51.0,36.0,-15.0,252.54134798049927,378.8591423034668,126.31779432296753,207.9487977027893,340.82607650756836,132.87727880477905,0.5331707343792864,0.6908900869008048,0.15771935252151836,0.7985015101283632,0.7161932358522204,-0.08230827427614285,0.729247599238414,0.8247891101402569,0.09554151090184293,2.5720098751837903,2.919108801045682,0.3470989258618915,2.6067943227683914,2.9191090693801818,0.3123147466117904,21.0,24.0,3.0,20.0,15.0,-5.0
1ZR3_A,7,1,t060,high,not_tier2,186.0,186.0,0.0,3.1984324147624354,0.6900679193517213,-2.508364495410714,0.06336116790771484,0.034601688385009766,-0.028759479522705078,5.817623138836521,2.091691330127023,-3.725931808709498,5.789185881614685,2.226717948913574,-3.562467932701111,6.610684156417847,3.4276905059814453,-3.1829936504364014,20.367531776428223,5.544065237045288,-14.823466539382935,21.655216121673586,5.54474446773529,-16.110471653938298,22.643661499023438,5.544797420501709,-17.09886407852173,93.0,93.0,0.0,87.0,80.0,-7.0,82.0,63.0,-19.0,71.0,55.0,-16.0,638.4982738494873,221.02159643173218,-417.4766774177551,593.6649074554443,177.54562425613403,-416.1192831993103,0.5258760375134579,0.4522819534104293,-0.07359408410302859,0.7951553423385572,0.8148034686662761,0.01964812632771884,0.7254880398960104,0.6987108213678128,-0.02677721852819759,2.9512223380456835,2.3206088048368,-0.6306135332088836,3.3424697028673283,2.320958848576942,-1.0215108542903861,15.0,21.0,6.0,15.0,15.0,0.0
2ERF_A,0,1,t060,low_or_equal,not_tier2,209.0,209.0,0.0,1.9980588255886826,0.2444577376808276,-1.753601087907855,0.0,0.0,0.0,3.684597371391394,4.267753817306708,0.5831564459153142,4.370332717895508,1.6266508102416992,-2.7436819076538086,9.493182754516601,6.894099998474123,-2.5990827560424785,9.49386806488037,9.848297119140625,0.3544290542602546,10.448454818725581,9.848298072814941,-0.60015674591064,11.569551467895508,9.848299026489258,-1.72125244140625,104.0,104.0,0.0,74.0,81.0,7.0,67.0,73.0,6.0,63.0,46.0,-17.0,455.14458560943604,381.63066387176514,-73.5139217376709,415.1653528213501,338.3293981552124,-76.8359546661377,0.4512348504864045,0.49297711786618625,0.04174226737978176,0.776719542422184,0.779365694382666,0.0026461519604820127,0.7530258485122627,0.7582743267576735,0.005248478245410748,2.0343631837475606,2.2503264697495093,0.2159632860019487,2.5977038133456616,2.250326916670469,-0.34737689667519245,35.0,41.0,6.0,30.0,14.0,-16.0
2ERF_A,1,1,t060,low_or_equal,not_tier2,209.0,209.0,0.0,2.128984957790831,0.034716631236829255,-2.0942683265540016,0.0,0.0,0.0,4.515616793470019,3.459139896151007,-1.056476897319012,3.2530431747436523,1.575160026550293,-1.6778831481933594,8.942860221862793,7.301401329040528,-1.6414588928222642,13.918318557739259,7.343859767913818,-6.5744587898254405,14.42341022491455,7.343925437927246,-7.079484786987304,14.654178619384766,7.343925952911377,-7.310252666473389,104.0,104.0,0.0,57.0,72.0,15.0,56.0,56.0,0.0,56.0,41.0,-15.0,503.20255851745605,293.67260122299194,-209.5299572944641,464.4895534515381,246.33615732192993,-218.15339612960815,0.5300231030218916,0.5251033867473629,-0.004919716274528696,0.7518900845121347,0.7777710045557023,0.025880920043567568,0.7876038971579502,0.763703143950166,-0.023900753207784176,2.6107914243291956,2.112994373199502,-0.49779705112969364,2.77375035005328,2.1130135065677806,-0.6607368434854992,38.0,38.0,0.0,15.0,22.0,7.0
2ERF_A,2,1,t060,low_or_equal,not_tier2,209.0,209.0,0.0,1.1860224048486736,2.7892319825277374,1.6032095776790638,0.0,0.0,0.0,2.1868540353142443,4.257984495130314,2.07113045981607,1.9914484024047852,5.982699394226074,3.991250991821289,4.5474590301513675,10.450855064392092,5.903396034240725,6.881547927856444,10.829838562011718,3.9482906341552733,8.18804233551025,11.380965881347654,3.192923545837404,9.308024406433105,11.692054748535156,2.384030342102051,104.0,104.0,0.0,78.0,89.0,11.0,73.0,89.0,16.0,52.0,89.0,37.0,272.4800934791565,647.9599289894104,375.4798355102539,227.05136156082153,601.8646092414856,374.81324768066406,0.4955693823000757,0.35412644826047185,-0.14144293403960384,0.7955229357818985,0.8284722728690538,0.032949337087155306,0.7425467181026677,0.6643388764074543,-0.07820784169521344,2.604437896189693,1.888359760041329,-0.7160781361483639,3.7140119415502393,2.0908537304889716,-1.6231582110612677,25.0,47.0,22.0,13.0,3.0,-10.0
2ERF_A,3,1,t060,low_or_equal,not_tier2,209.0,209.0,0.0,3.804042537816974,2.410515627792577,-1.3935269100243968,0.0,0.0,0.0,6.56126899682302,5.0906185456329425,-1.4706504511900773,8.617571830749512,3.1361541748046875,-5.481417655944824,14.981616973876953,15.148743629455566,0.16712665557861328,17.720212554931642,15.359357833862305,-2.3608547210693374,17.72021484375,15.359362602233887,-2.3608522415161133,17.72021484375,15.359362602233887,-2.3608522415161133,104.0,104.0,0.0,95.0,83.0,-12.0,93.0,83.0,-10.0,74.0,77.0,3.0,895.7241888046265,580.9211440086365,-314.80304479599,844.9178705215454,538.345844745636,-306.5720257759094,0.39455612768353227,0.5535728631906824,0.15901673550715018,0.8094047281560081,0.7728429694378596,-0.036561758718148485,0.7089735851394137,0.7681159030886815,0.05914231794926783,2.1209570928814085,2.543667746855256,0.42271065397384744,2.1209574417191654,2.5436686835531326,0.42271124183396713,38.0,34.0,-4.0,13.0,23.0,10.0
2ERF_A,4,1,t060,low_or_equal,not_tier2,209.0,209.0,0.0,1.895117093501479,0.8169468441648347,-1.0781702493366443,0.0,0.0,0.0,5.189845587665264,2.1679464693482187,-3.0218991183170454,3.4087657928466797,0.40981101989746094,-2.9989547729492188,12.413032150268563,2.8047718048096026,-9.60826034545896,16.472331619262697,7.373111820220947,-9.09921979904175,16.906886749267578,7.373405799865723,-9.533480949401856,17.136022567749023,7.373434543609619,-9.762588024139404,104.0,104.0,0.0,68.0,48.0,-20.0,65.0,36.0,-29.0,63.0,22.0,-41.0,520.90598487854,195.3940749168396,-325.51190996170044,474.3589391708374,154.4395728111267,-319.9193663597107,0.6481870819262222,0.7612841316337421,0.11309704970751988,0.7531985097833849,0.719866270009838,-0.03333223977354682,0.7929090951396214,0.8219470579778474,0.029037962838226017,2.8087954216609,3.0241360055477697,0.21534058388686983,2.9366780218800135,3.024284866874945,0.08760684499493143,22.0,21.0,-1.0,22.0,19.0,-3.0
2ERF_A,5,1,t060,low_or_equal,not_tier2,209.0,209.0,0.0,0.693629337840103,0.5531371563815615,-0.1404921814585416,0.0,0.0,0.0,1.295397260295314,2.8882817823896807,1.5928845220943666,1.444284439086914,2.4120893478393555,0.9678049087524414,3.1934501647949274,6.976998615264892,3.783548450469965,3.5210142135620117,6.977210617065429,3.4561964035034176,3.5341114044189452,6.985250110626221,3.4511387062072756,4.205780029296875,6.9874267578125,2.781646728515625,104.0,104.0,0.0,66.0,86.0,20.0,61.0,73.0,12.0,50.0,63.0,13.0,165.53369426727295,296.02321004867554,130.4895157814026,127.40833854675293,252.74161958694458,125.33328104019165,0.44866888662589854,0.4950629775742688,0.04639409094837027,0.7918721676319627,0.7924981710439888,0.0006260034120261215,0.7354897924003734,0.7367710617889567,0.001281269388583306,2.1826392276585054,2.22418515390447,0.04154592624596454,2.7112537590639185,2.2277222536463857,-0.48353150541753287,50.0,27.0,-23.0,21.0,24.0,3.0
2ERF_A,6,1,t060,low_or_equal,not_tier2,209.0,209.0,0.0,0.4888109590448261,4.570607454582835,4.0817964955380095,0.0,0.0,0.0,1.0512808646212077,7.004246957983078,5.95296609336187,1.4843902587890625,11.810842514038086,10.326452255249023,2.1673816680908202,13.508366584777832,11.340984916687011,2.2456844329833983,19.592348098754883,17.346663665771484,2.2481357574462892,19.592487335205078,17.34435157775879,2.288522720336914,19.592487335205078,17.303964614868164,104.0,104.0,0.0,89.0,83.0,-6.0,79.0,83.0,4.0,32.0,80.0,48.0,146.1593313217163,1026.3436908721924,880.1843595504761,99.08587455749512,982.2231721878052,883.1372976303101,0.3207783453501349,0.37412380383849364,0.053345458488358755,0.838489414090356,0.8130907320933177,-0.02539868199703832,0.6438059473841564,0.6859531530147513,0.04214720563059493,1.6711742152479871,2.1446617651096735,0.4734875498616864,1.7119228760437402,2.1446816439704603,0.4327587679267202,42.0,56.0,14.0,0.0,15.0,15.0
2ERF_A,7,1,t060,low_or_equal,not_tier2,209.0,209.0,0.0,2.1903428232840945,4.60460559489054,2.4142627716064453,0.0,0.0,0.0,3.895301804669322,6.611655178951004,2.716353374281682,4.1923112869262695,7.651673793792725,3.459362506866455,8.212581634521484,15.764726638793945,7.552145004272461,11.401713562011718,17.05817222595215,5.65645866394043,12.71274520874023,17.5507080078125,4.837962799072269,13.834368705749512,17.660566329956055,3.826197624206543,104.0,104.0,0.0,96.0,97.0,1.0,64.0,96.0,32.0,56.0,94.0,38.0,498.9773268699646,1033.9982352256775,535.0209083557129,449.4687638282776,984.8688826560974,535.4001188278198,0.4469180217056944,0.3439918943779616,-0.10292612732773276,0.7939271879990548,0.834074126895529,0.04014693889647414,0.7372711287803184,0.6583839880369959,-0.07888714074332248,2.3647386520053204,1.8835777568541427,-0.48116089515117766,2.989248706867245,1.9746886946903597,-1.0145600121768854,48.0,44.0,-4.0,13.0,0.0,-13.0
2F7A_A,0,2,t060,low_or_equal,low_or_equal,228.0,228.0,0.0,0.6195643826534873,0.8743030230204264,0.25473864036693905,0.0005545616149902344,0.0012989044189453125,0.0007443428039550781,1.3066365137766656,1.6894451798646888,0.3828086660880232,1.2429018020629883,1.5082848072052002,0.2653830051422119,3.3202844619750977,3.9511324882507326,0.6308480262756349,3.368536949157715,4.314607477188098,0.9460705280303827,3.3735413455963137,5.809755010604856,2.436213665008542,3.374140739440918,6.984480857849121,3.610340118408203,114.0,114.0,0.0,70.0,79.0,9.0,64.0,79.0,15.0,40.0,36.0,-4.0,171.4517946243286,226.4043369293213,54.952542304992676,129.26282119750977,183.21758556365967,53.9547643661499,0.4510853270262404,0.4741838736644319,0.023098546638191497,0.7891069962930998,0.7905900306725943,0.0014830343794944856,0.745357655917996,0.744314600204113,-0.0010430557138829677,2.1038540845293494,2.0363516349451554,-0.06750244958419405,2.1081427985091894,3.616677183522505,1.5085343850133155,40.0,36.0,-4.0,24.0,12.0,-12.0
2F7A_A,1,2,t060,low_or_equal,low_or_equal,228.0,228.0,0.0,2.68195392792685,0.29856081176222415,-2.383393116164626,0.007367134094238281,0.03083324432373047,0.023466110229492188,4.704486684216479,1.3153343840375369,-3.3891523001789423,3.9369423389434814,0.8532781600952148,-3.0836641788482666,13.148041343688964,2.3581104278564453,-10.78993091583252,13.371992111206055,3.3123470306396485,-10.059645080566407,13.371993064880371,3.3143617057800294,-10.057631359100341,13.371993064880371,3.314563751220703,-10.057429313659668,114.0,114.0,0.0,83.0,69.0,-14.0,81.0,51.0,-30.0,72.0,39.0,-33.0,650.089898109436,149.47833251953125,-500.6115655899048,605.7113275527954,104.79050254821777,-500.92082500457764,0.4720648601325983,0.4836521695835084,0.011587309450910077,0.7845006029585848,0.7949330568887163,0.01043245393013148,0.7504522643864324,0.7468822588028854,-0.0035700055835470312,2.2723070338670976,2.2912700036216926,0.018962969754594994,2.272307236583011,2.292955294151581,0.02064805756856991,48.0,41.0,-7.0,24.0,20.0,-4.0
2F7A_A,2,2,t060,low_or_equal,low_or_equal,228.0,228.0,0.0,1.1567411485471224,0.9523620521813109,-0.20437909636581153,0.00835418701171875,0.0013065338134765625,-0.0070476531982421875,2.9048089491140856,2.3117323297173433,-0.5930766193967423,1.010852336883545,2.347346782684326,1.3364944458007812,6.376443862915039,3.909388923645065,-2.467054939269974,9.244947481155295,6.731952786445618,-2.5129946947096773,12.09807410240173,6.73199143409729,-5.36608266830444,13.2743558883667,6.732009410858154,-6.542346477508545,114.0,114.0,0.0,84.0,95.0,11.0,59.0,90.0,31.0,31.0,64.0,33.0,288.3415627479553,299.23983097076416,10.898268222808838,243.89869928359985,248.98397064208984,5.08527135848999,0.7263839272251944,0.5174259460272744,-0.20895798119791997,0.725217198858261,0.8073496507551124,0.08213245189685148,0.8273207043365502,0.7201305130676852,-0.10719019126886509,2.7844193798270034,2.5001124308241085,-0.2843069490028949,4.171570300179373,2.5001369251878414,-1.6714333749915316,25.0,23.0,-2.0,12.0,23.0,11.0
2F7A_A,3,2,t060,low_or_equal,low_or_equal,228.0,228.0,0.0,1.7878334334022121,0.9750311458319948,-0.8128022875702173,0.017259597778320312,0.046944618225097656,0.029685020446777344,3.5101000258676622,2.691731879548538,-0.8183681463191244,2.7949986457824707,3.2273712158203125,0.4323725700378418,8.470779800415052,5.423577499389649,-3.0472023010254032,9.289790773391724,6.736654329299927,-2.5531364440917974,9.289793014526367,7.2503171920776355,-2.0394758224487317,9.289793968200684,7.4989542961120605,-1.790839672088623,114.0,114.0,0.0,69.0,76.0,7.0,67.0,76.0,9.0,65.0,62.0,-3.0,462.77458143234253,338.35458850860596,-124.41999292373657,417.8479905128479,291.65687370300293,-126.19111680984497,0.46139637918256593,0.4393662768891324,-0.02203010229343355,0.7773856156093527,0.7950634808324237,0.01767786522307102,0.7565099753308282,0.7377356218743605,-0.01877435345646772,2.1372488774404945,2.140489261669807,0.0032403842293122764,2.1372497876165397,2.4236898183834974,0.2864400307669577,43.0,41.0,-2.0,23.0,13.0,-10.0
2F7A_A,4,2,t060,low_or_equal,low_or_equal,228.0,228.0,0.0,2.1281941731770835,3.0909033804609063,0.9627092072838228,0.003624439239501953,0.0020351409912109375,-0.0015892982482910156,4.421354865183136,5.1025903326126,0.6812354674294641,3.2494187355041504,5.481950283050537,2.2325315475463867,8.264028549194336,11.434846019744937,3.1708174705506007,14.05203738212574,15.356023788452148,1.303986406326409,17.13677680969238,15.356023788452148,-1.7807530212402298,18.31306266784668,15.356023788452148,-2.9570388793945312,114.0,114.0,0.0,95.0,107.0,12.0,78.0,102.0,24.0,69.0,94.0,25.0,552.5609321594238,772.2619051933289,219.70097303390503,503.1576347351074,717.0437760353088,213.88614130020142,0.5305540556761362,0.45734295455624724,-0.07321110111988899,0.78016828600477,0.8208360229859822,0.04066773698121229,0.7647389423909419,0.7026628963831814,-0.06207604600776051,2.696875408677417,2.403704708488977,-0.29317070018844005,3.6606128637446993,2.403704708488977,-1.2569081552557222,26.0,43.0,17.0,12.0,23.0,11.0
2F7A_A,5,2,t060,low_or_equal,low_or_equal,228.0,228.0,0.0,2.358768714101691,1.9271370402553625,-0.4316316738463286,0.002017974853515625,0.0053081512451171875,0.0032901763916015625,5.024354021985955,4.217367822953215,-0.8069861990327398,3.1951193809509277,0.6501655578613281,-2.5449538230895996,9.567484760284536,8.35105271339422,-1.2164320468903167,16.46095848083496,13.349394083023071,-3.1115643978118896,16.46095848083496,13.349828720092773,-3.1111297607421875,16.46095848083496,13.349828720092773,-3.1111297607421875,114.0,114.0,0.0,106.0,65.0,-41.0,75.0,48.0,-27.0,71.0,48.0,-23.0,590.0039262771606,479.3439121246338,-110.66001415252686,535.8138704299927,439.4598636627197,-96.35400676727295,0.6416939721607218,0.6089154168612819,-0.03277855529943985,0.7679736480370424,0.7332886962608292,-0.034684951776213224,0.7789946745195235,0.8096042881957697,0.03060961367624615,2.806766741559974,2.708385306257035,-0.09838143530293886,2.806766741559974,2.708488365105101,-0.09827837645487314,23.0,46.0,23.0,23.0,23.0,0.0
2F7A_A,6,2,t060,low_or_equal,low_or_equal,228.0,228.0,0.0,1.3765085245433606,1.641314799325508,0.26480627478214736,0.00016307830810546875,0.003918647766113281,0.0037555694580078125,2.5718315012645627,3.554945971711715,0.9831144704471524,1.7903573513031006,1.4121599197387695,-0.37819743156433105,4.640379047393812,9.723895931243906,5.083516883850094,9.279185342788697,11.86442403793335,2.5852386951446533,9.279366931915284,11.865376472473145,2.5860095405578605,9.27937126159668,11.865376472473145,2.586005210876465,114.0,114.0,0.0,91.0,76.0,-15.0,75.0,70.0,-5.0,50.0,50.0,0.0,340.7800512313843,410.601318359375,69.82126712799072,293.7099561691284,362.74254989624023,69.03259372711182,0.513854286203888,0.6355003827134306,0.12164609650954261,0.7883243959105372,0.7571286490582564,-0.03119574685228077,0.753207247706944,0.7954204230675634,0.042213175360619415,3.0727817177601295,2.8757425063440243,-0.19703921141610525,3.072854008191245,2.8760104244916906,-0.19684358369955435,34.0,24.0,-10.0,13.0,24.0,11.0
2F7A_A,7,2,t060,low_or_equal,low_or_equal,228.0,228.0,0.0,1.186191345516004,0.9006488072244745,-0.28554253829152954,0.002758026123046875,0.00103759765625,-0.001720428466796875,2.5694066346227933,2.8389065110375413,0.26949987641474804,1.0437922477722168,4.478783130645752,3.434990882873535,4.052222824096679,5.880657529830932,1.828434705734253,7.759104156494011,5.8807426452636715,-1.8783615112303398,11.062939348220823,5.965640711784362,-5.097298636436461,12.239216804504395,7.095324516296387,-5.143892288208008,114.0,114.0,0.0,78.0,82.0,4.0,63.0,72.0,9.0,55.0,58.0,3.0,288.26015186309814,348.3331413269043,60.07298946380615,246.51190567016602,302.5274610519409,56.0155553817749,0.5948306015962401,0.3936164607219991,-0.20121414087424105,0.7529043147032286,0.7938966074931441,0.04099229278991545,0.7966429484897477,0.7244878037260829,-0.0721551447636648,2.558144251053106,1.7542296016712124,-0.8039146493818934,4.301781317931037,2.182064004216867,-2.1197173137141703,25.0,58.0,33.0,12.0,1.0,-11.0
2O4T_A,0,2,t060,low_or_equal,low_or_equal,90.0,90.0,0.0,3.7401886940002442,-0.08179151746961806,-3.8219802114698624,0.02545452117919922,0.007140159606933594,-0.018314361572265625,6.3998404140964436,0.47856425911473943,-5.921276154981705,10.809458017349243,0.3523828983306885,-10.457075119018555,14.526291465759277,0.3862432479858399,-14.140048217773437,14.77179594039917,0.5123407363891601,-14.25945520401001,15.105973768234254,0.8011478328704833,-14.30482593536377,15.210801124572754,0.9863910675048828,-14.224410057067871,45.0,45.0,0.0,29.0,6.0,-23.0,27.0,0.0,-27.0,26.0,0.0,-26.0,353.5369281768799,15.253945350646973,-338.2829828262329,336.80107975006104,0.942962646484375,-335.85811710357666,0.3777853586591912,0.3397871736909485,-0.0379981849682427,0.729347570254528,0.8151562929682518,0.08580872271372375,0.7298009920738828,0.6306910612437535,-0.09910993083012931,1.7237316140103183,1.2414889798870887,-0.48224263412322954,1.7923278845058481,2.232056750227133,0.4397288657212848,24.0,8.0,-16.0,0.0,1.0,1.0
2O4T_A,1,2,t060,low_or_equal,low_or_equal,90.0,90.0,0.0,0.6712499618530273,0.6712489075130886,-1.054339938688642e-06,0.07143878936767578,0.07143926620483398,4.76837158203125e-07,3.5476634590931235,3.547663341757972,-1.1733515137279937e-07,2.8319950103759766,2.831993341445923,-1.6689300537109375e-06,7.2617682933807375,7.261766862869263,-1.430511474609375e-06,7.330471324920654,7.330469632148743,-1.6927719110881867e-06,7.440665807723999,7.440664324760437,-1.4829635617275017e-06,7.483247756958008,7.483245849609375,-1.9073486328125e-06,45.0,45.0,0.0,26.0,26.0,0.0,26.0,26.0,0.0,26.0,26.0,0.0,155.4802007675171,155.48015546798706,-4.5299530029296875e-05,135.93324184417725,135.9332070350647,-3.4809112548828125e-05,0.42578550156472494,0.4257855336123413,3.204761633845976e-08,0.7470622543619888,0.7470622187100875,-3.565190132004403e-08,0.7387787223436297,0.738778753815085,3.1471455219644895e-08,1.877072456238535,1.8770723383622452,-1.1787628984016862e-07,1.9201364147562936,1.9201362378203395,-1.7693595411039098e-07,16.0,16.0,0.0,0.0,0.0,0.0
2O4T_A,2,2,t060,low_or_equal,low_or_equal,90.0,90.0,0.0,1.857510831620958,0.10044160419040256,-1.7570692274305555,0.050889015197753906,0.00397491455078125,-0.046914100646972656,3.1305825777756664,1.0967177250379936,-2.033864852737673,6.064322233200073,1.2485547065734863,-4.815767526626587,6.916847229003906,1.5230009078979492,-5.393846321105957,7.196213912963867,1.59294753074646,-5.603266382217408,7.204833984375,1.6501184844970702,-5.55471549987793,7.204833984375,1.749190330505371,-5.455643653869629,45.0,45.0,0.0,41.0,37.0,-4.0,33.0,30.0,-3.0,27.0,0.0,-27.0,191.1264877319336,50.014254570007324,-141.11223316192627,169.74854278564453,30.339576721191406,-139.40896606445312,0.33465534226504773,0.2881010962088578,-0.04655424605618991,0.7826621274514397,0.8101531130280875,0.027490985576647753,0.6803372160811203,0.6252170101423149,-0.0551202059388054,1.7053385268425503,1.3608842936356778,-0.3444542332068725,1.708092030766174,1.503348298905127,-0.204743731861047,26.0,24.0,-2.0,0.0,0.0,0.0
2O4T_A,3,2,t060,low_or_equal,low_or_equal,90.0,90.0,0.0,2.3932179768880206,0.27558739980061847,-2.117630577087402,1.5735626220703125e-05,0.0010156631469726562,0.0009999275207519531,5.807468533477496,1.042365452758504,-4.765103080718992,7.678541302680969,1.2653493881225586,-6.413191914558411,10.260764884948731,1.6998229026794442,-8.560941982269288,10.861329936981202,2.2249898433685296,-8.636340093612672,11.935320653915404,3.2125131225585934,-8.72280753135681,12.552197456359863,3.795665740966797,-8.756531715393066,45.0,45.0,0.0,40.0,24.0,-16.0,40.0,24.0,-16.0,40.0,6.0,-34.0,344.44040393829346,46.65950012207031,-297.78090381622314,324.36931896209717,31.493759155273438,-292.87555980682373,0.2908244525008658,0.47807717167825914,0.18725271917739333,0.8142335576221716,0.7433462064477535,-0.07088735117441813,0.6120463097596438,0.7497757880712665,0.13772947831162274,1.4581416862232222,1.8701717698039924,0.4120300835807702,1.7492956562587991,3.3770097923436384,1.6277141360848393,18.0,20.0,2.0,0.0,4.0,4.0
2O4T_A,4,2,t060,low_or_equal,low_or_equal,90.0,90.0,0.0,1.113320525487264,0.2663598802354601,-0.8469606452518039,0.02278423309326172,1.33514404296875e-05,-0.02277088165283203,2.4616085782103707,0.7976715873356073,-1.6639369908747634,1.2035186290740967,0.3099203109741211,-0.8935983180999756,5.50432586669922,1.870484733581543,-3.6338411331176763,5.823037195205688,1.9237502098083497,-3.899286985397339,6.292614741325378,1.930774621963501,-4.361840119361878,6.548505783081055,1.9308280944824219,-4.617677688598633,45.0,45.0,0.0,30.0,17.0,-13.0,29.0,17.0,-12.0,20.0,0.0,-20.0,125.31489324569702,36.40413284301758,-88.91076040267944,107.94014883041382,22.43634796142578,-85.50380086898804,0.42573245326326925,0.4735815050101513,0.04784905174688203,0.7386414922971792,0.7285533037053052,-0.010088188591873992,0.7441887171818313,0.761739986756027,0.017551269574195727,1.913267897832264,2.077785339087889,0.16451744125562495,2.2079811167806613,2.0866585204653454,-0.12132259631531594,20.0,17.0,-3.0,3.0,14.0,11.0
2O4T_A,5,2,t060,low_or_equal,low_or_equal,90.0,90.0,0.0,0.4250577873653836,1.6568234125773111,1.2317656252119276,7.915496826171875e-05,0.00699615478515625,0.006916999816894531,2.1745097408634986,5.016919053094453,2.8424093122309544,1.775099754333496,1.2837679386138916,-0.4913318157196045,3.5938651084899913,12.494792938232422,8.90092782974243,4.19352889060974,12.494793891906738,8.301265001296997,5.26440764427185,12.494793891906738,7.230386247634888,5.879291534423828,12.494793891906738,6.61550235748291,45.0,45.0,0.0,42.0,38.0,-4.0,33.0,28.0,-5.0,19.0,18.0,-1.0,99.00909090042114,217.26797771453857,118.25888681411743,77.29408407211304,197.94227504730225,120.64819097518921,0.4055407522449997,0.5175780816976194,0.11203732945261974,0.797427971485873,0.7022620162859315,-0.09516595519994142,0.6816958291073909,0.7828523874358682,0.10115655832847725,1.7330210264994703,2.1602841035763833,0.427263077076913,2.5082590547019423,2.1602841035763833,-0.347974951125559,14.0,15.0,1.0,3.0,15.0,12.0
2O4T_A,6,2,t060,low_or_equal,low_or_equal,90.0,90.0,0.0,5.252712705400255,0.9570619424184164,-4.295650762981839,0.023940086364746094,0.014260292053222656,-0.009679794311523438,7.876382988812125,3.5391625629040693,-4.337220425908056,16.071181774139404,3.5342975854873657,-12.536884188652039,17.481925773620606,6.223900890350341,-11.258024883270265,17.693434238433838,6.325892353057861,-11.367541885375978,17.99076244354248,6.474347486495971,-11.516414957046507,18.084510803222656,6.511650085449219,-11.572860717773438,45.0,45.0,0.0,33.0,37.0,4.0,33.0,34.0,1.0,33.0,34.0,1.0,499.0160303115845,176.03051328659058,-322.9855170249939,479.55158138275146,155.9642834663391,-323.58729791641235,0.3202222647962227,0.3249390147694292,0.0047167499732065354,0.772426436762044,0.789789235167284,0.01736279840524002,0.6776176333776336,0.6673108687580762,-0.010306764619557374,1.579496775449441,1.51697762259161,-0.06251915285783083,1.6291485718824377,1.569463974684726,-0.059684597197711575,23.0,20.0,-3.0,0.0,0.0,0.0
2O4T_A,7,2,t060,low_or_equal,low_or_equal,90.0,90.0,0.0,0.2106631278991699,0.22882808049519857,0.018164952596028655,0.0018749237060546875,0.005722999572753906,0.0038480758666992188,0.5677773378966793,0.5741926108959027,0.006415272999223398,0.4241344928741455,0.4713423252105713,0.04720783233642578,1.0159175872802741,1.342278289794922,0.32636070251464777,1.4259418010711666,1.357889175415039,-0.06805262565612757,2.1500864696502684,1.3883202743530274,-0.761766195297241,2.4443864822387695,1.3884153366088867,-1.0559711456298828,45.0,45.0,0.0,14.0,22.0,8.0,10.0,15.0,5.0,2.0,0.0,-2.0,26.06733226776123,28.890422821044922,2.8230905532836914,11.751635551452637,14.180180549621582,2.4285449981689453,0.5526843740441015,0.42515637851225285,-0.12752799553184868,0.7336117167142834,0.7567051588141974,0.02309344209991404,0.7694885258571924,0.7341647479391422,-0.03532377791805019,2.1404141941874153,1.9663455667919276,-0.17406862739548767,3.93415376988167,2.0195091927505033,-1.9146445771311669,13.0,17.0,4.0,6.0,4.0,-2.0
2VXP_A,0,1,t060,high,not_tier2,131.0,131.0,0.0,0.851570660831364,2.0950649203234954,1.2434942594921314,0.0,0.0,0.0,1.1760892039357627,4.074514898355432,2.898425694419669,1.9433889389038086,6.786217451095581,4.8428285121917725,2.345301628112793,9.063680648803711,6.718379020690918,2.3605189323425293,9.065512657165527,6.704993724822998,3.186613559722896,9.065520000457763,5.878906440734867,3.967050552368164,9.065521240234375,5.098470687866211,65.0,65.0,0.0,63.0,63.0,0.0,63.0,56.0,-7.0,28.0,56.0,28.0,127.01935005187988,366.593955039978,239.57460498809814,95.06359672546387,334.6709861755371,239.60738945007324,0.28730768314203164,0.34620141289049655,0.05889372974846491,0.8449028872927432,0.8233033356073624,-0.021599551685380858,0.582997424098026,0.6457876952113488,0.0627902711133228,1.2830219565501455,1.710742974496293,0.4277210179461475,2.649016657164184,1.7107450810216247,-0.9382715761425593,28.0,34.0,6.0,2.0,0.0,-2.0
2VXP_A,1,1,t060,high,not_tier2,131.0,131.0,0.0,0.9305995475244886,-0.0835200156874329,-1.0141195632119215,0.0,0.0,0.0,1.9950974667428245,2.1444468270994537,0.14934936035662916,0.6502676010131836,1.1617469787597656,0.511479377746582,5.651708602905273,4.272734642028809,-1.3789739608764648,5.669342041015625,4.304533004760742,-1.3648090362548828,5.788198089599609,4.421342897415161,-1.366855192184448,5.835567474365234,4.475602626800537,-1.3599648475646973,65.0,65.0,0.0,39.0,45.0,6.0,26.0,35.0,9.0,20.0,17.0,-3.0,130.05506134033203,104.05654430389404,-25.99851703643799,108.00541019439697,76.24666213989258,-31.758748054504395,0.613477305443785,0.5828628171472231,-0.03061448829656188,0.7085697057522461,0.7637999101206425,0.05523020436839643,0.8053196784549148,0.7560166653283666,-0.04930301312654817,2.375193479257712,2.046240067599806,-0.32895341165790626,2.458510427988536,2.126013377843726,-0.3324970501448101,19.0,17.0,-2.0,19.0,15.0,-4.0
2VXP_A,2,1,t060,high,not_tier2,131.0,131.0,0.0,1.6399617013130479,1.0439553151603873,-0.5960063861526605,0.0,0.0,0.0,2.772887897378317,1.5323740613310552,-1.2405138360472616,1.3361363410949707,2.5150556564331055,1.1789193153381348,6.752843856811523,3.4758825302124023,-3.276961326599121,7.414899110794067,3.931814193725586,-3.4830849170684814,8.153499603271483,4.526103687286373,-3.62739591598511,8.895668029785156,5.319467544555664,-3.576200485229492,65.0,65.0,0.0,53.0,53.0,0.0,42.0,46.0,4.0,32.0,43.0,11.0,223.33001232147217,144.99922275543213,-78.33078956604004,195.67574310302734,117.30248069763184,-78.37326240539551,0.4709055218055872,0.38856282516152285,-0.08234269664406435,0.7639059293349125,0.8048265487088505,0.04092061937393798,0.7445523598460486,0.6761741671186878,-0.06837819272736079,2.082643663647943,1.884565232105755,-0.19807843154218774,2.6166605347919627,2.790123075877093,0.17346254108513026,32.0,20.0,-12.0,9.0,5.0,-4.0
2VXP_A,3,1,t060,high,not_tier2,131.0,131.0,0.0,2.443242215018236,-0.2843997023487819,-2.7276419173670177,0.0,0.0,0.0,3.583796752751081,4.480940900584765,0.8971441478336843,5.999122619628906,2.743190288543701,-3.255932331085205,8.90848159790039,8.602547645568848,-0.30593395233154297,8.911211967468262,8.623169422149658,-0.2880425453186035,8.9112548828125,8.742341804504393,-0.16891307830810653,8.9112548828125,8.793075561523438,-0.1181793212890625,65.0,65.0,0.0,57.0,52.0,-5.0,52.0,52.0,0.0,41.0,44.0,3.0,328.8968472480774,229.83768844604492,-99.05915880203247,299.9082741737366,203.81593418121338,-96.0923399925232,0.37931090530321815,0.5270952909309358,0.14778438562771762,0.7920729789832377,0.7711421004758763,-0.020930878507361417,0.6935849081627501,0.7339376373229598,0.04035272916020971,1.8047814088466168,1.9878791803159013,0.18309777146928452,1.8047933836730923,2.025796694325427,0.2210033106523348,33.0,18.0,-15.0,0.0,4.0,4.0
2VXP_A,4,1,t060,high,not_tier2,131.0,131.0,0.0,2.7669682648345715,1.1862893868948667,-1.5806788779397047,0.0,0.0,0.0,3.839176269328798,5.532553457659559,1.6933771883307611,5.731132507324219,6.726858615875244,0.9957261085510254,9.76857852935791,9.451635360717773,-0.3169431686401367,9.786147594451904,9.665597915649414,-0.12054967880249023,9.916680812835693,9.665597915649414,-0.2510828971862793,9.96839714050293,9.665597915649414,-0.3027992248535156,65.0,65.0,0.0,54.0,50.0,-4.0,54.0,50.0,-4.0,53.0,49.0,-4.0,385.46322202682495,392.02270126342773,6.559479236602783,356.85145902633667,366.5630912780762,9.711632251739502,0.3566690877007328,0.34456105638186274,-0.01210803131887006,0.814591172575717,0.7968245990611965,-0.01776657351452049,0.6429077808608152,0.6651190706204773,0.022211289759662023,1.8283034789763621,1.5326211655515674,-0.2956823134247948,1.8757744814169164,1.5326211655515674,-0.34315331586534903,24.0,33.0,9.0,0.0,0.0,0.0
2VXP_A,5,1,t060,high,not_tier2,131.0,131.0,0.0,3.2263533104467026,-0.11362540994891683,-3.3399787203956195,0.0,0.0,0.0,4.36252225392305,0.5429657587046758,-3.8195564952183743,7.846379280090332,0.42943763732910156,-7.4169416427612305,9.726582527160645,0.6386165618896484,-9.087965965270996,9.846903324127197,0.6559286117553711,-9.190974712371826,9.981214809417724,0.6706071853637695,-9.310607624053954,10.12258529663086,0.7675333023071289,-9.35505199432373,65.0,65.0,0.0,55.0,22.0,-33.0,55.0,0.0,-55.0,53.0,0.0,-53.0,442.91729736328125,25.236340522766113,-417.68095684051514,415.00177001953125,2.4269752502441406,-412.5747947692871,0.31167139510459013,0.3685645282759901,0.05689313317139999,0.8124686601492476,0.819163422123396,0.006694761974148422,0.6367351422761958,0.6562146975926564,0.019479555316460617,1.51759684611967,1.417315934507862,-0.10028091161180797,1.5807900991181507,1.6228623962552973,0.04207229713714655,47.0,33.0,-14.0,0.0,0.0,0.0
2VXP_A,6,1,t060,high,not_tier2,131.0,131.0,0.0,1.149697212772515,1.6600551568824826,0.5103579441099677,0.0,0.0,0.0,2.6334345904099226,2.7612588351898726,0.12782424477995002,1.4174504280090332,1.926839828491211,0.5093894004821777,6.64061164855957,7.410080909729004,0.7694692611694336,6.845635652542114,7.427640438079834,0.5820047855377197,6.8456456661224365,7.497294187545776,0.6516485214233398,7.333456039428711,7.5466108322143555,0.21315479278564453,65.0,65.0,0.0,57.0,42.0,-15.0,56.0,42.0,-14.0,25.0,32.0,7.0,196.86512899398804,221.612238407135,24.747109413146973,167.34450769424438,199.27873945236206,31.934231758117676,0.4882609594196645,0.470252864593263,-0.018008094826401533,0.7780788585493937,0.7525428715876066,-0.02553598696178716,0.7296251957041682,0.7503560845493138,0.020730888845145623,2.162931428223917,2.0887521327933585,-0.07417929543055868,2.3481725535068736,2.131837696746417,-0.2163348567604566,25.0,31.0,6.0,14.0,16.0,2.0
2VXP_A,7,1,t060,high,not_tier2,131.0,131.0,0.0,1.7906096036197574,2.8998061027235655,1.1091964991038081,0.0,0.0,0.0,3.6584100717488055,5.45866929842964,1.8002592266808342,1.229050636291504,3.845093250274658,2.6160426139831543,9.359847068786621,15.434030532836914,6.074183464050293,9.37742280960083,15.434038162231445,6.056615352630615,9.50231008529663,15.434038162231445,5.9317280769348155,9.554019927978516,15.434038162231445,5.88001823425293,65.0,65.0,0.0,62.0,61.0,-1.0,50.0,56.0,6.0,32.0,51.0,19.0,277.7604546546936,434.31363105773926,156.55317640304565,246.31778573989868,403.0313968658447,156.71361112594604,0.47426617879726757,0.4975126525861209,0.023246473788853306,0.7683723724734186,0.7824289461048176,0.014056573631399005,0.7407841957500143,0.7280719767354238,-0.01271221901459052,2.0738006558008406,2.296206524750226,0.22240586894938552,2.1220722040729747,2.296206524750226,0.17413432067725143,25.0,24.0,-1.0,16.0,16.0,0.0
3CYQ_D,0,2,t060,high,high,132.0,132.0,0.0,3.4727428537426572,1.3869478124560732,-2.085795041286584,0.0006589889526367188,0.0012722015380859375,0.0006132125854492188,6.325135575408794,2.7621329266506236,-3.5630026487581703,6.948115825653076,3.1178135871887207,-3.8303022384643555,16.789296531677245,7.639167165756225,-9.15012936592102,17.328120040893552,7.64121789932251,-9.686902141571043,18.284451026916503,7.701905512809754,-10.58254551410675,18.53873062133789,7.732671737670898,-10.806058883666992,66.0,66.0,0.0,60.0,55.0,-5.0,58.0,55.0,-3.0,57.0,44.0,-13.0,517.2422275543213,226.87378120422363,-290.36844635009766,487.2202796936035,198.43561458587646,-288.78466510772705,0.4727433793422237,0.4727103120316383,-3.3067310585388476e-05,0.7825264635806933,0.7919211086844806,0.009394645103787291,0.7233192708881262,0.7092108859227586,-0.014108384965367593,2.1905265147230337,2.2642900443065916,0.07376352958355792,2.381923294445988,2.297399905698848,-0.08452338874714016,19.0,18.0,-1.0,19.0,15.0,-4.0
3CYQ_D,1,2,t060,high,high,132.0,132.0,0.0,1.1938826965563225,1.2254184014869458,0.0315357049306233,0.005161285400390625,0.05830955505371094,0.05314826965332031,2.8119105424555713,1.890243275529169,-0.9216672669264023,0.8949079513549805,3.1107730865478516,2.215865135192871,7.692882061004639,4.24008207321167,-3.452799987792969,8.23233880996704,4.248566627502441,-3.983772182464598,9.188455562591551,4.249910554885864,-4.938545007705687,9.606828689575195,4.250033378601074,-5.356795310974121,66.0,66.0,0.0,42.0,64.0,22.0,29.0,61.0,32.0,20.0,48.0,28.0,175.83933544158936,191.62539768218994,15.786062240600586,150.7645502090454,159.33429050445557,8.569740295410156,0.6673460446747884,0.31033725123578393,-0.3570087934390045,0.7041971787049298,0.836300519855149,0.13210334115021916,0.8143992430350129,0.6153783477221215,-0.19902089531289135,2.50308678286195,1.599343462903828,-0.9037433199581222,2.99189674280038,1.6001194218069072,-1.3917773209934727,18.0,32.0,14.0,17.0,0.0,-17.0
3CYQ_D,2,2,t060,high,high,132.0,132.0,0.0,3.8784129041613955,2.869857090892214,-1.0085558132691816,0.0034928321838378906,0.00040435791015625,-0.0030884742736816406,7.071925628030654,6.506342048561129,-0.565583579469525,10.469719886779785,9.384180307388306,-1.0855395793914795,18.46191692352295,14.189743900299073,-4.272173023223877,18.94000730514526,14.729370355606077,-4.210636949539184,19.739712677001954,15.685798301696776,-4.053914375305178,20.09627914428711,15.943294525146484,-4.152984619140625,66.0,66.0,0.0,55.0,45.0,-10.0,46.0,45.0,-1.0,42.0,44.0,2.0,576.965991973877,516.4288392066956,-60.5371527671814,547.172848701477,490.72215700149536,-56.45069169998169,0.4625040462472231,0.4030444784457463,-0.059459567801476765,0.7719657580945735,0.7774636508926956,0.005497892798122184,0.7316688628319377,0.7041561239687959,-0.02751273886314176,2.1297727370442,1.822762033750836,-0.307010703293364,2.2932744337473987,2.009337556599172,-0.2839368771482267,20.0,33.0,13.0,16.0,1.0,-15.0
3CYQ_D,3,2,t060,high,high,132.0,132.0,0.0,2.3290270458568227,3.2230947306661895,0.8940676848093667,0.008633613586425781,0.0021610260009765625,-0.006472587585449219,5.816228768200015,7.051202467605,1.2349736994049847,2.3289809226989746,3.3546290397644043,1.0256481170654297,15.454214954376221,18.24388484954834,2.7896698951721195,15.993841409683226,18.720531463623047,2.726690053939821,16.68259389877319,19.520234661102293,2.8376407623291016,17.039440155029297,19.877090454101562,2.8376502990722656,66.0,66.0,0.0,49.0,53.0,4.0,46.0,53.0,7.0,35.0,45.0,10.0,391.77495861053467,513.9883298873901,122.21337127685547,365.0934200286865,485.31742668151855,120.22400665283203,0.5735754609649285,0.5131959543690024,-0.06037950659592606,0.7338112473075455,0.7542119414873025,0.020400694179756984,0.7866929190802003,0.7612206881148058,-0.025472230965394527,2.3494286260778114,2.1978431060738903,-0.15158552000392111,2.5292012565944852,2.3618660504996165,-0.16733520609486874,19.0,25.0,6.0,18.0,17.0,-1.0
3CYQ_D,4,2,t060,high,high,132.0,132.0,0.0,1.3054525129722827,4.2152715740781845,2.909819061105902,7.62939453125e-06,0.0024538040161132812,0.0024461746215820312,6.5269770277388375,6.843803767692101,0.3168267399532638,7.632246971130371,4.8832688331604,-2.7489781379699707,11.588459968566895,16.525356483459472,4.936896514892577,12.064330625534057,17.001267528533933,4.936936902999877,12.864034910202026,17.800969676971434,4.936934766769408,13.220890998840332,18.157825469970703,4.936934471130371,66.0,66.0,0.0,60.0,62.0,2.0,50.0,55.0,5.0,50.0,51.0,1.0,446.4705877304077,588.2638721466064,141.79328441619873,416.24281883239746,557.095832824707,140.85301399230957,0.3820854731622288,0.4074821825010011,0.025396709338772305,0.7990367049105773,0.7828188521578506,-0.01621785275272669,0.6859848072748533,0.7147725199560981,0.028787712681244804,1.6483707644194066,1.8682587035612073,0.21988793914180071,1.8255677069536056,2.037252143568443,0.21168443661483738,23.0,31.0,8.0,0.0,1.0,1.0
3CYQ_D,5,2,t060,high,high,132.0,132.0,0.0,3.6587859067049893,1.6696643395857378,-1.9891215671192515,0.03999757766723633,0.13582992553710938,0.09583234786987305,6.758794925062431,5.209307386388344,-1.5494875386740867,7.059582233428955,6.091646194458008,-0.9679360389709473,17.251777267456056,10.68492488861084,-6.5668523788452156,17.727643108367918,11.294747972488402,-6.432895135879516,18.52734848022461,12.495258417129516,-6.032090063095094,18.884122848510742,13.314099311828613,-5.570023536682129,66.0,66.0,0.0,49.0,60.0,11.0,45.0,45.0,0.0,41.0,45.0,4.0,535.9329376220703,387.57135105133057,-148.36158657073975,507.6423807144165,355.5738000869751,-152.0685806274414,0.46624533164273646,0.4159933929992577,-0.050251938643478766,0.7615802138801293,0.7917479006573577,0.030167686777228364,0.7450182100491582,0.6990305761872073,-0.04598763386195093,2.0815629646483136,1.847670509529255,-0.23389245511905865,2.2526703518327444,2.2353134703990003,-0.017356881433744142,25.0,20.0,-5.0,15.0,3.0,-12.0
3CYQ_D,6,2,t060,high,high,132.0,132.0,0.0,2.0385087620128286,0.10741053928028453,-1.9310982227325442,0.0029959678649902344,0.0011897087097167969,-0.0018062591552734375,4.344571079273665,1.2006511077780992,-3.143919971495566,3.489708662033081,1.0437166690826416,-2.4459919929504395,10.86060676574707,1.511622428894043,-9.348984336853027,11.47045292854309,1.769998836517332,-9.700454092025758,12.670858764648436,2.5774553775787346,-10.093403387069701,13.489699363708496,3.3876657485961914,-10.102033615112305,66.0,66.0,0.0,62.0,52.0,-10.0,39.0,34.0,-5.0,35.0,5.0,-30.0,324.7238130569458,70.14231204986572,-254.58150100708008,292.8824634552002,42.19636821746826,-250.68609523773193,0.5040795221823547,0.3891107688021727,-0.11496875338018203,0.7630866795643092,0.8062345339926302,0.04314785442832103,0.7525087497166683,0.6811541976310806,-0.07135455208558761,2.1709724606708733,1.3847389024725092,-0.7862335581983642,2.6357470951102733,2.7320636178700415,0.09631652275976821,19.0,28.0,9.0,16.0,2.0,-14.0
3CYQ_D,7,2,t060,high,high,132.0,132.0,0.0,-0.19865715503692627,3.478206334692059,3.6768634897289854,4.9591064453125e-05,0.0007457733154296875,0.0006961822509765625,3.1572926052697596,7.427053614236524,4.269761008966764,2.8218929767608643,13.609999656677246,10.788106679916382,3.9952667713165284,15.101975059509277,11.106708288192749,3.9954132556915285,15.577843761444091,11.582430505752562,3.9954345178604127,16.37754590988159,12.382111392021176,3.9954395294189453,16.734394073486328,12.738954544067383,66.0,66.0,0.0,60.0,62.0,2.0,59.0,62.0,3.0,59.0,62.0,3.0,178.4550814628601,636.8021063804626,458.34702491760254,148.40518712997437,605.7638831138611,457.3586959838867,0.31344291579118416,0.3451293418048356,0.03168642601365146,0.8319411118446349,0.8119456960845256,-0.019995415760109325,0.6096499116245062,0.6631083757478764,0.053458464123370186,1.3283755847425212,1.629130211684332,0.3007546269418109,1.3283839063429241,1.7848514939200368,0.4564675875771127,32.0,36.0,4.0,0.0,0.0,0.0
3IEZ_B,0,2,t060,low_or_equal,low_or_equal,95.0,95.0,0.0,0.841091231295937,0.4307276976735968,-0.4103635336223402,0.0,0.0,0.0,2.342968168216691,1.106372223359803,-1.2365959448568882,1.5392155647277832,0.6827349662780762,-0.856480598449707,5.039487075805664,2.4040544509887702,-2.635432624816894,5.039527368545532,2.9601064682006832,-2.079420900344849,5.046436023712158,4.016352252960207,-1.0300837707519515,5.057413101196289,4.6638994216918945,-0.39351367950439453,47.0,47.0,0.0,39.0,35.0,-4.0,28.0,12.0,-16.0,22.0,12.0,-10.0,124.01385354995728,54.644633293151855,-69.36922025680542,102.12357091903687,34.50736618041992,-67.61620473861694,0.4065617905905092,0.5830343682306361,0.17647257764012697,0.7662669717312974,0.7501129131978997,-0.016154058533397686,0.7172491996966361,0.7514547448153797,0.03420554511874352,1.7919305068686275,2.2861914978721476,0.49426099100352006,1.7995642992920093,3.8261731762960474,2.026608877004038,20.0,12.0,-8.0,0.0,7.0,7.0
3IEZ_B,1,2,t060,low_or_equal,low_or_equal,95.0,95.0,0.0,1.0593742922732705,1.0593741617704693,-1.305028012321685e-07,0.0,0.0,0.0,3.9243106736851137,3.924310467590686,-2.060944277459953e-07,2.0971713066101074,2.0971717834472656,4.76837158203125e-07,8.186359405517578,8.186359405517578,0.0,8.515258502960204,8.51525821685791,-2.861022938560609e-07,8.947598628997802,8.947598628997802,0.0,9.092423439025879,9.092423439025879,0.0,47.0,47.0,0.0,43.0,43.0,0.0,40.0,40.0,0.0,35.0,35.0,0.0,200.01653337478638,200.01652669906616,-6.67572021484375e-06,177.52239561080933,177.52238702774048,-8.58306884765625e-06,0.42887990819679045,0.42887990343910865,-4.757681804079539e-09,0.7792010882205082,0.7792011122805801,2.4060071934783878e-08,0.708439417703695,0.7084393908580846,-2.684561040133815e-08,1.8999220068592342,1.8999220669879746,6.012874043115346e-08,2.0469962280558165,2.0469963688136192,1.4075780274680483e-07,19.0,19.0,0.0,2.0,2.0,0.0
3IEZ_B,2,2,t060,low_or_equal,low_or_equal,95.0,95.0,0.0,1.2216475336175217,2.5173653351633174,1.2957178015457957,0.0,0.0,0.0,2.668031938256744,6.430917655777003,3.7628857175202595,1.2653331756591797,7.894466876983643,6.629133701324463,7.060778427124024,14.304583740234376,7.243805313110352,7.30585970878601,14.515510177612304,7.209650468826294,7.652667875289917,14.823259468078614,7.170591592788697,7.763280868530273,14.916940689086914,7.153659820556641,47.0,47.0,0.0,34.0,31.0,-3.0,28.0,26.0,-2.0,21.0,26.0,5.0,136.75734996795654,333.21240520477295,196.4550552368164,117.16695880889893,314.73408031463623,197.5671215057373,0.5382516131832896,0.43710843191839294,-0.10114318126489669,0.7287515213399276,0.7282330173594317,-0.0005185039804959102,0.7727950396846388,0.7479512207493331,-0.02484381893530574,2.2804120475198775,1.8656971655780492,-0.41471488194182826,2.451857206472186,1.9281191297457907,-0.5237380767263953,14.0,20.0,6.0,14.0,0.0,-14.0
3IEZ_B,3,2,t060,low_or_equal,low_or_equal,95.0,95.0,0.0,1.0368909785622045,1.983596756583766,0.9467057780215615,0.0,0.0,0.0,2.1464665280288378,4.133972909817499,1.987506381788661,2.4976401329040527,0.17974042892456055,-2.317899703979492,5.140646743774415,10.040827941894532,4.9001811981201175,5.6671587944030755,10.644443035125732,4.977284240722657,6.7518585968017595,11.720021972656252,4.968163375854492,7.403040885925293,12.371561050415039,4.968520164489746,47.0,47.0,0.0,42.0,20.0,-22.0,26.0,19.0,-7.0,25.0,19.0,-6.0,121.80795431137085,197.14090299606323,75.33294868469238,99.55702352523804,184.2302327156067,84.67320919036865,0.48455159261333525,0.5512385193435712,0.06668692673023591,0.7721660780377216,0.6653711678874555,-0.1067949101502661,0.7244857661447928,0.803664494916448,0.07917872877165522,2.157158173853743,2.0950418562187223,-0.06211631763502057,2.965874298170076,2.5128283422374595,-0.45304595593261654,13.0,19.0,6.0,7.0,8.0,1.0
3IEZ_B,4,2,t060,low_or_equal,low_or_equal,95.0,95.0,0.0,0.9627298455489309,0.551367799859298,-0.41136204568963297,0.0,0.0,0.0,2.3760184150024544,1.4179058145294328,-0.9581126004730216,0.6031703948974609,0.1877593994140625,-0.41541099548339844,5.679547786712647,3.434624099731446,-2.2449236869812013,6.154549026489257,4.024978351593017,-2.1295706748962404,6.788792924880982,5.098724136352541,-1.6900687885284418,7.058115005493164,5.747529029846191,-1.3105859756469727,47.0,47.0,0.0,30.0,13.0,-17.0,18.0,13.0,-5.0,18.0,13.0,-5.0,114.84385204315186,57.32951736450195,-57.5143346786499,95.70984649658203,45.89794921875,-49.81189727783203,0.5448274631917437,0.7414080590000831,0.19658059580833942,0.7097758640169199,0.6361179891012291,-0.07365787491569087,0.7831551296653418,0.8465735283458395,0.0634183986804977,2.185092147501291,2.4498175521528016,0.2647254046515104,2.565377911828153,3.6646730528510942,1.0992951410229415,18.0,13.0,-5.0,9.0,10.0,1.0
3IEZ_B,5,2,t060,low_or_equal,low_or_equal,95.0,95.0,0.0,1.3558522174232885,-0.22167051214920847,-1.577522729572497,0.0,0.0,0.0,2.560100203974539,2.1804625366014396,-0.37963766737309923,2.702213764190674,1.8558845520019531,-0.8463292121887207,6.553401374816896,2.5080419540405274,-4.045359420776368,7.154310607910156,2.508850860595703,-4.645459747314453,8.18614347457886,3.2665105819702163,-4.919632892608643,8.837590217590332,3.9151039123535156,-4.922486305236816,47.0,47.0,0.0,33.0,41.0,8.0,27.0,41.0,14.0,27.0,20.0,-7.0,141.4074068069458,85.18728542327881,-56.22012138366699,121.17600345611572,64.23348712921143,-56.9425163269043,0.5204865186481143,0.3233698973873518,-0.19711662126076257,0.7447267269026997,0.8098048795758526,0.06507815267315287,0.7562196239816681,0.6341984420750677,-0.12202118190660038,2.264934154329115,1.25226704284533,-1.012667111483785,2.9224395156688376,1.8972004127851123,-1.0252391028837253,13.0,22.0,9.0,11.0,0.0,-11.0
3IEZ_B,6,2,t060,low_or_equal,low_or_equal,95.0,95.0,0.0,-0.1232623953568308,1.321854335383365,1.4451167307401958,0.0,0.0,0.0,0.789453838103748,2.4603532580140066,1.6708994199102585,0.30072784423828125,1.4986162185668945,1.1978883743286133,1.3077190399169922,6.630122756958008,5.322403717041016,1.3090227127075196,7.233311128616332,5.924288415908813,1.3106928634643555,8.318037109375002,7.007344245910646,1.3120536804199219,8.969461441040039,7.657407760620117,47.0,47.0,0.0,17.0,37.0,20.0,13.0,36.0,23.0,0.0,13.0,13.0,23.701873779296875,130.9488606452942,107.24698686599731,10.885992050170898,110.48968267440796,99.60369062423706,0.5524723641399165,0.5696688363522693,0.017196472212352765,0.7203502599582523,0.738541874953544,0.01819161499529165,0.7790401862299281,0.7565352283436113,-0.02250495788631679,1.8142734114823862,2.4026861890575364,0.5884127775751502,1.8181127337658558,3.108337016542824,1.2902242827769683,13.0,13.0,0.0,0.0,13.0,13.0
3IEZ_B,7,2,t060,low_or_equal,low_or_equal,95.0,95.0,0.0,1.3214137227911698,0.07091685847232217,-1.2504968643188477,0.0,0.0,0.0,3.5592674894694545,0.4774980350390162,-3.081769454430438,4.049491882324219,0.1014556884765625,-3.9480361938476562,7.35814151763916,0.6875858306884767,-6.670555686950683,7.358142995834351,0.9937775611877437,-6.364365434646607,7.358171176910401,1.8541907501220718,-5.5039804267883286,7.358458042144775,2.4492855072021484,-4.909172534942627,47.0,47.0,0.0,32.0,13.0,-19.0,28.0,5.0,-23.0,25.0,1.0,-24.0,183.38482666015625,17.17634677886963,-166.20847988128662,166.35547542572021,7.459011077880859,-158.89646434783936,0.4012423171381529,0.6970530581673511,0.2958107410291982,0.7343058979327581,0.6780759363555067,-0.056229961577251464,0.7328798207832496,0.8243935429103502,0.09151372212710052,1.696059453498118,1.932700524390671,0.23664107089255304,1.6961479678655704,4.980897248164572,3.2847492802990015,24.0,13.0,-11.0,0.0,5.0,5.0
3Q80_B,0,2,t060,low_or_equal,low_or_equal,218.0,218.0,0.0,2.8083578118490515,2.5307907445715108,-0.27756706727754077,0.007041454315185547,0.0016374588012695312,-0.005403995513916016,5.234878793698031,5.018490231915913,-0.21638856178211796,5.398443698883057,2.2170324325561523,-3.1814112663269043,10.786380863189697,9.695195627212616,-1.0911852359770808,16.422192192077638,15.751268100738523,-0.6709240913391152,16.422195434570312,17.03059242248535,0.6083969879150359,16.422195434570312,18.178110122680664,1.7559146881103516,109.0,109.0,0.0,89.0,87.0,-2.0,86.0,75.0,-11.0,82.0,65.0,-17.0,683.940354347229,578.7247152328491,-105.21563911437988,635.7072219848633,532.3127880096436,-103.39443397521973,0.5076138662232784,0.6098531093317081,0.10223924310842969,0.7950791886171066,0.760001637681669,-0.03507755093543763,0.7404040486582124,0.7894314755433505,0.04902742688513806,2.600601640790136,2.634353509764593,0.033751868974457366,2.6006022601918075,3.11793361250311,0.5173313523113023,26.0,22.0,-4.0,20.0,22.0,2.0
3Q80_B,1,2,t060,low_or_equal,low_or_equal,218.0,218.0,0.0,3.284963686531837,1.9773974921725213,-1.3075661943593158,0.0003681182861328125,0.03621482849121094,0.035846710205078125,6.202604005174855,3.901913050049348,-2.300690955125507,1.7432851791381836,5.815465807914734,4.07218062877655,15.75716781616211,8.417049407958984,-7.340118408203125,15.75717830657959,8.670640373229979,-7.086537933349611,16.31222961425781,9.10889995574951,-7.203329658508299,17.459747314453125,9.322004318237305,-8.13774299621582,109.0,109.0,0.0,81.0,103.0,22.0,78.0,103.0,25.0,50.0,100.0,50.0,755.5831832885742,586.2026562690735,-169.38052701950073,713.0013093948364,533.8043828010559,-179.19692659378052,0.46372557412294924,0.3269339883108057,-0.1367915858121435,0.7589328571550072,0.8445158339307689,0.08558297677576165,0.7692012650742623,0.6386244899728728,-0.13057677510138954,2.0108029804324343,1.7153746880579024,-0.29542829237453194,2.285295597799765,1.8823091985537441,-0.40298639924602075,44.0,53.0,9.0,25.0,0.0,-25.0
3Q80_B,2,2,t060,low_or_equal,low_or_equal,218.0,218.0,0.0,1.9209370022520014,2.650547891581824,0.7296108893298225,0.009154796600341797,0.007978439331054688,-0.0011763572692871094,4.024454141415639,4.816686141331281,0.792231999915642,3.7267801761627197,3.6654725074768066,-0.061307668685913086,9.345952033996582,9.331761074066165,-0.01419095993041708,9.655645751953124,15.160045909881593,5.504400157928469,10.978726863861079,15.16004753112793,4.181320667266851,12.126237869262695,15.16004753112793,3.0338096618652344,109.0,109.0,0.0,67.0,91.0,24.0,59.0,81.0,22.0,59.0,57.0,-2.0,492.6454167366028,602.5925192832947,109.9471025466919,452.76857709884644,554.7228646278381,101.9542875289917,0.44561705824208275,0.5344675252997281,0.08885046705764532,0.7661101247692923,0.7761598152740662,0.01004969050477389,0.7606966738100693,0.7673667526578238,0.0066700788477545014,1.9219274162185798,2.5971171156363275,0.6751896994177478,2.5358223769996506,2.597117452225902,0.06129507522625133,46.0,43.0,-3.0,8.0,20.0,12.0
3Q80_B,3,2,t060,low_or_equal,low_or_equal,218.0,218.0,0.0,3.1772866249084473,2.4332861834709796,-0.7440004414374677,0.0050640106201171875,0.00025653839111328125,-0.004807472229003906,5.280987646968283,5.3836451855703435,0.1026575386020605,5.703738212585449,2.6347079277038574,-3.069030284881592,12.295411300659211,7.958835220336953,-4.336576080322258,14.507075834274291,18.4250545501709,3.9179787158966075,15.195859413146968,18.4250545501709,3.2291951370239307,16.3433780670166,18.4250545501709,2.081676483154297,109.0,109.0,0.0,73.0,98.0,25.0,73.0,79.0,6.0,71.0,65.0,-6.0,719.1882600784302,569.2071080207825,-149.9811520576477,676.5089426040649,519.4826188087463,-157.0263237953186,0.44896689600658524,0.6842928706132728,0.23532597460668758,0.785277012722761,0.7513542199292749,-0.03392279279348609,0.7408748475497913,0.7954624665981302,0.054587619048338976,2.1453921059387566,2.9704350519908473,0.8250429460520907,2.4931115772759975,2.9704350519908473,0.4773234747148498,42.0,22.0,-20.0,22.0,20.0,-2.0
3Q80_B,4,2,t060,low_or_equal,low_or_equal,218.0,218.0,0.0,3.003745647745395,2.242178321978368,-0.761567325767027,0.0004897117614746094,0.011328697204589844,0.010838985443115234,5.328340052519257,3.773629460826102,-1.5547105916931554,3.137021541595459,2.58449125289917,-0.5525302886962891,13.008502483367929,9.837196540832522,-3.1713059425354064,14.029993724822996,10.335845136642456,-3.694148588180539,15.193369369506831,10.335954666137695,-4.857414703369136,16.34088706970215,11.137158393859863,-5.203728675842285,109.0,109.0,0.0,77.0,103.0,26.0,61.0,99.0,38.0,56.0,71.0,15.0,669.2333526611328,526.1395721435547,-143.09378051757812,621.8339920043945,473.91448974609375,-147.91950225830078,0.46940978447760984,0.43334589976480725,-0.036063884712802585,0.766164348986435,0.807755117410836,0.041590768424401015,0.7664502604203589,0.7201095065536143,-0.04634075386674463,2.069358931373825,2.144796382020048,0.07543745064622298,2.5030574795335947,2.3571418879940205,-0.14591559153957423,42.0,41.0,-1.0,19.0,22.0,3.0
3Q80_B,5,2,t060,low_or_equal,low_or_equal,218.0,218.0,0.0,2.3009189465724,1.8224758292556902,-0.47844311731670963,0.0006990432739257812,0.013688087463378906,0.012989044189453125,5.055259679498837,3.5335385072959005,-1.5217211722029367,3.088947296142578,1.9181256294250488,-1.1708216667175293,10.04238786697388,8.000428056716931,-2.04195981025695,16.153295516967773,9.351342439651487,-6.801953077316286,16.153295516967773,10.67544745445251,-5.477848062515264,16.153295516967773,11.822957992553711,-4.3303375244140625,109.0,109.0,0.0,76.0,77.0,1.0,76.0,77.0,1.0,66.0,53.0,-13.0,573.5299625396729,449.569664478302,-123.96029806137085,530.3112945556641,402.47757291793823,-127.83372163772583,0.5923048632451426,0.46979269243799715,-0.12251217080714549,0.7607283548402687,0.7857809552554179,0.02505260041514923,0.7882066446138765,0.7499414386229655,-0.03826520599091099,2.740190899900251,2.1306875798439755,-0.6095033200562754,2.740190899900251,2.8301607984883845,0.08996989858813365,32.0,43.0,11.0,19.0,18.0,-1.0
3Q80_B,6,2,t060,low_or_equal,low_or_equal,218.0,218.0,0.0,3.478962244243797,2.570570256731926,-0.9083919875118709,0.0022974014282226562,0.0003185272216796875,-0.0019788742065429688,5.867833228290449,5.148631130372823,-0.7192020979176261,7.910752654075623,2.3386101722717285,-5.572142481803894,13.27764348983765,9.502374649047857,-3.775268840789794,16.688785552978516,16.71883201599121,0.030046463012695312,16.688785552978516,16.71883201599121,0.030046463012695312,16.688785552978516,16.71883201599121,0.030046463012695312,109.0,109.0,0.0,80.0,92.0,12.0,72.0,75.0,3.0,71.0,66.0,-5.0,787.5537247657776,600.0160851478577,-187.53763961791992,743.774218082428,549.3505244255066,-194.4236936569214,0.45906312719467535,0.591038378478987,0.13197525128431165,0.7813609600175887,0.7662157297300712,-0.015145230287517464,0.7475936613659486,0.7839552661529283,0.036361604786979695,2.2512267807896285,2.7479657021447523,0.4967389213551239,2.2512267807896285,2.7479657021447523,0.4967389213551239,44.0,34.0,-10.0,20.0,20.0,0.0
3Q80_B,7,2,t060,low_or_equal,low_or_equal,218.0,218.0,0.0,2.8730186059934284,1.9065371587735798,-0.9664814472198486,0.015386581420898438,0.0009174346923828125,-0.014469146728515625,4.600481626436289,5.218042505631068,0.6175608791947793,6.37892210483551,4.111423969268799,-2.2674981355667114,11.512528991699218,11.341923904418955,-0.17060508728026313,13.451662063598633,12.328898954391478,-1.1227631092071544,13.45234248161316,13.28194759368896,-0.17039488792419988,13.452343940734863,14.429465293884277,0.9771213531494141,109.0,109.0,0.0,98.0,82.0,-16.0,85.0,66.0,-19.0,75.0,66.0,-9.0,675.4208221435547,611.6686444282532,-63.752177715301514,624.2494010925293,563.5307784080505,-60.71862268447876,0.42953835972712956,0.44985834594970864,0.02031998622257908,0.8136856580773573,0.7796077337437944,-0.034077924333562826,0.7010919322026428,0.7519933442747928,0.05090141207215004,2.299464342345354,1.9973700452555863,-0.30209429708976754,2.299612560986705,2.399928348915621,0.10031578792891604,31.0,42.0,11.0,19.0,11.0,-8.0
3TYX_A,0,2,t060,high,low_or_equal,335.0,335.0,0.0,0.7567544680922779,1.9836987893972824,1.2269443213050044,0.0,0.0,0.0,1.9558626212149974,3.260460876895264,1.3045982556802667,0.5291757583618164,3.3689422607421875,2.839766502380371,3.006908416748047,7.931832408905029,4.924923992156982,7.593453025817872,7.9337334632873535,0.3402804374694819,7.627270641326905,10.858613967895508,3.231343326568603,7.627315044403076,10.858614921569824,3.231299877166748,167.0,167.0,0.0,89.0,142.0,53.0,54.0,120.0,66.0,51.0,118.0,67.0,287.02359104156494,706.7278437614441,419.70425271987915,226.39134693145752,632.5572037696838,406.1658568382263,0.689823452478522,0.44297229165530383,-0.24685116082321812,0.7458871919924046,0.8198871835574097,0.07399999156500514,0.8270199429525251,0.7216325938813248,-0.10538734907120029,3.4954901656020105,1.82490601744497,-1.6705841481570405,3.512803252021224,2.7219820961702745,-0.7908211558509493,43.0,57.0,14.0,20.0,15.0,-5.0
3TYX_A,1,2,t060,high,low_or_equal,335.0,335.0,0.0,1.5356847193703722,1.315429247671099,-0.2202554716992733,0.0,0.0,0.0,3.71534976390087,2.9518161711200954,-0.7635335927807745,1.830625057220459,3.907127857208252,2.076502799987793,7.395267486572266,6.150980186462409,-1.2442873001098569,10.325878143310547,6.770060920715347,-3.5558172225952003,13.391068077087402,8.27353286743164,-5.117535209655761,13.456194877624512,8.273534774780273,-5.182660102844238,167.0,167.0,0.0,128.0,146.0,18.0,109.0,124.0,15.0,70.0,105.0,35.0,631.5057802200317,603.3749089241028,-28.130871295928955,563.1821966171265,528.8783078193665,-34.30388879776001,0.5966269769372476,0.4111871804606242,-0.18543979647662345,0.7803021105036254,0.8259209771668252,0.04561886666319981,0.7889491886191804,0.7067979580684962,-0.08215123055068418,2.3659127626011327,1.8478900300130934,-0.5180227325880393,3.208448979441009,2.3572286090122114,-0.8512203704287975,46.0,74.0,28.0,28.0,17.0,-11.0
3TYX_A,2,2,t060,high,low_or_equal,335.0,335.0,0.0,1.4769188525071784,2.206553755233537,0.7296349027263587,0.0,0.0,0.0,3.944651577663357,3.3796531080775267,-0.5649984695858303,0.654576301574707,5.210937023162842,4.556360721588135,4.097007751464844,8.63316650390625,4.5361587524414055,13.539034938812256,8.640025615692139,-4.899009323120117,15.970025062561035,9.685694370269776,-6.28433069229126,15.970025062561035,9.68569564819336,-6.284329414367676,167.0,167.0,0.0,107.0,132.0,25.0,55.0,132.0,77.0,54.0,117.0,63.0,524.3712959289551,796.0062551498413,271.63495922088623,463.7310447692871,725.8709154129028,262.1398706436157,0.7744781804649761,0.38625096865023395,-0.3882272118147421,0.7097536621816793,0.8302585408887647,0.12050487870708537,0.8588494158564803,0.684830888829056,-0.17401852702742437,3.057840686008106,1.903589408357416,-1.15425127765069,3.6741156790935015,2.2129909945740667,-1.4611246845194348,26.0,77.0,51.0,22.0,13.0,-9.0
3TYX_A,3,2,t060,high,low_or_equal,335.0,335.0,0.0,2.5851073891369265,3.083939986442452,0.49883259730552565,0.0,0.0,0.0,5.044532875821341,5.059409366718609,0.014876490897267836,2.762449264526367,5.391284465789795,2.6288352012634277,11.367471694946289,12.524958419799834,1.1574867248535448,13.015992832183901,13.158098220825195,0.14210538864129418,19.11374855041504,18.55535125732422,-0.5583972930908203,19.11374855041504,18.55535125732422,-0.5583972930908203,167.0,167.0,0.0,150.0,138.0,-12.0,148.0,132.0,-16.0,106.0,131.0,25.0,934.4187684059143,1060.0452542304993,125.62648582458496,856.6176514625549,986.1450238227844,129.5273723602295,0.5507210802889726,0.5028743747079005,-0.04784670558107207,0.7981061711770371,0.8142108628982111,0.016104691721174014,0.7644000946788365,0.7314565709264145,-0.032943523752422044,2.067760424962765,1.991172784050989,-0.07658764091177583,3.2765454340679567,3.0579481021351094,-0.21859733193284736,57.0,42.0,-15.0,17.0,16.0,-1.0
3TYX_A,4,2,t060,high,low_or_equal,335.0,335.0,0.0,1.3902566582409304,0.8481074916782664,-0.542149166562664,0.0,0.0,0.0,2.565772976878597,2.4746645639175684,-0.09110841296102867,2.8567209243774414,1.2950630187988281,-1.5616579055786133,6.113537120819092,2.6263240814208983,-3.4872130393981933,7.9567530155181885,5.878938961029121,-2.0778140544890675,7.974022350311279,10.385511627197266,2.4114892768859866,7.974028587341309,10.38577651977539,2.411747932434082,167.0,167.0,0.0,158.0,124.0,-34.0,109.0,110.0,1.0,104.0,50.0,-54.0,531.0378470420837,373.4632215499878,-157.57462549209595,450.8325181007385,303.36738872528076,-147.46512937545776,0.4647745865000124,0.6207841174560753,0.1560095309560629,0.8197438520425866,0.7742569485496971,-0.04548690349288953,0.7269799145547622,0.7868039326676626,0.05982401811290039,2.5592663171882646,2.0329347026276134,-0.5263316145606511,2.5659994038560248,3.8541259963727454,1.2881265925167207,49.0,25.0,-24.0,21.0,17.0,-4.0
3TYX_A,5,2,t060,high,low_or_equal,335.0,335.0,0.0,1.6642730997569526,1.1591341047144648,-0.5051389950424878,0.0,0.0,0.0,3.990556536944081,2.391598500125761,-1.59895803681832,1.6226387023925781,1.103827953338623,-0.5188107490539551,3.5829517364501955,5.294851303100588,1.7118995666503922,13.36809139251709,8.643303108215331,-4.724788284301759,14.1118017578125,8.660924911499023,-5.450876846313477,14.11180305480957,8.660935401916504,-5.450867652893066,167.0,167.0,0.0,112.0,122.0,10.0,100.0,94.0,-6.0,81.0,62.0,-19.0,610.3955402374268,425.4305648803711,-184.96497535705566,544.680965423584,356.15974044799805,-188.52122497558594,0.7160612243010978,0.5733767472797576,-0.14268447702134013,0.7511580066193516,0.7843415562353674,0.03318354961601577,0.8172735122924448,0.7829781911386029,-0.03429532115384193,2.932878706117212,3.1293584617599133,0.19647975564270137,3.119246611297176,3.1367310595016518,0.01748444820447581,32.0,61.0,29.0,31.0,18.0,-13.0
3TYX_A,6,2,t060,high,low_or_equal,335.0,335.0,0.0,2.3361214481182953,1.2032256581890048,-1.1328957899292904,0.0,0.0,0.0,4.994097016399252,3.192757149337835,-1.801339867061417,3.592862129211426,1.1669435501098633,-2.4259185791015625,7.696734619140625,5.690171432495117,-2.006563186645508,16.257988357543944,7.106918478012085,-9.151069879531859,19.591384887695312,12.378615379333496,-7.212769508361816,19.591384887695312,12.378615379333496,-7.212769508361816,167.0,167.0,0.0,161.0,144.0,-17.0,145.0,104.0,-41.0,105.0,72.0,-33.0,919.791543006897,542.2844729423523,-377.5070700645447,838.8321990966797,461.84856367111206,-376.9836354255676,0.5305846357153069,0.5453553510052087,0.014770715289901815,0.8095369314226238,0.7956247073524249,-0.013912224070198986,0.7447585724782391,0.7674263555497809,0.022667783071541825,2.7876644894382387,1.8490892177776448,-0.938575271660594,3.4551318051922983,3.5002316801521287,0.045099874959830366,40.0,45.0,5.0,20.0,14.0,-6.0
3TYX_A,7,2,t060,high,low_or_equal,335.0,335.0,0.0,1.5117860395516922,1.428308431426091,-0.08347760812560123,0.0,0.0,0.0,3.4136380978998626,2.958723371646522,-0.4549147262533406,2.1091761589050293,3.7412657737731934,1.632089614868164,3.9999366760253907,5.055850791931152,1.0559141159057615,12.984733581542969,6.823137092590332,-6.161596488952637,12.985539436340332,9.416414890289307,-3.5691245460510252,12.985539436340332,9.41641616821289,-3.5691232681274414,167.0,167.0,0.0,105.0,145.0,40.0,94.0,126.0,32.0,87.0,125.0,38.0,551.0234270095825,625.4251570701599,74.40173006057739,482.67668437957764,551.6007676124573,68.92408323287964,0.6240623562534467,0.41084123470241996,-0.2132211215510268,0.7669779567740738,0.8321000282037435,0.06512207142966975,0.8012016477698249,0.6924449916641633,-0.10875665610566165,3.36091501587402,1.8233636550354597,-1.5375513608385605,3.361151085068894,2.6998494733698064,-0.6613016116990877,24.0,58.0,34.0,24.0,16.0,-8.0
4AC2_A,0,2,t060,low_or_equal,low_or_equal,115.0,115.0,0.0,1.6611522508704144,1.957897020422894,0.29674476955247964,0.0,0.0,0.0,2.702825257830478,4.182651433692904,1.4798261758624256,2.735934257507324,3.441218376159668,0.7052841186523438,7.319089889526368,11.597629165649414,4.278539276123046,7.933957242965698,11.836469936370849,3.902512693405151,9.083559379577636,12.228868560791016,3.1453091812133795,9.833423614501953,12.360512733459473,2.5270891189575195,57.0,57.0,0.0,52.0,57.0,5.0,51.0,50.0,-1.0,46.0,49.0,3.0,208.78054523468018,294.3264226913452,85.54587745666504,182.06767463684082,265.8264226913452,83.7587480545044,0.46946973676761955,0.48528925797750744,0.015819521209887888,0.7989054290271523,0.7984645751755072,-0.0004408538516451621,0.6864357213234558,0.6931812041124787,0.006745482789022983,2.320832607998632,2.361796834508408,0.04096422650977605,3.0236032980509115,2.4870864517275844,-0.5365168463233272,13.0,14.0,1.0,13.0,13.0,0.0
4AC2_A,1,2,t060,low_or_equal,low_or_equal,115.0,115.0,0.0,1.4911690960759703,2.9815827659938647,1.4904136699178945,0.0,0.0,0.0,3.332426543272078,4.294649341891906,0.9622227986198277,0.5106897354125977,8.788930892944336,8.278241157531738,8.882814407348633,9.286660766601562,0.40384635925292933,9.161011123657227,9.286667156219483,0.12565603256225621,9.600681610107422,9.373146438598633,-0.227535171508789,9.74881649017334,9.481842041015625,-0.26697444915771484,57.0,57.0,0.0,30.0,46.0,16.0,25.0,41.0,16.0,20.0,38.0,18.0,187.029043674469,355.0526113510132,168.0235676765442,165.66770315170288,329.87548065185547,164.2077775001526,0.5924398429421976,0.31470189924730174,-0.2777379436948959,0.6914328128996061,0.7874239142646631,0.09599110136505695,0.808695323106494,0.6629783914236487,-0.14571693168284527,2.3015787228877103,1.4681255414087107,-0.8334531814789996,2.4779683173418925,1.5135715998080126,-0.9643967175338799,19.0,38.0,19.0,16.0,0.0,-16.0
4AC2_A,2,2,t060,low_or_equal,low_or_equal,115.0,115.0,0.0,0.0586542212444803,0.11412638788637908,0.05547216664189878,0.0,0.0,0.0,0.23766915860923546,0.3326540971364228,0.09498493852718734,0.22411346435546875,0.23383092880249023,0.009717464447021484,0.3869022369384766,0.6541614532470705,0.26725921630859395,0.4841740608215332,0.7434263229370116,0.2592522621154784,0.5679737281799316,0.9943099784851074,0.42633625030517575,0.9946212768554688,1.5713796615600586,0.5767583847045898,57.0,57.0,0.0,5.0,18.0,13.0,0.0,2.0,2.0,0.0,0.0,0.0,14.269510269165039,19.988158226013184,5.7186479568481445,0.6573734283447266,4.638334274291992,3.9809608459472656,0.4376792210692934,0.5036386337716838,0.06595941270239042,0.7840681839772075,0.7640854014623512,-0.0199827825148563,0.7148811849439132,0.7488250045815414,0.03394381963762827,1.790387284858751,1.8917546498534605,0.10136736499470955,3.9381090129151417,4.380686383297585,0.44257737038244294,25.0,20.0,-5.0,3.0,5.0,2.0
4AC2_A,3,2,t060,low_or_equal,low_or_equal,115.0,115.0,0.0,2.062450641134511,0.8402580012445865,-1.2221926398899243,0.0,0.0,0.0,4.201561162616658,2.3478763532801095,-1.8536848093365483,1.041576862335205,2.4616098403930664,1.4200329780578613,11.997480201721192,5.384955215454101,-6.612524986267091,12.612531375885009,5.662895631790161,-6.949635744094848,13.76228281021118,6.059000320434571,-7.70328248977661,14.51219367980957,6.11877965927124,-8.39341402053833,57.0,57.0,0.0,50.0,48.0,-2.0,29.0,43.0,14.0,24.0,38.0,14.0,249.30409336090088,156.81494808197021,-92.48914527893066,223.10309600830078,130.06361293792725,-93.03948307037354,0.6183578626032948,0.4377391282962005,-0.18061873430709435,0.7190443510545651,0.7955084977505537,0.07646414669598856,0.7952663863623834,0.698970875381,-0.09629551098138345,2.510990635723626,2.0540424217008235,-0.4569482140228023,2.963123124196431,2.248211091121675,-0.7149120330747558,14.0,16.0,2.0,13.0,8.0,-5.0
4AC2_A,4,2,t060,low_or_equal,low_or_equal,115.0,115.0,0.0,0.9125479242076044,2.6242725952811865,1.711724671073582,0.0,0.0,0.0,1.5401686936608583,3.985474169423456,2.4453054757625976,2.9000329971313477,5.157376766204834,2.2573437690734863,3.0924942016601564,11.023705291748048,7.931211090087891,3.3371263504028317,11.02610445022583,7.688978099822998,4.462907562255859,11.081789207458495,6.618881645202636,5.190863609313965,11.108936309814453,5.918072700500488,57.0,57.0,0.0,46.0,54.0,8.0,35.0,53.0,18.0,34.0,42.0,8.0,118.16531085968018,326.6635961532593,208.4982852935791,94.57834720611572,299.2138786315918,204.63553142547607,0.36864356635436824,0.4056634837788853,0.037019917424517046,0.7842851633893307,0.8055355333105219,0.021250369921191115,0.6923561093703032,0.6762911249923815,-0.0160649843779217,1.574229132285631,2.108113488578967,0.533884356293336,2.777822781826025,2.128896927654826,-0.6489258541711989,34.0,17.0,-17.0,3.0,14.0,11.0
4AC2_A,5,2,t060,low_or_equal,low_or_equal,115.0,115.0,0.0,2.5477559214052947,0.05080343329388162,-2.496952488111413,0.0,0.0,0.0,4.767463749921793,0.314128302380851,-4.453335447540942,7.606346368789673,0.2930917739868164,-7.3132545948028564,9.631670570373535,0.383095932006836,-9.2485746383667,9.80385684967041,0.5645088195800779,-9.239348030090332,10.106337776184082,0.8676803016662596,-9.238657474517822,10.213823318481445,1.3962697982788086,-8.817553520202637,57.0,57.0,0.0,47.0,7.0,-40.0,46.0,1.0,-45.0,43.0,0.0,-43.0,371.3619050979614,17.23900032043457,-354.12290477752686,347.82497692108154,1.8834953308105469,-345.941481590271,0.31850722866708514,0.4354668589468192,0.11695963027973405,0.7977456020392207,0.7957394754697636,-0.0020061265694570896,0.6543040112704208,0.6926684587476799,0.03836444747725909,1.5220044260187917,1.6353362062339003,0.11333178021510859,1.6079969978171111,4.283174597090827,2.675177599273716,33.0,15.0,-18.0,0.0,2.0,2.0
4AC2_A,6,2,t060,low_or_equal,low_or_equal,115.0,115.0,0.0,0.07552705018416694,-0.19960955744204315,-0.27513660762621006,0.0,0.0,0.0,0.46550531972934667,1.719368485703422,1.2538631659740753,0.43104982376098633,0.5303792953491211,0.09932947158813477,0.865044975280762,2.5656064987182616,1.7005615234374996,0.8933511734008789,2.8551558494567866,1.9618046760559076,0.925432071685791,3.9992049026489256,3.0737728309631347,0.9265365600585938,4.747922897338867,3.8213863372802734,57.0,57.0,0.0,24.0,32.0,8.0,0.0,26.0,26.0,0.0,13.0,13.0,28.2755126953125,68.66349220275879,40.38797950744629,6.26548957824707,44.845272064208984,38.579782485961914,0.38234368186959544,0.5525551018911542,0.17021142002155876,0.8182609420663444,0.7629281871260074,-0.05533275494033696,0.6549223445953392,0.7516204128436836,0.09669806824834448,1.7568523678573853,1.7766787237868182,0.019826355929432937,1.8281413204240486,2.8775288694190495,1.0493875489950009,22.0,13.0,-9.0,0.0,4.0,4.0
4AC2_A,7,2,t060,low_or_equal,low_or_equal,115.0,115.0,0.0,2.049288073829983,1.3662125214286474,-0.6830755524013354,0.0,0.0,0.0,3.455252700231266,3.0303291059714805,-0.42492359425978554,5.569056987762451,1.1100215911865234,-4.459035396575928,8.11267776489258,8.665822982788086,0.5531452178955067,8.537213802337646,9.28078498840332,0.7435711860656742,9.1730784034729,10.350878963470459,1.177800559997559,9.412459373474121,11.087804794311523,1.6753454208374023,57.0,57.0,0.0,48.0,45.0,-3.0,45.0,32.0,-13.0,43.0,14.0,-29.0,265.5961356163025,164.74787044525146,-100.84826517105103,240.6517367362976,141.09418487548828,-99.55755186080933,0.39020232098226393,0.6919245282433446,0.3017222072610807,0.7871223374038532,0.6990097719647567,-0.08811256543909651,0.6997526628610473,0.8089371706580468,0.10918450779699951,1.8776993439795056,2.6117864397561443,0.7340870957766388,2.131008044404772,3.2080978444637522,1.0770898000589804,31.0,14.0,-17.0,3.0,14.0,11.0
4BT7_A,0,2,t060,low_or_equal,low_or_equal,236.0,236.0,0.0,1.9112013921899311,2.591596552881144,0.6803951606912129,0.006857872009277344,0.0013632774353027344,-0.005494594573974609,3.9682934970129256,5.249607882883052,1.2813143858701266,1.964205026626587,4.511000871658325,2.5467958450317383,9.222475528717041,9.97319221496582,0.7507166862487793,10.550386667251587,16.647242546081543,6.096855878829956,14.533817338943482,16.647245407104492,2.11342806816101,14.533917427062988,16.647245407104492,2.113327980041504,118.0,118.0,0.0,95.0,80.0,-15.0,81.0,73.0,-8.0,59.0,72.0,13.0,503.2727680206299,708.66020154953,205.38743352890015,454.2343559265137,664.8411593437195,210.6068034172058,0.5664451164956029,0.47897832805069535,-0.08746678844490757,0.7732594330187731,0.7774180258418794,0.004158592823106266,0.7788501037433069,0.7574580237368547,-0.021392080006452208,2.1770530031522806,2.6774658806480467,0.5004128774957661,3.180892755128778,2.677466425645504,-0.5034263294832737,33.0,57.0,24.0,12.0,15.0,3.0
4BT7_A,1,2,t060,low_or_equal,low_or_equal,236.0,236.0,0.0,3.126167832794836,2.9227767798860196,-0.20339105290881632,0.00033473968505859375,0.0017147064208984375,0.0013799667358398438,5.652884166761542,5.9307372319679486,0.27785306520640685,2.936821699142456,3.7196285724639893,0.7828068733215332,15.470860481262207,11.744256019592285,-3.726604461669922,15.85508918762207,19.918049812316895,4.062960624694824,16.192681598663334,19.92227554321289,3.7295939445495563,16.374462127685547,19.92227554321289,3.5478134155273438,118.0,118.0,0.0,96.0,95.0,-1.0,77.0,73.0,-4.0,68.0,67.0,-1.0,754.993980884552,755.5194311141968,0.5254502296447754,701.7041926383972,701.0000848770142,-0.7041077613830566,0.505561669270693,0.5581627074302054,0.05260103815951234,0.771704895464121,0.7692138943678248,-0.002491001096296186,0.7722070389407074,0.7828397421268867,0.01063270318617926,2.2517569756111695,2.86562570009386,0.6138687244826904,2.343634488884366,2.866338213687148,0.5227037248027817,39.0,42.0,3.0,32.0,18.0,-14.0
4BT7_A,2,2,t060,low_or_equal,low_or_equal,236.0,236.0,0.0,2.5708746344356213,1.138744713896412,-1.4321299205392093,0.010111331939697266,6.198883056640625e-05,-0.01004934310913086,5.18440587714963,2.8324023660504296,-2.3520035110992006,1.514716625213623,0.3897836208343506,-1.1249330043792725,9.279013633728027,3.7803921699523926,-5.498621463775635,17.364760398864746,8.778200626373291,-8.586559772491455,17.36485071182251,9.543415546417236,-7.821435165405273,17.364856719970703,9.926606178283691,-7.438250541687012,118.0,118.0,0.0,83.0,57.0,-26.0,71.0,57.0,-14.0,55.0,53.0,-2.0,642.0824108123779,319.92111682891846,-322.1612939834595,594.2426671981812,282.5108585357666,-311.73180866241455,0.5844735375872623,0.6420861994027602,0.057612661815497956,0.7558086074106667,0.7358759065050258,-0.01993270090564092,0.7954026492799897,0.814589379102449,0.01918672982245928,2.8535354127333017,2.6971647828163343,-0.15637062991696737,2.853553991738927,3.102617611720642,0.2490636199817149,44.0,22.0,-22.0,19.0,22.0,3.0
4BT7_A,3,2,t060,low_or_equal,low_or_equal,236.0,236.0,0.0,0.612614435664678,3.524570204443851,2.911955768779173,0.00030231475830078125,0.00173187255859375,0.0014295578002929688,1.7531898625977906,5.6891783336205375,3.935988471022747,1.554281234741211,4.113333702087402,2.5590524673461914,2.685628890991211,12.507858276367188,9.822229385375977,5.212418556213379,18.17560911178589,12.96319055557251,6.346614813804628,18.176071166992188,11.82945635318756,7.115232467651367,18.176071166992188,11.06083869934082,118.0,118.0,0.0,67.0,107.0,40.0,67.0,103.0,36.0,40.0,98.0,58.0,207.9399676322937,868.087239742279,660.1472721099854,164.64589166641235,812.3840842247009,647.7381925582886,0.5636928637221778,0.45656911370820247,-0.10712375001397528,0.7748353987195061,0.810056216842973,0.03522081812346689,0.7753544931120535,0.7243859182503867,-0.05096857486166684,2.6236771148864255,2.5752469070552513,-0.04843020783117424,3.7090210083415776,2.575328123564772,-1.1336928847768055,29.0,39.0,10.0,16.0,17.0,1.0
4BT7_A,4,2,t060,low_or_equal,low_or_equal,236.0,236.0,0.0,0.629712504855657,2.960611842446408,2.330899337590751,0.0007128715515136719,0.016947269439697266,0.016234397888183594,2.2232595828776,5.099232378597201,2.8759727957196013,2.23313570022583,5.925525903701782,3.692390203475952,3.6910910606384277,9.088291645050049,5.397200584411621,5.747906804084778,17.154731273651123,11.406824469566345,6.383848953247071,17.156441307067873,10.772592353820801,7.028902053833008,17.156553268432617,10.12765121459961,118.0,118.0,0.0,100.0,96.0,-4.0,84.0,91.0,7.0,71.0,75.0,4.0,284.71534729003906,737.2904343605042,452.5750870704651,234.2248125076294,686.5641655921936,452.3393530845642,0.4514842150789119,0.48976872521533876,0.038284510136426864,0.8137534633386858,0.7964968838438939,-0.017256579494791868,0.7105501485014776,0.7400964373268504,0.029546288825372802,2.3021127801030596,2.783579640492775,0.4814668603897152,2.8782916750975063,2.7839369481513043,-0.09435472694620195,35.0,39.0,4.0,17.0,18.0,1.0
4BT7_A,5,2,t060,low_or_equal,low_or_equal,236.0,236.0,0.0,0.9824036177942308,1.6160779847937115,0.6336743669994807,0.0018482208251953125,0.005656719207763672,0.0038084983825683594,2.429470762267512,3.202876274020878,0.7734055117533658,1.2018756866455078,2.6799957752227783,1.4781200885772705,3.036252498626709,6.158743858337402,3.1224913597106934,7.765112280845642,8.910869121551514,1.1457568407058716,7.765144014358521,11.565496778488159,3.800352764129638,7.765167236328125,11.565544128417969,3.8003768920898438,118.0,118.0,0.0,91.0,88.0,-3.0,64.0,81.0,17.0,42.0,60.0,18.0,283.680459022522,433.0912284851074,149.41076946258545,234.57644176483154,381.8907861709595,147.31434440612793,0.6377299325714554,0.503342869036518,-0.13438706353493735,0.7625294625056631,0.7904944063402612,0.027964943834598133,0.791078029537226,0.753790601695759,-0.03728742784146699,2.791846178350739,2.2775750646152657,-0.5142711137354734,2.7918687987021906,3.1064160124842215,0.3145472137820309,23.0,47.0,24.0,23.0,13.0,-10.0
4BT7_A,6,2,t060,low_or_equal,low_or_equal,236.0,236.0,0.0,2.4612290596557878,1.4183548769708407,-1.042874182684947,0.0028247833251953125,0.0030317306518554688,0.00020694732666015625,5.058384029427037,2.921597108091677,-2.13678692133536,2.3470423221588135,1.3514060974121094,-0.9956362247467041,9.291706085205078,6.545232057571411,-2.746474027633667,16.86979389190674,9.0927095413208,-7.7770843505859375,16.870895385742188,9.141565322875977,-7.729330062866211,16.870895385742188,9.167880058288574,-7.703015327453613,118.0,118.0,0.0,87.0,80.0,-7.0,73.0,68.0,-5.0,60.0,48.0,-12.0,634.0993409156799,363.38783025741577,-270.71151065826416,583.9781527519226,318.12001276016235,-265.85813999176025,0.5744359365683075,0.5849185881869557,0.010482651618648253,0.7631096616795787,0.7613294274756272,-0.0017802342039515695,0.7897094869744128,0.7914845048315384,0.001775017857125638,2.848452143694398,2.6267669293260902,-0.2216852143683079,2.8486698997661084,2.6524961843145967,-0.19617371545151174,47.0,33.0,-14.0,19.0,23.0,4.0
4BT7_A,7,2,t060,low_or_equal,low_or_equal,236.0,236.0,0.0,1.169799384424242,3.101480170831842,1.9316807864076,0.006588459014892578,0.00012969970703125,-0.006458759307861328,3.593151905889923,5.635870889265093,2.0427189833751704,1.925349235534668,3.252953052520752,1.327603816986084,3.563797950744629,14.766066074371338,11.202268123626709,13.489126682281494,15.41122055053711,1.9220938682556152,13.489130020141602,17.23223934173584,3.7431093215942397,13.489130020141602,17.232357025146484,3.743227005004883,118.0,118.0,0.0,88.0,75.0,-13.0,83.0,75.0,-8.0,54.0,71.0,17.0,377.40759563446045,753.0687804222107,375.66118478775024,328.5574607849121,708.2781291007996,379.72066831588745,0.6470601431700149,0.5101847030745239,-0.13687544009549102,0.7519399407091063,0.766034033002352,0.014094092293245652,0.7986425851915206,0.7772684310766309,-0.021374154114889743,3.4285573280838237,2.1841771434388617,-1.244380184644962,3.4285582570342816,2.50731025106171,-0.9212480059725716,17.0,42.0,25.0,16.0,26.0,10.0
4C9G_A,0,2,t060,high,high,265.0,265.0,0.0,3.0841076706940274,4.35268517080343,1.2685775001094028,0.0,0.0,0.0,5.9185076599502375,6.043492060982514,0.12498440103227626,6.398624897003174,10.33794116973877,3.9393162727355957,14.592232131958008,13.642553329467773,-0.9496788024902347,14.614045333862304,15.399702072143555,0.7856567382812507,14.678606033325195,15.637246627807617,0.9586405944824214,14.678606033325195,15.780627250671387,1.1020212173461914,132.0,132.0,0.0,129.0,128.0,-1.0,129.0,128.0,-1.0,119.0,127.0,8.0,1053.036684513092,1244.1452860832214,191.1086015701294,988.414014339447,1178.739025592804,190.32501125335693,0.3752698044120924,0.322931394317242,-0.05233841009485041,0.8413377860538847,0.8481469560045082,0.006809169950623528,0.6647299505649094,0.641048309096373,-0.023681641468536352,1.948115694973219,1.8279194859311472,-0.12019620904207184,1.959023968337426,1.890950126938708,-0.06807384139871808,47.0,66.0,19.0,0.0,0.0,0.0
4C9G_A,1,2,t060,high,high,265.0,265.0,0.0,4.940500934168978,4.224239540100098,-0.71626139406888,0.0,0.0,0.0,7.487241088872522,5.8614603152719145,-1.6257807736006074,11.154365539550781,11.568537712097168,0.4141721725463867,17.25948715209961,11.954121589660645,-5.305365562438965,19.648164749145508,16.631172561645506,-3.0169921875000014,20.017326278686525,16.825413436889647,-3.191912841796878,20.11237907409668,16.91642951965332,-3.1959495544433594,132.0,132.0,0.0,129.0,119.0,-10.0,129.0,113.0,-16.0,114.0,109.0,-5.0,1438.3385291099548,1144.2024126052856,-294.1361165046692,1373.610095500946,1083.1919450759888,-290.4181504249573,0.35659370149505143,0.34872406601122996,-0.007869635483821469,0.8376875386180204,0.828886827937877,-0.00880071068014332,0.6702984142772646,0.6725174723528617,0.002219058075597191,1.9643635940660364,2.1166965831397686,0.15233298907373216,2.026364312279997,2.165363117188388,0.138998804908391,64.0,80.0,16.0,5.0,15.0,10.0
4C9G_A,2,2,t060,high,high,265.0,265.0,0.0,3.960117041389897,2.886640482128791,-1.0734765592611062,0.0,0.0,0.0,6.162025300062613,5.107259243701209,-1.0547660563614034,6.24160099029541,4.263287544250488,-1.9783134460449219,16.153446197509766,9.48525390625,-6.668192291259766,16.719093322753906,17.16277351379393,0.44368019104002343,17.182335510253907,17.462715835571288,0.2803803253173811,17.182350158691406,17.558032989501953,0.3756828308105469,132.0,132.0,0.0,107.0,119.0,12.0,106.0,91.0,-15.0,104.0,76.0,-28.0,1082.0485906600952,790.4229483604431,-291.6256422996521,1025.0402736663818,728.5259413719177,-296.5143322944641,0.4172727700611515,0.5245682865753629,0.10729551651421143,0.8089695859413395,0.7896476176213558,-0.019321968319983673,0.7201952926926409,0.7626963068064736,0.04250101411383267,2.0705816123855194,2.7952630462751458,0.7246814338896264,2.145760926552372,2.8726547463725116,0.7268938198201398,65.0,46.0,-19.0,23.0,23.0,0.0
4C9G_A,3,2,t060,high,high,265.0,265.0,0.0,3.2088999946162384,2.9388796896304723,-0.2700203049857661,0.0,0.0,0.0,5.250310062992887,5.748487844573724,0.4981777815808366,5.42117977142334,9.979837417602539,4.558657646179199,13.401640510559082,13.412137794494626,0.010497283935544388,14.994696807861306,13.859975814819336,-1.1347209930419702,15.26633358001709,14.422447738647461,-0.8438858413696284,15.26633358001709,14.42252254486084,-0.84381103515625,132.0,132.0,0.0,110.0,123.0,13.0,106.0,117.0,11.0,104.0,100.0,-4.0,917.9945039749146,983.8272371292114,65.83273315429688,859.1953496932983,920.3457870483398,61.150437355041504,0.42382015950859425,0.3855686397929906,-0.038251519715603644,0.8151318859826835,0.826919173506305,0.01178728752362146,0.7147391787119055,0.6909737613607865,-0.023765417351119034,2.2447811027996107,1.8998206868433782,-0.3449604159562325,2.2965183847689996,1.9976806363207908,-0.29883774844820876,53.0,70.0,17.0,16.0,0.0,-16.0
4C9G_A,4,2,t060,high,high,265.0,265.0,0.0,3.125986385345459,3.180229939154859,0.05424355380940016,0.0,0.0,0.0,5.181512493612891,4.726804201110943,-0.4547082925019481,4.715030670166016,6.6295270919799805,1.9144964218139648,13.300779342651367,11.662551879882812,-1.6382274627685547,15.928684616088866,13.634274673461913,-2.2944099426269524,16.065603256225586,13.66199779510498,-2.4036054611206055,16.065603256225586,13.66199779510498,-2.4036054611206055,132.0,132.0,0.0,116.0,128.0,12.0,113.0,123.0,10.0,99.0,102.0,3.0,881.6091570854187,888.3609113693237,6.751754283905029,823.0950465202332,823.1848993301392,0.08985280990600586,0.457967961805299,0.39054606581079676,-0.06742189599450221,0.8112303459048552,0.8303368807161033,0.019106534811248133,0.7258358590187901,0.6892388732335273,-0.036596985785262826,2.470841910836835,2.2116517396362716,-0.2591901712005633,2.4972663651453972,2.2175168274341863,-0.2797495377112109,53.0,64.0,11.0,17.0,16.0,-1.0
4C9G_A,5,2,t060,high,high,265.0,265.0,0.0,2.7090211958255406,4.168582907262838,1.4595617114372974,0.0,0.0,0.0,4.57765046281305,6.293524664835216,1.7158742020221656,5.924130439758301,6.7473554611206055,0.8232250213623047,11.469110870361328,14.915702819824219,3.4465919494628903,11.816975593566891,17.946311950683594,6.129336357116703,13.377117156982422,18.146971435546874,4.769854278564452,13.378124237060547,18.24245834350586,4.8643341064453125,132.0,132.0,0.0,107.0,128.0,21.0,101.0,125.0,24.0,87.0,123.0,36.0,771.3938183784485,1182.45525598526,411.0614376068115,714.9520373344421,1117.483410358429,402.5313730239868,0.4328571130384656,0.3835834081980878,-0.0492737048403778,0.8039030693638942,0.8336184343756412,0.029715365011746986,0.7313119588512798,0.6843335477672179,-0.046978411084061866,1.9896570242159437,2.1891912365741875,0.19953421235824376,2.3306941252737428,2.2362469658504978,-0.094447159423245,55.0,52.0,-3.0,13.0,15.0,2.0
4C9G_A,6,2,t060,high,high,265.0,265.0,0.0,2.0245016313948723,3.512848494187841,1.4883468627929686,0.0,0.0,0.0,6.698668017779674,5.731257181865634,-0.9674108359140403,8.841053009033203,4.157777786254883,-4.68327522277832,13.06710433959961,15.10603141784668,2.0389270782470703,13.37086296081543,16.880736923217757,3.5098739624023274,14.075769424438477,18.718539199829102,4.642769775390626,14.075769424438477,18.718591690063477,4.642822265625,132.0,132.0,0.0,127.0,119.0,-8.0,126.0,116.0,-10.0,109.0,106.0,-3.0,1041.7914905548096,971.2335367202759,-70.55795383453369,977.1119842529297,910.5273952484131,-66.5845890045166,0.3542780616661835,0.4720903607184579,0.11781229905227442,0.8404077986384632,0.811206450421398,-0.029201348217065104,0.6643314362939614,0.7291694044879975,0.06483796819403609,1.6938235033151257,2.3324530735293947,0.638629570214269,1.799054343498887,2.653125259147047,0.8540709156481601,70.0,42.0,-28.0,0.0,30.0,30.0
4C9G_A,7,2,t060,high,high,265.0,265.0,0.0,2.786313434816756,5.046387400717106,2.2600739659003497,0.0,0.0,0.0,5.087798685127953,6.652153194494402,1.5643545093664493,2.7310924530029297,11.009498596191406,8.278406143188477,14.46259880065918,16.007572174072266,1.544973373413086,15.077224349975586,16.51420783996582,1.4369834899902347,15.205382232666016,16.768498611450195,1.5631163787841782,15.295049667358398,16.940519332885742,1.6454696655273438,132.0,132.0,0.0,114.0,129.0,15.0,108.0,126.0,18.0,79.0,121.0,42.0,781.1823196411133,1372.7955412864685,591.6132216453552,722.6088409423828,1308.0401320457458,585.431291103363,0.512849401728933,0.3239674311452054,-0.18888197058372763,0.789591763430328,0.8431327421640971,0.05354097873376906,0.7591793111959186,0.6530809600927618,-0.1060983511031568,2.4157620369465787,1.7239260888850183,-0.6918359480615603,2.4585753105966415,1.7880123299043555,-0.6705629806922859,43.0,63.0,20.0,31.0,0.0,-31.0
4HQ8_E,0,2,t060,low_or_equal,low_or_equal,214.0,214.0,0.0,2.9017679245672494,1.9537842964457575,-0.947983628121492,0.002360820770263672,0.007642269134521484,0.0052814483642578125,4.473563530231591,3.05621596714464,-1.4173475630869508,7.810073256492615,3.9991586208343506,-3.810914635658264,11.22853193283081,5.316140747070312,-5.912391185760498,11.506000518798828,10.47153000831604,-1.0344705104827874,11.686907348632813,10.471549034118652,-1.2153583145141607,11.691105842590332,10.471549034118652,-1.2195568084716797,107.0,107.0,0.0,85.0,86.0,1.0,84.0,86.0,2.0,83.0,74.0,-9.0,665.4025635719299,438.513258934021,-226.88930463790894,618.1923985481262,388.9057340621948,-229.2866644859314,0.37944356567156806,0.4413925665007169,0.06194900082914884,0.8144123178689385,0.8148853511220921,0.00047303325315362077,0.691931881758991,0.7009835880202548,0.009051706261263837,1.9233509340116937,2.787023496846736,0.8636725628350421,1.9647285343387244,2.787029722127546,0.8223011877888218,56.0,24.0,-32.0,0.0,15.0,15.0
4HQ8_E,1,2,t060,low_or_equal,low_or_equal,214.0,214.0,0.0,1.3786950980391457,0.3215394153773228,-1.057155682661823,0.0010232925415039062,8.535385131835938e-05,-0.0009379386901855469,3.9361841648748235,1.0249796080678724,-2.9112045568069513,0.32947397232055664,0.3535342216491699,0.02406024932861328,4.906536769867012,0.850719165802002,-4.05581760406501,14.614613246917724,3.521989488601684,-11.09262375831604,14.614616394042969,4.81877055168152,-9.795845842361448,14.614616394042969,5.931817054748535,-8.682799339294434,107.0,107.0,0.0,38.0,30.0,-8.0,31.0,12.0,-19.0,23.0,12.0,-11.0,306.6302857398987,81.8138952255249,-224.81639051437378,273.4433159828186,50.844759941101074,-222.59855604171753,0.893664426884965,0.7355463468954612,-0.15811807998950378,0.6484286809486968,0.6967124488794216,0.048283767930724864,0.878100732493458,0.8435741602825462,-0.03452657221091182,3.3626267457177024,3.122452435182918,-0.24017431053478422,3.3626275452547953,5.473550493308652,2.1109229480538567,22.0,12.0,-10.0,16.0,12.0,-4.0
4HQ8_E,2,2,t060,low_or_equal,low_or_equal,214.0,214.0,0.0,1.7850378317253612,1.992440139021829,0.2074023072964677,0.00026798248291015625,0.007786750793457031,0.007518768310546875,4.496429565005764,4.40293386084158,-0.09349570416418373,1.3587844371795654,2.370145320892334,1.0113608837127686,7.15194993019104,11.22799348831177,4.0760435581207295,15.896481704711913,15.100895595550536,-0.795586109161377,15.896526336669922,15.100896835327148,-0.7956295013427734,15.896526336669922,15.100896835327148,-0.7956295013427734,107.0,107.0,0.0,84.0,83.0,-1.0,58.0,74.0,16.0,50.0,67.0,17.0,441.6962180137634,466.5023593902588,24.80614137649536,394.7211060523987,421.95717906951904,27.23607301712036,0.6917743246063358,0.6518904454415005,-0.03988387916483527,0.7371063760466819,0.7511549474413172,0.014048571394635223,0.8143852478882136,0.7938725493715924,-0.020512698516621297,3.1383664903396444,2.977209258833415,-0.16115723150622951,3.138376416428191,2.977209540413073,-0.16116687601511792,24.0,26.0,2.0,17.0,25.0,8.0
4HQ8_E,3,2,t060,low_or_equal,low_or_equal,214.0,214.0,0.0,1.0185582392683654,1.4641305486732554,0.44557230940489,0.00030803680419921875,0.000316619873046875,8.58306884765625e-06,2.845039081711606,4.1040823683413645,1.2590432866297587,0.2511014938354492,0.7466554641723633,0.49555397033691406,8.734339141845712,2.756002140045167,-5.978337001800545,9.388986396789551,15.405850410461426,6.016864013671874,9.389240560531617,15.405850410461426,6.016609849929809,9.389244079589844,15.405850410461426,6.016606330871582,107.0,107.0,0.0,28.0,63.0,35.0,24.0,37.0,13.0,24.0,29.0,5.0,229.54496002197266,328.5054931640625,98.96053314208984,202.46811866760254,290.7780170440674,88.30989837646484,0.882816246177699,0.8354609204793029,-0.04735532569839618,0.6453992893335201,0.6677000959218397,0.022300806588319566,0.8723878930391205,0.8659456995177339,-0.00644219352138653,2.9421135939143044,3.3970370500684215,0.4549234561541171,2.942204166589369,3.3970370500684215,0.4548328834790527,23.0,17.0,-6.0,23.0,17.0,-6.0
4HQ8_E,4,2,t060,low_or_equal,low_or_equal,214.0,214.0,0.0,0.7914256603918343,1.0412271446156725,0.2498014842238382,0.0025119781494140625,0.0006880760192871094,-0.0018239021301269531,1.6825512605962574,2.813480864304491,1.1309296037082335,0.5619268417358398,0.17650127410888672,-0.3854255676269531,4.440607738494873,1.964133644104004,-2.476474094390869,4.445079374313354,9.236478328704834,4.79139895439148,4.445482435226441,10.553346586227418,6.107864151000977,4.445634841918945,11.689214706420898,7.243579864501953,107.0,107.0,0.0,71.0,43.0,-28.0,49.0,39.0,-10.0,46.0,20.0,-26.0,203.32679653167725,237.54635524749756,34.21955871582031,160.4167079925537,209.12703323364258,48.71032524108887,0.4809131528778743,0.8238728172461746,0.3429596643683003,0.7797647532324392,0.6719375058163686,-0.10782724741607064,0.7531591866778298,0.8648924277547285,0.11173324107689875,2.17149622688271,2.912851225705804,0.7413549988230943,2.1718263610180553,3.7846312363092873,1.612804875291232,46.0,20.0,-26.0,24.0,20.0,-4.0
4HQ8_E,5,2,t060,low_or_equal,low_or_equal,214.0,214.0,0.0,1.4498591935523202,0.6621065941926475,-0.7877525993596727,0.03988504409790039,0.0005006790161132812,-0.03938436508178711,5.3599986262258605,1.4714458942994113,-3.888552731926449,0.9502444267272949,0.6384491920471191,-0.3117952346801758,5.979816627502442,2.563648986816408,-3.4161676406860337,16.816562175750732,5.501738166809082,-11.31482400894165,16.81656837463379,5.501829071044922,-11.314739303588867,16.81656837463379,5.50191593170166,-11.314652442932129,107.0,107.0,0.0,72.0,67.0,-5.0,54.0,49.0,-5.0,53.0,24.0,-29.0,521.8273425102234,156.449481010437,-365.3778614997864,477.0389266014099,117.88695907592773,-359.1519675254822,0.6311595430116266,0.6361126323521623,0.004953089340535732,0.7452850774247439,0.753395501476586,0.008110424051842036,0.8019668208404807,0.7999052339578465,-0.0020615868826341366,2.8669229329669768,3.2890312796181287,0.42210834665115193,2.8669240894753063,3.289152089287901,0.42222799981259485,20.0,24.0,4.0,18.0,15.0,-3.0
4HQ8_E,6,2,t060,low_or_equal,low_or_equal,214.0,214.0,0.0,1.860184794274446,0.9652793585697067,-0.8949054357047393,0.0010495185852050781,0.01466512680053711,0.013615608215332031,4.674958941525063,2.6943774119240254,-1.980581529601038,3.187147617340088,0.4062323570251465,-2.7809152603149414,5.337298107147219,4.982153081894003,-0.3551450252532158,16.168270778656005,8.625666666030883,-7.542604112625122,16.168272018432617,9.811349716186525,-6.356922302246092,16.168272018432617,10.932365417480469,-5.235906600952148,107.0,107.0,0.0,86.0,47.0,-39.0,74.0,35.0,-39.0,60.0,22.0,-38.0,474.60475063323975,232.02342081069946,-242.58132982254028,429.56270694732666,194.09036493301392,-235.47234201431274,0.67084523077523,0.8335490423475607,0.16270381157233071,0.7486454815507035,0.692005424608383,-0.05664005694232055,0.7987414784194165,0.846250032602087,0.047508554182670526,3.0605800314716736,2.8431010717206755,-0.21747895975099807,3.0605802966668607,3.6992167521896553,0.6386364555227946,21.0,22.0,1.0,18.0,22.0,4.0
4HQ8_E,7,2,t060,low_or_equal,low_or_equal,214.0,214.0,0.0,0.803287662078287,1.522774506952161,0.719486844873874,0.0029888153076171875,0.003475189208984375,0.0004863739013671875,1.7523686688278657,2.6325139570636904,0.8801452882358247,0.6604876518249512,3.241473436355591,2.5809857845306396,4.4847768783569375,4.920311641693115,0.4355347633361779,5.377075099945069,7.6760510206222525,2.298975920677184,5.3774943542480464,8.99320450782776,3.6157101535797143,5.92484188079834,10.124473571777344,4.199631690979004,107.0,107.0,0.0,69.0,96.0,27.0,43.0,77.0,34.0,32.0,54.0,22.0,189.57194328308105,357.20774030685425,167.6357970237732,151.02518367767334,308.5752158164978,157.55003213882446,0.6187165155310184,0.45075856827203087,-0.1679579472589875,0.7483724670179858,0.8052863602553672,0.056913893237381386,0.8000680247503038,0.7225152430714663,-0.0775527816788375,2.6100600400063776,2.337414583181722,-0.2726454568246557,2.922646535415283,3.267484695283261,0.3448381598679777,30.0,49.0,19.0,23.0,16.0,-7.0
4ND3_B,0,2,t060,high,high,317.0,317.0,0.0,1.9288217336973557,1.0080442383462322,-0.9207774953511234,0.0,0.0,0.0,3.8699054943279645,2.3339568949020517,-1.5359485994259128,4.287628173828125,1.3979301452636719,-2.889698028564453,7.684893417358401,6.676597690582275,-1.008295726776126,13.763792037963867,6.678065013885498,-7.085727024078369,13.763845443725586,6.9153208160400395,-6.8485246276855465,13.76385498046875,6.915771007537842,-6.848083972930908,158.0,158.0,0.0,127.0,119.0,-8.0,106.0,108.0,2.0,106.0,55.0,-51.0,684.5987544059753,396.91444063186646,-287.6843137741089,614.8039927482605,331.004611492157,-283.7993812561035,0.549406646017537,0.5460840285314702,-0.00332261748606677,0.7965487065132588,0.793096988388873,-0.0034517181243858275,0.7601782796301182,0.7652306797552126,0.005052400125094447,3.0582065431863303,2.429359680088358,-0.6288468630979724,3.0582228077966613,2.5312064597660604,-0.5270163480306009,35.0,42.0,7.0,20.0,36.0,16.0
4ND3_B,1,2,t060,high,high,317.0,317.0,0.0,1.6222575410307394,1.1967430280210092,-0.4255145130097302,0.0,0.0,0.0,4.425252590531267,3.0662339189038903,-1.3590186716273767,3.3779420852661133,1.0400371551513672,-2.337904930114746,10.211318016052246,5.165612983703616,-5.04570503234863,13.621842575073241,11.375561714172363,-2.246280860900878,13.621855735778809,11.375871658325195,-2.2459840774536133,13.643144607543945,11.375872611999512,-2.2672719955444336,158.0,158.0,0.0,107.0,107.0,0.0,94.0,82.0,-12.0,89.0,62.0,-27.0,702.9272818565369,443.78596448898315,-259.1413173675537,639.0382332801819,381.0781960487366,-257.9600372314453,0.5716334764016537,0.6715068698263648,0.09987339342471102,0.7767834709252266,0.751583478526204,-0.025199992399022597,0.7870680515952755,0.8199266786013986,0.032858627006123076,2.711615843063528,3.319648453236749,0.608032610173221,2.7164295869199315,3.31974984727105,0.6033202603511185,44.0,39.0,-5.0,22.0,20.0,-2.0
4ND3_B,2,2,t060,high,high,317.0,317.0,0.0,1.9378883199360843,1.3115122070071825,-0.6263761129289018,0.0,0.0,0.0,3.7584207824011377,2.846853029598027,-0.9115677528031108,4.95561408996582,4.050810813903809,-0.9048032760620117,7.828419876098633,6.756440544128418,-1.0719793319702147,8.62623538970944,6.845006847381588,-1.7812285423278515,11.174546241760254,7.304094467163086,-3.870451774597168,11.174546241760254,7.310355186462402,-3.8641910552978516,158.0,158.0,0.0,123.0,140.0,17.0,115.0,92.0,-23.0,110.0,88.0,-22.0,729.6026229858398,537.427882194519,-192.1747407913208,663.5988864898682,464.5812749862671,-199.01761150360107,0.41654378219913685,0.41624975465765124,-0.0002940275414856086,0.8108716660671458,0.8155433246627498,0.0046716585956040335,0.7263765410415384,0.7224605149708716,-0.003916026070666767,1.7795631348920915,1.9437233263691625,0.16416019147707095,2.4575901573008965,2.107183938575941,-0.3504062187249555,74.0,65.0,-9.0,16.0,16.0,0.0
4ND3_B,3,2,t060,high,high,317.0,317.0,0.0,2.032820548168868,1.7372089605602181,-0.29561158760865003,0.0,0.0,0.0,4.987577572869133,3.213926098680426,-1.7736514741887075,2.4359302520751953,3.626235008239746,1.1903047561645508,10.894103050231934,7.992290401458741,-2.901812648773193,12.216002082824703,9.719987106323241,-2.4960149765014616,14.320745468139648,9.731375541687012,-4.589369926452637,14.320745468139648,9.73138427734375,-4.589361190795898,158.0,158.0,0.0,137.0,110.0,-27.0,136.0,109.0,-27.0,111.0,101.0,-10.0,888.636682510376,624.6648240089417,-263.9718585014343,817.0536670684814,562.7681670188904,-254.28550004959106,0.46036956404281026,0.46498337080848073,0.0046138067656704695,0.8079509177752124,0.8065473217381648,-0.0014035960370476497,0.7407419993204283,0.7345891564946441,-0.0061528428257842105,2.0417089029450226,2.4838088682376966,0.44209996529267404,2.4637060257094068,2.4873550515258525,0.02364902581644568,61.0,58.0,-3.0,19.0,20.0,1.0
4ND3_B,4,2,t060,high,high,317.0,317.0,0.0,1.1777609725855878,2.316313878970943,1.1385529063853554,0.0,0.0,0.0,2.304383216525557,4.0083182222488185,1.7039350057232614,2.1107969284057617,5.229229927062988,3.1184329986572266,6.573708343505859,7.931925582885742,1.3582172393798828,6.5976112365722654,9.366255569457927,2.7686443328856614,6.634468612670898,15.103006362915039,8.468537750244142,6.634476661682129,15.103006362915039,8.46852970123291,158.0,158.0,0.0,101.0,130.0,29.0,83.0,113.0,30.0,81.0,110.0,29.0,404.71075916290283,778.137638092041,373.4268789291382,340.7073287963867,709.4159288406372,368.7086000442505,0.5225928723720376,0.47364870395568504,-0.04894416841635252,0.7853625899720283,0.8088480531020749,0.023485463130046513,0.771317830599624,0.734785032148024,-0.03653279845159996,2.351974370026214,1.7588278423991244,-0.5931465276270895,2.3679723276773057,3.19003925710526,0.8220669294279541,44.0,39.0,-5.0,43.0,16.0,-27.0
4ND3_B,5,2,t060,high,high,317.0,317.0,0.0,1.779369885237059,2.363195981889117,0.5838260966520579,0.0,0.0,0.0,4.0781156530023175,5.893547623238547,1.8154319702362294,2.605952262878418,6.565616130828857,3.9596638679504395,9.399430656433106,11.945826530456543,2.546395874023437,11.01924934387207,13.32734489440918,2.308095550537109,13.361833572387695,14.169637680053711,0.8078041076660156,13.361833572387695,14.169637680053711,0.8078041076660156,158.0,158.0,0.0,150.0,141.0,-9.0,115.0,141.0,26.0,86.0,140.0,54.0,709.3886427879333,1168.1336164474487,458.7449736595154,632.3432106971741,1093.1592655181885,460.8160548210144,0.5230913579550303,0.3697146809143572,-0.15337667704067304,0.8034959421747387,0.8445426677185295,0.04104672554379074,0.7547030125047289,0.6641030299602748,-0.09059998254445412,2.26572276140148,1.860364862292431,-0.40535789910904896,2.840150861985388,2.0032826495897336,-0.8368682123956543,46.0,52.0,6.0,24.0,13.0,-11.0
4ND3_B,6,2,t060,high,high,317.0,317.0,0.0,1.880748658526207,2.2445762210087823,0.3638275624825753,0.0,0.0,0.0,4.673383116633257,3.9921034178084245,-0.6812796988248326,4.709012031555176,4.411487579345703,-0.29752445220947266,6.915300178527835,7.902490615844727,0.9871904373168912,14.165697860717751,8.882409667968718,-5.283288192749033,15.887248992919922,13.144728660583496,-2.742520332336426,15.887248992919922,13.144728660583496,-2.742520332336426,158.0,158.0,0.0,127.0,145.0,18.0,126.0,130.0,4.0,106.0,101.0,-5.0,818.7356872558594,813.2383761405945,-5.497311115264893,749.6740026473999,738.2979826927185,-11.376019954681396,0.5084064846644765,0.4130773017110416,-0.09532918295343484,0.8091311338919299,0.8244946162292913,0.0153634823373614,0.7383900857221803,0.7107267039677065,-0.027663381754473804,2.628705778147656,1.6627408541945932,-0.965964923953063,2.997079414384522,2.730428372909902,-0.26665104147462015,36.0,70.0,34.0,24.0,16.0,-8.0
4ND3_B,7,2,t060,high,high,317.0,317.0,0.0,1.9791389399146433,2.864378750136222,0.8852398102215786,0.0,0.0,0.0,4.37893071907932,5.508588994112349,1.1296582750330293,3.526505470275879,6.144590854644775,2.6180853843688965,7.495205688476566,14.015702056884777,6.520496368408211,14.784788131713867,14.743557167053222,-0.04123096466064524,14.8765230178833,14.749003753662109,-0.12751926422119197,14.8765230178833,14.749015808105469,-0.12750720977783203,158.0,158.0,0.0,123.0,147.0,24.0,114.0,144.0,30.0,108.0,105.0,-3.0,754.9115333557129,1098.6466889381409,343.735155582428,688.4268503189087,1024.9274678230286,336.5006175041199,0.5398379730448585,0.426118859164531,-0.11371911388032746,0.7929411616597567,0.8243316291100099,0.0313904674502532,0.766536966885881,0.7122689466143901,-0.05426802027149091,2.9243781218104403,2.156482981324913,-0.7678951404855274,2.945327274024642,2.157473914040728,-0.7878533599839139,43.0,60.0,17.0,23.0,33.0,10.0
4QYA_A,0,2,t060,low_or_equal,low_or_equal,116.0,116.0,0.0,1.7488536259223675,2.2248437240205963,0.4759900980982288,0.0007543563842773438,0.0018334388732910156,0.0010790824890136719,4.860418412282344,3.868867834137971,-0.9915505781443734,1.1949398517608643,2.407592296600342,1.2126524448394775,12.546867847442627,9.631805896759033,-2.9150619506835938,12.689278841018677,9.631816864013672,-3.057461977005005,12.934791231155396,9.631816864013672,-3.302974367141724,12.962186813354492,9.631816864013672,-3.3303699493408203,58.0,58.0,0.0,49.0,46.0,-3.0,37.0,39.0,2.0,21.0,34.0,13.0,274.3632164001465,272.3767261505127,-1.986490249633789,248.66941738128662,246.28593254089355,-2.3834848403930664,0.5567497764369735,0.4243453409998774,-0.13240443543709612,0.716991244068337,0.7573860569319667,0.04039481286362967,0.7861267455498526,0.7379682022726008,-0.048158543277251775,2.250922510590797,1.914506635413002,-0.3364158751777948,2.3070715803182456,1.914506635413002,-0.3925649449052435,20.0,24.0,4.0,15.0,0.0,-15.0
4QYA_A,1,2,t060,low_or_equal,low_or_equal,116.0,116.0,0.0,0.7912303168198158,0.38453819011819773,-0.4066921267016181,0.007396697998046875,0.0029821395874023438,-0.004414558410644531,1.3424250164788423,0.6285090792759408,-0.7139159372029015,2.389488935470581,0.9775583744049072,-1.4119305610656738,2.6155710220336914,1.5733280181884766,-1.0422430038452148,3.2027111053466797,1.5763978958129883,-1.6263132095336914,4.3249427318572975,1.592348861694336,-2.7325938701629617,5.06287956237793,1.5952539443969727,-3.467625617980957,58.0,58.0,0.0,43.0,46.0,3.0,35.0,25.0,-10.0,31.0,0.0,-31.0,102.72195529937744,52.8306770324707,-49.89127826690674,78.00099754333496,27.277363777160645,-50.723633766174316,0.4018896837993862,0.3590618116727663,-0.042827872126619926,0.788224155656815,0.8187497872114186,0.030525631554603527,0.7020768793670666,0.6498981943756152,-0.052178684991451396,1.7963616283404316,1.896328541614458,0.0999669132740264,3.1820393639285545,1.926329776609674,-1.2557095873188804,31.0,23.0,-8.0,5.0,0.0,-5.0
4QYA_A,2,2,t060,low_or_equal,low_or_equal,116.0,116.0,0.0,0.8892113258098734,3.194007598120591,2.3047962723107176,0.0002536773681640625,7.05718994140625e-05,-0.00018310546875,2.833708432017279,6.225375417238451,3.3916669852211716,0.1667766571044922,4.658533573150635,4.491756916046143,7.4732582569122314,17.045671463012695,9.572413206100464,8.087759494781494,17.660470962524414,9.57271146774292,9.240756559371945,18.757041549682615,9.51628499031067,9.994636535644531,19.499954223632812,9.505317687988281,58.0,58.0,0.0,18.0,45.0,27.0,16.0,45.0,29.0,16.0,45.0,29.0,129.66722297668457,419.40762758255005,289.7404046058655,116.56908226013184,396.1280379295349,279.5589556694031,0.770848394397132,0.511893711769766,-0.2589546826273661,0.6172908146768917,0.7575537362111548,0.14026292153426312,0.8625593144309525,0.7467135565921321,-0.11584575783882034,2.540327751308934,2.323789714648419,-0.21653803666051497,3.213254090277957,2.6192712138066474,-0.5939828764713098,15.0,16.0,1.0,15.0,15.0,0.0
4QYA_A,3,2,t060,low_or_equal,low_or_equal,116.0,116.0,0.0,1.7538245546406712,1.6458246461276351,-0.10799990851303609,0.05144691467285156,0.051876068115234375,0.0004291534423828125,4.135686402098944,2.472418563066394,-1.66326783903255,1.2959866523742676,4.65131402015686,3.3553273677825928,11.497867107391357,5.437559127807617,-6.06030797958374,12.112656354904175,5.437804222106934,-6.674852132797241,13.266057968139647,5.786614942550657,-7.479443025588989,14.02002239227295,6.536455154418945,-7.483567237854004,58.0,58.0,0.0,54.0,48.0,-6.0,44.0,39.0,-5.0,16.0,38.0,22.0,236.54392337799072,205.03546810150146,-31.508455276489258,208.59271335601807,178.27864933013916,-30.314064025878906,0.626746772152838,0.3256860147402963,-0.30106075741254174,0.7262736712594687,0.7975061029181709,0.07123243165870219,0.7822980351697211,0.6686454506745392,-0.1136525844951819,2.504743056680068,1.5337126296594097,-0.9710304270206584,2.965940026643929,1.9780754688339466,-0.9878645578099825,15.0,34.0,19.0,15.0,0.0,-15.0
4QYA_A,4,2,t060,low_or_equal,low_or_equal,116.0,116.0,0.0,1.9400032183219647,1.3130663592239906,-0.626936859097974,0.013491153717041016,0.00045013427734375,-0.013041019439697266,4.505890034703285,3.403388121708211,-1.1025019129950735,3.819242000579834,1.7362651824951172,-2.082976818084717,12.110222339630127,8.864388942718506,-3.245833396911621,12.110223770141602,9.479154348373413,-2.6310694217681885,12.110223770141602,10.62431478500366,-1.4859089851379412,12.110223770141602,11.37699031829834,-0.7332334518432617,58.0,58.0,0.0,41.0,48.0,7.0,37.0,36.0,-1.0,34.0,26.0,-8.0,286.4068808555603,198.6661500930786,-87.74073076248169,261.71325635910034,174.5794620513916,-87.13379430770874,0.5073994167106395,0.5870436597125595,0.07964424300191997,0.7479178302778149,0.7292533741003688,-0.018664456177446054,0.7617975430353177,0.7861845978705744,0.024387054835256716,2.2570947079247468,2.3993995680547715,0.14230486013002475,2.2570947079247468,2.9570309348153674,0.6999362268906206,18.0,16.0,-2.0,15.0,15.0,0.0
4QYA_A,5,2,t060,low_or_equal,low_or_equal,116.0,116.0,0.0,3.2553919266010154,0.20643454173515582,-3.0489573848658598,0.0031557083129882812,0.03719806671142578,0.0340423583984375,6.444837380347638,4.853991104485237,-1.5908462758624013,1.0412309169769287,3.6333730220794678,2.592142105102539,18.388863563537598,7.972880125045776,-10.415983438491821,18.88306427001953,7.972880482673645,-10.910183787345886,19.63107748031616,7.972880840301514,-11.658196640014648,19.95221710205078,7.972880840301514,-11.979336261749268,58.0,58.0,0.0,42.0,51.0,9.0,29.0,47.0,18.0,27.0,46.0,19.0,384.4766502380371,259.3665986061096,-125.11005163192749,360.77174377441406,231.80410146713257,-128.9676423072815,0.5933597396529776,0.3688777496284038,-0.2244819900245738,0.7044859085076476,0.807928607413933,0.10344269890628544,0.8031968610242273,0.6686166762582568,-0.13458018476597045,2.424835790437826,1.600012396759865,-0.8248233936779612,2.590728701140498,1.6000124704369405,-0.9907162307035575,16.0,26.0,10.0,15.0,0.0,-15.0
4QYA_A,6,2,t060,low_or_equal,low_or_equal,116.0,116.0,0.0,0.6616580486297607,2.3885340032906366,1.7268759546608758,0.0033130645751953125,0.03543853759765625,0.03212547302246094,1.73659874859302,3.8691544017078607,2.1325556531148404,0.42249131202697754,5.419241666793823,4.996750354766846,4.440698146820068,9.34874963760376,4.908051490783691,5.0516417026519775,9.774352788925171,4.722711086273193,6.201491689682005,10.413411474227905,4.2119197845459,6.954385757446289,10.658600807189941,3.7042150497436523,58.0,58.0,0.0,27.0,51.0,24.0,15.0,45.0,30.0,15.0,39.0,24.0,87.83691596984863,305.004469871521,217.16755390167236,68.44922542572021,278.56314849853516,210.11392307281494,0.723127474968916,0.38865776487586856,-0.3344697100930475,0.6717957470275168,0.7908411709963078,0.11904542396879103,0.8328229599872621,0.6961194956053092,-0.1367034643819529,2.5279205444429524,1.9088974020717298,-0.6190231423712227,3.6235933683096637,2.1374351977912442,-1.4861581705184195,15.0,20.0,5.0,14.0,3.0,-11.0
4QYA_A,7,2,t060,low_or_equal,low_or_equal,116.0,116.0,0.0,2.9458037779248993,0.8856597439996128,-2.0601440339252868,0.1892871856689453,0.0003814697265625,-0.1889057159423828,4.34032825766502,1.9144304062464135,-2.4258978514186067,7.210570812225342,0.5972659587860107,-6.613304853439331,9.36843490600586,5.461987495422363,-3.906447410583496,9.795176029205322,5.834658622741699,-3.960517406463623,10.434619569778441,6.392666769027709,-4.041952800750732,10.645977020263672,6.597684860229492,-4.04829216003418,58.0,58.0,0.0,57.0,34.0,-23.0,57.0,18.0,-39.0,57.0,15.0,-42.0,400.7415108680725,105.95268058776855,-294.78883028030396,371.8629364967346,84.53811931610107,-287.32481718063354,0.29635136074615326,0.6710979852121304,0.3747466244659771,0.8386849946415788,0.6969892398004102,-0.1416957548411686,0.5978921283750598,0.8139425710406973,0.21605044266563755,1.5780770127661268,2.585102525845007,1.0070255130788803,1.7740992812560352,2.9836681958208846,1.2095689145648494,20.0,15.0,-5.0,0.0,14.0,14.0
4ZIE_A,0,1,t060,low_or_equal,not_tier2,147.0,147.0,0.0,3.0367839190424704,1.198604473451368,-1.8381794455911025,0.0,0.0,0.0,5.030731877364488,5.674201297220201,0.6434694198557134,7.397008657455444,6.401915073394775,-0.995093584060669,13.975088119506836,13.140221405029298,-0.8348667144775384,13.977102279663086,13.1402587890625,-0.8368434906005859,13.978331146240235,13.190574417114258,-0.7877567291259773,13.978622436523438,13.216251373291016,-0.7623710632324219,73.0,73.0,0.0,61.0,46.0,-15.0,60.0,44.0,-16.0,45.0,44.0,-1.0,472.39759063720703,399.4852924346924,-72.91229820251465,439.1148519515991,373.84853744506836,-65.26631450653076,0.44381777632797725,0.4939463323952127,0.05012855606723543,0.7827689736399233,0.752745766840299,-0.030023206799624225,0.7275145405988088,0.754891681162164,0.027377140563355162,2.174697166797141,2.1045524629979844,-0.07014470379915672,2.1749993408937556,2.1179451116278,-0.05705422926595549,24.0,18.0,-6.0,17.0,17.0,0.0
4ZIE_A,1,1,t060,low_or_equal,not_tier2,147.0,147.0,0.0,0.9509619498739437,2.149154098666444,1.1981921487925005,0.0,0.0,0.0,2.6006997037629915,4.537408575664426,1.936708871901434,0.5148963928222656,2.0836753845214844,1.5687789916992188,7.392385387420655,13.994758987426758,6.6023736000061035,7.392592287063598,13.994878768920898,6.6022864818573,7.392657375335693,13.994878768920898,6.602221393585205,7.392733573913574,13.994879722595215,6.602146148681641,73.0,73.0,0.0,41.0,53.0,12.0,28.0,43.0,15.0,25.0,39.0,14.0,178.56488132476807,324.25359439849854,145.68871307373047,150.34238529205322,295.9148187637329,145.5724334716797,0.6209998305426455,0.6474039403774191,0.026404109834773593,0.7137854052841731,0.7133649513211977,-0.00042045396297540893,0.8090584060783836,0.8099763325569176,0.000917926478533948,2.4768835586319953,2.6106806280983528,0.1337970694663575,2.476937885107971,2.6106808382787454,0.13374295317077456,22.0,18.0,-4.0,17.0,18.0,1.0
4ZIE_A,2,1,t060,low_or_equal,not_tier2,147.0,147.0,0.0,1.1271305570797043,0.5035897339282392,-0.6235408231514651,0.0,0.0,0.0,2.5714651626207763,3.257668641346504,0.6862034787257278,0.8677000999450684,0.7914848327636719,-0.07621526718139648,7.777213478088379,5.089424896240274,-2.687788581848105,7.777235984802246,9.283883762359618,1.5066477775573723,7.778048667907715,9.283910751342773,1.5058620834350585,7.778057098388672,9.283910751342773,1.5058536529541016,73.0,73.0,0.0,54.0,47.0,-7.0,25.0,36.0,11.0,24.0,32.0,8.0,185.48013734817505,192.043306350708,6.563169002532959,156.78057146072388,164.97894477844238,8.198373317718506,0.6289686261820308,0.7250844186373039,0.09611579245527313,0.7234335637539777,0.7097112879686296,-0.013722275785348126,0.8011676382179844,0.8160869122199415,0.014919274001957028,2.5861153105978354,2.6952692232081,0.10915391261026475,2.5864346280042545,2.6952775079620537,0.10884287995779918,20.0,15.0,-5.0,17.0,15.0,-2.0
4ZIE_A,3,1,t060,low_or_equal,not_tier2,147.0,147.0,0.0,1.517326342005308,2.629547171041268,1.1122208290359599,0.0,0.0,0.0,3.225796674174829,5.6707617496898015,2.4449650755149723,2.384098529815674,7.037758827209473,4.653660297393799,6.571739959716835,12.840741348266603,6.269001388549768,10.53326768875122,12.881677627563477,2.3484099388122566,10.533272304534911,12.88167953491211,2.348407230377198,10.533273696899414,12.88167953491211,2.3484058380126953,73.0,73.0,0.0,54.0,53.0,-1.0,46.0,53.0,7.0,40.0,51.0,11.0,242.72177124023438,508.1016654968262,265.3798942565918,210.41112518310547,481.4107780456543,270.9996528625488,0.6509470248470266,0.38028747046932104,-0.27065955437770556,0.7431540670556073,0.779435700819103,0.03628163376349569,0.7828581893321453,0.7097092023135252,-0.07314898701862016,2.7949502890017777,1.8078929972825988,-0.9870572917191789,2.794952151533363,1.8078933336304683,-0.9870588179028947,15.0,34.0,19.0,15.0,0.0,-15.0
4ZIE_A,4,1,t060,low_or_equal,not_tier2,147.0,147.0,0.0,-2.8502139834319653,1.8786944824011147,4.72890846583308,0.0,0.0,0.0,5.102015476017008,4.458626448430628,-0.6433890275863794,0.7257002592086792,1.2154417037963867,0.4897414445877075,4.549374008178711,13.476528549194336,8.927154541015625,4.549375057220459,13.478504180908203,8.929129123687744,4.622443151473999,13.510558071136474,8.888114919662474,4.656647205352783,13.522314071655273,8.86566686630249,73.0,73.0,0.0,52.0,60.0,8.0,23.0,58.0,35.0,17.0,32.0,15.0,108.01554751396179,318.11285400390625,210.09730648994446,80.587730884552,287.1770648956299,206.58933401107788,0.6348195799641498,0.63599742616071,0.0011778461965601394,0.7322823102895195,0.7270058759634779,-0.005276434326041635,0.78800448967615,0.7965649338219567,0.0085604441458067,1.4503266553062406,2.6016554274444887,1.1513287721382481,1.4713521007672703,2.611481298988962,1.1401291982216917,17.0,18.0,1.0,0.0,18.0,18.0
4ZIE_A,5,1,t060,low_or_equal,not_tier2,147.0,147.0,0.0,2.484893558787651,4.1936803058702115,1.7087867470825606,0.0,0.0,0.0,4.101216339031396,6.679757208385881,2.5785408693544856,6.366400241851807,13.163651466369629,6.797251224517822,11.169654846191406,14.963551330566407,3.7938964843750007,11.169893264770508,14.963632583618164,3.7937393188476562,11.169893264770508,14.963653564453125,3.793760299682617,11.169893264770508,14.963653564453125,3.793760299682617,73.0,73.0,0.0,51.0,71.0,20.0,48.0,57.0,9.0,47.0,50.0,3.0,387.90961742401123,680.6958374977112,292.78622007369995,360.1819715499878,644.6381754875183,284.4562039375305,0.4319256406192642,0.3297428690792803,-0.1021827715399839,0.774833025933498,0.8008797557785301,0.02604672984503209,0.7195536546548869,0.6749083528486537,-0.04464530180623316,2.117664367843135,1.612326906766487,-0.5053374610766481,2.117664367843135,1.6123300477242055,-0.5053343201189295,18.0,42.0,24.0,17.0,0.0,-17.0
4ZIE_A,6,1,t060,low_or_equal,not_tier2,147.0,147.0,0.0,2.713759843994971,1.5952446379629122,-1.1185152060320587,0.0,0.0,0.0,4.415185528059086,2.817134109021387,-1.5980514190376995,5.133650779724121,3.6213178634643555,-1.5123329162597656,12.081428527832031,8.236792373657227,-3.844636154174804,12.081429481506348,8.236801147460938,-3.84462833404541,12.081430950164794,8.246167240142823,-3.8352637100219713,12.08143138885498,8.246296882629395,-3.835134506225586,73.0,73.0,0.0,68.0,51.0,-17.0,68.0,42.0,-26.0,63.0,42.0,-21.0,440.05365467071533,245.22868299484253,-194.8249716758728,405.50472354888916,217.4657769203186,-188.03894662857056,0.41181670488090233,0.5039386896627688,0.09212198478186645,0.8084217152522291,0.7593302629415429,-0.04909145231068612,0.6894839289880885,0.7557033194266809,0.06621939043859237,2.1216933191093785,2.3575578060801523,0.23586448697077378,2.12169375110677,2.3609285136151783,0.23923476250840814,22.0,20.0,-2.0,19.0,17.0,-2.0
4ZIE_A,7,1,t060,low_or_equal,not_tier2,147.0,147.0,0.0,1.4270444629954644,2.2969955749252216,0.8699511119297572,0.0,0.0,0.0,2.681173328017857,5.930240060715623,3.249066732697766,1.1909370422363281,8.335688591003418,7.14475154876709,7.726795482635498,11.752731323242188,4.02593584060669,7.726895189285278,11.752731323242188,4.0258361339569095,7.727037267684937,11.757124557495118,4.030087289810181,7.727046012878418,11.757142066955566,4.030096054077148,73.0,73.0,0.0,53.0,65.0,12.0,40.0,53.0,13.0,35.0,51.0,16.0,224.94670915603638,519.6825680732727,294.7358589172363,196.34408044815063,485.41291093826294,289.0688304901123,0.5152506974595332,0.33925938972465614,-0.1759913077348771,0.7514201731105269,0.7982507094359863,0.046830536325459415,0.7668070386944568,0.6840567598641707,-0.08275027883028607,2.349661866488572,1.5944945991235149,-0.7551672673650569,2.3497181193207046,1.5952383706518545,-0.7544797486688501,33.0,37.0,4.0,16.0,0.0,-16.0
5AL8_A,0,2,t060,high,high,116.0,116.0,0.0,4.789180710397917,-0.6078295974895872,-5.397010307887505,0.0489959716796875,0.023924827575683594,-0.025071144104003906,5.982760538159169,6.489784388073413,0.5070238499142441,9.269684314727783,5.9559255838394165,-3.3137587308883667,14.887042045593262,9.153463363647461,-5.733578681945801,15.002503871917725,9.153499603271484,-5.84900426864624,15.238820266723632,9.153499603271484,-6.085320663452148,15.322979927062988,9.153499603271484,-6.169480323791504,58.0,58.0,0.0,56.0,52.0,-4.0,55.0,48.0,-7.0,54.0,45.0,-9.0,583.9307780265808,304.20467877388,-279.7260992527008,555.7232422828674,276.89088225364685,-278.8323600292206,0.30926956408101247,0.3610792370933795,0.05180967301236705,0.8331570307704872,0.8051533831614774,-0.028003647609009752,0.6068582536456515,0.6694761963686053,0.06261794272295385,1.7071255144472717,1.5041068573402736,-0.20301865710699807,1.7606921001565286,1.5041068573402736,-0.25658524281625494,27.0,36.0,9.0,0.0,0.0,0.0
5AL8_A,1,2,t060,high,high,116.0,116.0,0.0,1.5529050333746548,1.8681223104740012,0.31521727709934644,0.0041484832763671875,0.00031280517578125,-0.0038356781005859375,3.172562768374262,4.926430207441146,1.7538674390668838,2.485722541809082,0.3948245048522949,-2.090898036956787,8.461723327636719,13.847447872161865,5.3857245445251465,9.075613021850586,14.462247848510742,5.386634826660156,10.228953981399535,15.615131807327268,5.386177825927733,10.982902526855469,16.36826515197754,5.38536262512207,58.0,58.0,0.0,51.0,25.0,-26.0,51.0,16.0,-35.0,39.0,16.0,-23.0,212.8986940383911,234.66112565994263,21.762431621551514,186.36468601226807,217.57069444656372,31.206008434295654,0.5251764016022167,0.7519182539949719,0.22674185239275524,0.7726185690209229,0.6227914802904742,-0.1498270887304487,0.7300647490893317,0.8565672617743865,0.12650251268505475,2.371177038155448,2.556440466570275,0.18526342841482712,2.972359629093514,2.9433367024263815,-0.029022926667132687,15.0,15.0,0.0,15.0,15.0,0.0
5AL8_A,2,2,t060,high,high,116.0,116.0,0.0,2.069881554307609,1.8619605467237275,-0.20792100758388132,0.02106952667236328,0.08452939987182617,0.06345987319946289,4.99792978540252,3.184677513215737,-1.8132522721867828,1.2311336994171143,4.886955738067627,3.6558220386505127,14.44353437423706,7.175329208374023,-7.268205165863037,15.058335065841675,7.789914011955261,-7.268421053886414,16.211725759506223,8.942844009399412,-7.268881750106811,16.965688705444336,9.695892333984375,-7.269796371459961,58.0,58.0,0.0,54.0,56.0,2.0,35.0,56.0,21.0,20.0,35.0,15.0,268.12523651123047,253.48606252670288,-14.639173984527588,239.64331340789795,225.13839292526245,-14.504920482635498,0.6847592660319793,0.38021233279564026,-0.3045469332363391,0.6976244867588558,0.8063581276880566,0.10873364092920079,0.8105380282642203,0.6769595941690922,-0.13357843409512804,2.59876670325972,1.8613983490107813,-0.7373683542489389,2.9803954418573446,2.4598822815658696,-0.520513160291475,15.0,29.0,14.0,14.0,4.0,-10.0
5AL8_A,3,2,t060,high,high,116.0,116.0,0.0,1.6803127239490379,2.9793350860990326,1.2990223621499948,0.08680248260498047,0.0005741119384765625,-0.0862283706665039,3.2774303587954527,6.1842351285049375,2.9068047697094848,3.387876510620117,3.8084797859191895,0.42060327529907227,7.827608108520508,17.454541206359863,9.626933097839355,8.427443265914917,18.0693416595459,9.641898393630981,8.944827699661255,19.183676147460936,10.23884844779968,9.601703643798828,19.9300537109375,10.328350067138672,58.0,58.0,0.0,35.0,39.0,4.0,35.0,37.0,2.0,35.0,32.0,-3.0,224.2605218887329,364.9485750198364,140.68805313110352,202.0217981338501,343.76785469055176,141.74605655670166,0.45457900197156165,0.6018399722395155,0.14726097026795382,0.7531780731499857,0.7073757103892524,-0.04580236276073335,0.7467618207386542,0.8026044163143324,0.05584259557567828,2.058664808501267,2.440076462146893,0.381411653645626,2.41695171297587,2.7409563628503832,0.3240046498745133,21.0,16.0,-5.0,8.0,15.0,7.0
5AL8_A,4,2,t060,high,high,116.0,116.0,0.0,-0.8133387688932747,3.0226307038603157,3.8359694727535905,0.004899501800537109,0.022420883178710938,0.017521381378173828,4.259072367101456,6.907525619193633,2.6484532520921773,2.1427464485168457,4.968725919723511,2.825979471206665,5.203345537185669,18.758148193359375,13.554802656173706,5.466739177703857,19.37294912338257,13.906209945678711,5.846139287948608,20.1704044342041,14.324265146255494,5.969733238220215,20.767616271972656,14.797883033752441,58.0,58.0,0.0,55.0,46.0,-9.0,54.0,40.0,-14.0,29.0,38.0,9.0,181.13199090957642,429.7627453804016,248.6307544708252,153.47731924057007,403.2981324195862,249.8208131790161,0.3655536975880068,0.5453781902257238,0.17982449263771694,0.8165890358209315,0.7443454321630012,-0.07224360365793026,0.6563368830327168,0.7646518989990578,0.10831501596634108,1.4745177835217407,2.3670297181512225,0.8925119346294819,1.5926172232968563,2.5689351797415187,0.9763179564446625,26.0,16.0,-10.0,0.0,15.0,15.0
5AL8_A,5,2,t060,high,high,116.0,116.0,0.0,1.4234872809771835,1.0910456098359207,-0.3324416711412628,0.0047893524169921875,0.0035085678100585938,-0.0012807846069335938,2.337867935973604,2.414888552117647,0.07702061614404299,4.018599987030029,0.3909125328063965,-3.627687454223633,5.059252738952637,6.294938325881958,1.2356855869293213,5.490181088447571,6.437255501747131,0.9470744132995605,5.952439785003661,6.698719882965087,0.7462800979614261,6.171546936035156,6.716646194458008,0.5450992584228516,58.0,58.0,0.0,46.0,25.0,-21.0,45.0,20.0,-25.0,41.0,20.0,-21.0,189.37841749191284,136.4031801223755,-52.97523736953735,164.56727933883667,117.65440559387207,-46.9128737449646,0.3498525829920443,0.5700211210864005,0.22016853809435616,0.7988176317729948,0.6872592011558775,-0.11155843061711734,0.6708552590671477,0.8061912894963219,0.1353360304291742,1.7394882511944862,2.213853673380931,0.4743654221864446,2.0309357864051654,2.329548740329621,0.29861295392445575,36.0,20.0,-16.0,1.0,20.0,19.0
5AL8_A,6,2,t060,high,high,116.0,116.0,0.0,-0.05261053299081737,3.2910040822522393,3.3436146152430566,0.0025835037231445312,0.0010776519775390625,-0.0015058517456054688,3.3252064722098877,5.6450913412485555,2.3198848690386678,2.7924665212631226,10.3183012008667,7.525834679603577,5.7710862159729,13.66776704788208,7.89668083190918,5.981778979301453,14.282565593719482,8.30078661441803,6.3763159751892085,15.434691762924192,9.058375787734985,6.5074543952941895,16.188371658325195,9.680917263031006,58.0,58.0,0.0,39.0,46.0,7.0,39.0,39.0,0.0,39.0,37.0,-2.0,161.13035917282104,411.49786949157715,250.3675103187561,139.59870862960815,386.24269580841064,246.6439871788025,0.4511355057178531,0.4235476803357062,-0.02758782538214688,0.769063108771759,0.7614947220456662,-0.007568386726092835,0.7242791896599168,0.73094964514321,0.006670455483293258,1.8147412988408793,1.9471007370867766,0.13235943824589724,1.972829351533553,2.284704851776654,0.31187550024310107,21.0,30.0,9.0,0.0,4.0,4.0
5AL8_A,7,2,t060,high,high,116.0,116.0,0.0,1.5363008934876015,0.9606793790028013,-0.5756215144848001,0.0003886222839355469,0.17636442184448242,0.17597579956054688,3.424484207564093,3.287496795808048,-0.13698741175604523,5.758781909942627,4.913560390472412,-0.8452215194702148,7.350724458694458,6.392680406570435,-0.9580440521240234,7.744200110435486,7.007295727729797,-0.7369043827056885,8.884666872024534,8.159481811523435,-0.725185060501099,9.63633918762207,8.912107467651367,-0.7242317199707031,58.0,58.0,0.0,43.0,33.0,-10.0,43.0,32.0,-11.0,43.0,32.0,-11.0,244.12217378616333,203.45749521255493,-40.6646785736084,221.12062406539917,176.36590433120728,-44.754719734191895,0.3944404528775861,0.42753348692041204,0.03309303404282593,0.7816919140070123,0.7680257733565854,-0.013666140650426928,0.7012976389009955,0.7254421147679939,0.024144475866998416,1.8127983195938557,1.8392767276418813,0.026478408048025592,2.3653308945746883,2.418687707555362,0.05335681298067385,30.0,31.0,1.0,3.0,3.0,0.0
5HGJ_A,0,1,t060,high,not_tier2,194.0,194.0,0.0,2.5252453666372396,1.9479518084181953,-0.5772935582190444,0.004437446594238281,0.009030818939208984,0.004593372344970703,5.497976135372769,3.884100114653878,-1.6138760207188914,1.1727616786956787,1.0366640090942383,-0.13609766960144043,15.93594846725464,9.852236843109155,-6.083711624145485,16.55835247039795,10.800113344192503,-5.758239126205446,17.85263748168945,12.09441108703613,-5.7582263946533185,18.922866821289062,13.164628982543945,-5.758237838745117,97.0,97.0,0.0,63.0,67.0,4.0,53.0,49.0,-4.0,44.0,48.0,4.0,524.8813915252686,420.140718460083,-104.74067306518555,486.0040636062622,379.5411853790283,-106.46287822723389,0.6408117071824252,0.5270131136281869,-0.11379859355423827,0.7302462567385608,0.7631399249229254,0.032893668184364566,0.8106745123948584,0.7711253280834873,-0.03954918431137111,2.552413244116282,2.2790765620013236,-0.2733366821149583,2.9824831994364494,2.8878445052967683,-0.09463869413968107,23.0,46.0,23.0,23.0,20.0,-3.0
5HGJ_A,1,1,t060,high,not_tier2,194.0,194.0,0.0,3.0070836789829216,3.7949047113202283,0.7878210323373067,0.008353710174560547,0.1711750030517578,0.16282129287719727,6.487264704756614,6.8165510020668885,0.3292862973102748,4.2173912525177,11.919290542602539,7.701899290084839,14.290203857421881,15.090814399719239,0.800610542297358,14.988234519958496,15.60705852508545,0.6188240051269531,16.28254064559936,16.901363716125484,0.6188230705261226,17.352771759033203,17.97157096862793,0.6187992095947266,97.0,97.0,0.0,89.0,96.0,7.0,89.0,81.0,-8.0,89.0,72.0,-17.0,768.3703856468201,898.046600818634,129.67621517181396,722.9461464881897,849.7042508125305,126.75810432434082,0.39706179516098133,0.35359584697448915,-0.04346594818649219,0.8067145324692432,0.8216910645135599,0.014976532044316704,0.7060960028463481,0.6725768591340633,-0.033519143712284816,1.8468725088696805,1.732863703386593,-0.11400880548308745,2.2113616035324855,2.0797418302905832,-0.13161977324190222,47.0,56.0,9.0,3.0,1.0,-2.0
5HGJ_A,2,1,t060,high,not_tier2,194.0,194.0,0.0,2.777839412394258,1.490333596455682,-1.287505815938576,0.0029358863830566406,0.0025963783264160156,-0.000339508056640625,5.234983803929289,3.960254696519868,-1.2747291074094211,6.345117211341858,2.2044296264648438,-4.140687584877014,11.107026481628418,9.77970762252809,-1.3273188591003287,12.955591678619385,10.60501923561096,-2.3505724430084243,12.955598831176758,11.89926839828491,-1.0563304328918477,12.955598831176758,12.835439682006836,-0.12015914916992188,97.0,97.0,0.0,78.0,92.0,14.0,77.0,61.0,-16.0,77.0,58.0,-19.0,667.1567254066467,418.69723987579346,-248.45948553085327,627.1387228965759,371.06805992126465,-256.0706629753113,0.37716821321889477,0.5183995042847034,0.14123129106580862,0.8116878953341088,0.7919706813955804,-0.019717213938528433,0.6887356615986198,0.7428587275525649,0.054123065953945115,1.9441802778044663,2.3015402638534694,0.3573599860490031,1.9441816441042756,2.8647415267308016,0.920559882626526,44.0,23.0,-21.0,0.0,20.0,20.0
5HGJ_A,3,1,t060,high,not_tier2,194.0,194.0,0.0,2.414399928653363,2.956437774540223,0.5420378458868598,0.0057773590087890625,0.00044155120849609375,-0.005335807800292969,4.796753650028221,4.965889098995057,0.16913544896683597,2.1647353172302246,3.4948928356170654,1.3301575183868408,13.606507587432898,13.526303100585976,-0.08020448684692205,14.913323402404785,14.193445205688477,-0.7198781967163086,16.207492198944088,14.193519592285156,-2.013972606658932,17.2750301361084,14.193519592285156,-3.081510543823242,97.0,97.0,0.0,80.0,93.0,13.0,64.0,93.0,29.0,52.0,50.0,-2.0,491.9757432937622,607.6050853729248,115.6293420791626,447.68717861175537,560.7899723052979,113.10279369354248,0.6162994500612095,0.46719381216832095,-0.1491056378928885,0.7588994453131068,0.7982657450169837,0.03936629970387684,0.7851629361028463,0.7265426696356172,-0.058620266467229065,2.605704688144217,2.2628389815274526,-0.3428657066167644,3.0980599154529447,2.2628539610397205,-0.8352059544132242,23.0,43.0,20.0,23.0,20.0,-3.0
5HGJ_A,4,1,t060,high,not_tier2,194.0,194.0,0.0,3.2848686754089043,0.28301256956513393,-3.0018561058437703,0.023783206939697266,0.5823488235473633,0.558565616607666,5.12004165989252,3.95222785878444,-1.1678138011080796,5.871090888977051,3.2573721408843994,-2.6137187480926514,13.237423229217532,7.004227495193482,-6.23319573402405,14.446553850173949,7.171308374404907,-7.275245475769042,15.740833539962766,7.171314716339111,-8.569518823623655,16.81106185913086,7.171317100524902,-9.639744758605957,97.0,97.0,0.0,94.0,97.0,3.0,73.0,97.0,24.0,73.0,94.0,21.0,674.9069838523865,381.4351363182068,-293.4718475341797,627.3335471153259,332.9351363182068,-294.39841079711914,0.43514395473346423,0.37400501087186705,-0.061138943861597184,0.8117226071213678,0.8455655625606435,0.033842955439275735,0.7043384304683828,0.6338144147944842,-0.07052401567389865,2.179998897704155,1.742889340129888,-0.43710955757426695,2.641813110560881,1.7428915480289027,-0.8989215625319782,43.0,28.0,-15.0,19.0,0.0,-19.0
5HGJ_A,5,1,t060,high,not_tier2,194.0,194.0,0.0,3.668794167410467,2.421837042287453,-1.2469571251230138,0.000263214111328125,4.76837158203125e-05,-0.0002155303955078125,5.557639544409363,5.028524187331218,-0.5291153570781448,7.591653227806091,5.37930166721344,-2.2123515605926514,11.67832622528082,10.729113483428959,-0.949212741851861,16.722222328186035,13.592842102050781,-3.129380226135254,18.001860771179196,13.592842102050781,-4.409018669128415,19.070144653320312,13.592842102050781,-5.477302551269531,97.0,97.0,0.0,83.0,95.0,12.0,73.0,95.0,22.0,73.0,95.0,22.0,734.6474795341492,633.3052639961243,-101.3422155380249,691.9985861778259,585.7458739280701,-106.25271224975586,0.4491417849670894,0.4122276336678512,-0.036914151299238196,0.8061310014308888,0.8335891124128155,0.027458110981926742,0.7045519339451265,0.6647269253548143,-0.03982500859031224,2.3487360157976593,2.22152755830575,-0.12720845749190923,2.7712035591445723,2.22152755830575,-0.5496760008388222,35.0,30.0,-5.0,17.0,15.0,-2.0
5HGJ_A,6,1,t060,high,not_tier2,194.0,194.0,0.0,2.488744069620506,3.8969751903691243,1.4082311207486184,0.00092315673828125,0.0009670257568359375,4.38690185546875e-05,5.221371942611681,6.626175142021031,1.4048031994093506,0.9770894050598145,3.748938798904419,2.7718493938446045,15.341163063049317,16.407566642761235,1.0664035797119187,15.845614099502562,17.01706027984619,1.1714461803436294,17.139872741699214,18.311366271972652,1.1714935302734375,18.210098266601562,19.38157081604004,1.1714725494384766,97.0,97.0,0.0,71.0,92.0,21.0,45.0,87.0,42.0,45.0,87.0,42.0,503.57407236099243,799.2267832756042,295.6527109146118,460.2027335166931,752.9914402961731,292.78870677948,0.6401494305063413,0.4326530181166447,-0.20749641238969663,0.7363545808391705,0.7919375990061562,0.05558301816698574,0.8069701133370799,0.7289354223770781,-0.07803469096000182,2.558115027369814,1.9800389830135618,-0.578076044356252,3.010962323652696,2.3368829368050785,-0.6740793868476174,23.0,41.0,18.0,23.0,9.0,-14.0
5HGJ_A,7,1,t060,high,not_tier2,194.0,194.0,0.0,3.120199218238752,2.471432880028007,-0.6487663382107449,0.006217479705810547,0.004586219787597656,-0.0016312599182128906,5.331356673793561,5.0398865948266565,-0.29147007896690447,6.530938148498535,4.29565691947937,-2.235281229019165,14.47888641357422,12.461790466308594,-2.0170959472656254,14.709209442138672,14.576177024841309,-0.13303241729736293,14.709209442138672,14.576181411743164,-0.1330280303955078,14.709209442138672,14.576181411743164,-0.1330280303955078,97.0,97.0,0.0,94.0,90.0,-4.0,92.0,87.0,-5.0,90.0,74.0,-16.0,711.4452047348022,594.0020642280579,-117.44314050674438,663.5393257141113,547.514111995697,-116.0252137184143,0.41192222672337253,0.4772666952926913,0.06534446856931875,0.8308177093997592,0.809698644273097,-0.021119065126662173,0.6696579379379668,0.7112314240627586,0.041573486124791836,2.173745058338722,2.4017889920853737,0.22804393374665155,2.173745058338722,2.4017898625219942,0.2280448041832721,25.0,26.0,1.0,23.0,17.0,-6.0
5I0L_A,0,2,t060,low_or_equal,low_or_equal,158.0,158.0,0.0,0.9176342396796504,3.092849438703513,2.1752151990238624,0.0035905838012695312,0.0010290145874023438,-0.0025615692138671875,1.544615044427619,4.734496880969506,3.189881836541887,2.5473129749298096,8.954644203186035,6.407331228256226,3.8913143157958983,10.709741592407227,6.818427276611328,4.053973150253296,10.829444599151612,6.775471448898316,4.3965812492370615,11.179191055297853,6.782609806060791,4.532623291015625,11.29493522644043,6.762311935424805,79.0,79.0,0.0,52.0,60.0,8.0,47.0,59.0,12.0,44.0,57.0,13.0,156.57047367095947,525.0708794593811,368.50040578842163,126.81793975830078,491.5742173194885,364.75627756118774,0.42056821798985883,0.3322605034396455,-0.0883077145502133,0.7838317999960984,0.8006451254015845,0.01681332540548608,0.7239064424661148,0.6794311797494481,-0.044475262716666686,2.0304987458774004,1.6340902433679159,-0.39640850250948456,2.3403818733848762,1.7324091648904698,-0.6079727084944064,43.0,45.0,2.0,10.0,0.0,-10.0
5I0L_A,1,2,t060,low_or_equal,low_or_equal,158.0,158.0,0.0,2.146191669415824,3.0657514650610427,0.9195597956452186,0.032858848571777344,0.00074005126953125,-0.032118797302246094,3.952241085442336,5.194027822169171,1.241786736726835,6.555036425590515,6.179112911224365,-0.3759235143661499,7.519232368469239,15.216357517242432,7.6971251487731935,11.003406524658203,15.336061191558839,4.332654666900636,11.003408432006836,15.686030817031861,4.6826223850250255,11.003408432006836,15.81911849975586,4.815710067749023,79.0,79.0,0.0,70.0,62.0,-8.0,62.0,61.0,-1.0,43.0,58.0,15.0,385.9508972167969,505.68398904800415,119.73309183120728,348.54234981536865,473.74659395217896,125.2042441368103,0.44179435371162706,0.48762578438648213,0.04583143067485507,0.7861625850649475,0.7763944921919572,-0.009768092872990297,0.724938224913531,0.7440097519294337,0.019071527015902756,2.2410613785345728,2.362388140110765,0.12132676157619215,2.2410618611338355,2.455390589218803,0.2143287280849675,43.0,27.0,-16.0,13.0,18.0,5.0
5I0L_A,2,2,t060,low_or_equal,low_or_equal,158.0,158.0,0.0,1.394356214547459,2.209105407135396,0.8147491925879371,0.01007986068725586,0.00042057037353515625,-0.009659290313720703,2.4701064188691912,4.659925507843719,2.189819088974528,1.764240026473999,1.8109562397003174,0.04671621322631836,5.034395122528078,14.106063842773438,9.07166872024536,7.434379529953003,14.225762081146241,6.791382551193238,7.43439266204834,14.573499355316162,7.139106693267823,7.434396266937256,14.714229583740234,7.2798333168029785,79.0,79.0,0.0,68.0,51.0,-17.0,65.0,43.0,-22.0,37.0,30.0,-7.0,245.5271291732788,364.076060295105,118.54893112182617,209.3718376159668,333.16163635253906,123.78979873657227,0.4723671005042826,0.6284949579988857,0.15612785749460306,0.7955166099403808,0.7187694071918339,-0.07674720274854685,0.7220894738445556,0.8120362326163659,0.08994675877181035,2.445248216540667,2.578722911725534,0.1334746951848671,2.445254992355719,2.6835459398558745,0.23829094750015534,30.0,21.0,-9.0,15.0,18.0,3.0
5I0L_A,3,2,t060,low_or_equal,low_or_equal,158.0,158.0,0.0,1.9688620929476581,3.918920311746718,1.95005821879906,0.0010690689086914062,0.0009355545043945312,-0.000133514404296875,3.9045972518607406,6.377716188822169,2.4731189369614284,2.138826608657837,9.899435997009277,7.76060938835144,9.126568031311036,17.8459529876709,8.719384956359862,13.003710746765137,17.965650272369384,4.961939525604247,13.003711700439453,18.31608165740967,5.312369956970215,13.003711700439453,18.460296630859375,5.456584930419922,79.0,79.0,0.0,54.0,61.0,7.0,49.0,61.0,12.0,46.0,58.0,12.0,323.45664501190186,650.7691106796265,327.3124656677246,289.23813247680664,618.3433437347412,329.10521125793457,0.6154726992563808,0.44358369477212384,-0.17188900448425698,0.744018264017215,0.7848687724178617,0.040850508400646635,0.791733495648701,0.7263974676090246,-0.06533602803967642,2.826116995436292,2.202470217354844,-0.6236467780814481,2.8261172396802574,2.2800287577234046,-0.5460884819568528,19.0,40.0,21.0,14.0,18.0,4.0
5I0L_A,4,2,t060,low_or_equal,low_or_equal,158.0,158.0,0.0,1.7285739530490924,1.864922254900389,0.13634830185129654,0.009113788604736328,0.011322021484375,0.002208232879638672,2.708911982838348,3.5174150903413537,0.8085031075030056,3.6244852542877197,2.802356719970703,-0.8221285343170166,5.775746917724609,5.399358367919922,-0.3763885498046866,6.307764530181885,11.701895713806152,5.394131183624268,6.307834854125977,11.701896667480469,5.394061813354492,6.307849407196045,11.701896667480469,5.394047260284424,79.0,79.0,0.0,72.0,75.0,3.0,71.0,67.0,-4.0,65.0,43.0,-22.0,318.74519205093384,333.4424662590027,14.697274208068848,281.88283014297485,295.2977604866028,13.41493034362793,0.31239793202770255,0.5063883944494386,0.19399046242173607,0.8318686999380388,0.7942617104059109,-0.03760698953212793,0.6371528716207815,0.7250793020250876,0.08792643040430614,1.690416892886568,2.796648449572415,1.1062315566858472,1.6904482253974422,2.7966487207017225,1.1062004953042803,37.0,16.0,-21.0,0.0,13.0,13.0
5I0L_A,5,2,t060,low_or_equal,low_or_equal,158.0,158.0,0.0,2.6793273611913753,1.283528931533234,-1.3957984296581412,0.0014629364013671875,0.010219573974609375,0.008756637573242188,4.23627405188706,2.809696962270256,-1.4265770896168037,6.627444624900818,2.9073915481567383,-3.7200530767440796,10.275625514984132,8.235946655273438,-2.039678859710694,10.27613639831543,8.355637788772583,-1.9204986095428467,10.442391004562378,8.70598126411438,-1.7364097404479981,10.541703224182129,8.850778579711914,-1.6909246444702148,79.0,79.0,0.0,60.0,52.0,-8.0,59.0,46.0,-13.0,57.0,42.0,-15.0,451.7350788116455,237.91957569122314,-213.81550312042236,419.1227979660034,204.19042587280273,-214.93237209320068,0.3654416219917506,0.5670429730654227,0.2016013510736721,0.793548053406842,0.7589686302939547,-0.03457942311288731,0.7029646911442335,0.7693487935591024,0.0663841024148688,1.7932761063321754,2.517036161624004,0.7237600552918286,1.855964880149441,2.6932618534293056,0.8372969732798645,33.0,18.0,-15.0,0.0,18.0,18.0
5I0L_A,6,2,t060,low_or_equal,low_or_equal,158.0,158.0,0.0,2.0620014395894883,2.934965501857709,0.8729640622682209,0.01311492919921875,0.0008420944213867188,-0.012272834777832031,4.252873909326798,4.8940626120309885,0.6411887027041905,4.52251136302948,7.367546200752258,2.8450348377227783,8.416112899780273,10.107003021240235,1.6908901214599616,10.424684524536133,13.902387619018555,3.477703094482422,10.424684524536133,13.902387619018555,3.477703094482422,10.42468547821045,13.902387619018555,3.4777021408081055,79.0,79.0,0.0,63.0,58.0,-5.0,63.0,55.0,-8.0,58.0,54.0,-4.0,428.9271812438965,495.3582696914673,66.4310884475708,394.46904277801514,463.937463760376,69.46842098236084,0.3748170868966676,0.42689888619841987,0.052081799301752274,0.8061239841506087,0.7801583303720625,-0.025965653778546205,0.686935033688844,0.7277637658235978,0.0408287321347538,1.9663604572444053,2.240964815243643,0.2746043579992379,1.9663606814867263,2.240964815243643,0.27460413375691695,33.0,34.0,1.0,0.0,13.0,13.0
5I0L_A,7,2,t060,low_or_equal,low_or_equal,158.0,158.0,0.0,0.4534784570524964,0.27405563185486614,-0.17942282519763025,0.00017070770263671875,0.02194833755493164,0.021777629852294922,1.2211561522765486,2.4624651214129534,1.2413089691364048,0.15180444717407227,0.7343664169311523,0.5825619697570801,3.4340847015380858,5.893177461624146,2.45909276008606,3.5598278045654297,6.6566673755645756,3.096839570999146,3.818129501342774,6.65671021938324,2.838580718040466,3.8698511123657227,6.656713008880615,2.7868618965148926,79.0,79.0,0.0,27.0,67.0,40.0,26.0,21.0,-5.0,22.0,18.0,-4.0,84.67269897460938,153.60757064819336,68.93487167358398,67.11413192749023,116.81348419189453,49.6993522644043,0.6814135172126702,0.6825145577790497,0.0011010405663794964,0.6797942174263184,0.733785477382953,0.05399125995663456,0.8392736669381284,0.7858008370976146,-0.053472829840513825,2.5437773389765925,2.5919602629934473,0.048182924016854756,2.797654213954727,2.59197879455178,-0.20567541940294687,23.0,18.0,-5.0,18.0,18.0,0.0
5K69_A,0,2,t060,high,high,350.0,350.0,0.0,2.9192048522404264,3.114583556311471,0.19537870407104485,0.011469841003417969,0.001220703125,-0.010249137878417969,5.871369290973201,5.223366504920425,-0.6480027860527757,3.9772887229919434,6.666356682777405,2.6890679597854614,11.477799415588382,9.710590362548828,-1.7672090530395543,17.679101943969727,15.385771656036377,-2.2933302879333493,17.889406204223633,19.388660430908203,1.4992542266845703,17.889406204223633,19.388660430908203,1.4992542266845703,175.0,175.0,0.0,167.0,136.0,-31.0,140.0,131.0,-9.0,138.0,120.0,-18.0,1201.7094464302063,1142.6701378822327,-59.03930854797363,1116.8023943901062,1069.989866733551,-46.812527656555176,0.5034181846832729,0.4618715306824594,-0.04154665400081353,0.8131301638657934,0.8119377224543495,-0.001192441411443923,0.7430630505749443,0.7314288889956695,-0.011634161579274771,2.5138764673551632,2.3492872055149516,-0.1645892618402116,2.549695072833997,3.1156299025286676,0.5659348296946707,60.0,47.0,-13.0,32.0,19.0,-13.0
5K69_A,1,2,t060,high,high,350.0,350.0,0.0,1.818596703665597,2.0151211261749267,0.19652442250932967,0.020687580108642578,0.001407623291015625,-0.019279956817626953,4.352780593130421,4.0245325561051555,-0.32824803702526584,3.4775302410125732,2.911855697631836,-0.5656745433807373,4.122031402587891,7.200358915328979,3.0783275127410885,12.014528131484997,10.182701015472418,-1.8318271160125796,17.813234329223633,15.867109298706055,-1.9461250305175781,17.813234329223633,15.867109298706055,-1.9461250305175781,175.0,175.0,0.0,162.0,138.0,-24.0,162.0,138.0,-24.0,152.0,108.0,-44.0,819.0488519668579,778.9709877967834,-40.07786417007446,736.5266847610474,702.3450770378113,-34.181607723236084,0.5241538319336878,0.5355540936153678,0.011400261681679957,0.8189602371781504,0.8004155857525237,-0.018544651425626668,0.7153185420655594,0.7625982019375122,0.047279659871952706,2.3423949840041716,2.0294480850719903,-0.3129468989321813,3.6745793368957878,3.44188746877395,-0.23269186812183795,30.0,52.0,22.0,19.0,18.0,-1.0
5K69_A,2,2,t060,high,high,350.0,350.0,0.0,2.5070456654684885,3.15782466343471,0.6507789979662215,0.00010776519775390625,0.0008878707885742188,0.0007801055908203125,4.982067720009993,5.810901085305483,0.8288333652954902,2.955012321472168,5.013269901275635,2.058257579803467,8.66038246154785,13.616301822662354,4.955919361114503,13.711681747436524,17.078155517578125,3.366473770141601,19.053918838500977,19.347543716430664,0.2936248779296875,19.053918838500977,19.347543716430664,0.2936248779296875,175.0,175.0,0.0,145.0,132.0,-13.0,113.0,126.0,13.0,94.0,120.0,26.0,917.5159888267517,1199.869345664978,282.3533568382263,839.2358527183533,1124.3006658554077,285.06481313705444,0.5835538063035393,0.5187391215788487,-0.06481468472469054,0.7799573849616925,0.8040087758568059,0.024051390895113323,0.7922539991078161,0.7517556257960261,-0.04049837331179007,2.2489931312988176,2.395554605006947,0.14656147370812933,3.321286281712626,2.78609441381411,-0.5351918678985159,55.0,46.0,-9.0,26.0,32.0,6.0
5K69_A,3,2,t060,high,high,350.0,350.0,0.0,3.1850662204197473,2.0652325807298935,-1.1198336396898538,0.0007734298706054688,0.00045871734619140625,-0.0003147125244140625,5.917339550790911,5.18880074606556,-0.7285388047253507,4.993144750595093,2.436561107635498,-2.5565836429595947,11.64376020431519,9.932656288146973,-1.7111039161682182,17.69743537902832,15.167708539962769,-2.5297268390655514,18.63498878479004,19.087278366088867,0.4522895812988281,18.63498878479004,19.087278366088867,0.4522895812988281,175.0,175.0,0.0,163.0,122.0,-41.0,163.0,121.0,-42.0,163.0,104.0,-59.0,1313.721007347107,887.1623015403748,-426.5587058067322,1231.5787754058838,814.4408745765686,-417.1379008293152,0.47089410932620207,0.6025720937861482,0.1316779844599461,0.8334694926450948,0.7726495993399044,-0.06081989330519044,0.7021637731705943,0.8000777604340872,0.09791398726349287,2.4525158703574568,2.5251453274955504,0.07262945713809366,2.6109575818249704,3.2805356417407325,0.6695780599157621,47.0,56.0,9.0,32.0,27.0,-5.0
5K69_A,4,2,t060,high,high,350.0,350.0,0.0,3.670149815423148,2.7707369313921246,-0.8994128840310234,0.0007953643798828125,0.007284641265869141,0.006489276885986328,5.728626361630816,5.553171498115547,-0.1754548635152693,7.23835027217865,5.87130069732666,-1.3670495748519897,11.889396858215342,12.556068420410156,0.6666715621948143,14.3629789352417,13.838504791259766,-0.5244741439819336,18.969356536865234,17.903106689453125,-1.0662498474121094,18.969356536865234,17.903106689453125,-1.0662498474121094,175.0,175.0,0.0,152.0,163.0,11.0,148.0,147.0,-1.0,141.0,121.0,-20.0,1361.6063170433044,1188.1188535690308,-173.48746347427368,1280.23308801651,1103.23175907135,-177.0013289451599,0.4178977439092092,0.4511963227428455,0.033298578833636294,0.8304415526439816,0.8244959964313846,-0.0059455562125969585,0.7053152046076652,0.7226448556007665,0.017329650993101353,1.8665607503112724,1.9930534944983163,0.12649274418704382,2.6706588553083312,2.7249959348808384,0.05433707957250711,62.0,66.0,4.0,16.0,16.0,0.0
5K69_A,5,2,t060,high,high,350.0,350.0,0.0,0.7029616219656808,2.612215634754726,1.9092540127890452,0.010007381439208984,0.005546092987060547,-0.0044612884521484375,3.723447027301057,5.0517660824079815,1.3283190551069244,3.854097366333008,2.902189254760742,-0.9519081115722656,5.805899715423584,11.200950717926025,5.395051002502441,6.041866660118103,13.117324829101562,7.0754581689834595,10.551269063949585,17.426498413085938,6.875229349136353,10.55126953125,17.426498413085938,6.8752288818359375,175.0,175.0,0.0,146.0,152.0,6.0,140.0,148.0,8.0,121.0,133.0,12.0,666.2193479537964,1047.430546283722,381.21119832992554,587.7088050842285,969.7693867683411,382.06058168411255,0.4141693441836751,0.49679626831767637,0.08262692413400125,0.830045996852634,0.8131154274831073,-0.01693056936952675,0.7012732569069049,0.7414967851882481,0.040223528281343235,1.4338608818673944,2.079492403840571,0.6456315219731765,2.644943740860165,2.9324957919013177,0.2875520510411529,51.0,57.0,6.0,15.0,31.0,16.0
5K69_A,6,2,t060,high,high,350.0,350.0,0.0,1.576665265219552,3.18502642086574,1.608361155646188,0.00038623809814453125,0.0477747917175293,0.047388553619384766,4.636306644596422,5.798897084690143,1.1625904400937213,1.2574031352996826,4.342663764953613,3.0852606296539307,7.206647968292239,12.96815071105957,5.761502742767331,14.072873783111572,17.220539093017578,3.1476653099060066,18.021543502807617,19.494064331054688,1.4725208282470703,18.021543502807617,19.494064331054688,1.4725208282470703,175.0,175.0,0.0,129.0,171.0,42.0,99.0,161.0,62.0,81.0,121.0,40.0,692.0539779663086,1200.8601994514465,508.80622148513794,623.3588447570801,1114.248775959015,490.8899312019348,0.7140046314529735,0.5247322961507024,-0.18927233530227117,0.7427941768687586,0.8131307119305994,0.07033653506184079,0.8332619141251905,0.7440633699125616,-0.08919854421262885,2.695293792194753,2.420376231405702,-0.27491756078905105,3.5469781225006844,2.8124378950002353,-0.7345402275004491,43.0,47.0,4.0,25.0,34.0,9.0
5K69_A,7,2,t060,high,high,350.0,350.0,0.0,2.8033935805729455,2.7384585067204066,-0.06493507385253894,0.0008106231689453125,0.028927326202392578,0.028116703033447266,4.482624848854101,5.8164827765173674,1.3338579276632663,4.645362854003906,2.528214454650879,-2.1171483993530273,9.236576080322266,12.958739471435546,3.7221633911132805,13.40729808807373,17.631103515625,4.2238054275512695,13.416522979736328,18.508058547973633,5.091535568237305,13.416522979736328,18.508058547973633,5.091535568237305,175.0,175.0,0.0,154.0,153.0,-1.0,152.0,149.0,-3.0,136.0,131.0,-5.0,1056.3871874809265,1104.551959514618,48.164772033691406,976.1819767951965,1022.5078692436218,46.32589244842529,0.439044247983999,0.5557205649174313,0.11667631693343228,0.8322838361201202,0.7975100813345426,-0.03477375478557765,0.7026458322522036,0.7641402091526552,0.061494376900451675,2.365556981689305,2.5604210621975914,0.19486408050828619,2.367614903548404,2.711191736854985,0.34357683330658073,57.0,52.0,-5.0,34.0,32.0,-2.0
5X0O_B,0,2,t060,high,high,192.0,192.0,0.0,1.1464047729969025,1.4606562356154125,0.31425146261851,0.006557464599609375,0.004935264587402344,-0.0016222000122070312,2.331881292349822,2.495826833101539,0.16394554075171675,2.1820316314697266,1.6571874618530273,-0.5248441696166992,3.3180627822875977,5.480974769592285,2.162911987304687,7.473040652275086,6.861028695106506,-0.6120119571685798,7.473061771392822,7.291238265037537,-0.18182350635528532,7.47307014465332,7.481476306915283,0.00840616226196289,96.0,96.0,0.0,85.0,89.0,4.0,83.0,71.0,-12.0,55.0,47.0,-8.0,268.536021232605,307.6921863555908,39.15616512298584,225.18934631347656,261.9577217102051,36.768375396728516,0.5102245405714936,0.4437800664930892,-0.06644447407840437,0.8065332598807774,0.8051025304255287,-0.0014307294552486916,0.7080332083245557,0.7176299730505984,0.00959676472604265,2.713103750192563,2.163760877905181,-0.5493428722873821,2.7131163976537915,2.4123548923535925,-0.3007615053001991,17.0,38.0,21.0,17.0,18.0,1.0
5X0O_B,1,2,t060,high,high,192.0,192.0,0.0,1.4026009639104207,1.9141820818185806,0.51158111790816,0.0030961036682128906,0.010313987731933594,0.007217884063720703,1.9927484873959989,3.916648591723126,1.923900104327127,3.522862195968628,2.7614333629608154,-0.7614288330078125,4.314457511901856,7.759937381744386,3.44547986984253,5.736283969879151,12.715059280395508,6.978775310516357,5.833046760559082,12.715059280395508,6.882012519836426,5.833203315734863,12.715059280395508,6.8818559646606445,96.0,96.0,0.0,86.0,87.0,1.0,79.0,84.0,5.0,54.0,70.0,16.0,280.7249937057495,436.8907518386841,156.16575813293457,236.09514617919922,393.13904571533203,157.0438995361328,0.38285006172903235,0.5381291843141716,0.1552791225851392,0.8246510760513857,0.7957247971159799,-0.02892627893540578,0.6760190668538966,0.7328862655051402,0.05686719865124368,2.1747265314107556,2.757683500480979,0.5829569690702234,2.2233625466774694,2.757683500480979,0.5343209538035096,49.0,24.0,-25.0,13.0,17.0,4.0
5X0O_B,2,2,t060,high,high,192.0,192.0,0.0,0.9729164193073908,3.31754386673371,2.344627447426319,0.00021839141845703125,0.0003337860107421875,0.00011539459228515625,1.6042253658556438,5.793711768463029,4.189486402607385,1.9428231716156006,6.428826808929443,4.486003637313843,4.0586058616638185,13.50580816268921,9.447202301025392,4.804710578918457,15.712577819824219,10.907867240905762,4.840175399780273,15.712577819824219,10.872402420043946,4.84084415435791,15.712577819824219,10.871733665466309,96.0,96.0,0.0,71.0,77.0,6.0,61.0,55.0,-6.0,48.0,54.0,6.0,197.0934476852417,668.3210377693176,471.2275900840759,159.30774402618408,626.6983361244202,467.3905920982361,0.4759387107962652,0.4607721946969984,-0.01516651609926678,0.7942693592419867,0.7707555264614838,-0.023513832780502897,0.7278879492152739,0.7519388803152289,0.024050931099955042,2.388563503088175,2.139394303417116,-0.249169199671059,2.41108750514457,2.139394303417116,-0.2716932017274538,26.0,40.0,14.0,17.0,17.0,0.0
5X0O_B,3,2,t060,high,high,192.0,192.0,0.0,0.3065037926038106,1.0489980379740398,0.7424942453702292,0.0011548995971679688,0.001445770263671875,0.00029087066650390625,1.0124419251506758,2.7415372674626406,1.7290953423119648,0.16289520263671875,0.7550268173217773,0.5921316146850586,0.8265823364257813,2.121556854248047,1.2949745178222658,3.8332213878631594,10.740570068359375,6.907348680496216,3.8354779434204103,10.740581769943237,6.905103826522827,3.83563232421875,10.740585327148438,6.9049530029296875,96.0,96.0,0.0,30.0,51.0,21.0,15.0,37.0,22.0,14.0,33.0,19.0,71.97853946685791,210.29484272003174,138.31630325317383,50.65592384338379,180.0388422012329,129.38291835784912,0.8151890595675502,0.7636169314220832,-0.05157212814546697,0.6664919829146098,0.6829375723429306,0.01644558942832086,0.8652470958202714,0.853330520513703,-0.011916575306568422,3.483377671005167,3.535086735973909,0.05170906496874217,3.485758979301178,3.5350923017523663,0.049333322451188266,15.0,14.0,-1.0,14.0,14.0,0.0
5X0O_B,4,2,t060,high,high,192.0,192.0,0.0,0.9644741266965866,2.5293355559309325,1.564861429234346,0.00041675567626953125,0.00028896331787109375,-0.0001277923583984375,1.8202830470659916,4.499259737661068,2.678976690595076,1.9460487365722656,3.514307975769043,1.5682592391967773,4.608930397033691,7.121952056884766,2.5130216598510744,5.7925169467926025,15.802362871170043,10.00984592437744,5.793315963745117,15.802364349365234,10.009048385620117,5.793434143066406,15.802364349365234,10.008930206298828,96.0,96.0,0.0,69.0,84.0,15.0,66.0,81.0,15.0,47.0,74.0,27.0,204.47085571289062,517.7562918663025,313.28543615341187,167.4212942123413,474.8186182975769,307.3973240852356,0.526341440599179,0.5239127456791405,-0.002428694920038499,0.7815694304829035,0.7930242090311265,0.011454778548222966,0.7516458001182713,0.7372365380956001,-0.014409262022671232,2.652358284541548,2.9500469164154257,0.2976886318738776,2.652862160175221,2.950047244957292,0.29718508478207095,24.0,21.0,-3.0,20.0,14.0,-6.0
5X0O_B,5,2,t060,high,high,192.0,192.0,0.0,2.488563194870949,2.1803085704644523,-0.30825462440649654,0.022187232971191406,0.00017452239990234375,-0.022012710571289062,3.479636468893388,7.073930953721101,3.594294484827713,4.7377965450286865,7.041165351867676,2.3033688068389893,6.556082725524902,14.516876220703125,7.960793495178223,11.234687423706054,16.129257106781004,4.89456968307495,11.234776496887207,16.559719314575197,5.32494281768799,11.234777450561523,16.7515869140625,5.516809463500977,96.0,96.0,0.0,93.0,78.0,-15.0,89.0,76.0,-13.0,80.0,72.0,-8.0,506.4287624359131,747.6620588302612,241.23329639434814,459.62426948547363,707.1526155471802,247.52834606170654,0.3925427188402798,0.42435227256184366,0.031809553721563855,0.8372811293693168,0.7969368995820502,-0.040344229787266594,0.6473442288330746,0.7207904802235061,0.07344625139043148,2.5135166581400368,1.971880787015455,-0.5416358711245817,2.5135425306288077,2.059855890441384,-0.4536866401874238,22.0,36.0,14.0,14.0,5.0,-9.0
5X0O_B,6,2,t060,high,high,192.0,192.0,0.0,0.9744962876041731,0.3865086684624354,-0.5879876191417377,0.0041141510009765625,0.0009412765502929688,-0.0031728744506835938,2.211332972152424,0.7185243129975631,-1.4928086591548608,1.311488151550293,0.9322817325592041,-0.37920641899108887,6.159674644470215,1.540940570831299,-4.618734073638915,6.165026402473449,2.011161136627197,-4.153865265846252,6.1711377954483035,2.017264575958252,-4.153873219490052,6.1715545654296875,2.0222816467285156,-4.149272918701172,96.0,96.0,0.0,68.0,65.0,-3.0,68.0,36.0,-32.0,45.0,12.0,-33.0,238.07770204544067,90.2856216430664,-147.79208040237427,194.20981359481812,51.198577880859375,-143.01123571395874,0.5179095790774093,0.41849191818735926,-0.09941766089005005,0.790080072046358,0.8177825677978944,0.027702495751536382,0.7403981714353411,0.6925345243446586,-0.04786364709068258,2.3472404112063776,2.2610960252506747,-0.08614438595570295,2.350192550499034,2.2765728990323364,-0.0736196514666978,25.0,30.0,5.0,25.0,15.0,-10.0
5X0O_B,7,2,t060,high,high,192.0,192.0,0.0,-0.3850882152716319,1.6768709272146225,2.0619591424862542,0.000171661376953125,0.001918792724609375,0.00174713134765625,1.807789859216913,3.1106054362312925,1.3028155770143794,1.065481185913086,1.5640809535980225,0.4985997676849365,1.961904525756836,8.819240474700928,6.857335948944092,2.7389495849609373,8.819598579406739,6.080648994445801,2.7396530628204347,8.819691390991212,6.080038328170777,2.73968505859375,8.819703102111816,6.080018043518066,96.0,96.0,0.0,84.0,75.0,-9.0,53.0,75.0,22.0,15.0,42.0,27.0,122.58326625823975,353.002947807312,230.41968154907227,80.30899238586426,312.9972105026245,232.68821811676025,0.4152266455385744,0.4996864315315013,0.08445978599292686,0.8215196191751747,0.7812588922340603,-0.04026072694111438,0.6823419908431112,0.7488887861114151,0.06654679526830387,1.7280978672962686,2.296249974039141,0.5681521067428723,1.7285047030958296,2.2962835760845373,0.5677788729887077,34.0,38.0,4.0,0.0,23.0,23.0
6DNB_A,0,1,t060,high,not_tier2,411.0,411.0,0.0,2.162134060314392,2.407387064031151,0.24525300371675884,0.0,0.0,0.0,4.669206178000121,4.6062930569401415,-0.06291312105997982,3.4510111808776855,4.313567161560059,0.862555980682373,9.746017456054688,8.026922225952148,-1.719095230102539,13.370723724365234,12.884515762329102,-0.4862079620361328,15.046663284301758,18.067113876342773,3.0204505920410156,15.069619178771973,18.067115783691406,2.9974966049194336,205.0,205.0,0.0,185.0,188.0,3.0,158.0,148.0,-10.0,152.0,136.0,-16.0,1108.85626745224,1081.321397304535,-27.534870147705078,1008.3968396186829,984.8092465400696,-23.58759307861328,0.5068986288793048,0.5383624666465391,0.03146383776723427,0.8209928774125456,0.8121055747296113,-0.00888730268293425,0.739276999313804,0.7535542747566213,0.014277275442817317,2.400534317131316,2.274524996300968,-0.12600932083034788,2.7643853422609013,3.3996379574821636,0.6352526152212623,59.0,50.0,-9.0,32.0,33.0,1.0
6DNB_A,1,1,t060,high,not_tier2,411.0,411.0,0.0,2.4566447775439335,2.237459221025453,-0.2191855565184806,0.0,0.0,0.0,4.509745355704687,4.82520280540454,0.3154574496998537,4.104029655456543,1.072601318359375,-3.031428337097168,10.860494613647461,10.996770858764648,0.1362762451171875,14.511504650115967,14.58119010925293,0.06968545913696289,14.761312484741211,17.185829162597656,2.4245166778564453,14.761312484741211,17.20853614807129,2.447223663330078,205.0,205.0,0.0,189.0,137.0,-52.0,168.0,108.0,-60.0,125.0,88.0,-37.0,1079.4127073287964,972.1112523078918,-107.30145502090454,983.7162761688232,883.4645209312439,-100.25175523757935,0.540208957831613,0.6558454158073108,0.11563645797569777,0.8115169423496338,0.7662188292029637,-0.045298113146670094,0.7542130028900143,0.8139726257230191,0.059759622833004844,2.67306885904833,2.558178668552894,-0.1148901904954358,2.728461750425056,3.1026834582532485,0.3742217078281924,60.0,53.0,-7.0,34.0,40.0,6.0
6DNB_A,2,1,t060,high,not_tier2,411.0,411.0,0.0,1.6905732154846191,1.5052300961348262,-0.18534311934979297,0.0,0.0,0.0,4.662907309839959,2.51269640361987,-2.1502109062200887,3.4928455352783203,3.7920846939086914,0.2992391586303711,7.721569061279297,5.476140022277832,-2.245429039001465,13.712578773498535,6.735543727874756,-6.977035045623779,14.135297775268555,6.75927848815918,-7.376019287109375,14.135297775268555,6.90114688873291,-7.2341508865356445,205.0,205.0,0.0,198.0,181.0,-17.0,187.0,172.0,-15.0,123.0,130.0,7.0,1001.1342225074768,703.784779548645,-297.3494429588318,901.9854874610901,610.8151626586914,-291.1703248023987,0.5758909656720574,0.39691874200254873,-0.1789722236695087,0.812991058927367,0.8406643059303955,0.027673247003028534,0.7499942857402646,0.69070464477039,-0.05928964096987466,2.57822100230136,2.081554152027668,-0.4966668502736922,2.668876675614439,2.147460705887331,-0.5214159697271081,48.0,71.0,23.0,41.0,41.0,0.0
6DNB_A,3,1,t060,high,not_tier2,411.0,411.0,0.0,1.9131751257717755,1.0892629901858142,-0.8239121355859613,0.0,0.0,0.0,4.487024718283278,3.1863698738760933,-1.3006548444071848,1.2881579399108887,0.6720108985900879,-0.6161470413208008,9.435365676879883,7.132800579071045,-2.302565097808838,13.239973545074463,8.182429552078247,-5.057543992996216,16.19059181213379,12.162515640258789,-4.028076171875,16.20138168334961,12.163806915283203,-4.037574768066406,205.0,205.0,0.0,158.0,110.0,-48.0,111.0,92.0,-19.0,84.0,67.0,-17.0,871.1599817276001,557.5608148574829,-313.5991668701172,783.9780101776123,482.0557632446289,-301.9222469329834,0.6670720450374249,0.7311213012246139,0.06404925618718904,0.7629728546399793,0.7440132816210588,-0.018959573018920484,0.8177275367188381,0.8379179144299209,0.020190377711082785,2.5243450015216955,2.2260964177595226,-0.2982485837621729,3.1843387221286488,3.475598993040203,0.2912602709115544,57.0,48.0,-9.0,35.0,40.0,5.0
6DNB_A,4,1,t060,high,not_tier2,411.0,411.0,0.0,1.902646615847474,2.555814610780591,0.6531679949331168,0.0,0.0,0.0,3.822094058844757,4.581481559113206,0.7593875002684487,1.7873449325561523,5.17600679397583,3.3886618614196777,6.2910475730896,10.569767951965332,4.278720378875732,10.548336505889893,13.256925582885742,2.7085890769958496,15.41854190826416,14.181028366088867,-1.237513542175293,15.4260835647583,14.20265007019043,-1.223433494567871,205.0,205.0,0.0,171.0,162.0,-9.0,155.0,144.0,-11.0,98.0,128.0,30.0,856.8686871528625,1149.7665843963623,292.89789724349976,765.7191090583801,1057.7068252563477,291.98771619796753,0.545779275134188,0.48203903528465775,-0.06374023984953026,0.8026133194931336,0.8147668064419084,0.012153486948774717,0.7674450302484241,0.7419324171903636,-0.025512613058060518,2.262029598679111,2.3357315388117517,0.07370194013264086,3.538227144781031,2.542154826803277,-0.9960723179777542,69.0,54.0,-15.0,25.0,35.0,10.0
6DNB_A,5,1,t060,high,not_tier2,411.0,411.0,0.0,1.562726691401498,2.007974225529209,0.4452475341277111,0.0,0.0,0.0,3.8911950635346364,4.546627331857324,0.6554322683226874,1.7856569290161133,1.5928421020507812,-0.19281482696533203,8.587432861328125,10.546201705932617,1.9587688446044922,10.593053340911865,14.02616262435913,3.4331092834472656,15.290616989135742,16.100374221801758,0.8097572326660156,15.313831329345703,16.100374221801758,0.7865428924560547,205.0,205.0,0.0,185.0,129.0,-56.0,143.0,124.0,-19.0,92.0,98.0,6.0,782.4571237564087,953.9818429946899,171.52471923828125,683.8825397491455,872.1416149139404,188.25907516479492,0.639871625307226,0.5978007311872177,-0.042070894120008306,0.7914900244488302,0.779084647395965,-0.012405377052865263,0.7842791939945757,0.7980150708244445,0.013735876829868765,2.320707777961537,2.643319436941937,0.3226116589803998,3.533902673450954,3.099528280563017,-0.4343743928879369,43.0,70.0,27.0,27.0,25.0,-2.0
6DNB_A,6,1,t060,high,not_tier2,411.0,411.0,0.0,2.1843516565587398,3.1733558891463454,0.9890042325876056,0.0,0.0,0.0,5.308760626887116,5.307174378231985,-0.0015862486551307953,1.8793044090270996,5.355854034423828,3.4765496253967285,13.812353134155273,14.294142723083496,0.48178958892822266,17.869853973388672,16.862905502319336,-1.006948471069336,18.038848876953125,18.161956787109375,0.12310791015625,18.061941146850586,18.18320655822754,0.12126541137695312,205.0,205.0,0.0,172.0,172.0,0.0,140.0,169.0,29.0,79.0,162.0,83.0,992.8576354980469,1349.425461769104,356.56782627105713,898.7974014282227,1259.3932132720947,360.59581184387207,0.7301641167464433,0.525076060469876,-0.20508805627656734,0.761904862300465,0.8195984365710169,0.057693574270551995,0.8130899939026532,0.7353358570852901,-0.0777541368173631,2.954644863320462,2.5794422111552104,-0.3752026521652514,2.990827917513762,2.8282188598599483,-0.16260905765381395,44.0,44.0,0.0,43.0,42.0,-1.0
6DNB_A,7,1,t060,high,not_tier2,411.0,411.0,0.0,2.4147333762361476,2.2582081750651635,-0.15652520117098412,0.0,0.0,0.0,5.043781838821507,5.130972448166092,0.08719060934458422,2.5006160736083984,2.006535053253174,-0.4940810203552246,14.187051773071289,9.15760326385498,-5.029448509216309,16.946741104125977,17.178192138671875,0.23145103454589844,17.12876319885254,17.8104305267334,0.6816673278808594,17.12876319885254,17.8104305267334,0.6816673278808594,205.0,205.0,0.0,156.0,166.0,10.0,121.0,143.0,22.0,113.0,103.0,-10.0,1022.0419101715088,1041.266830444336,19.22492027282715,934.7987537384033,948.958251953125,14.15949821472168,0.6778224894798687,0.6352391111780704,-0.04258337830179826,0.7698371584302247,0.7791059328807977,0.009268774450572947,0.8086134153849622,0.7991847701781756,-0.009428645206786657,2.8811729357598996,2.907827729408175,0.026654793648275277,2.917261351267001,3.0310477221967735,0.1137863709297724,44.0,62.0,18.0,42.0,33.0,-9.0
6DNT_A,0,2,t060,high,high,310.0,310.0,0.0,3.3495083347443613,1.5906288885301159,-1.7588794462142454,0.00032901763916015625,0.008194446563720703,0.007865428924560547,5.55394069607547,3.071003155191243,-2.482937540884227,9.605999946594238,2.3971521854400635,-7.208847761154175,12.00933237075806,7.504994249343872,-4.504338121414188,16.505272674560548,8.356206989288333,-8.149065685272214,16.505292892456055,8.81082335472107,-7.694469537734985,16.505292892456055,8.9068603515625,-7.598432540893555,155.0,155.0,0.0,111.0,123.0,12.0,97.0,105.0,8.0,97.0,85.0,-12.0,1096.3171548843384,567.9880065917969,-528.3291482925415,1031.3375205993652,497.67899227142334,-533.6585283279419,0.4201551212818182,0.4477808908551233,0.027625769573305092,0.8033382262188085,0.8078272725669222,0.004489046348113757,0.7298796904821876,0.7399434735049668,0.010063783022779216,2.368726109933497,2.203051497788806,-0.16567461214469104,2.3687297502128253,2.382358823261051,0.013629073048225582,82.0,61.0,-21.0,17.0,18.0,1.0
6DNT_A,1,2,t060,high,high,310.0,310.0,0.0,1.0518647486163724,1.8986942829624298,0.8468295343460575,0.010627269744873047,0.006061077117919922,-0.004566192626953125,3.1308557206027947,3.4910438266333057,0.360188106030511,2.0233633518218994,3.80477237701416,1.7814090251922607,3.5571896553039553,7.870727062225342,4.3135374069213865,8.015243244171142,9.774663162231446,1.7594199180603045,12.032306671142578,11.113754949569708,-0.9185517215728698,12.032306671142578,12.51578426361084,0.4834775924682617,155.0,155.0,0.0,125.0,121.0,-4.0,101.0,120.0,19.0,79.0,120.0,41.0,467.6645493507385,684.3036952018738,216.63914585113525,398.0979142189026,617.6702847480774,219.5723705291748,0.5798832490370297,0.43644872394219114,-0.14343452509483856,0.7867400109159108,0.81973282843386,0.032992817517949136,0.7735833994454524,0.7177309063489388,-0.055852493096513633,2.2241135066467024,2.2560498436550556,0.03193633700835319,3.507169573566968,3.0412365206217773,-0.4659330529451906,23.0,59.0,36.0,23.0,22.0,-1.0
6DNT_A,2,2,t060,high,high,310.0,310.0,0.0,1.642197238245318,0.8836614547237274,-0.7585357835215907,0.0071964263916015625,3.24249267578125e-05,-0.00716400146484375,4.600172871415821,3.8787342080026828,-0.7214386634131382,1.4935407638549805,3.3473416566848755,1.853800892829895,5.005376148223884,6.922290182113649,1.916914033889765,17.57592430114746,10.714976263046264,-6.860948038101196,17.576353073120117,10.71558666229248,-6.860766410827637,17.576353073120117,10.71558666229248,-6.860766410827637,155.0,155.0,0.0,135.0,123.0,-12.0,120.0,104.0,-16.0,76.0,89.0,13.0,663.4365086555481,591.4227113723755,-72.01379728317261,589.3774266242981,525.2783946990967,-64.09903192520142,0.6366438163239792,0.4892153098659523,-0.14742850645802685,0.7748331385552034,0.8006592803902821,0.025826141835078698,0.7894776875662826,0.753133239211969,-0.03634444835431361,3.4637235400238624,2.534670921260439,-0.9290526187634236,3.4638167478194477,2.5348282919936422,-0.9289884558258055,27.0,57.0,30.0,22.0,18.0,-4.0
6DNT_A,3,2,t060,high,high,310.0,310.0,0.0,1.0382910759218278,1.9359820811979231,0.8976910052760954,0.010975837707519531,0.000553131103515625,-0.010422706604003906,2.7830347668722126,4.1434216693829,1.3603869025106876,1.3061037063598633,3.0989561080932617,1.7928524017333984,5.160192584991455,5.9878661155700685,0.8276735305786138,9.848105239868165,16.549306869506836,6.701201629638671,9.848902702331543,16.549375534057617,6.700472831726074,9.84890365600586,16.549375534057617,6.700471878051758,155.0,155.0,0.0,127.0,130.0,3.0,99.0,118.0,19.0,66.0,91.0,25.0,434.69749641418457,653.3042187690735,218.60672235488892,364.81939792633057,585.6900973320007,220.87069940567017,0.5602981379909613,0.582699456460023,0.022401318469061682,0.7889039624366766,0.7819526856849598,-0.006951276751716806,0.774074467934843,0.7783706550085496,0.004296187073706603,3.1655422594118288,3.526873669723638,0.36133141031180926,3.165829146283383,3.5268902416673744,0.3610610953839912,47.0,19.0,-28.0,17.0,19.0,2.0
6DNT_A,4,2,t060,high,high,310.0,310.0,0.0,1.1399234433327952,2.0680114792239284,0.9280880358911332,0.0007076263427734375,0.0011806488037109375,0.0004730224609375,2.1452642249108465,4.531074169367041,2.385809944456194,0.939939022064209,3.640381336212158,2.700442314147949,5.028706169128418,7.529351282119751,2.500645112991333,5.036632537841797,16.02801342010498,10.991380882263183,5.511030063629156,16.02876853942871,10.517738475799554,6.9116668701171875,16.02876853942871,9.117101669311523,155.0,155.0,0.0,111.0,142.0,31.0,77.0,122.0,45.0,73.0,111.0,38.0,402.80095291137695,797.8578066825867,395.0568537712097,335.3453617095947,726.2264113426208,390.8810496330261,0.39907207613829826,0.49954583415847187,0.10047375802017361,0.8057551898713201,0.8116480907729081,0.005892900901588005,0.7279067116432589,0.7372817704821653,0.009375058838906325,1.8164238461912274,3.0809475676340927,1.2645237214428653,2.6904580609524946,3.0811142211240834,0.3906561601715888,72.0,44.0,-28.0,4.0,21.0,17.0
6DNT_A,5,2,t060,high,high,310.0,310.0,0.0,2.882338310057117,3.263331176388648,0.38099286633153095,0.016886234283447266,0.0004773139953613281,-0.016408920288085938,4.863925239869761,6.250390460224511,1.3864652203547498,3.6543161869049072,5.426339149475098,1.7720229625701904,11.279177951812747,15.908244895935065,4.629066944122318,15.762940216064454,19.14375581741333,3.380815601348875,15.763010025024414,19.14966583251953,3.386655807495117,15.763010025024414,19.14966583251953,3.386655807495117,155.0,155.0,0.0,137.0,128.0,-9.0,125.0,112.0,-13.0,125.0,102.0,-23.0,965.970959186554,1150.1856145858765,184.2146553993225,891.0877823829651,1078.7243518829346,187.63656949996948,0.4554017124859667,0.48109067571946357,0.025688963233496842,0.8204168787081825,0.803014013008641,-0.017402865699541525,0.7223007714223766,0.7479699451080051,0.025669173685628488,2.6481907658498947,2.540709215221454,-0.10748155062844056,2.648205118241537,2.541654758566916,-0.10655035967462112,50.0,47.0,-3.0,21.0,32.0,11.0
6DNT_A,6,2,t060,high,high,310.0,310.0,0.0,2.1686957282404746,2.2766423932967648,0.10794666505629014,0.0006551742553710938,0.00751495361328125,0.006859779357910156,4.76104992934705,4.438474504432906,-0.3225754249141435,2.607973098754883,3.2088921070098877,0.6009190082550049,8.542428207397464,8.976669311523438,0.4342411041259737,17.525510597229005,15.339355039596558,-2.1861555576324463,17.525793075561523,15.339366912841797,-2.1864261627197266,17.525793075561523,15.339366912841797,-2.1864261627197266,155.0,155.0,0.0,135.0,124.0,-11.0,119.0,102.0,-17.0,93.0,99.0,6.0,782.8699278831482,777.9566955566406,-4.913232326507568,713.0038599967957,703.8081703186035,-9.195689678192139,0.5638025806518062,0.5167002448995444,-0.04710233575226186,0.7913051681289629,0.7948943462584842,0.0035891781295213088,0.7708977259026988,0.7635765259304681,-0.007321199972230685,3.225510149416691,2.943063575841985,-0.2824465735747057,3.2255694805173327,2.9430662509154204,-0.2825032296019123,45.0,57.0,12.0,19.0,20.0,1.0
6DNT_A,7,2,t060,high,high,310.0,310.0,0.0,0.8883974321426884,1.0035835435313563,0.11518611138866786,0.009693145751953125,0.00024127960205078125,-0.009451866149902344,2.403160210887074,3.4560937908829468,1.0529335799958726,2.4184532165527344,1.2066707611083984,-1.211782455444336,5.6004313945770265,4.311830711364746,-1.2886006832122803,6.062321424484254,13.232701921463013,7.170380496978759,7.402065134048468,13.232961654663086,5.830896520614618,8.75511646270752,13.232961654663086,4.477845191955566,155.0,155.0,0.0,131.0,91.0,-40.0,98.0,84.0,-14.0,90.0,59.0,-31.0,410.88757705688477,454.85978746414185,43.97221040725708,339.08734798431396,390.6760354042053,51.58868741989136,0.47828314642066827,0.6767347931450225,0.19845164672435422,0.8142366260088814,0.7495214613710843,-0.06471516463779703,0.7329090464856065,0.8213465811484524,0.08843753466284587,2.1529667347611934,3.538422021471651,1.3854552867104575,3.2734892142962884,3.538497173714555,0.2650079594182668,43.0,26.0,-17.0,22.0,17.0,-5.0
6HGM_A,0,1,t060,high,not_tier2,330.0,330.0,0.0,1.5114190491763029,1.3864421714435924,-0.12497687773271049,0.000823974609375,0.11436653137207031,0.11354255676269531,3.5368413656918656,2.5141064217121483,-1.0227349439797173,1.9162869453430176,2.5942325592041016,0.677945613861084,7.047699594497681,5.620109558105469,-1.4275900363922123,7.457428121566781,5.6551474094390874,-1.8022807121276934,15.051781587600704,6.743602504730223,-8.308179082870481,16.50166893005371,8.082072257995605,-8.419596672058105,165.0,165.0,0.0,118.0,133.0,15.0,98.0,127.0,29.0,69.0,97.0,28.0,549.6013016700745,548.4003109931946,-1.2009906768798828,484.7420039176941,470.92002630233765,-13.821977615356445,0.6442554256554592,0.36088483828415624,-0.283370587371303,0.7611767603606793,0.8336890059053791,0.07251224554469982,0.8112978329870519,0.6904146844558994,-0.12088314853115256,1.681163630935802,1.6979015689751253,0.01673793803932333,4.238315584715251,2.6632246068534275,-1.5750909778618238,34.0,76.0,42.0,16.0,6.0,-10.0
6HGM_A,1,1,t060,high,not_tier2,330.0,330.0,0.0,2.1171641609885476,0.9464118321736653,-1.1707523288148822,0.000316619873046875,0.0015873908996582031,0.0012707710266113281,3.833190644477694,2.0601130587767575,-1.7730775857009364,3.7312474250793457,2.340580701828003,-1.3906667232513428,8.785869884490968,3.260502052307135,-5.525367832183832,11.381009292602542,5.443835592269937,-5.937173700332605,11.501384735107422,8.12697383880615,-3.3744108963012724,11.501386642456055,9.09400463104248,-2.407382011413574,165.0,165.0,0.0,127.0,121.0,-6.0,116.0,110.0,-6.0,106.0,88.0,-18.0,758.8011150360107,386.1353950500488,-372.6657199859619,690.3358640670776,315.38065338134766,-374.95521068573,0.4881785920393865,0.48524454556938634,-0.0029340464700001734,0.8028837122855174,0.8125148841080652,0.009631171822547802,0.7497031144127586,0.732606505804277,-0.01709660860848161,2.4167452106667326,2.1830956029018753,-0.23364960776485733,2.4481491665401345,3.9549250776103757,1.5067759110702412,57.0,34.0,-23.0,31.0,17.0,-14.0
6HGM_A,2,1,t060,high,not_tier2,330.0,330.0,0.0,2.8586801268837667,3.944952204733184,1.0862720778494173,0.000110626220703125,0.0016660690307617188,0.0015554428100585938,5.3450725221876505,6.457985389265442,1.1129128670777915,5.104607105255127,5.702061891555786,0.5974547863006592,9.050837802886965,18.333234786987305,9.28239698410034,18.580929851531987,18.33729362487793,-0.2436362266540577,20.099971771240234,19.499401092529297,-0.6005706787109375,20.099971771240234,19.499401092529297,-0.6005706787109375,165.0,165.0,0.0,147.0,161.0,14.0,127.0,149.0,22.0,105.0,141.0,36.0,1005.6611804962158,1350.0457372665405,344.3845567703247,929.0836343765259,1269.4133005142212,340.3296661376953,0.5181074020749716,0.4609418513614164,-0.057165550713555224,0.7989908811495999,0.8188288507032292,0.019837969553629264,0.7599536019600319,0.7283867011123266,-0.031566900847705304,2.941447409625298,2.228611641653434,-0.712835767971864,3.2256422289476983,2.408560557236773,-0.817081671710925,50.0,49.0,-1.0,19.0,42.0,23.0
6HGM_A,3,1,t060,high,not_tier2,330.0,330.0,0.0,1.4460290995511142,1.3975928508874143,-0.0484362486637,0.006514549255371094,0.021042823791503906,0.014528274536132812,2.3024989569362244,4.686120810993979,2.383621854057755,3.5038535594940186,1.5327553749084473,-1.9710981845855713,5.460193252563476,10.628073120117188,5.167879867553712,5.8740747451782225,14.659334421157864,8.785259675979642,5.8748626708984375,15.800483703613281,9.925621032714844,6.807332992553711,15.800483703613281,8.99315071105957,165.0,165.0,0.0,120.0,144.0,24.0,99.0,130.0,31.0,89.0,68.0,-21.0,494.3983793258667,710.6939382553101,216.29555892944336,426.8569507598877,631.3984241485596,204.54147338867188,0.3843217839632213,0.6250143698152986,0.24069258585207726,0.8101783803451775,0.7757574570781877,-0.03442092326698987,0.7208635663168432,0.7910614704651704,0.07019790414832716,1.9231477314192584,2.830004198602273,0.9068564671830146,2.328471800975976,3.0735210280826823,0.7450492271067062,77.0,42.0,-35.0,2.0,19.0,17.0
6HGM_A,4,1,t060,high,not_tier2,330.0,330.0,0.0,3.0095165050390995,1.672485114588882,-1.3370313904502176,0.016772747039794922,0.0037240982055664062,-0.013048648834228516,5.197848241442312,3.745466567700756,-1.4523816737415558,5.383150100708008,0.9663295745849609,-4.416820526123047,13.013579177856448,10.06007137298584,-2.9535078048706076,14.061716270446786,12.973310279846197,-1.088405990600588,16.498281478881836,13.507661819458008,-2.990619659423828,16.498281478881836,13.507661819458008,-2.990619659423828,165.0,165.0,0.0,156.0,119.0,-37.0,148.0,79.0,-69.0,112.0,69.0,-43.0,1084.3315744400024,579.9421281814575,-504.3894462585449,1003.9356880187988,511.35974407196045,-492.5759439468384,0.44747798417061946,0.6962713337492875,0.24879334957866805,0.8199138110379741,0.7526615173881598,-0.06725229364981433,0.727720795692915,0.8187828627507237,0.09106206705780862,2.1263028953575014,3.0172009176935717,0.8908980223360703,2.5950671022476484,3.1598671329575985,0.5648000307099501,55.0,37.0,-18.0,19.0,34.0,15.0
6HGM_A,5,1,t060,high,not_tier2,330.0,330.0,0.0,2.3866802923607104,1.726939483122392,-0.6597408092383183,0.007025718688964844,0.0021448135375976562,-0.0048809051513671875,4.550573254462832,3.345674096357698,-1.204899158105134,4.770026206970215,2.4081532955169678,-2.361872911453247,6.494858789443972,5.926828050613405,-0.5680307388305676,17.292179107666023,9.270641326904297,-8.021537780761726,17.929719924926758,11.847019872665406,-6.082700052261352,17.929719924926758,11.847020149230957,-6.082699775695801,165.0,165.0,0.0,138.0,153.0,15.0,136.0,141.0,5.0,108.0,93.0,-15.0,857.311830997467,665.5770754814148,-191.73475551605225,782.3628764152527,587.9362263679504,-194.42665004730225,0.5099117561914853,0.4911114861286241,-0.018800270062861224,0.8068846584846749,0.8207931649714341,0.01390850648675912,0.7426341032254669,0.7268412839840335,-0.015792819241433387,3.2755211226821177,2.254762904729553,-1.0207582179525647,3.4156223322682915,3.024825603045405,-0.39079672922288644,28.0,59.0,31.0,19.0,29.0,10.0
6HGM_A,6,1,t060,high,not_tier2,330.0,330.0,0.0,3.0321123469959606,2.4592989704825663,-0.5728133765133943,0.0026531219482421875,0.0009860992431640625,-0.001667022705078125,5.644354350073006,5.086617168789402,-0.5577371812836036,5.788220763206482,3.177752733230591,-2.610468029975891,14.34198408126832,8.018010807037356,-6.323973274230964,16.921872520446783,18.632993412017832,1.7111208915710492,18.758468627929688,19.44865608215332,0.6901874542236328,18.758468627929688,19.44865608215332,0.6901874542236328,165.0,165.0,0.0,155.0,150.0,-5.0,155.0,136.0,-19.0,123.0,102.0,-21.0,1133.345341682434,902.6679663658142,-230.67737531661987,1054.2888584136963,824.6765933036804,-229.61226511001587,0.4991906802996612,0.5585195276877768,0.05932884738811561,0.8194984276374228,0.7965823137885879,-0.02291611384883485,0.7296728925366156,0.7664256039893915,0.03675271145277592,2.460823561382387,3.1796563226291608,0.718832761246774,2.786209955214863,3.340010963654684,0.5538010084398208,41.0,43.0,2.0,33.0,22.0,-11.0
6HGM_A,7,1,t060,high,not_tier2,330.0,330.0,0.0,1.7986982576774828,1.7687044533816252,-0.02999380429585763,0.0009274482727050781,0.00048160552978515625,-0.0004458427429199219,4.514561531537509,3.832127722190374,-0.6824338093471347,2.2914071083068848,2.2522268295288086,-0.03918027877807617,9.16850471496582,5.7055871963501,-3.46291751861572,13.187107181549132,11.892954444885298,-1.2941527366638343,17.548933029174805,15.402393341064453,-2.1465396881103516,17.548933029174805,15.402393341064453,-2.1465396881103516,165.0,165.0,0.0,152.0,122.0,-30.0,117.0,96.0,-21.0,91.0,85.0,-6.0,735.389949798584,629.1833500862122,-106.20659971237183,656.0911827087402,562.4957804679871,-93.59540224075317,0.6032697986492374,0.6056102879826988,0.0023404893334614263,0.786678432464637,0.7702951410984312,-0.016383291366205754,0.7801706515455233,0.8002222144463407,0.020051562900817332,2.522594684847088,2.6419396026072004,0.11934491776011225,3.488762897896159,3.557733425411526,0.0689705275153667,38.0,35.0,-3.0,17.0,23.0,6.0
6HJS_B,0,2,t060,low_or_equal,low_or_equal,236.0,236.0,0.0,2.226454219575656,2.4745297128871337,0.24807549331147793,0.0006146430969238281,0.012742996215820312,0.012128353118896484,3.8864433895197275,4.957894107751183,1.0714507182314552,3.987436056137085,1.1051380634307861,-2.882297992706299,8.961166858673096,12.308611392974854,3.347444534301758,10.701661109924316,14.146308898925781,3.444647789001465,10.702191352844238,14.146585464477539,3.444394111633301,10.702191352844238,14.146585464477539,3.444394111633301,118.0,118.0,0.0,104.0,83.0,-21.0,98.0,64.0,-34.0,85.0,51.0,-34.0,606.3168892860413,624.5729508399963,18.256061553955078,550.962972164154,576.5696444511414,25.606672286987305,0.3976775108351659,0.5329029823175238,0.13522547148235786,0.8195341397495847,0.7530867232763699,-0.06644741647321473,0.7013163426732214,0.7886733145923932,0.0873569719191718,2.1807102383642327,2.3541808139449696,0.17347057558073686,2.1808466723391495,2.3542365968128056,0.1733899244736561,58.0,44.0,-14.0,15.0,24.0,9.0
6HJS_B,1,2,t060,low_or_equal,low_or_equal,236.0,236.0,0.0,1.781611527426768,0.6399640430838375,-1.1416474843429305,0.001041412353515625,5.435943603515625e-05,-0.0009870529174804688,3.5570390348545797,1.445604999297457,-2.1114340355571226,1.5403144359588623,0.691335916519165,-0.8489785194396973,9.805798053741455,2.93296480178833,-6.872833251953125,10.96524429321289,4.633861064910889,-6.331383228302002,10.965518474578857,4.634828662872314,-6.330689811706543,10.965652465820312,4.634870529174805,-6.330781936645508,118.0,118.0,0.0,93.0,82.0,-11.0,73.0,43.0,-30.0,50.0,30.0,-20.0,456.3203067779541,174.80687522888184,-281.51343154907227,404.1448621749878,130.3494348526001,-273.7954273223877,0.5704850595561812,0.6238649062385709,0.05337984668238971,0.7717414792179459,0.7666479694380028,-0.005093509779943051,0.7788821405924575,0.7853885406435841,0.006506400051126571,2.5818195065609033,2.762785839678216,0.18096633311731258,2.581934257229485,2.763484138497331,0.18154988126784577,41.0,30.0,-11.0,25.0,23.0,-2.0
6HJS_B,2,2,t060,low_or_equal,low_or_equal,236.0,236.0,0.0,3.178010704153675,1.2482932866629908,-1.9297174174906842,0.002574443817138672,0.000110626220703125,-0.002463817596435547,5.551183383615627,3.469808374630856,-2.081375008984771,6.55729341506958,0.65317702293396,-5.90411639213562,11.59765625,1.6046900749206543,-9.992966175079346,17.233454704284668,12.437081575393677,-4.796373128890991,17.233457565307617,12.437089872360229,-4.796367692947388,17.233457565307617,12.437090873718262,-4.7963666915893555,118.0,118.0,0.0,106.0,79.0,-27.0,93.0,44.0,-49.0,78.0,23.0,-55.0,814.263662815094,324.91093730926514,-489.35272550582886,759.3598828315735,275.8771514892578,-483.4827313423157,0.45423553531753696,0.8092082835047449,0.354972748187208,0.8001216154157453,0.7005341270541773,-0.09958748836156806,0.7356380977797612,0.8421155810368748,0.10647748325711359,2.5319725595115044,3.2246127395784594,0.692640180066955,2.5319730749012423,3.224615419358891,0.6926423444576488,45.0,20.0,-25.0,17.0,20.0,3.0
6HJS_B,3,2,t060,low_or_equal,low_or_equal,236.0,236.0,0.0,1.663786409264904,1.9574403641587597,0.2936539548938557,0.029949665069580078,0.0003185272216796875,-0.02963113784790039,3.418522496396269,3.7942575885153307,0.37573509211906186,3.2521917819976807,1.9553985595703125,-1.2967932224273682,6.11569881439209,8.555819034576416,2.440120220184326,11.53771448135376,12.780952453613281,1.2432379722595215,11.537718772888184,12.780960083007812,1.243241310119629,11.537718772888184,12.780960083007812,1.243241310119629,118.0,118.0,0.0,105.0,80.0,-25.0,88.0,66.0,-22.0,71.0,59.0,-12.0,469.5824074745178,482.0843324661255,12.501924991607666,413.7986512184143,436.45677947998047,22.658128261566162,0.4977017694971876,0.5770397897546851,0.07933802025749748,0.8030218929025981,0.7627347252118151,-0.040287167690783,0.7363761660978094,0.7897215377760141,0.053345371678204634,2.888361297167924,2.85260339788625,-0.03575789928167383,2.8883625525448964,2.852605408660256,-0.03575714388464046,36.0,30.0,-6.0,16.0,17.0,1.0
6HJS_B,4,2,t060,low_or_equal,low_or_equal,236.0,236.0,0.0,1.6305783502126143,3.194931573786978,1.5643532235743636,1.621246337890625e-05,0.0006322860717773438,0.0006160736083984375,3.858549013593135,5.6280506101017584,1.7695015965086234,0.3073005676269531,6.090872645378113,5.78357207775116,11.163305282592773,12.542398452758789,1.3790931701660156,11.953935861587524,16.751803398132324,4.7978675365448,11.996599674224854,16.75218257904053,4.755582904815675,11.996603012084961,16.752199172973633,4.755596160888672,118.0,118.0,0.0,54.0,71.0,17.0,50.0,70.0,20.0,47.0,70.0,23.0,429.1988673210144,780.9052443504333,351.70637702941895,392.5841717720032,738.1501870155334,345.5660152435303,0.660120938776677,0.4915374805029853,-0.1685834582736917,0.7208000427039588,0.771698078935892,0.05089803623193323,0.8245535160206365,0.7642567148074317,-0.0602968012132048,2.6754506616365754,2.4088041781309126,-0.2666464835056628,2.6865084842396127,2.408874499965012,-0.27763398427460073,26.0,43.0,17.0,25.0,20.0,-5.0
6HJS_B,5,2,t060,low_or_equal,low_or_equal,236.0,236.0,0.0,1.297938902499312,0.8911239070407415,-0.40681499545857047,0.0020203590393066406,0.0028362274169921875,0.0008158683776855469,3.5424760721892046,2.0206274053451896,-1.521848666844015,0.368985652923584,1.0857048034667969,0.7167191505432129,7.054118394851685,4.6918816566467285,-2.362236738204956,12.462779998779297,6.90070378780365,-5.562076210975647,12.462799072265625,6.948143410682678,-5.514655661582947,12.462799072265625,6.948177337646484,-5.514621734619141,118.0,118.0,0.0,47.0,89.0,42.0,46.0,69.0,23.0,45.0,25.0,-20.0,367.304416179657,241.68425607681274,-125.62016010284424,327.1451029777527,192.55645418167114,-134.58864879608154,0.7026895918647683,0.6435018099812488,-0.059187781883519475,0.7166556349095692,0.7703867471837541,0.05373111227418492,0.8348792409653811,0.7787350005068987,-0.05614424045848243,3.151705436751266,2.9741157943645105,-0.17758964238675556,3.151710820975729,2.9976102544105596,-0.15410056656516957,25.0,25.0,0.0,17.0,23.0,6.0
6HJS_B,6,2,t060,low_or_equal,low_or_equal,236.0,236.0,0.0,1.1685090954020871,2.193232299917835,1.024723204515748,0.00049591064453125,0.0010099411010742188,0.0005140304565429688,2.795401374433511,4.151385176621398,1.355983802187887,1.3808763027191162,1.025118350982666,-0.3557579517364502,3.108189105987549,9.134667873382568,6.0264787673950195,10.397848129272461,12.929579257965088,2.531731128692627,10.397870683670044,12.929580688476562,2.531710004806518,10.397871017456055,12.929580688476562,2.531709671020508,118.0,118.0,0.0,96.0,79.0,-17.0,70.0,59.0,-11.0,44.0,56.0,12.0,316.4106559753418,534.5116333961487,218.10097742080688,265.240309715271,488.3516411781311,223.1113314628601,0.6341244012383845,0.5343410303544797,-0.09978337088390488,0.7600364243554582,0.7577581403767707,-0.0022782839786874565,0.792372645239118,0.788092342265881,-0.004280302973237005,3.3016149731774043,2.586208338004671,-0.7154066351727333,3.301623160976052,2.586208682591216,-0.7154144783848357,18.0,45.0,27.0,17.0,18.0,1.0
6HJS_B,7,2,t060,low_or_equal,low_or_equal,236.0,236.0,0.0,2.603886137574406,0.5002868135096663,-2.1035993240647395,0.01179361343383789,0.010065078735351562,-0.0017285346984863281,4.769793723232115,1.2738856506684264,-3.4959080725636884,3.8637404441833496,1.2152431011199951,-2.6484973430633545,8.69010305404663,2.2925710678100586,-6.397531986236572,15.86380910873413,3.8441386222839355,-12.019670486450195,15.863853454589844,3.8513321399688722,-12.012521314620972,15.863853454589844,3.8514633178710938,-12.01239013671875,118.0,118.0,0.0,92.0,83.0,-9.0,91.0,60.0,-31.0,91.0,38.0,-53.0,678.155978679657,169.40195846557617,-508.7540202140808,629.3991122245789,120.99566650390625,-508.4034457206726,0.4775563735575727,0.4665958490043181,-0.01096052455325458,0.7960088145637646,0.8038926256061409,0.007883811042376343,0.7404265686963529,0.7333945904701418,-0.007031978226211155,2.7799782842966456,2.624923050997318,-0.1550552332993278,2.7799875815237978,2.6306729356775596,-0.14931464584623821,44.0,38.0,-6.0,16.0,15.0,-1.0
6K82_B,0,2,t060,high,high,282.0,282.0,0.0,3.0602144704642873,2.626756255508315,-0.4334582149559725,0.011720657348632812,0.0007171630859375,-0.011003494262695312,4.856701848376092,5.261870880495028,0.40516903211893585,6.228610277175903,2.1988794803619385,-4.029730796813965,10.587464237213135,13.927801704406738,3.340337467193603,14.664355373382568,13.928730010986328,-0.7356253623962399,14.871513366699219,17.798032760620117,2.9265193939208984,14.871513366699219,17.798032760620117,2.9265193939208984,141.0,141.0,0.0,124.0,112.0,-12.0,119.0,92.0,-27.0,119.0,88.0,-31.0,959.7438683509827,782.0359783172607,-177.70789003372192,894.7913327217102,723.8634605407715,-170.92787218093872,0.40343577480123793,0.580832572252097,0.177396797450859,0.8344843440395969,0.767412506994769,-0.06707183704482789,0.6800735483047016,0.7926509083951656,0.11257736009046404,2.3893047720848437,2.147900245399929,-0.24140452668491452,2.43195881999308,2.8832475843049408,0.4512887643118608,53.0,44.0,-9.0,19.0,36.0,17.0
6K82_B,1,2,t060,high,high,282.0,282.0,0.0,1.954387160903173,1.7498668981782088,-0.20452026272496426,0.06165742874145508,0.001117706298828125,-0.06053972244262695,4.719053791601776,4.684127839887802,-0.034925951713973724,4.173581600189209,3.6615512371063232,-0.5120303630828857,9.673557090759278,6.056048154830933,-3.6175089359283454,14.716917037963867,17.20950307846069,2.492586040496821,14.781306810379029,17.25461030960083,2.473303499221803,14.831323623657227,17.28559684753418,2.454273223876953,141.0,141.0,0.0,129.0,125.0,-4.0,110.0,109.0,-1.0,92.0,83.0,-9.0,751.1044435501099,666.4700956344604,-84.63434791564941,684.6866645812988,602.0392169952393,-82.64744758605957,0.48205589858784575,0.5576035374001423,0.07554763881229659,0.8090585813250071,0.7879072305824798,-0.021151350742527275,0.7374533253142075,0.766134007041481,0.02868068172727356,2.7044679803763674,3.3004300285392687,0.5959620481629013,2.7287115238377626,3.3166750525169473,0.5879635286791847,54.0,19.0,-35.0,16.0,18.0,2.0
6K82_B,2,2,t060,high,high,282.0,282.0,0.0,2.8201567281222513,2.593651659945224,-0.2265050681770271,0.0036211013793945312,0.0030279159545898438,-0.0005931854248046875,5.122595335423445,5.5009124345928,0.3783170991693554,3.0809316635131836,3.0873265266418457,0.006394863128662109,10.462069129943847,13.428771018981934,2.9667018890380863,16.657318115234375,17.331469345092767,0.674151229858392,16.65732192993164,18.080429458618163,1.423107528686522,16.65732192993164,18.126197814941406,1.4688758850097656,141.0,141.0,0.0,132.0,133.0,1.0,127.0,109.0,-18.0,122.0,87.0,-35.0,864.5474762916565,852.6757955551147,-11.871680736541748,798.3412775993347,784.3188648223877,-14.022412776947021,0.5228334916035978,0.5436746577511375,0.020841166147539725,0.8094406624264419,0.791960706193662,-0.01747995623277987,0.734029471055551,0.7645650574529805,0.03053558639742948,2.701201340544366,2.679158750549807,-0.02204258999455888,2.7012020852249456,2.8236308684571823,0.1224287832322366,39.0,40.0,1.0,24.0,17.0,-7.0
6K82_B,3,2,t060,high,high,282.0,282.0,0.0,2.61434649913869,3.0422935164566582,0.427947017317968,7.677078247070312e-05,0.0021195411682128906,0.0020427703857421875,5.117241753764631,6.273366476319595,1.1561247225549636,3.6053922176361084,6.3139119148254395,2.708519697189331,12.980698394775391,14.900239944458008,1.9195415496826165,15.42052130699157,16.597812747955302,1.1772914409637316,15.527078628540039,16.843727111816406,1.3166484832763672,15.532392501831055,16.84372901916504,1.3113365173339844,141.0,141.0,0.0,90.0,132.0,42.0,88.0,131.0,43.0,88.0,112.0,24.0,818.9843640327454,1130.2754406929016,311.29107666015625,761.7916731834412,1063.3387293815613,301.5470561981201,0.5080804501499978,0.40790251283923334,-0.10017793731076446,0.7821845021535583,0.832047907039439,0.0498634048858807,0.7682145232711108,0.6894210820905176,-0.07879344118059328,2.50255419307319,2.160804614662219,-0.34174957841097076,2.5244158131065175,2.200004663334333,-0.32441114977218444,56.0,63.0,7.0,32.0,15.0,-17.0
6K82_B,4,2,t060,high,high,282.0,282.0,0.0,1.5685049286970856,4.899354322582272,3.3308493938851864,0.0003104209899902344,0.009189605712890625,0.00887918472290039,3.837020768584902,6.864786284000771,3.027765515415869,4.304755210876465,9.781185150146484,5.4764299392700195,8.807048225402832,19.046078872680663,10.239030647277831,11.556414794921842,19.36335744857788,7.806942653656037,11.700115203857422,19.498449325561523,7.798334121704102,11.700225830078125,19.498449325561523,7.798223495483398,141.0,141.0,0.0,112.0,134.0,22.0,108.0,130.0,22.0,88.0,120.0,32.0,610.7359981536865,1446.0605945587158,835.3245964050293,549.7280626296997,1378.1964044570923,828.4683418273926,0.48969788575823747,0.38661061120395035,-0.10308727455428712,0.8053210054898243,0.8402746469470327,0.03495364145720836,0.7399493936667618,0.6676685098462134,-0.07228088382054842,2.6030377390707504,2.1069852035606327,-0.49605253551011774,2.6405176079142336,2.1266641668079656,-0.5138534411062681,49.0,60.0,11.0,15.0,31.0,16.0
6K82_B,5,2,t060,high,high,282.0,282.0,0.0,2.1745529614441783,1.6597881317138672,-0.5147648297303111,1.430511474609375e-06,0.0010175704956054688,0.0010161399841308594,6.292280818166174,4.360397395569552,-1.9318834225966217,5.875474452972412,1.4966411590576172,-4.378833293914795,16.659024620056154,8.251299381256121,-8.407725238800033,16.798858833312988,15.994950866699217,-0.803907966613771,17.253857040405272,16.03019470214844,-1.2236623382568332,17.29962730407715,16.06395721435547,-1.2356700897216797,141.0,141.0,0.0,120.0,123.0,3.0,117.0,92.0,-25.0,105.0,67.0,-38.0,958.7097454071045,599.8995580673218,-358.8101873397827,895.0126991271973,534.6171770095825,-360.39552211761475,0.5124315202003963,0.6209246371646099,0.1084931169642136,0.8062347097190138,0.7744166032459843,-0.03181810647302952,0.7366180719320115,0.7889164734567371,0.052298401524725646,2.3241661163067615,3.2875817120592745,0.963415595752513,2.40375068750365,3.3034074135713354,0.8996567260676853,35.0,29.0,-6.0,32.0,17.0,-15.0
6K82_B,6,2,t060,high,high,282.0,282.0,0.0,1.8876177469889324,2.208595395933652,0.3209776489447196,0.0009603500366210938,0.0015211105346679688,0.000560760498046875,4.625738911981577,4.411726546254556,-0.21401236572702054,3.4973223209381104,4.328136444091797,0.8308141231536865,10.269941329956055,9.650370502471924,-0.6195708274841305,14.054629850387574,12.375508022308349,-1.679121828079225,14.054722194671632,12.392333984375,-1.6623882102966316,14.054723739624023,12.392333984375,-1.6623897552490234,141.0,141.0,0.0,94.0,121.0,27.0,91.0,99.0,8.0,81.0,81.0,0.0,676.40793800354,736.9207167625427,60.512778759002686,618.9409027099609,672.8876490592957,53.94674634933472,0.5720899024036329,0.4541384136271738,-0.11795148877645911,0.77598632197086,0.8020337527481805,0.026047430777320413,0.780507569826143,0.7406476212643018,-0.03985994856184116,2.6302850928061847,2.304520128294476,-0.32576496451170867,2.6303053899388673,2.3083340460181248,-0.32197134392074256,37.0,55.0,18.0,24.0,19.0,-5.0
6K82_B,7,2,t060,high,high,282.0,282.0,0.0,3.283139514584913,1.2251175751922825,-2.0580219393926305,0.00048065185546875,0.0002803802490234375,-0.0002002716064453125,6.203496476052701,3.5984848985311397,-2.605011577521561,4.745510816574097,1.9230599403381348,-2.822450876235962,16.46734857559205,8.873670005798342,-7.59367856979371,18.585148048400878,10.825499963760363,-7.759648084640515,18.62638246536255,10.924919414520264,-7.701463050842285,18.655471801757812,10.9714937210083,-7.683978080749512,141.0,141.0,0.0,122.0,114.0,-8.0,120.0,111.0,-9.0,86.0,70.0,-16.0,1039.6612210273743,522.6108827590942,-517.05033826828,975.8301939964294,463.5592555999756,-512.2709383964539,0.4943768356418588,0.5532365474789654,0.05885971183710664,0.7996513457638329,0.7925424768090215,-0.0071088689548114425,0.7487357482827899,0.7572038642630716,0.008468115980281743,2.466674816836951,2.66789570035068,0.20122088351372902,2.478010964705883,2.708466596537442,0.23045563183155915,46.0,39.0,-7.0,29.0,31.0,2.0
6K8P_C,0,2,t060,high,high,294.0,294.0,0.0,3.056133760075991,3.1035844111929136,0.04745065111692259,0.012210845947265625,3.719329833984375e-05,-0.012173652648925781,5.9775028232153895,5.9182129023368,-0.059289920878589086,5.178465366363525,2.992441177368164,-2.1860241889953613,14.155339241027832,15.289760589599608,1.1344213485717756,18.333108139038085,20.153008747100827,1.819900608062742,19.79361915588379,20.269865036010742,0.4762458801269531,19.79361915588379,20.269865036010742,0.4762458801269531,147.0,147.0,0.0,97.0,108.0,11.0,87.0,102.0,15.0,80.0,98.0,18.0,946.6112012863159,953.9807343482971,7.369533061981201,883.4498329162598,894.4789595603943,11.029126644134521,0.5554416894612297,0.5800117457760527,0.024570056314823008,0.7698692109707248,0.7782699486752123,0.00840073770448746,0.789776127922992,0.7824744652345286,-0.0073016626884634395,2.5557452385684325,2.880839979443113,0.3250947408746807,2.8000798813181405,2.9005851780086758,0.10050529669053532,48.0,34.0,-14.0,22.0,32.0,10.0
6K8P_C,1,2,t060,high,high,294.0,294.0,0.0,2.6645359749696693,1.3989756334395635,-1.2655603415301058,0.0029354095458984375,0.003945350646972656,0.0010099411010742188,4.852516579035986,3.7436226773548706,-1.1088939016811152,4.784097194671631,1.202057123184204,-3.5820400714874268,6.644755744934082,5.2056244850158695,-1.439131259918213,18.533422756195048,14.64999618530273,-3.8834265708923184,19.08403778076172,14.734933853149414,-4.349103927612305,19.08403778076172,14.734933853149414,-4.349103927612305,147.0,147.0,0.0,126.0,120.0,-6.0,124.0,77.0,-47.0,106.0,65.0,-41.0,824.7082839012146,498.0851979255676,-326.623085975647,758.2724251747131,431.1762270927429,-327.0961980819702,0.5210867794050141,0.6493170381806818,0.12823025877566763,0.8036504782514449,0.7575422088856913,-0.04610826936575352,0.74313782477473,0.8085515673834958,0.06541374260876576,3.2702385499892372,3.539625035401787,0.2693864854125496,3.3837085434655005,3.5623136648837246,0.17860512141822404,21.0,36.0,15.0,18.0,18.0,0.0
6K8P_C,2,2,t060,high,high,294.0,294.0,0.0,2.137792984644572,1.5938758850097656,-0.5439170996348062,0.0014142990112304688,0.0006799697875976562,-0.0007343292236328125,5.31618633383383,4.668181832116084,-0.6480045017177458,3.8346996307373047,0.814699649810791,-3.0199999809265137,10.470584869384766,2.1835891723632814,-8.286995697021485,17.54900836944577,18.839185619354247,1.2901772499084778,18.194129943847656,18.852611541748047,0.6584815979003906,18.194129943847656,18.852611541748047,0.6584815979003906,147.0,147.0,0.0,139.0,80.0,-59.0,111.0,68.0,-43.0,91.0,42.0,-49.0,813.1817831993103,500.5583257675171,-312.6234574317932,743.6433682441711,450.37261486053467,-293.2707533836365,0.5645499976054111,0.8390361781818237,0.2744861805764126,0.7893908495676103,0.6817714392118212,-0.10761941035578915,0.7704075154331436,0.8726968303672187,0.10228931493407512,2.898923103338106,3.6942240800691333,0.7953009767310273,3.020273547790389,3.6971001296483146,0.6768265818579255,40.0,25.0,-15.0,20.0,20.0,0.0
6K8P_C,3,2,t060,high,high,294.0,294.0,0.0,1.9087136683820867,2.1502288133919643,0.24151514500987759,0.00115966796875,0.002818584442138672,0.0016589164733886719,4.060081284647565,5.014379024971948,0.9542977403243826,1.3262038230895996,1.7994399070739746,0.473236083984375,9.628332138061523,7.0679594516754145,-2.560372686386109,9.929220533370971,19.319619750976546,9.390399217605575,14.712361259460447,19.82579231262207,5.113431053161623,16.07851791381836,19.82579231262207,3.747274398803711,147.0,147.0,0.0,128.0,86.0,-42.0,95.0,82.0,-13.0,64.0,70.0,6.0,620.7004747390747,690.7750010490417,70.07452630996704,553.9284219741821,629.9321656227112,76.00374364852905,0.5636786990502095,0.6494535531771625,0.08577485412695296,0.7742962267742656,0.7509716652946363,-0.023324561479629247,0.7855074847311443,0.8159689710937099,0.030461486362565626,1.9754547514398113,3.4240313410852767,1.4485765896454654,3.49002969448339,3.5249755575325676,0.03494586304917746,46.0,29.0,-17.0,12.0,18.0,6.0
6K8P_C,4,2,t060,high,high,294.0,294.0,0.0,1.6806178871466189,1.8887561827289814,0.20813829558236252,0.22212696075439453,0.00112152099609375,-0.22100543975830078,4.868899111839138,4.694537271527057,-0.17436184031208057,1.3668558597564697,1.6203651428222656,0.2535092830657959,4.304512691497795,7.886151647567749,3.5816389560699537,19.02051877975464,17.281857681274413,-1.7386610984802253,19.056821823120117,17.31165313720703,-1.745168685913086,19.056821823120117,17.31165313720703,-1.745168685913086,147.0,147.0,0.0,145.0,138.0,-7.0,120.0,117.0,-3.0,54.0,51.0,-3.0,606.5988073348999,675.300094127655,68.70128679275513,533.1865701675415,604.305935382843,71.11936521530151,0.7301086363427058,0.6086682269569977,-0.1214404093857081,0.751584683532237,0.7750393619311263,0.023454678398889373,0.801239766561423,0.786047966986666,-0.015191799574757026,3.561359661457062,3.278939032374176,-0.2824206290828859,3.5688157706373085,3.2852858679000816,-0.2835299027372269,28.0,45.0,17.0,20.0,20.0,0.0
6K8P_C,5,2,t060,high,high,294.0,294.0,0.0,2.2333980190510654,2.556965380298848,0.3235673612477825,0.00045871734619140625,0.0059642791748046875,0.005505561828613281,4.928670604771518,5.204527895639966,0.2758572908684487,2.309751033782959,4.571183681488037,2.261432647705078,10.99360761642456,10.565910434722841,-0.4276971817017188,18.20978603363037,17.8034253120422,-0.40636072158816816,18.220918655395508,18.472721099853516,0.2518024444580078,18.220918655395508,18.472721099853516,0.2518024444580078,147.0,147.0,0.0,131.0,102.0,-29.0,117.0,87.0,-30.0,105.0,86.0,-19.0,723.594651222229,813.024712562561,89.43006134033203,653.1602563858032,754.1971073150635,101.03685092926025,0.6453536326881063,0.5980690680878495,-0.04728456460025676,0.7776073634503218,0.7727528332077546,-0.004854530242567212,0.778574870316092,0.7874599705574894,0.008885100241397437,3.241520745799553,2.929460699887093,-0.3120600459124603,3.243779493169353,3.0580594510575896,-0.1857200421117633,34.0,30.0,-4.0,20.0,28.0,8.0
6K8P_C,6,2,t060,high,high,294.0,294.0,0.0,1.964148354368145,2.2941816015308407,0.33003324716269566,0.0054836273193359375,0.006827354431152344,0.0013437271118164062,4.215423270779987,5.1876279291033685,0.9722046583233812,2.049600124359131,3.988725185394287,1.9391250610351562,8.489432477951011,8.263379383087155,-0.22605309486385572,11.504907608032227,19.503349971771236,7.998442363739009,16.272273807525632,19.8305606842041,3.558286876678469,17.638429641723633,19.8305606842041,2.1921310424804688,147.0,147.0,0.0,119.0,107.0,-12.0,92.0,101.0,9.0,76.0,90.0,14.0,625.1953454017639,753.9486556053162,128.75331020355225,561.1374478340149,693.4823632240295,132.34491539001465,0.6387853694431195,0.6258245064063643,-0.012960863036755144,0.7696425125422844,0.7676291452966482,-0.0020133672456362772,0.7971366276084793,0.7959846962069694,-0.0011519314015098203,2.2632980464376327,3.3173482380442874,1.0540501916066547,3.718317303034494,3.380423446387038,-0.33789385664745586,30.0,31.0,1.0,29.0,20.0,-9.0
6K8P_C,7,2,t060,high,high,294.0,294.0,0.0,1.7206787771108198,3.043419902827464,1.3227411257166442,0.12216329574584961,0.00574493408203125,-0.11641836166381836,4.685154173369834,6.049163110915119,1.364008937545285,1.0670404434204102,4.604413032531738,3.537372589111328,6.271249961853027,16.809196567535363,10.537946605682336,18.00657558441162,18.74526205062866,0.7386864662170396,18.04644012451172,18.910156173706053,0.8637160491943341,18.04644012451172,20.27631378173828,2.2298736572265625,147.0,147.0,0.0,111.0,120.0,9.0,77.0,117.0,40.0,55.0,87.0,32.0,606.3173494338989,984.5171270370483,378.1997776031494,537.4741353988647,919.836350440979,382.36221504211426,0.678819809064199,0.5678199242281207,-0.11099988483607837,0.7454872892237371,0.7875982686315944,0.04211097940785735,0.8209047363582189,0.7705078016744544,-0.050396934683764494,3.4760642242829425,2.595704870227217,-0.8803593540557255,3.484572917620439,2.8488062832717733,-0.6357666343486659,28.0,38.0,10.0,18.0,30.0,12.0
6NQK_F,0,2,t060,high,high,215.0,215.0,0.0,1.5521177358405536,2.5465505333833915,0.994432797542838,0.0,0.0,0.0,2.6918845430713296,6.73752768992229,4.04564314685096,2.428628921508789,7.933299541473389,5.5046706199646,6.928601932525635,12.33403205871582,5.405430126190185,6.938035726547241,16.495143508911134,9.557107782363893,8.025990066528315,16.5003719329834,8.474381866455083,9.16469955444336,16.5003719329834,7.335672378540039,107.0,107.0,0.0,90.0,86.0,-4.0,75.0,86.0,11.0,64.0,86.0,22.0,363.81963777542114,862.7954626083374,498.97582483291626,313.8458876609802,816.1611108779907,502.3152232170105,0.43941373474902845,0.3959381616768658,-0.043475573072162654,0.8035479250732609,0.8165759597847287,0.01302803471146785,0.7242788186282694,0.6893435523910851,-0.03493526623718424,2.000798290019369,2.0702835843467415,0.0694852943273725,2.8279748617736638,2.071059599572636,-0.7569152622010278,36.0,37.0,1.0,21.0,14.0,-7.0
6NQK_F,1,2,t060,high,high,215.0,215.0,0.0,1.339905009158822,2.6782408226368037,1.3383358134779817,0.0,0.0,0.0,2.8080180314087753,5.265138804337024,2.4571207729282487,2.8253893852233887,3.040653705596924,0.21526432037353516,6.7550193786621096,10.25163230895996,3.496612930297851,8.612575817108155,15.783986282348632,7.171410465240477,8.612607421875,15.783988952636719,7.171381530761719,8.612646102905273,15.783988952636719,7.171342849731445,107.0,107.0,0.0,83.0,81.0,-2.0,80.0,81.0,1.0,76.0,79.0,3.0,358.8050570487976,662.6395335197449,303.83447647094727,312.061927318573,618.5726008415222,306.5106735229492,0.4863011977628418,0.4877507846056066,0.001449586842764805,0.8024638263218291,0.7846991310171131,-0.017764695304716027,0.7290542490146779,0.7499757765928223,0.020921527578144472,2.5899658501482814,2.4891547871285566,-0.10081106301972476,2.58999088054208,2.4891552942924107,-0.10083558624966926,29.0,48.0,19.0,15.0,17.0,2.0
6NQK_F,2,2,t060,high,high,215.0,215.0,0.0,1.2772627342578977,2.035938688766125,0.7586759545082271,0.0,0.0,0.0,4.373695267471232,3.2835396795919847,-1.0901555878792477,3.2032742500305176,5.294398784637451,2.0911245346069336,8.914849281311035,7.664538764953614,-1.2503105163574215,11.243383407592773,9.178258895874022,-2.0651245117187518,11.243392944335938,10.297741146087644,-0.9456517982482939,11.243392944335938,11.022109985351562,-0.221282958984375,107.0,107.0,0.0,100.0,77.0,-23.0,89.0,76.0,-13.0,81.0,64.0,-17.0,506.59670400619507,461.59218978881836,-45.00451421737671,455.1672263145447,416.0522689819336,-39.114957332611084,0.44689917823847586,0.4217650584313496,-0.025134119807126265,0.8106590156822269,0.7999775154153766,-0.010681500266850219,0.7179821401121032,0.7203409148681938,0.002358774756090698,2.2786499890508036,2.175189248206499,-0.10346074084430468,2.2786521695280846,2.7367329691298465,0.45808079960176196,43.0,54.0,11.0,13.0,12.0,-1.0
6NQK_F,3,2,t060,high,high,215.0,215.0,0.0,2.4884951635848642,1.085103407571482,-1.4033917560133822,0.0,0.0,0.0,4.67408036022521,3.063847118977987,-1.6102332412472227,3.781693935394287,2.823439121246338,-0.9582548141479492,10.322039222717283,4.2792150497436525,-6.0428241729736305,14.690206527709961,9.563533782958984,-5.126672744750977,14.690207481384277,9.566864128112792,-5.123343353271485,14.690207481384277,9.586338996887207,-5.10386848449707,107.0,107.0,0.0,83.0,74.0,-9.0,75.0,68.0,-7.0,62.0,56.0,-6.0,572.1546502113342,340.2423486709595,-231.91230154037476,527.5871844291687,294.0692014694214,-233.51798295974731,0.5379651363555797,0.5456184356283291,0.007653299272749381,0.7745464163118891,0.7790446632483067,0.004498246936417538,0.7691489845992086,0.7633493055806773,-0.00579967901853129,2.6105052595923244,2.7672498157204615,0.1567445561281371,2.610505463626967,2.7746931420492995,0.16418767842233262,40.0,24.0,-16.0,18.0,17.0,-1.0
6NQK_F,4,2,t060,high,high,215.0,215.0,0.0,2.6877177770747696,1.6261241979377214,-1.061593579137048,0.0,0.0,0.0,5.542548147269937,3.3165459856524278,-2.226002161617509,8.400584697723389,5.247468948364258,-3.153115749359131,11.31776237487793,6.349928188323974,-4.967834186553955,12.772272109985352,7.869193267822266,-4.903078842163086,12.772272109985352,7.869507045745849,-4.902765064239502,12.772272109985352,7.869524002075195,-4.902748107910156,107.0,107.0,0.0,93.0,82.0,-11.0,91.0,81.0,-10.0,90.0,71.0,-19.0,783.853075504303,460.33262872695923,-323.52044677734375,736.8495001792908,410.8493866920471,-326.00011348724365,0.34433071115291397,0.35383917491874944,0.009508463765835473,0.8258499222645721,0.8197928370462317,-0.006057085218340363,0.6675927369910659,0.6803346784191246,0.012741941428058734,1.8194797888905803,1.8824008763612587,0.06292108747067848,1.8194797888905803,1.882500598860015,0.06302080996943471,58.0,56.0,-2.0,0.0,0.0,0.0
6NQK_F,5,2,t060,high,high,215.0,215.0,0.0,2.089286591285883,1.296493911743164,-0.7927926795427189,0.0,0.0,0.0,4.699582774450166,2.5887531365619285,-2.110829637888237,1.1832523345947266,1.7232017517089844,0.5399494171142578,11.526850128173827,4.863528823852539,-6.663321304321288,14.330440139770507,8.688043594360352,-5.642396545410156,14.330442428588867,8.68805082321167,-5.642391605377197,14.330442428588867,8.688068389892578,-5.642374038696289,107.0,107.0,0.0,92.0,70.0,-22.0,58.0,64.0,6.0,38.0,52.0,14.0,506.003399848938,300.7657127380371,-205.23768711090088,457.6477909088135,263.5267868041992,-194.12100410461426,0.591940587182868,0.5517367938814108,-0.04020379330145718,0.7454769797428235,0.7588476751721168,0.013370695429293367,0.7973071928045277,0.785951783799935,-0.011355409004592643,2.604731980684561,2.855254747246297,0.250522766561736,2.6047324677104244,2.855264325421935,0.25053185771151076,37.0,38.0,1.0,22.0,15.0,-7.0
6NQK_F,6,2,t060,high,high,215.0,215.0,0.0,3.9250967291898506,1.015795011298601,-2.9093017178912497,0.0,0.0,0.0,5.989751978155808,2.1136810919110376,-3.8760708862447704,9.076999187469482,0.748199462890625,-8.328799724578857,13.869648361206053,4.162595558166504,-9.707052803039549,16.56593379974365,6.289747619628905,-10.276186180114745,17.07426300048828,7.607481603622432,-9.466781396865848,17.30411148071289,8.745697021484375,-8.558414459228516,107.0,107.0,0.0,105.0,61.0,-44.0,103.0,46.0,-57.0,102.0,43.0,-59.0,943.9655408859253,232.0627965927124,-711.9027442932129,891.4634656906128,197.6485939025879,-693.8148717880249,0.3728767453163746,0.5944540130130387,0.22157726769666408,0.8379777504938198,0.7408067606939193,-0.09717098979990058,0.6603575505765142,0.80709579629651,0.14673824571999572,2.1104107677002357,2.4951505827976996,0.3847398150974639,2.2336508757483347,3.657080550026095,1.4234296742777603,40.0,34.0,-6.0,15.0,21.0,6.0
6NQK_F,7,2,t060,high,high,215.0,215.0,0.0,3.2075747268144474,1.1743703930876976,-2.03320433372675,0.0,0.0,0.0,5.42287697181869,2.7184536743333094,-2.7044232974853806,7.681603670120239,0.735435962677002,-6.946167707443237,11.860294342041016,5.17582607269287,-6.684468269348145,14.696489524841308,9.11303253173828,-5.583456993103027,14.69691276550293,9.116339836120606,-5.580572929382324,14.69691276550293,9.136098861694336,-5.560813903808594,107.0,107.0,0.0,91.0,64.0,-27.0,87.0,47.0,-40.0,80.0,34.0,-46.0,778.7191214561462,271.8927183151245,-506.82640314102173,730.7409424781799,234.68618488311768,-496.05475759506226,0.39511340118856464,0.6919173207534184,0.29680391956485375,0.8127183561473451,0.7237843131613207,-0.08893404298602436,0.7009558973504246,0.8267747434775883,0.12581884612716365,2.118601409866354,2.9202859749292993,0.8016845650629452,2.1186794571213112,2.9287710670880656,0.8100916099667543,40.0,31.0,-9.0,17.0,19.0,2.0
6SNK_A,0,1,t060,high,not_tier2,188.0,188.0,0.0,2.3237259464061006,1.8851721438955753,-0.43855380251052534,0.013601303100585938,0.0002498626708984375,-0.0133514404296875,5.439017029624616,4.32001927591855,-1.1189977537060667,3.981738805770874,7.190225958824158,3.2084871530532837,11.857715606689453,9.835962867736825,-2.021752738952628,14.28958511352539,10.63847541809082,-3.6511096954345703,14.28958511352539,10.63847541809082,-3.6511096954345703,14.28958511352539,10.63847541809082,-3.6511096954345703,94.0,94.0,0.0,71.0,72.0,1.0,64.0,59.0,-5.0,50.0,53.0,3.0,563.1467881202698,464.5508680343628,-98.59592008590698,518.6203684806824,425.5283889770508,-93.09197950363159,0.46912110056611617,0.43392757448026986,-0.035193526085846305,0.7727480967725373,0.7778839424180902,0.005135845645552917,0.7568749494398881,0.7376305230082201,-0.019244426431668016,2.200003990049124,2.026218568743322,-0.17378542130580232,2.200003990049124,2.026218568743322,-0.17378542130580232,36.0,49.0,13.0,16.0,18.0,2.0
6SNK_A,1,1,t060,high,not_tier2,188.0,188.0,0.0,1.287433943849929,2.2771306900267905,0.9896967461768615,0.0071201324462890625,0.012370109558105469,0.005249977111816406,3.600576900493296,5.274259673611606,1.6736827731183102,6.247962474822998,4.870816469192505,-1.3771460056304932,6.717689800262466,12.229313850402832,5.511624050140366,7.719787693023681,12.9577054977417,5.237917804718018,7.719791889190674,12.9577054977417,5.237913608551025,7.719792366027832,12.9577054977417,5.237913131713867,94.0,94.0,0.0,63.0,81.0,18.0,61.0,70.0,9.0,54.0,64.0,10.0,381.0516595840454,565.4832391738892,184.43157958984375,341.7200536727905,522.3472948074341,180.62724113464355,0.3846104990688232,0.4320602458458398,0.04744974677701658,0.7906991786516537,0.7865520301188493,-0.004147148532804401,0.7099350827110917,0.737489207845718,0.027554125134626295,1.7864786468780849,2.0250377244701094,0.23855907759202455,1.786479944726813,2.0250377244701094,0.2385577797432965,53.0,36.0,-17.0,0.0,16.0,16.0
6SNK_A,2,1,t060,high,not_tier2,188.0,188.0,0.0,3.9112004320672216,1.7662112890405859,-2.1449891430266357,0.002476215362548828,4.3392181396484375e-05,-0.0024328231811523438,5.7369490064678335,5.334549330957495,-0.4023996755103383,7.851343750953674,3.0904219150543213,-4.760921835899353,11.996841430664062,11.230348587036133,-0.7664928436279297,17.193153381347656,12.108821868896484,-5.084331512451172,17.193153381347656,12.108821868896484,-5.084331512451172,17.193153381347656,12.108821868896484,-5.084331512451172,94.0,94.0,0.0,76.0,83.0,7.0,74.0,77.0,3.0,74.0,50.0,-24.0,764.3327789306641,526.3076329231262,-238.02514600753784,723.9935483932495,483.2533230781555,-240.740225315094,0.4202381908016665,0.4341805544305369,0.013942363628870358,0.8125287267469625,0.7818002625540809,-0.030728464192881666,0.6814111208140023,0.741224428827294,0.059813308013291655,2.3151596666287895,1.9387974387706168,-0.37636222785817264,2.3151596666287895,1.9387974387706168,-0.37636222785817264,23.0,38.0,15.0,18.0,0.0,-18.0
6SNK_A,3,1,t060,high,not_tier2,188.0,188.0,0.0,2.680144505297884,2.538236950306182,-0.1419075549917017,0.003952980041503906,0.001270294189453125,-0.0026826858520507812,5.5735135780214184,5.290669708269901,-0.28284386975151765,2.3204658031463623,2.783144474029541,0.4626786708831787,11.211139202117941,10.262706661224366,-0.9484325408935756,17.97622299194336,16.052078247070312,-1.9241447448730469,17.976224899291992,16.052078247070312,-1.9241466522216797,17.976224899291992,16.052078247070312,-1.9241466522216797,94.0,94.0,0.0,76.0,75.0,-1.0,52.0,74.0,22.0,51.0,70.0,19.0,542.4590735435486,559.849657535553,17.390583992004395,502.11626291275024,521.8253531455994,19.70909023284912,0.6130277831975032,0.5344263892775789,-0.07860139391992427,0.7453946848959342,0.7749538778300502,0.02955919293411602,0.7966463855892187,0.7590281619383512,-0.03761822365086753,2.744422934029263,2.5542780105211453,-0.19014492350811762,2.7444232762458207,2.5542780105211453,-0.19014526572467538,25.0,34.0,9.0,18.0,18.0,0.0
6SNK_A,4,1,t060,high,not_tier2,188.0,188.0,0.0,1.4225064744340612,3.306038836215405,1.8835323617813438,0.0001678466796875,0.013565540313720703,0.013397693634033203,3.7343884651910293,5.95076143990019,2.2163729747091607,2.216054916381836,5.243665814399719,3.0276108980178833,6.271001815795898,12.338159561157227,6.067157745361328,12.129639625549316,16.52678871154785,4.397149085998535,12.129640579223633,16.52678871154785,4.397148132324219,12.129640579223633,16.52678871154785,4.397148132324219,94.0,94.0,0.0,62.0,83.0,21.0,58.0,80.0,22.0,50.0,80.0,30.0,339.57416248321533,710.3185567855835,370.74439430236816,302.4639654159546,666.7426261901855,364.27866077423096,0.639115450658165,0.4301950555658935,-0.2089203950922715,0.7448561997529299,0.8029711459042713,0.058114946151341385,0.7983667799077281,0.7170047046460357,-0.08136207526169237,2.8671717607631213,2.2216904523657384,-0.6454813083973829,2.8671720161394236,2.2216904523657384,-0.6454815637736853,24.0,42.0,18.0,17.0,17.0,0.0
6SNK_A,5,1,t060,high,not_tier2,188.0,188.0,0.0,2.8053802987362477,2.9366916494166597,0.131311350680412,0.0016355514526367188,0.026869773864746094,0.025234222412109375,6.101679282312527,6.309963758012586,0.2082844757000588,1.7146337032318115,8.106293439865112,6.391659736633301,17.64498672485353,15.427223587036135,-2.2177631378173963,18.845884323120117,17.073434829711914,-1.7724494934082031,18.845884323120117,17.073434829711914,-1.7724494934082031,18.845884323120117,17.073434829711914,-1.7724494934082031,94.0,94.0,0.0,59.0,86.0,27.0,59.0,82.0,23.0,46.0,68.0,22.0,565.2664585113525,734.9997596740723,169.73330116271973,529.0656051635742,690.1017456054688,161.03614044189453,0.6331630891893679,0.43915513313331545,-0.19400795605605248,0.7302783307353395,0.8125338560490252,0.08225552531368563,0.8082510704552432,0.6950843180588291,-0.11316675239641416,2.6288671171036286,2.2403842117704693,-0.3884829053331593,2.6288671171036286,2.2403842117704693,-0.3884829053331593,24.0,21.0,-3.0,24.0,18.0,-6.0
6SNK_A,6,1,t060,high,not_tier2,188.0,188.0,0.0,0.41054768765226324,2.69127778296775,2.2807300953154868,0.0010499954223632812,0.0020093917846679688,0.0009593963623046875,0.9401029341324189,4.757840707483523,3.817737773351104,1.2917118072509766,2.802457094192505,1.5107452869415283,1.781124210357666,10.510234165191717,8.729109954834051,1.7955442428588868,14.64062213897705,12.845077896118164,2.5644122219085688,14.640623092651367,12.076210870742798,3.215587615966797,14.640623092651367,11.42503547668457,94.0,94.0,0.0,80.0,80.0,0.0,65.0,71.0,6.0,6.0,70.0,64.0,114.32989025115967,536.1601943969727,421.830304145813,73.81398105621338,493.8467664718628,420.0327854156494,0.3357771792915859,0.5188089778941589,0.18303179860257301,0.8295919196432021,0.7850476974958095,-0.04454422214739262,0.65097264315535,0.7472273227063211,0.09625467955097111,1.4732392644692445,2.5115057629429227,1.0382664984736782,2.983758295471321,2.511505963385597,-0.4722523320857239,43.0,27.0,-16.0,4.0,19.0,15.0
6SNK_A,7,1,t060,high,not_tier2,188.0,188.0,0.0,3.311480704774248,2.083565260501618,-1.2279154442726297,0.0006647109985351562,0.01192474365234375,0.011260032653808594,6.3293295215957786,4.224281665860808,-2.1050478557349708,3.936769723892212,2.4439022541046143,-1.4928674697875977,13.408486461639406,11.446844100952156,-1.9616423606872502,17.271038055419922,13.535079956054688,-3.7359580993652344,17.271038055419922,13.535079956054688,-3.7359580993652344,17.271038055419922,13.535079956054688,-3.7359580993652344,94.0,94.0,0.0,84.0,71.0,-13.0,80.0,50.0,-30.0,53.0,49.0,-4.0,704.9413480758667,416.98780059814453,-287.95354747772217,661.0651092529297,376.32645893096924,-284.73865032196045,0.45870364403259556,0.6126612545781137,0.15395761054551815,0.7804270894076413,0.7521094839898018,-0.028317605417839453,0.7458061373809206,0.7877603933079818,0.041954255927061146,2.2055349311511483,2.7108785827659823,0.505343651614834,2.2055349311511483,2.7108785827659823,0.505343651614834,37.0,20.0,-17.0,18.0,20.0,2.0
6TN1_AAA,0,1,t060,high,not_tier2,497.0,497.0,0.0,1.9784709778829839,0.9058072418274294,-1.0726637360555544,0.0,0.0,0.0,4.094362989600066,2.2500338457531273,-1.844329143846939,3.3140697479248047,1.1913347244262695,-2.122735023498535,7.292898941040039,2.2209499359130893,-5.07194900512695,10.90255069732666,7.513346099853516,-3.389204597473144,15.265713691711426,8.2199365234375,-7.045777168273926,15.265713691711426,8.219962120056152,-7.045751571655273,248.0,248.0,0.0,218.0,161.0,-57.0,214.0,142.0,-72.0,153.0,63.0,-90.0,1182.1050000190735,527.7457876205444,-654.359212398529,1067.8819870948792,433.8055057525635,-634.0764813423157,0.4941106662884068,0.6727458072343057,0.17863514094589888,0.8251818512117295,0.7795168803943029,-0.0456649708174266,0.7408924211127024,0.8042917692187113,0.06339934810600889,2.1796015014084946,2.9366397623296296,0.757038260921135,3.245252740799694,3.2506866027966534,0.00543386199695961,92.0,48.0,-44.0,41.0,43.0,2.0
6TN1_AAA,1,1,t060,high,not_tier2,497.0,497.0,0.0,2.109478328789264,1.529029994903196,-0.580448333886068,0.0,0.0,0.0,4.68667174050301,3.279029572515073,-1.4076421679879365,3.3903255462646484,3.7453346252441406,0.3550090789794922,9.406256675720215,5.177254676818862,-4.229001998901353,11.056929588317871,7.038347339630127,-4.0185822486877445,19.63373565673828,12.77316665649414,-6.860569000244141,19.63373565673828,12.77316665649414,-6.860569000244141,248.0,248.0,0.0,243.0,232.0,-11.0,183.0,220.0,37.0,149.0,190.0,41.0,1249.5567922592163,1006.2581076622009,-243.29868459701538,1127.712007522583,889.4207329750061,-238.2912745475769,0.5416109761506831,0.42956890842596496,-0.11204206772471814,0.8144046597399021,0.847425949101274,0.03302128936137194,0.760215623815214,0.6878511782755112,-0.07236444553970278,1.909126935902769,1.6801670198116538,-0.2289599160911151,3.7391689237591406,3.4291049875974418,-0.3100639361616988,75.0,51.0,-24.0,18.0,16.0,-2.0
6TN1_AAA,2,1,t060,high,not_tier2,497.0,497.0,0.0,2.0233036181336677,1.0482311546202876,-0.9750724635133801,0.0,0.0,0.0,4.1413313055600645,3.027007443139796,-1.1143238624202683,2.9964637756347656,0.8299121856689453,-2.1665515899658203,7.745964527130127,4.921633338928227,-2.8243311882019,9.874910354614258,7.949134635925293,-1.925775718688965,15.964740753173828,13.75037670135498,-2.2143640518188477,15.964740753173828,13.750377655029297,-2.2143630981445312,248.0,248.0,0.0,213.0,152.0,-61.0,197.0,114.0,-83.0,175.0,79.0,-96.0,1199.6557087898254,648.54336977005,-551.1123390197754,1087.6746916770935,548.2806811332703,-539.3940105438232,0.4744506732996675,0.6892079134014283,0.21475724010176078,0.8236850914822665,0.7663620940079559,-0.05732299747431069,0.7405250941586987,0.8251180574868306,0.08459296332813193,1.895913694695034,2.279777506641004,0.3838638119459701,3.366414349975497,4.196271974552388,0.8298576245768916,100.0,54.0,-46.0,17.0,32.0,15.0
6TN1_AAA,3,1,t060,high,not_tier2,497.0,497.0,0.0,2.4768605069135514,1.9189018243755134,-0.557958682538038,0.0,0.0,0.0,4.369713403911419,3.6745710018138795,-0.6951424020975394,2.923755645751953,3.406209945678711,0.4824542999267578,11.432064056396484,6.453663635253906,-4.978400421142578,11.72786350250244,6.728960227966309,-4.998903274536132,15.482837677001953,17.455881118774414,1.973043441772461,15.482837677001953,17.455881118774414,1.973043441772461,248.0,248.0,0.0,205.0,232.0,27.0,163.0,186.0,23.0,151.0,171.0,20.0,1269.6798887252808,1027.246154308319,-242.43373441696167,1159.8578386306763,909.0435910224915,-250.81424760818481,0.5077688075882048,0.5010148430124558,-0.00675396457574895,0.8102642922074144,0.821775698366649,0.011511406159234627,0.7634017649198492,0.7394224405135552,-0.023979324406294023,2.1170731671574,1.3090122360450795,-0.8080609311123204,2.976391348331103,4.2282430484346,1.2518517001034972,86.0,62.0,-24.0,61.0,18.0,-43.0
6TN1_AAA,4,1,t060,high,not_tier2,497.0,497.0,0.0,2.676877263566138,1.932554285291215,-0.744322978274923,0.0,0.0,0.0,5.493358295944513,3.963827390037388,-1.5295309059071251,1.7599411010742188,1.8283748626708984,0.06843376159667969,13.002311706542969,10.064338684082058,-2.937973022460911,15.904130172729479,13.236612319946289,-2.66751785278319,19.754602432250977,13.327150344848633,-6.427452087402344,19.754602432250977,13.327150344848633,-6.427452087402344,248.0,248.0,0.0,197.0,202.0,5.0,170.0,182.0,12.0,119.0,120.0,1.0,1433.5458126068115,1008.194278717041,-425.3515338897705,1325.7520160675049,900.2771997451782,-425.47481632232666,0.5827011512900675,0.6293327447446297,0.04663159345456225,0.7908487591258534,0.7897952339648893,-0.0010535251609641305,0.7931772673794968,0.7918618343406751,-0.001315433038821645,2.40786276746747,2.851803805348964,0.44394103788149364,3.1087950664518855,2.8746448667760838,-0.23415019967580175,63.0,60.0,-3.0,41.0,50.0,9.0
6TN1_AAA,5,1,t060,high,not_tier2,497.0,497.0,0.0,2.247580739334076,1.7881257510041326,-0.45945498832994325,0.0,0.0,0.0,4.905324499777898,3.7722695979561736,-1.1330549018217249,3.289182662963867,3.055270195007324,-0.23391246795654297,10.30885105133059,5.36685619354248,-4.94199485778811,14.418354034423828,7.733512687683105,-6.684841346740723,18.163700256347656,17.8151912689209,-0.34850898742675795,18.604537963867188,17.8151912689209,-0.7893466949462891,248.0,248.0,0.0,214.0,238.0,24.0,174.0,222.0,48.0,168.0,138.0,-30.0,1329.1202058792114,1014.5854296684265,-314.5347762107849,1215.0906620025635,893.8893885612488,-321.2012734413147,0.5524006848989504,0.5234406293585524,-0.028960055540398044,0.8102640997204708,0.8222454861751611,0.01198138645469038,0.7670326008086952,0.7413559708142987,-0.02567662999439646,2.4811352022971804,1.5760768901300695,-0.905058312167111,3.3345311253666736,4.248653258134116,0.9141221327674423,76.0,45.0,-31.0,36.0,18.0,-18.0
6TN1_AAA,6,1,t060,high,not_tier2,497.0,497.0,0.0,1.9489164832132444,2.1247887467474524,0.17587226353420804,0.0,0.0,0.0,4.6814287431581505,4.486601536620286,-0.19482720653786423,1.445322036743164,2.1510086059570312,0.7056865692138672,7.806065368652344,8.084573936462402,0.27850856781005806,14.12481384277341,10.971346855163574,-3.1534669876098356,20.007375717163086,20.60211753845215,0.5947418212890625,20.007375717163086,20.60211753845215,0.5947418212890625,248.0,248.0,0.0,169.0,225.0,56.0,159.0,211.0,52.0,103.0,143.0,40.0,1059.9137735366821,1130.656732559204,70.74295902252197,957.0027933120728,1015.8563375473022,58.85354423522949,0.6814769040722053,0.6039006465153884,-0.07757625755681685,0.7694322706602496,0.8003454907149894,0.030913220054739843,0.8218730342568636,0.7782689167845527,-0.043604117472310966,2.60089345103353,1.9717726292850488,-0.6291208217484814,3.8574675007799812,4.118335145407963,0.26086764462798184,52.0,61.0,9.0,27.0,19.0,-8.0
6TN1_AAA,7,1,t060,high,not_tier2,497.0,497.0,0.0,1.454094751500028,1.5112875971036177,0.057192845603589726,0.0,0.0,0.0,3.3186087482667284,4.090650766117388,0.77204201785066,2.9073715209960938,1.6777782440185547,-1.229593276977539,4.563643455505371,9.63723373413086,5.073590278625488,8.059588623046874,11.626410484313965,3.5668218612670906,13.637925148010254,16.38535499572754,2.747429847717285,13.637925148010254,16.38535499572754,2.747429847717285,248.0,248.0,0.0,215.0,183.0,-32.0,183.0,139.0,-44.0,142.0,104.0,-38.0,898.2596297264099,928.7780151367188,30.518385410308838,783.4212431907654,824.3950281143188,40.97378492355347,0.5365508076377886,0.6700174925342208,0.1334666848964322,0.8194891457984461,0.7730231453353522,-0.046466000463093904,0.7499200128129624,0.8162762564052393,0.06635624359227688,1.9904406854218117,2.4727417385500847,0.482301053128273,3.6713669253339076,3.63611274808031,-0.035254177253597696,48.0,57.0,9.0,17.0,45.0,28.0
6VJP_B,0,2,t060,low_or_equal,low_or_equal,153.0,153.0,0.0,1.4927021007911832,0.9540837917452544,-0.5386183090459288,0.0,0.0,0.0,3.7261820274957578,2.4749542954604014,-1.2512277320353564,3.0106630325317383,1.743180274963379,-1.2674827575683594,6.413942909240726,6.1194305419921875,-0.29451236724853835,11.189515113830566,7.27299394607544,-3.9165211677551266,11.189516067504883,7.27450008392334,-3.915015983581543,11.189516067504883,7.274502754211426,-3.915013313293457,76.0,76.0,0.0,73.0,64.0,-9.0,57.0,63.0,6.0,42.0,31.0,-11.0,316.7909092903137,208.5276699066162,-108.26323938369751,280.15727281570435,174.33664798736572,-105.82062482833862,0.5167694946788,0.5394053227905555,0.022635828111755574,0.7845133849886649,0.7889045515504183,0.0043911665617534235,0.7397517021798923,0.7268388369781882,-0.012912865201704093,2.6023454950632905,2.5531421594008528,-0.04920333566243773,2.602345751002026,2.5537517901074698,-0.048593960894556254,23.0,17.0,-6.0,12.0,17.0,5.0
6VJP_B,1,2,t060,low_or_equal,low_or_equal,153.0,153.0,0.0,2.1380998885709475,0.5330709382599476,-1.605028950311,0.0,0.0,0.0,5.7288239633064295,1.6151141728669136,-4.113709790439516,0.45041370391845703,1.1892471313476562,0.7388334274291992,11.771883010864261,2.835708427429199,-8.936174583435061,19.10584831237793,3.3565301895141606,-15.74931812286377,19.154960250854494,4.534902801513668,-14.620057449340827,19.190404891967773,5.435024261474609,-13.755380630493164,76.0,76.0,0.0,38.0,59.0,21.0,30.0,41.0,11.0,22.0,38.0,16.0,348.3220977783203,135.5082712173462,-212.81382656097412,323.1357250213623,104.22622871398926,-218.90949630737305,0.8447035987561919,0.42270917887734555,-0.4219944198788464,0.6451826076858412,0.7862742969917615,0.1410916893059203,0.864483152363569,0.7218843622894973,-0.14259879007407172,2.9618205293942963,1.7481483963715228,-1.2136721330227735,2.9765803789081646,3.0350506518764764,0.058470272968311754,17.0,38.0,21.0,15.0,5.0,-10.0
6VJP_B,2,2,t060,low_or_equal,low_or_equal,153.0,153.0,0.0,2.1772345997928793,3.668016739140928,1.490782139348049,0.0,0.0,0.0,5.1952805364593635,6.887853775553445,1.6925732390940817,0.6295089721679688,11.96983814239502,11.34032917022705,8.150165176391601,16.066161727905275,7.915996551513674,16.524272918701172,16.63269920349121,0.10842628479003835,16.573352432250978,17.76822257995605,1.1948701477050712,16.608797073364258,18.672210693359375,2.063413619995117,76.0,76.0,0.0,39.0,62.0,23.0,37.0,46.0,9.0,35.0,40.0,5.0,382.7127466201782,623.4317836761475,240.71903705596924,356.6611957550049,591.2802000045776,234.61900424957275,0.6510472932672704,0.431878803884636,-0.2191684893826344,0.7091206410317479,0.7574391634091947,0.048318522377446826,0.8167479150892303,0.7436015207478004,-0.07314639434142989,2.761552185338955,1.8822528594269643,-0.8792993259119906,2.777821596407311,2.17835547082485,-0.5994661255824609,24.0,40.0,16.0,14.0,3.0,-11.0
6VJP_B,3,2,t060,low_or_equal,low_or_equal,153.0,153.0,0.0,2.754134866926405,3.0216495102527094,0.2675146433263045,0.0,0.0,0.0,6.019778269002797,5.75539531871719,-0.2643829502856079,2.0624237060546875,2.7324094772338867,0.6699857711791992,16.695049667358397,11.840909576416028,-4.854140090942369,19.527042388916016,18.20780372619629,-1.3192386627197266,19.57615432739258,18.25687942504883,-1.31927490234375,19.61159896850586,18.29232406616211,-1.31927490234375,76.0,76.0,0.0,49.0,68.0,19.0,40.0,65.0,25.0,39.0,51.0,12.0,433.5083260536194,496.65411376953125,63.145787715911865,406.2087731361389,461.2996644973755,55.09089136123657,0.7117127555833691,0.565301759217965,-0.1464109963654041,0.7024968201864903,0.765259211905579,0.0627623917190887,0.8252018319171159,0.7642309291689688,-0.06097090274814709,2.7862998888774877,2.6385944622355493,-0.14770542664193842,2.800346349695695,2.653279872235267,-0.14706647746042778,17.0,26.0,9.0,17.0,15.0,-2.0
6VJP_B,4,2,t060,low_or_equal,low_or_equal,153.0,153.0,0.0,2.2652690800186854,2.981315039341746,0.7160459593230604,0.0,0.0,0.0,3.7545149342976187,5.74707979816751,1.9925648638698914,4.97519588470459,3.5668888092041016,-1.4083070755004883,5.236271476745605,11.838250160217285,6.60197868347168,11.896449089050293,18.0977725982666,6.201323509216309,11.94555435180664,18.146728134155275,6.201173782348635,11.980998992919922,18.182172775268555,6.201173782348633,76.0,76.0,0.0,67.0,65.0,-2.0,63.0,53.0,-10.0,63.0,51.0,-12.0,385.4221439361572,487.62787437438965,102.20573043823242,351.2950220108032,453.1717405319214,101.87671852111816,0.4425892220060646,0.5737470354031508,0.13115781339708615,0.806998279115048,0.7576653257051419,-0.049332953409906066,0.6844143130224816,0.7709126012744352,0.0864982882519536,2.5652261816967243,2.630284960327996,0.06505877863127152,2.587745709611572,2.644970710302942,0.05722500069136993,13.0,26.0,13.0,13.0,15.0,2.0
6VJP_B,5,2,t060,low_or_equal,low_or_equal,153.0,153.0,0.0,0.820276032865437,1.070873715519126,0.25059768265368887,0.0,0.0,0.0,5.648209731063063,3.2726078268271883,-2.3756019042358747,1.1941642761230469,2.671696662902832,1.4775323867797852,10.194081115722684,7.024619865417481,-3.1694612503052024,16.064416885375977,7.35801134109497,-8.706405544281006,16.11352882385254,8.535547828674312,-7.577980995178228,16.14897346496582,9.439513206481934,-6.709460258483887,76.0,76.0,0.0,72.0,45.0,-27.0,48.0,41.0,-7.0,25.0,39.0,14.0,346.88027906417847,253.91587162017822,-92.96440744400024,310.26748609542847,227.45798206329346,-82.80950403213501,0.7182451874432673,0.48406781002052546,-0.2341773774227418,0.718807512367555,0.7428341445603103,0.02402663219275525,0.8068787577782601,0.7702246324797,-0.03665412529856016,2.698933215718497,1.921139946570152,-0.7777932691483451,2.7139037255996747,2.557177619133256,-0.1567261064664187,20.0,31.0,11.0,15.0,6.0,-9.0
6VJP_B,6,2,t060,low_or_equal,low_or_equal,153.0,153.0,0.0,3.113872621573654,2.6700925390704784,-0.4437800825031757,0.0,0.0,0.0,5.882440076141387,5.14826611302098,-0.7341739631204076,4.139856338500977,1.4813289642333984,-2.658527374267578,13.821435928344727,15.225001335144043,1.4035654067993164,17.734088897705078,15.231409072875977,-2.5026798248291016,17.777629470825197,15.231409072875977,-2.54622039794922,17.81307601928711,15.231409072875977,-2.581666946411133,76.0,76.0,0.0,49.0,69.0,20.0,49.0,53.0,4.0,42.0,37.0,-5.0,488.8365068435669,439.0461301803589,-49.79037666320801,460.92418003082275,403.3189811706543,-57.60519886016846,0.5599917120809899,0.5550654199086965,-0.004926292172293345,0.7348419856186348,0.7558627417393835,0.021020756120748718,0.7905652937068575,0.7715439674262519,-0.0190213262806056,2.4853999508519635,2.4399120515614867,-0.04548789929047681,2.4988275626184473,2.4399120515614867,-0.05891551105696058,26.0,22.0,-4.0,14.0,17.0,3.0
6VJP_B,7,2,t060,low_or_equal,low_or_equal,153.0,153.0,0.0,2.1479757097032337,2.139597680833605,-0.008378028869628906,0.0,0.0,0.0,5.280399391998351,6.178874471448541,0.8984750794501899,1.0686073303222656,0.649052619934082,-0.4195547103881836,10.591649055480957,13.209733963012695,2.6180849075317383,16.10575294494629,17.807205200195312,1.7014522552490234,16.154864883422853,17.856267547607423,1.7014026641845703,16.190309524536133,17.891714096069336,1.7014045715332031,76.0,76.0,0.0,51.0,43.0,-8.0,42.0,34.0,-8.0,26.0,33.0,7.0,374.3699064254761,431.5855293273926,57.215622901916504,343.3010902404785,403.89039039611816,60.58930015563965,0.6742795261566448,0.6378510541817692,-0.03642847197487553,0.7018082357751839,0.6968021278794716,-0.0050061078957123195,0.821733929197348,0.8227421850972538,0.00100825589990583,2.6433184687495346,2.5356733806065948,-0.10764508814293983,2.659331761175478,2.5493504501545394,-0.10998131102093867,24.0,26.0,2.0,15.0,14.0,-1.0
6Y76_A,0,1,t060,low_or_equal,not_tier2,156.0,156.0,0.0,0.8231237026361319,1.8249865770339966,1.0018628743978648,0.001293182373046875,0.0019621849060058594,0.0006690025329589844,2.304888233657424,4.204559467501785,1.8996712338443613,2.48866605758667,0.23410797119140625,-2.2545580863952637,5.304206371307373,8.793246269226074,3.489039897918701,5.8833935260772705,13.323734283447266,7.440340757369995,7.131703376770015,13.323735237121582,6.192031860351567,8.047656059265137,13.323735237121582,5.276079177856445,78.0,78.0,0.0,56.0,31.0,-25.0,43.0,27.0,-16.0,43.0,25.0,-18.0,193.8633255958557,291.2525010108948,97.38917541503906,158.13977003097534,268.82382440567017,110.68405437469482,0.5066787159327666,0.7128818805588758,0.20620316462610921,0.7813952098467369,0.6692087489961004,-0.11218646085063655,0.7426006268645213,0.8445168094214814,0.10191618255696011,2.195451280260753,2.7348281776700514,0.5393768974092983,3.1344393411931435,2.7348284044891327,-0.3996109367040108,20.0,25.0,5.0,13.0,15.0,2.0
6Y76_A,1,1,t060,low_or_equal,not_tier2,156.0,156.0,0.0,2.2105780442555747,1.910952390768589,-0.29962565348698567,0.011646270751953125,0.020758628845214844,0.009112358093261719,5.362697529593952,3.6257496073226627,-1.736947922271289,0.3121523857116699,3.983170509338379,3.671018123626709,16.370290756225586,5.248267412185669,-11.122023344039917,16.374244689941406,11.594371795654297,-4.779872894287109,16.374244689941406,11.594371795654297,-4.779872894287109,16.374244689941406,11.594371795654297,-4.779872894287109,78.0,78.0,0.0,29.0,72.0,43.0,28.0,72.0,44.0,27.0,66.0,39.0,370.9077043533325,360.0814380645752,-10.826266288757324,346.0415096282959,323.79972076416016,-22.241788864135742,0.7063148129437025,0.4644466255634537,-0.2418681873802488,0.6735113774651152,0.8117004366288504,0.13818905916373514,0.8402189121090593,0.6873388260954867,-0.1528800860135726,2.641145909782136,2.6707358349646677,0.029589925182531562,2.641145909782136,2.6707358349646677,0.029589925182531562,20.0,14.0,-6.0,18.0,13.0,-5.0
6Y76_A,2,1,t060,low_or_equal,not_tier2,156.0,156.0,0.0,0.9768126866756341,1.364261147303459,0.3874484606278248,0.00012969970703125,0.007985115051269531,0.007855415344238281,1.6944063194850523,6.273050565805257,4.578644246320205,2.313615560531616,4.530716180801392,2.2171006202697754,4.390340805053711,14.1432523727417,9.752911567687988,4.5009753704071045,14.588268280029297,10.087292909622192,4.501738548278809,14.618876934051514,10.117138385772705,4.5017547607421875,14.647926330566406,10.146171569824219,78.0,78.0,0.0,60.0,62.0,2.0,52.0,60.0,8.0,40.0,45.0,5.0,169.4725284576416,480.6636528968811,311.1911244392395,138.35941123962402,447.46757650375366,309.10816526412964,0.42280566426485233,0.48548845290693116,0.06268278864207882,0.7886299199953601,0.7686802548781705,-0.019949665117189652,0.7204736803986433,0.7518456971685146,0.031372016769871225,2.079880512250745,2.1080664015065693,0.028185889255824215,2.080340490666855,2.1175766150639586,0.037236124397103776,36.0,34.0,-2.0,20.0,16.0,-4.0
6Y76_A,3,1,t060,low_or_equal,not_tier2,156.0,156.0,0.0,3.781816234955421,3.72220332805927,-0.05961290689615106,0.0069828033447265625,0.0010356903076171875,-0.005947113037109375,6.812535133168555,5.799012044438956,-1.013523088729599,7.502975940704346,9.886802434921265,2.383826494216919,17.088909149169922,10.29595947265625,-6.792949676513672,17.13351058959961,16.52672004699707,-0.6067905426025391,17.164106369018555,16.52672004699707,-0.6373863220214844,17.193111419677734,16.52672004699707,-0.6663913726806641,78.0,78.0,0.0,77.0,74.0,-3.0,76.0,63.0,-13.0,75.0,60.0,-15.0,701.4361453056335,629.7926254272461,-71.64351987838745,662.9221796989441,591.904788017273,-71.01739168167114,0.3910178719302942,0.3992978845723538,0.008280012642059631,0.8108618484762026,0.8093463237464921,-0.0015155247297105046,0.6920495477109947,0.6858043186179019,-0.0062452290930927745,1.9598716327550485,2.2080514095874095,0.24817977683236103,1.9686203333361205,2.2080514095874095,0.239431076251289,34.0,46.0,12.0,0.0,14.0,14.0
6Y76_A,4,1,t060,low_or_equal,not_tier2,156.0,156.0,0.0,4.678098479906718,1.9987351894378662,-2.679363290468852,0.004723548889160156,0.008207321166992188,0.0034837722778320312,7.771652376438914,3.1570372411879313,-4.6146151352509825,13.918603420257568,4.738672494888306,-9.179930925369263,17.614734649658203,8.533318996429443,-9.08141565322876,17.634077072143555,8.727928400039673,-8.906148672103882,18.48566617965698,8.728379011154175,-9.757287168502806,18.894487380981445,8.728397369384766,-10.16609001159668,78.0,78.0,0.0,62.0,69.0,7.0,60.0,54.0,-6.0,55.0,54.0,-1.0,815.5417742729187,336.2085723876953,-479.3332018852234,780.5900559425354,299.97714042663574,-480.61291551589966,0.3512542811534602,0.4130467092210523,0.06179242806759211,0.7959374702875652,0.8051569765754114,0.00921950628784618,0.6925323862398107,0.6963782394505282,0.003845853210717509,1.6670815889186046,2.13148996876253,0.46440837984392536,1.8292620684082739,2.131638516058385,0.3023764476501112,42.0,20.0,-22.0,0.0,20.0,20.0
6Y76_A,5,1,t060,low_or_equal,not_tier2,156.0,156.0,0.0,0.573804898139758,0.5057956010867388,-0.06800929705301917,0.006023406982421875,0.00033473968505859375,-0.005688667297363281,1.5964298228101106,1.1693220023564528,-0.4271078204536578,2.1256864070892334,0.6751031875610352,-1.4505832195281982,2.315816879272461,3.6197099685668945,1.3038930892944336,4.179323196411133,3.6244473457336426,-0.5548758506774902,4.17973051071167,3.6581734180450436,-0.521557092666626,4.179866790771484,3.6851444244384766,-0.4947223663330078,78.0,78.0,0.0,66.0,42.0,-24.0,54.0,18.0,-36.0,42.0,18.0,-24.0,145.26373291015625,88.02161884307861,-57.24211406707764,109.79430866241455,62.20382118225098,-47.590487480163574,0.4218438156643632,0.6606000538021907,0.23875623813782748,0.8125688370932181,0.7245489432253286,-0.08801989386788955,0.6886827958427166,0.8027516948596969,0.11406889901698025,2.2584884388621433,2.667059833272703,0.40857139441055956,2.2588289451296815,2.7189677581920284,0.46013881306234694,26.0,18.0,-8.0,13.0,18.0,5.0
6Y76_A,6,1,t060,low_or_equal,not_tier2,156.0,156.0,0.0,2.6638314387737174,3.0447397446021056,0.3809083058283882,0.010591506958007812,0.0019168853759765625,-0.00867462158203125,5.354309196541858,5.481716444952892,0.1274072484110338,2.6807732582092285,2.997784376144409,0.31701111793518066,9.214632987976074,16.305764198303223,7.091131210327148,17.2175350189209,16.30577278137207,-0.9117622375488281,17.2175350189209,16.30577278137207,-0.9117622375488281,17.2175350189209,16.30577278137207,-0.9117622375488281,78.0,78.0,0.0,61.0,66.0,5.0,61.0,58.0,-3.0,59.0,49.0,-10.0,464.0151171684265,489.0136218070984,24.998504638671875,431.4937996864319,454.4158568382263,22.922057151794434,0.5770721282242895,0.5335073093662899,-0.043564818857999676,0.764721990109797,0.7618029535286805,-0.0029190365811164742,0.7628128532012748,0.7654262352632517,0.002613382061976921,2.7181290892851044,2.41913881718191,-0.2989902721031945,2.7181290892851044,2.41913881718191,-0.2989902721031945,16.0,20.0,4.0,15.0,20.0,5.0
6Y76_A,7,1,t060,low_or_equal,not_tier2,156.0,156.0,0.0,1.9592516727936573,0.6430625976660312,-1.316189075127626,0.019832134246826172,0.0013685226440429688,-0.018463611602783203,4.413719320792883,1.4019527727891403,-3.011766548003743,0.5876586437225342,1.4409449100494385,0.8532862663269043,8.8369722366333,2.7312440872192383,-6.1057281494140625,13.92070198059082,3.973161220550537,-9.947540760040283,13.92070198059082,4.831607532501218,-9.089094448089602,13.92070198059082,5.044449806213379,-8.876252174377441,78.0,78.0,0.0,42.0,60.0,18.0,28.0,49.0,21.0,27.0,20.0,-7.0,322.0223722457886,131.0822410583496,-190.94013118743896,293.7751760482788,94.61291694641113,-199.16225910186768,0.6581422694440247,0.4804201234586979,-0.17772214598532676,0.6946204805760852,0.8054268365399129,0.11080635596382771,0.8271823005958774,0.7075406963798201,-0.1196416042160573,2.7100613877840334,2.3753286754869647,-0.3347327122970687,2.7100613877840334,3.1394689564263483,0.4294075686423149,25.0,20.0,-5.0,14.0,12.0,-2.0
7D66_J,0,2,t060,high,high,120.0,120.0,0.0,0.5697257439295451,0.35892192522684735,-0.21080381870269777,0.0558314323425293,0.00266265869140625,-0.05316877365112305,3.023298858292059,0.9150346338751643,-2.1082642244168945,1.779538869857788,0.6411466598510742,-1.1383922100067139,6.118242359161377,2.5739797592163085,-3.544262599945068,6.11828498840332,2.5748410701751707,-3.5434439182281494,6.118351368904114,2.577277193069458,-3.5410741758346562,6.118351936340332,2.5776805877685547,-3.5406713485717773,60.0,60.0,0.0,57.0,38.0,-19.0,55.0,20.0,-35.0,30.0,13.0,-17.0,185.33934688568115,58.50315856933594,-126.83618831634521,156.10192108154297,37.355469703674316,-118.74645137786865,0.3961363092419708,0.5282639624075035,0.1321276531655327,0.7989788084555661,0.7493020102955386,-0.04967679816002757,0.6943847112508426,0.7643800926719253,0.06999538142108275,1.8352665431191617,2.421677893834383,0.5864113507152211,1.835288687121508,2.4247810742914533,0.5894923871699453,20.0,17.0,-3.0,0.0,13.0,13.0
7D66_J,1,2,t060,high,high,120.0,120.0,0.0,2.313375147183736,0.3012092034022013,-2.0121659437815347,0.00020170211791992188,0.005148887634277344,0.004947185516357422,5.929687120477181,2.7016589441047034,-3.228028176372477,2.7949180603027344,0.9908008575439453,-1.804117202758789,13.82284927368164,5.8039503574371345,-8.018898916244506,13.822850275039674,6.344825863838196,-7.478024411201478,13.822851181030273,7.264200110435486,-6.558651070594787,13.822851181030273,7.7242841720581055,-6.098567008972168,60.0,60.0,0.0,44.0,53.0,9.0,40.0,30.0,-10.0,32.0,26.0,-6.0,384.7175416946411,141.73180675506592,-242.9857349395752,362.3041019439697,114.38477993011475,-247.91932201385498,0.43115842019052286,0.5536545282019728,0.12249610801144994,0.7399588097458091,0.7609279082137581,0.020969098467949032,0.7543898945835359,0.7546277444839355,0.00023784990039965592,1.9409919771500073,2.237002073716146,0.29601009656613875,1.9409921299389459,2.747598835468783,0.8066067055298372,29.0,14.0,-15.0,0.0,13.0,13.0
7D66_J,2,2,t060,high,high,120.0,120.0,0.0,0.8937438011169434,1.0165918986002604,0.12284809748331704,0.0002460479736328125,0.028244495391845703,0.02799844741821289,1.3890761826247586,1.8537095066607507,0.4646333240359921,1.8304800987243652,1.607607364654541,-0.22287273406982422,3.612982177734375,4.898485088348389,1.2855029106140141,3.6142260074615478,4.898898410797119,1.2846724033355712,3.614648113250732,4.902336225509644,1.2876881122589117,3.6154298782348633,4.90236759185791,1.2869377136230469,60.0,60.0,0.0,49.0,50.0,1.0,49.0,44.0,-5.0,22.0,28.0,6.0,120.87497234344482,144.00848484039307,23.133512496948242,94.45734024047852,116.82058334350586,22.363243103027344,0.35881223475865365,0.4083094879685875,0.04949725320993387,0.8118483974071693,0.7946009180949404,-0.01724747931222892,0.6545405507080224,0.7023935509803798,0.04785300027235739,1.9584830842064107,2.0943446091455815,0.1358615249391708,1.9593497542914458,2.096216089573516,0.13686633528207004,16.0,28.0,12.0,0.0,14.0,14.0
7D66_J,3,2,t060,high,high,120.0,120.0,0.0,0.3140775918960571,1.091986926396688,0.7779093345006308,0.04280233383178711,0.005507469177246094,-0.037294864654541016,2.130843908552194,1.7392339678356912,-0.3916099407165028,1.866044282913208,2.6362602710723877,0.7702159881591797,3.7172490119934083,3.898316669464111,0.18106765747070286,3.717320680618286,3.8991578102111815,0.18183712959289533,3.7173355197906495,3.9012856674194336,0.18395014762878414,3.7173376083374023,3.9025535583496094,0.18521595001220703,60.0,60.0,0.0,52.0,49.0,-3.0,45.0,46.0,1.0,25.0,46.0,21.0,130.41805267333984,151.6609411239624,21.24288845062256,102.05346488952637,125.20987701416016,23.15641212463379,0.3420372928641398,0.30857621867059243,-0.03346107419354738,0.8124197024435458,0.8117487889370517,-0.0006709135064940641,0.666560651993815,0.6464793472804056,-0.02008130471340941,1.597133921946713,1.6140271727257876,0.016893250779074442,1.597141866085206,1.6159796116737535,0.01883774558854756,23.0,23.0,0.0,0.0,0.0,0.0
7D66_J,4,2,t060,high,high,120.0,120.0,0.0,1.0941676298777263,1.1005125641822815,0.006344934304555183,0.00571441650390625,0.034433841705322266,0.028719425201416016,2.291097751745487,2.8301928795548235,0.5390951278093365,2.567166805267334,2.3746957778930664,-0.19247102737426758,5.899930953979494,6.837913703918457,0.9379827499389632,6.655896615982055,6.837917399406433,0.18202078342437833,7.8233838319778455,6.839556989669799,-0.9838268423080461,8.59337043762207,6.83955717086792,-1.7538132667541504,60.0,60.0,0.0,55.0,52.0,-3.0,33.0,37.0,4.0,32.0,35.0,3.0,155.04802894592285,188.62127447128296,33.57324552536011,127.11765575408936,160.65351247787476,33.5358567237854,0.5362296713631587,0.43506846592847975,-0.10116120543467894,0.7661803928552852,0.7718662144440575,0.0056858215887722885,0.7469417849478761,0.732501910236641,-0.01443987471123509,2.4275389305703308,2.0272133665061793,-0.40032556406415143,3.2731919893121235,2.027792751562701,-1.2453992377494227,13.0,20.0,7.0,13.0,20.0,7.0
7D66_J,5,2,t060,high,high,120.0,120.0,0.0,0.8662901361783345,0.19007052580515543,-0.676219610373179,0.00040435791015625,0.05755424499511719,0.05714988708496094,2.852545694497967,1.4073752627522353,-1.4451704317457315,3.5993032455444336,1.0721042156219482,-2.5271990299224854,5.817082166671754,2.0419357299804815,-3.7751464366912724,6.361313605308532,3.388252067565918,-2.9730615377426144,7.031609625816345,3.3949626159667967,-3.6366470098495483,7.302903652191162,3.3953514099121094,-3.9075522422790527,60.0,60.0,0.0,54.0,50.0,-4.0,52.0,31.0,-21.0,34.0,12.0,-22.0,191.35368490219116,80.54231071472168,-110.81137418746948,164.31285333633423,52.59579277038574,-111.71706056594849,0.40710883803257086,0.5051921304967937,0.09808329246422282,0.799340993252579,0.7943371134122867,-0.005003879840292269,0.6923958487777566,0.7054083248114111,0.013012476033654519,1.9263577371360192,2.272444049859496,0.346086312723477,2.2564453668272044,2.2774884346331126,0.021043067805908144,16.0,14.0,-2.0,5.0,12.0,7.0
7D66_J,6,2,t060,high,high,120.0,120.0,0.0,0.9644429405530294,0.3341057856877645,-0.6303371548652649,0.0018558502197265625,0.000377655029296875,-0.0014781951904296875,2.432825299186007,1.0062826224198884,-1.4265426767661185,3.150324821472168,0.3806893825531006,-2.7696354389190674,4.463685178756714,2.290465259552002,-2.1732199192047124,5.076186990737915,2.386047840118408,-2.6901391506195065,6.242171525955201,2.5520448875427246,-3.6901266384124765,7.011930465698242,2.6215219497680664,-4.390408515930176,60.0,60.0,0.0,45.0,26.0,-19.0,45.0,23.0,-22.0,44.0,22.0,-22.0,177.33515977859497,61.687317848205566,-115.6478419303894,152.63619756698608,41.715959548950195,-110.92023801803589,0.36192638004988376,0.4696509905773839,0.10772461052750015,0.796608388639618,0.74363085744058,-0.05297753119903803,0.6750591094966873,0.7625813656973979,0.08752225620071052,1.6901106921079059,2.0391309645158873,0.3490202724079814,2.4857878316082243,2.273134915695522,-0.2126529159127024,21.0,22.0,1.0,3.0,8.0,5.0
7D66_J,7,2,t060,high,high,120.0,120.0,0.0,1.3664259672164918,0.27484618028004965,-1.091579786936442,0.0021486282348632812,0.009006500244140625,0.006857872009277344,1.8274472348969033,0.6898582044801064,-1.1375890304167968,2.846161365509033,0.8692126274108887,-1.9769487380981445,3.695744323730469,1.3420468330383302,-2.353697490692139,4.074980211257934,1.3523458957672119,-2.7226343154907218,4.909283332824708,1.426005439758301,-3.483277893066407,5.060153961181641,1.6480655670166016,-3.412088394165039,60.0,60.0,0.0,57.0,45.0,-12.0,57.0,23.0,-34.0,57.0,0.0,-57.0,183.7233600616455,51.42352104187012,-132.2998390197754,155.20196914672852,26.34054470062256,-128.86142444610596,0.27833995766349,0.32308240112890096,0.04474244346541095,0.8407192203126403,0.8156396136260662,-0.025079606686574163,0.5751832809955382,0.6505439914131916,0.07536071041765346,1.4821518193898753,1.561914765222212,0.07976294583233678,2.021250147982266,1.9905820903752862,-0.030668057606979993,24.0,23.0,-1.0,1.0,0.0,-1.0
7PFR_F,0,2,t060,high,high,279.0,279.0,0.0,2.119202174593471,2.295018196105957,0.1758160215124862,0.0,0.0,0.0,4.360759620541719,4.630189930774651,0.2694303102329316,3.9654064178466797,1.7189955711364746,-2.246410846710205,8.048136711120605,11.985824584960938,3.937687873840332,16.12987689971924,13.226648712158203,-2.9032281875610355,16.13462257385254,13.239532470703125,-2.895090103149414,16.13462257385254,13.239532470703125,-2.895090103149414,139.0,139.0,0.0,85.0,92.0,7.0,84.0,85.0,1.0,79.0,69.0,-10.0,650.5171046257019,705.8300180435181,55.31291341781616,601.1857266426086,644.2261533737183,43.04042673110962,0.5399879233407952,0.5108307089477789,-0.029157214393016218,0.7691653831714459,0.7741233160070168,0.0049579328355708885,0.7826776018206962,0.7778425954165498,-0.004835006404146469,3.212897738991923,2.3609464578104977,-0.8519512811814254,3.213986006758609,2.36372901289734,-0.8502569938612692,54.0,49.0,-5.0,15.0,36.0,21.0
7PFR_F,1,2,t060,high,high,279.0,279.0,0.0,2.457054495384189,2.99673373895734,0.539679243573151,0.0,0.0,0.0,4.1604285119386635,5.455972478824394,1.295543966885731,4.511419296264648,4.305478572845459,-0.20594072341918945,7.816301250457764,13.116291427612305,5.299990177154541,13.526730728149413,13.223916053771973,-0.3028146743774407,15.236669540405273,17.724985122680664,2.4883155822753906,15.236669540405273,17.724985122680664,2.4883155822753906,139.0,139.0,0.0,123.0,123.0,0.0,111.0,122.0,11.0,86.0,109.0,23.0,722.6033778190613,940.6972346305847,218.09385681152344,658.9872584342957,875.7950949668884,216.80783653259277,0.46206668167739856,0.45563827399309614,-0.006428407684302417,0.8092245917131596,0.8126901788678705,0.003465587154710903,0.732660547767654,0.7296805594828109,-0.002979988284843138,2.6607057905213263,1.8744930174241452,-0.7862127730971811,3.0717064380145014,2.699473181158135,-0.37223325685636643,55.0,49.0,-6.0,16.0,13.0,-3.0
7PFR_F,2,2,t060,high,high,279.0,279.0,0.0,2.5370092118512773,1.692267817835654,-0.8447413940156232,0.0,0.0,0.0,5.865183343542865,3.538374481122624,-2.326808862420241,4.683432102203369,1.6811094284057617,-3.0023226737976074,13.221861267089844,7.442629337310791,-5.779231929779053,16.835714912414552,13.134990310668941,-3.700724601745611,17.36383056640625,13.292784690856934,-4.071045875549316,17.36383056640625,13.29278564453125,-4.071044921875,139.0,139.0,0.0,135.0,110.0,-25.0,134.0,100.0,-34.0,94.0,64.0,-30.0,967.3727436065674,514.5444278717041,-452.8283157348633,899.6159515380859,454.4792776107788,-445.13667392730713,0.44861216573214563,0.5873807832568333,0.13876861752468767,0.8209264300099566,0.7764236403542655,-0.0445027896556911,0.7177816152627712,0.7856424792186263,0.06786086395585511,2.437895776319609,3.2338924423858155,0.7959966660662063,2.5279382563340005,3.2784878730572027,0.7505496167232022,50.0,33.0,-17.0,16.0,16.0,0.0
7PFR_F,3,2,t060,high,high,279.0,279.0,0.0,2.2701086263075525,0.7256558394346613,-1.5444527868728912,0.0,0.0,0.0,5.47949062428335,2.0201191918119616,-3.459371432471388,2.249825954437256,0.4978141784667969,-1.752011775970459,13.797441291809083,1.3559415817260743,-12.441499710083008,16.46599178314209,4.329066371917552,-12.136925411224539,17.402517318725586,9.00429386138916,-8.398223457336426,17.402517318725586,9.004295349121094,-8.398221969604492,139.0,139.0,0.0,135.0,69.0,-66.0,95.0,60.0,-35.0,76.0,26.0,-50.0,796.5141735076904,216.51491737365723,-579.9992561340332,728.3048191070557,171.1836290359497,-557.121190071106,0.5512769318611622,0.7477228729337096,0.19644594107254743,0.7814918360476061,0.7080259175171385,-0.07346591853046758,0.7747230938604708,0.8495433101150016,0.07482021625453084,2.5907304401476523,1.7837613478889747,-0.8069690922586776,2.761645147334688,4.098094579390062,1.3364494320553737,50.0,16.0,-34.0,29.0,14.0,-15.0
7PFR_F,4,2,t060,high,high,279.0,279.0,0.0,4.494031648054772,1.8640806034047117,-2.6299510446500607,0.0,0.0,0.0,6.941884606705872,3.040320395193321,-3.901564211512551,7.649874210357666,2.9284300804138184,-4.721444129943848,16.537538528442383,6.594278812408447,-9.943259716033936,20.243348693847647,8.690101814270019,-11.553246879577628,21.070249557495117,9.118841171264648,-11.951408386230469,21.070249557495117,9.118842124938965,-11.951407432556152,139.0,139.0,0.0,120.0,126.0,6.0,119.0,120.0,1.0,109.0,73.0,-36.0,1291.6754355430603,552.6710004806519,-739.0044350624084,1226.9106059074402,487.38732719421387,-739.5232787132263,0.4145466217382401,0.44632224138676513,0.031775619648525044,0.8160354293440344,0.8186025581796793,0.0025671288356449162,0.7177404915206049,0.7184205095185514,0.0006800179979464804,2.2687379491412183,2.245165089066631,-0.023572860074587254,2.3878555822474623,2.386183223650991,-0.0016723585964713017,56.0,53.0,-3.0,16.0,27.0,11.0
7PFR_F,5,2,t060,high,high,279.0,279.0,0.0,1.9065225218359287,1.985288881486462,0.07876635965053325,0.0,0.0,0.0,3.3429400575631556,3.781562302411217,0.43862224484806145,3.582310676574707,2.8809876441955566,-0.7013230323791504,6.906755542755127,7.407871246337894,0.5011157035827676,11.05825242996214,10.16764545440672,-0.8906069755554196,11.680546760559082,13.318081855773926,1.6375350952148438,11.680546760559082,13.318081855773926,1.6375350952148438,139.0,139.0,0.0,115.0,105.0,-10.0,100.0,90.0,-10.0,90.0,88.0,-2.0,578.7304458618164,606.7738423347473,28.043396472930908,517.5474014282227,547.8375725746155,30.290171146392822,0.45727182870551913,0.5222235447400988,0.06495171603457967,0.8083606037433322,0.7922708731112774,-0.016089730632054766,0.7327544050258592,0.7614214446424308,0.028667039616571577,2.73762907815864,2.163750301747769,-0.5738787764108713,2.923780884616864,2.9968547568451793,0.0730738722283153,53.0,51.0,-2.0,15.0,23.0,8.0
7PFR_F,6,2,t060,high,high,279.0,279.0,0.0,2.1602140327508303,1.6372687859347217,-0.5229452468161087,0.0,0.0,0.0,4.195678259123118,3.6031681174657866,-0.5925101416573311,3.688648223876953,0.9129176139831543,-2.775730609893799,9.34478988647461,9.568089103698737,0.2232992172241275,12.397304916381831,10.34334878921504,-2.0539561271667903,14.103754043579102,12.075762958526612,-2.0279910850524896,14.103754043579102,12.075763702392578,-2.0279903411865234,139.0,139.0,0.0,96.0,100.0,4.0,80.0,69.0,-11.0,78.0,50.0,-28.0,638.1749758720398,494.6530900001526,-143.5218858718872,581.8248953819275,435.1313691139221,-146.69352626800537,0.5738572659555277,0.6289006953003884,0.05504342934486073,0.7728610406303902,0.7537685974458115,-0.0190924431845787,0.783387263997833,0.8086096772296483,0.02522241323181529,2.4399132277055293,2.41622919593426,-0.02368403177126943,2.8466291438954214,2.8970324381643215,0.05040329426890011,38.0,38.0,0.0,27.0,30.0,3.0
7PFR_F,7,2,t060,high,high,279.0,279.0,0.0,1.7381973522965626,1.4599918532969705,-0.2782054989995921,0.0,0.0,0.0,4.5285049332321305,4.195916607045514,-0.3325883261866167,5.1949622631073,1.2558088302612305,-3.9391534328460693,7.593854141235352,7.424811172485351,-0.16904296875000036,12.988947677612245,14.395127868652331,1.406180191040086,14.681354522705078,14.955055236816406,0.2737007141113281,14.681354522705078,14.955055236816406,0.2737007141113281,139.0,139.0,0.0,132.0,104.0,-28.0,84.0,80.0,-4.0,84.0,55.0,-29.0,693.880850315094,521.034565448761,-172.846284866333,626.4864754676819,464.4246754646301,-162.06180000305176,0.46491450776464843,0.6767021886996192,0.21178768093497075,0.8054103190337837,0.7428749876630666,-0.0625353313707171,0.7370872349619075,0.8220147799472652,0.0849275449853577,2.4844292964666557,3.0827914915266694,0.5983621950600138,2.858152383897392,3.2162372724137063,0.35808488851631415,46.0,36.0,-10.0,16.0,19.0,3.0
7S5C_F,0,2,t060,low_or_equal,low_or_equal,59.0,59.0,0.0,0.6236435033507266,-0.22895937450861525,-0.8526028778593419,0.0,0.0,0.0,1.3939531079575964,0.6850316959524486,-0.7089214120051478,1.8311314582824707,0.21904563903808594,-1.6120858192443848,2.46881275177002,0.565395736694336,-1.903417015075684,2.8469577789306624,0.721997833251952,-2.1249599456787105,3.79380979537964,1.0247661018371585,-2.769043693542481,4.193637847900391,1.1481513977050781,-3.0454864501953125,29.0,29.0,0.0,26.0,9.0,-17.0,25.0,1.0,-24.0,13.0,0.0,-13.0,53.74446201324463,10.066104888916016,-43.67835712432861,40.26406669616699,1.9866752624511719,-38.27739143371582,0.3517134271643269,0.48482104723831454,0.13310762007398763,0.7897359931014833,0.7334120542181279,-0.05632393888335541,0.6453479382197786,0.7408006844691339,0.09545274624935529,1.5949706363060585,1.3881944636713246,-0.2067761726347339,2.5610577028522696,2.0102876704106336,-0.550770032441636,12.0,10.0,-2.0,2.0,1.0,-1.0
7S5C_F,1,2,t060,low_or_equal,low_or_equal,59.0,59.0,0.0,0.4672391050952976,0.46723863634012514,-4.6875517245581477e-07,0.0,0.0,0.0,1.4513115759914195,1.4513130537245003,1.4777330807902445e-06,2.1950740814208984,2.1950759887695312,1.9073486328125e-06,2.218191146850586,2.2181930541992188,1.9073486328125e-06,2.2767037391662597,2.2767056465148925,1.9073486328125e-06,2.3360125160217287,2.3360144233703615,1.9073486328125e-06,2.3547487258911133,2.354750633239746,1.9073486328125e-06,29.0,29.0,0.0,25.0,25.0,0.0,23.0,23.0,0.0,21.0,21.0,0.0,51.141624450683594,51.14164352416992,1.9073486328125e-05,37.739699363708496,37.739726066589355,2.6702880859375e-05,0.2685481897919437,0.2685483134082598,1.2361631607227253e-07,0.793512915227986,0.7935127762322155,-1.389957704489575e-07,0.6089406274908524,0.6089408207474754,1.9325662292679624e-07,1.246778888837072,1.2467792565712392,3.677341671171064e-07,1.3005543757937856,1.3005546887735246,3.1297973901445175e-07,21.0,21.0,0.0,0.0,0.0,0.0
7S5C_F,2,2,t060,low_or_equal,low_or_equal,59.0,59.0,0.0,0.8525989338503046,0.8526007442151086,1.8103648039557996e-06,0.0,0.0,0.0,2.0047638698349854,2.004764994370547,1.1245355615585595e-06,3.471059799194336,3.4710636138916016,3.814697265625e-06,3.4949371337890627,3.494940185546875,3.0517578122335465e-06,3.55557746887207,3.555580425262451,2.956390380948193e-06,3.634786243438721,3.6347896575927736,3.4141540528054293e-06,3.6586599349975586,3.658662796020508,2.86102294921875e-06,29.0,29.0,0.0,25.0,25.0,0.0,24.0,24.0,0.0,20.0,20.0,0.0,76.51046943664551,76.5105562210083,8.678436279296875e-05,62.99034595489502,62.990427017211914,8.106231689453125e-05,0.2803089137949272,0.2803088576030755,-5.6191851671716364e-08,0.7841683823059887,0.7841684592477998,7.694181103357067e-08,0.6264173069377323,0.626417222593614,-8.434411835622768e-08,1.3482777576414777,1.348277573001029,-1.8464044870825091e-07,1.3996965145716758,1.399696253518454,-2.6105322170622003e-07,20.0,20.0,0.0,0.0,0.0,0.0
7S5C_F,3,2,t060,low_or_equal,low_or_equal,59.0,59.0,0.0,2.039000187890004,-0.09157958273160255,-2.1305797706216065,0.0,0.0,0.0,3.9586452062422954,0.27397511105049355,-3.6846700951918017,7.39641809463501,0.12975215911865234,-7.266665935516357,8.19477825164795,0.17798728942871098,-8.01679096221924,8.752290058135985,0.21078605651855398,-8.541504001617431,9.706408958435059,0.5032547950744629,-9.203154163360596,10.108421325683594,0.5041093826293945,-9.6043119430542,29.0,29.0,0.0,23.0,2.0,-21.0,18.0,0.0,-18.0,17.0,0.0,-17.0,144.08925819396973,4.301613807678223,-139.7876443862915,131.498309135437,0.006745338439941406,-131.49156379699707,0.3753015599369954,0.4416300914585277,0.06632853152153234,0.728134754635289,0.7675902143894682,0.03945545975417919,0.7098785428937688,0.6802803874896148,-0.029598155404154003,1.6958554051926529,1.1036244792120207,-0.5922309259806322,2.038429997482247,2.174244817629481,0.135814820147234,17.0,6.0,-11.0,1.0,2.0,1.0
7S5C_F,4,2,t060,low_or_equal,low_or_equal,59.0,59.0,0.0,0.46871613647978183,-0.4923335253182104,-0.9610496617979922,0.0,0.0,0.0,0.8776118034597788,1.4955669643118856,0.6179551608521068,1.7278099060058594,0.6802430152893066,-1.0475668907165527,1.8760347366333008,1.3886562347412115,-0.4873785018920893,1.9252789497375487,1.8028369903564452,-0.12244195938110347,2.0018292236328126,2.358786239624024,0.35695701599121143,2.0232486724853516,2.497258186340332,0.47400951385498047,29.0,29.0,0.0,17.0,18.0,1.0,16.0,10.0,-6.0,1.0,2.0,1.0,32.71061420440674,25.529809951782227,-7.180804252624512,22.03464412689209,13.293063163757324,-8.741580963134766,0.3564782818674231,0.4496122255905933,0.09313394372317019,0.7408630348146509,0.7629009856595123,0.022037950844861376,0.6998047825714013,0.7051445892446397,0.005339806673238412,1.6596891786500698,1.5346491133084568,-0.12504006534161305,1.7713213631325258,1.9989688078153436,0.22764744468281783,16.0,10.0,-6.0,0.0,0.0,0.0
7S5C_F,5,2,t060,low_or_equal,low_or_equal,59.0,59.0,0.0,0.9368467977491476,0.08938424061920683,-0.8474625571299408,0.0,0.0,0.0,1.634422669535401,0.30258216035883123,-1.3318405091765697,2.6465225219726562,0.34698009490966797,-2.2995424270629883,3.414971542358399,0.4758228302001954,-2.939148712158204,3.9609711647033676,0.5536119461059557,-3.4073592185974118,4.897706584930421,0.8334008598327637,-4.0643057250976575,5.298007011413574,0.8362865447998047,-4.4617204666137695,29.0,29.0,0.0,18.0,5.0,-13.0,18.0,0.0,-18.0,18.0,0.0,-18.0,60.41479969024658,9.6078519821167,-50.80694770812988,50.62587070465088,0.982701301574707,-49.64316940307617,0.41887898452377903,0.41428208846378745,-0.004596896059991584,0.7173651277308796,0.7583703156968037,0.04100518796592412,0.7269247634967089,0.7001164774414568,-0.026808286055252095,1.8502706939410316,1.5342203417948457,-0.31605035214618593,2.668318480252189,2.4684280900594033,-0.19989039019278554,17.0,11.0,-6.0,3.0,3.0,0.0
7S5C_F,6,2,t060,low_or_equal,low_or_equal,59.0,59.0,0.0,-3.6089471962492343,-0.23613283189676576,3.3728143643524686,0.0,0.0,0.0,5.184024116050319,1.7444850320981404,-3.4395390839521784,1.3809312582015991,1.5296878814697266,0.14875662326812744,2.306389522552491,2.0829473495483404,-0.22344217300415048,2.863941049575804,2.6313994407653793,-0.23254160881042463,3.8194373416900644,3.575840053558351,-0.24359728813171344,4.22145938873291,3.976496696472168,-0.2449626922607422,29.0,29.0,0.0,20.0,18.0,-2.0,20.0,18.0,-2.0,9.0,7.0,-2.0,42.09856939315796,38.650282859802246,-3.448286533355713,32.020055055618286,28.25538921356201,-3.7646658420562744,0.4453724603636597,0.44863090011959456,0.003258439755934872,0.7207159812528011,0.7285841065942414,0.007868125341440324,0.729892335858201,0.7294989238430674,-0.000393412015133654,1.2486223252288222,1.6437700638871546,0.3951477386583324,1.510488070597189,2.414826983813262,0.9043389132160731,14.0,16.0,2.0,0.0,2.0,2.0
7S5C_F,7,2,t060,low_or_equal,low_or_equal,59.0,59.0,0.0,-0.36348905401714776,1.0149672556731661,1.378456309690314,0.0,0.0,0.0,0.7583557810381727,2.166076471995421,1.4077206909572482,0.05450248718261719,3.8650131225585938,3.8105106353759766,0.38111400604248064,3.8919044494628907,3.5107904434204102,0.4981127738952634,3.9423473358154295,3.444234561920166,0.6047554206848146,3.9854873275756835,3.380731906890869,0.6606664657592773,4.005044937133789,3.3443784713745117,29.0,29.0,0.0,3.0,26.0,23.0,0.0,22.0,22.0,0.0,20.0,20.0,5.442936897277832,84.31714057922363,78.8742036819458,0.26277923583984375,70.54670333862305,70.2839241027832,0.5734823953675036,0.28098718139982465,-0.2924952139676789,0.6857578738730329,0.7828063366478053,0.09704846277477241,0.786735258253709,0.6285769643935832,-0.1581582938601258,1.1361446031741156,1.351466634714664,0.2153220315405484,1.350494774859339,1.3804118737812245,0.029917098921885543,6.0,20.0,14.0,0.0,0.0,0.0
7W62_A,0,2,t060,low_or_equal,low_or_equal,140.0,140.0,0.0,0.31973571096147807,1.259772845676967,0.940037134715489,0.222503662109375,0.0004763603210449219,-0.22202730178833008,1.7640060469019683,3.457127896998509,1.6931218500965408,0.6885368824005127,2.51469087600708,1.8261539936065674,4.644723987579345,9.299534320831299,4.6548103332519535,4.651067495346069,9.299544334411621,4.648476839065552,4.651414642333984,9.299545288085938,4.648130645751953,4.6641845703125,9.299545288085938,4.6353607177734375,70.0,70.0,0.0,50.0,59.0,9.0,17.0,56.0,39.0,16.0,53.0,37.0,109.33902072906494,260.12442111968994,150.785400390625,75.06239318847656,227.99027156829834,152.92787837982178,0.5956120313817308,0.5005051561311771,-0.09510687525055372,0.7636638660747548,0.7803568969775582,0.016693030902803385,0.7449904540193664,0.7279499371131339,-0.017040516906232428,2.4553950889179115,2.3255637998567575,-0.12983128906115393,2.462831046968887,2.3255640757141585,-0.13726697125472853,16.0,18.0,2.0,16.0,18.0,2.0
7W62_A,1,2,t060,low_or_equal,low_or_equal,140.0,140.0,0.0,2.385441630227225,2.135950333731515,-0.2494912964957101,0.0035343170166015625,0.0015354156494140625,-0.0019989013671875,4.044972595519146,4.924460437662536,0.8794878421433907,4.927719593048096,2.501312732696533,-2.4264068603515625,10.643471717834473,15.068909645080566,4.425437927246094,10.64348030090332,15.669670963287352,5.026190662384032,10.676380834579467,16.872909870147698,6.196529035568231,10.702861785888672,17.712512969970703,7.009651184082031,70.0,70.0,0.0,50.0,43.0,-7.0,47.0,41.0,-6.0,46.0,36.0,-10.0,354.404634475708,311.537841796875,-42.86679267883301,325.8124885559082,286.51344299316406,-39.29904556274414,0.42083499638881305,0.7163302481752412,0.2954952517864281,0.7723686857983668,0.6906804880396662,-0.08168819775870062,0.7327579507541124,0.8280660050579278,0.09530805430381539,2.0415561479511655,2.7482646679520903,0.7067085200009249,2.056236466193898,3.1631003707754064,1.1068639045815085,23.0,16.0,-7.0,23.0,15.0,-8.0
7W62_A,2,2,t060,low_or_equal,low_or_equal,140.0,140.0,0.0,-1.8393093960625784,0.5290285621370588,2.3683379581996373,3.790855407714844e-05,0.031800270080566406,0.03176236152648926,4.523902518138452,5.1969957377330465,0.6730932195945947,3.050327777862549,7.888365745544434,4.838037967681885,3.234519386291504,7.910991764068603,4.676472377777099,3.235152983665466,7.911050319671631,4.675897336006164,3.95139938116073,7.920000410079956,3.9686010289192257,4.801693916320801,7.946005821228027,3.1443119049072266,70.0,70.0,0.0,53.0,65.0,12.0,53.0,61.0,8.0,53.0,41.0,-12.0,164.560800075531,356.2944836616516,191.7336835861206,138.0295329093933,322.6338047981262,184.6042718887329,0.29401446141897464,0.31099086021776856,0.016976398798793924,0.8018695977445202,0.8070926967291556,0.005223098984635466,0.6447450981965646,0.6652769963869154,0.02053189819035084,1.121700204498691,1.4204402177852553,0.2987400132865643,1.4679810817665666,1.427166315577216,-0.04081476618935054,46.0,40.0,-6.0,0.0,0.0,0.0
7W62_A,3,2,t060,low_or_equal,low_or_equal,140.0,140.0,0.0,0.4073526518685477,1.180542598451887,0.7731899465833392,0.0015401840209960938,0.022212505340576172,0.020672321319580078,1.3646404336601194,1.8144221440119477,0.44978171035182823,0.20889520645141602,3.3784186840057373,3.1695234775543213,3.3483192443847662,3.9635646820068358,0.6152454376220695,3.9376476764678934,3.964605140686035,0.026957464218141602,5.137958002090448,3.9814194679260253,-1.1565385341644228,5.979071617126465,3.9926414489746094,-1.9864301681518555,70.0,70.0,0.0,21.0,61.0,40.0,21.0,59.0,38.0,15.0,48.0,33.0,75.42533493041992,188.43326091766357,113.00792598724365,59.403329849243164,157.01734066009521,97.61401081085205,0.7813172610832964,0.29491531042376634,-0.48640195065953,0.6569767905812282,0.8210947966529494,0.16411800607172122,0.8576354478122579,0.6383010997930156,-0.21933434801924223,2.5869781793953566,1.5344072775027902,-1.0525709018925664,4.082920912957224,1.5498591988657988,-2.533061714091425,15.0,47.0,32.0,15.0,0.0,-15.0
7W62_A,4,2,t060,low_or_equal,low_or_equal,140.0,140.0,0.0,0.018695425987243653,0.21276965141296386,0.1940742254257202,0.028471946716308594,0.008635520935058594,-0.01983642578125,3.883655958926848,0.9316857430682912,-2.9519702158585566,1.9690018892288208,1.0338459014892578,-0.935155987739563,6.721340227127075,1.8775385856628417,-4.843801641464234,7.021012544631957,1.9434607982635488,-5.077551746368409,7.5634741401672345,2.006949520111084,-5.55652462005615,7.769681930541992,2.008443832397461,-5.761238098144531,70.0,70.0,0.0,67.0,43.0,-24.0,67.0,36.0,-31.0,23.0,5.0,-18.0,235.18361711502075,69.26235008239746,-165.9212670326233,201.4217972755432,40.272480964660645,-161.14931631088257,0.4243061353065797,0.3950285705678113,-0.029277564738768358,0.8035789489929726,0.8058035523806424,0.0022246033876698323,0.6921961005326411,0.6962899738051578,0.004093873272516646,1.803021995949309,1.8575911027155516,0.0545691067662426,1.9957963801449965,1.9273389062183781,-0.06845747392661838,23.0,24.0,1.0,0.0,0.0,0.0
7W62_A,5,2,t060,low_or_equal,low_or_equal,140.0,140.0,0.0,0.1705019337790353,3.2104442596435545,3.0399423258645193,0.0018711090087890625,0.001209259033203125,-0.0006618499755859375,0.7034567513825554,6.254067938884871,5.550611187502316,0.2534670829772949,4.316146612167358,4.0626795291900635,1.384013175964356,17.074441719055176,15.690428543090821,1.9008327484130856,17.13505744934082,15.234224700927735,2.5994361400604227,17.13505744934082,14.535621309280398,3.0784425735473633,17.135059356689453,14.05661678314209,70.0,70.0,0.0,21.0,56.0,35.0,15.0,56.0,41.0,6.0,55.0,49.0,42.836992263793945,518.9118604660034,476.0748682022095,22.89815044403076,490.49383544921875,467.595685005188,0.661608921461543,0.4621749846218707,-0.19943393683967237,0.7365640448775238,0.771967687125202,0.035403642247678224,0.7904483688877384,0.7388048093390438,-0.051643559548694595,2.459754364761307,2.2264889549920825,-0.2332654097692246,4.133787377906514,2.2264892599693633,-1.9072981179371506,15.0,24.0,9.0,11.0,16.0,5.0
7W62_A,6,2,t060,low_or_equal,low_or_equal,140.0,140.0,0.0,1.281810280254909,4.049377720696586,2.7675674404416766,0.27382469177246094,0.0760793685913086,-0.19774532318115234,2.059262345398314,7.324514780139722,5.2652524347414085,2.105567693710327,4.486514091491699,2.380946397781372,5.0823077201843265,19.402248573303222,14.319940853118895,5.6816730022430395,19.463721656799315,13.782048654556275,6.901065673828119,19.577603130340577,12.67653745651246,7.741178512573242,19.641525268554688,11.900346755981445,70.0,70.0,0.0,70.0,69.0,-1.0,65.0,66.0,1.0,37.0,46.0,9.0,202.1933102607727,620.1553869247437,417.96207666397095,167.1933102607727,585.503228187561,418.30991792678833,0.4123647706570268,0.4398620898806438,0.02749731922361698,0.8219370841149856,0.777119465937602,-0.04481761817738361,0.6705014878770055,0.735978993883533,0.06547750600652757,2.136620781621239,2.104486699637554,-0.03213408198368484,3.136738865134217,2.1287618382771103,-1.0079770268571067,16.0,26.0,10.0,10.0,16.0,6.0
7W62_A,7,2,t060,low_or_equal,low_or_equal,140.0,140.0,0.0,2.615621359007699,1.7216753414699009,-0.8939460175377982,0.0001392364501953125,0.031134605407714844,0.03099536895751953,4.6712686197865825,2.9446446907090507,-1.7266239290775318,8.061685562133789,2.254789113998413,-5.806896448135376,12.39638900756836,7.594969034194946,-4.801419973373413,12.450267314910889,8.125700473785399,-4.32456684112549,12.660603828430174,9.106143589019771,-3.5544602394104032,12.745848655700684,9.623764038085938,-3.122084617614746,70.0,70.0,0.0,62.0,68.0,6.0,40.0,66.0,26.0,40.0,43.0,3.0,406.005229473114,267.6322383880615,-138.3729910850525,374.11049032211304,233.49111366271973,-140.6193766593933,0.4311500882597182,0.43563221856699813,0.004482130307279952,0.7731275603959032,0.8036073480363048,0.0304797876404016,0.727379422731268,0.6981086174236526,-0.02927080530761539,2.1053479806846362,2.1748040272979257,0.06945604661328941,2.1686244404321595,2.6835457335646384,0.5149212931324789,39.0,24.0,-15.0,15.0,14.0,-1.0
8ERB_D,0,2,t060,high,high,428.0,428.0,0.0,1.6718727762454024,2.119562395265169,0.4476896190197668,0.0012111663818359375,0.00020885467529296875,-0.0010023117065429688,2.8963345949041925,4.362081144190886,1.4657465492866932,3.4874110221862793,3.5978684425354004,0.1104574203491211,7.816166591644287,7.94305419921875,0.1268876075744627,8.056356430053711,9.55579948425293,1.4994430541992188,8.14482307434082,17.97621726989746,9.83139419555664,8.144824981689453,17.97621726989746,9.831392288208008,214.0,214.0,0.0,173.0,146.0,-27.0,144.0,117.0,-27.0,127.0,116.0,-11.0,791.1195030212402,982.8248610496521,191.70535802841187,698.4295902252197,897.4820561408997,199.05246591567993,0.43512461719497086,0.5433115651307691,0.1081869479357982,0.8240378098096467,0.7856294073055581,-0.03840840250408861,0.72320634464517,0.7874548996557296,0.0642485550105596,2.20433221529072,1.7047452450284701,-0.49958697026224974,2.234877219238604,3.6351123123303366,1.4002350930917324,106.0,79.0,-27.0,44.0,17.0,-27.0
8ERB_D,1,2,t060,high,high,428.0,428.0,0.0,0.9886083045852518,1.950729096047232,0.9621207914619803,0.0012636184692382812,0.0024900436401367188,0.0012264251708984375,1.740580514644008,4.272278337197329,2.531697822553321,2.259121894836426,2.387216329574585,0.12809443473815918,4.622297382354736,8.095516204833984,3.4732188224792484,4.9896315574646,10.910967826843262,5.921336269378662,5.271052856445312,15.504539489746094,10.233486633300782,5.271390914916992,15.504539489746094,10.233148574829102,214.0,214.0,0.0,157.0,144.0,-13.0,149.0,138.0,-11.0,117.0,134.0,17.0,468.86657905578613,980.7287111282349,511.86213207244873,380.55937004089355,898.7436122894287,518.1842422485352,0.4618565831045901,0.5313844567455959,0.06952787364100577,0.82391253574945,0.791748996029753,-0.03216353971969699,0.7286413951702588,0.779575401858212,0.050934006687953115,2.2986717472806224,2.097297512847458,-0.20137423443316438,2.46054840571835,3.172501724826838,0.7119533191084879,73.0,84.0,11.0,44.0,35.0,-9.0
8ERB_D,2,2,t060,high,high,428.0,428.0,0.0,2.4743514239231,1.8513591735162467,-0.6229922504068535,0.0039806365966796875,0.0008115768432617188,-0.0031690597534179688,4.7566696757053,3.0302513531955557,-1.7264183225097445,2.435877799987793,3.317479133605957,0.8816013336181641,10.171014690399192,7.913308429718017,-2.257706260681174,13.488865518569947,8.546485328674308,-4.942380189895639,16.821514129638672,8.763771057128906,-8.057743072509766,16.821514129638672,8.763797760009766,-8.057716369628906,214.0,214.0,0.0,180.0,179.0,-1.0,177.0,175.0,-2.0,129.0,145.0,16.0,1127.4663515090942,852.6114435195923,-274.85490798950195,1030.4441680908203,760.4158134460449,-270.0283546447754,0.5565552315538452,0.42732728283086224,-0.129227948722983,0.8016896737149242,0.8294873490399879,0.02779767532506372,0.7695110104314353,0.717047893590663,-0.05246311684077232,2.3155936496712184,2.209429309584403,-0.1061643400868153,3.016220104371286,2.2811436349014405,-0.7350764694698455,68.0,71.0,3.0,40.0,46.0,6.0
8ERB_D,3,2,t060,high,high,428.0,428.0,0.0,2.373165347865809,1.8685381512775598,-0.504627196588249,0.00829172134399414,0.000766754150390625,-0.007524967193603516,4.581003882227317,4.730184101586588,0.1491802193592715,2.2642688751220703,1.3713738918304443,-0.892894983291626,9.325497055053711,8.504094505310059,-0.8214025497436523,10.201738023757935,13.598388671875,3.396650648117065,18.12972173690796,15.663482666015625,-2.4662390708923354,18.266376495361328,15.663482666015625,-2.602893829345703,214.0,214.0,0.0,167.0,176.0,9.0,159.0,113.0,-46.0,124.0,101.0,-23.0,1102.9324622154236,1015.5261664390564,-87.40629577636719,1012.2674498558044,921.6015591621399,-90.66589069366455,0.5030732564618453,0.6015859046860343,0.09851264822418904,0.801400312070007,0.7860423716090849,-0.015357940460922093,0.7661707931579413,0.7914644026515332,0.02529360949359183,1.7089207687127776,2.4797873124352683,0.7708665437224906,3.4693729924909222,2.9163652446658457,-0.5530077478250766,87.0,63.0,-24.0,16.0,42.0,26.0
8ERB_D,4,2,t060,high,high,428.0,428.0,0.0,2.165016851692556,1.5928401947021484,-0.5721766569904077,4.482269287109375e-05,0.0015611648559570312,0.0015163421630859375,4.78842855904462,3.0818473797034995,-1.7065811793411205,1.8744468688964844,1.6797261238098145,-0.19472074508666992,10.660771560668946,7.017996311187744,-3.6427752494812022,11.339465141296387,9.739760947227417,-1.5997041940689698,18.839963912963867,10.735251169204712,-8.104712743759155,18.839963912963867,10.735251426696777,-8.10471248626709,214.0,214.0,0.0,154.0,189.0,35.0,144.0,148.0,4.0,90.0,107.0,17.0,1013.653000831604,749.7827272415161,-263.8702735900879,924.9636011123657,650.4842853546143,-274.47931575775146,0.6053371974617606,0.5316906146719219,-0.07364658278983871,0.7739127639407094,0.809810110148318,0.03589734620760865,0.806802026289571,0.7604715826104649,-0.046330443679106104,1.9159622361441897,2.643518561684606,0.7275563255404165,3.4823422456151816,2.966536010902074,-0.5158062347131076,69.0,67.0,-2.0,20.0,38.0,18.0
8ERB_D,5,2,t060,high,high,428.0,428.0,0.0,1.2879598363537654,2.5083121696365214,1.220352333282756,0.0028514862060546875,0.0020914077758789062,-0.0007600784301757812,3.0322818269270706,5.134726125606826,2.1024442986797554,1.8238210678100586,2.537477970123291,0.7136569023132324,3.0142824172973635,11.037003993988037,8.022721576690675,12.173933792114259,11.907034873962402,-0.2668989181518562,12.215897998809815,18.987966537475586,6.772068538665771,12.215899467468262,18.987966537475586,6.772067070007324,214.0,214.0,0.0,194.0,135.0,-59.0,182.0,134.0,-48.0,104.0,122.0,18.0,660.5025320053101,1168.8463687896729,508.3438367843628,559.7784976959229,1089.2749071121216,529.4964094161987,0.569485333023881,0.5382455585388426,-0.031239774485038452,0.8108492474707302,0.782298423507063,-0.02855082396366715,0.7427722877010752,0.7906949891693473,0.047922701468272155,3.590027107339291,1.8304233710644366,-1.7596037362748542,3.6038667428841613,3.209451480898893,-0.3944152619852681,25.0,69.0,44.0,25.0,18.0,-7.0
8ERB_D,6,2,t060,high,high,428.0,428.0,0.0,2.854794247128139,1.8008759913043442,-1.0539182558237947,0.0038399696350097656,0.0005578994750976562,-0.0032820701599121094,5.246379487051134,4.117722456293315,-1.128657030757819,4.188084363937378,2.33948016166687,-1.8486042022705078,12.515148162841797,5.99621615409851,-6.5189320087432865,14.199636459350586,10.539200830459595,-3.6604356288909905,18.74950408935547,18.587203979492188,-0.16230010986328125,18.74950408935547,18.587203979492188,-0.16230010986328125,214.0,214.0,0.0,160.0,169.0,9.0,139.0,154.0,15.0,134.0,124.0,-10.0,1287.452160358429,870.2340621948242,-417.21809816360474,1193.4995131492615,774.9636287689209,-418.5358843803406,0.5142184818592366,0.5803344604368386,0.06611597857760199,0.8009743802318344,0.7932895263304865,-0.007684853901347877,0.7685620209157333,0.7802988499149106,0.011736828999177273,2.1624135730599074,2.1221257459448353,-0.04028782711507217,3.0296530934252663,4.076605008317761,1.046951914892495,65.0,49.0,-16.0,31.0,24.0,-7.0
8ERB_D,7,2,t060,high,high,428.0,428.0,0.0,1.9850083277604291,1.9514039866278106,-0.033604341132618565,0.000873565673828125,0.0017843246459960938,0.0009107589721679688,4.152621853894877,4.5348699277240145,0.38224807382913717,2.281858205795288,0.7612323760986328,-1.5206258296966553,8.585375595092774,11.281902694702149,2.6965270996093746,8.684361362457274,12.088644123077385,3.404282760620111,18.123037338256836,17.43306646347046,-0.6899708747863755,18.123037338256836,17.56831932067871,-0.554718017578125,214.0,214.0,0.0,200.0,164.0,-36.0,173.0,88.0,-85.0,124.0,83.0,-41.0,940.6306157112122,909.1976218223572,-31.43299388885498,838.8201785087585,820.7968182563782,-18.02336025238037,0.564316825000219,0.6506045467912898,0.0862877217910708,0.8055121160181248,0.7575516956198448,-0.04796042039827997,0.7653022928569093,0.8235816464692307,0.058279353612321394,1.6132827091908952,2.235398213844098,0.6221155046532028,3.8862264801116027,3.4437405224296707,-0.442485957681932,46.0,59.0,13.0,18.0,47.0,29.0
9END_A,0,2,t060,high,high,307.0,307.0,0.0,1.2338455399006896,0.9327511849543171,-0.3010943549463725,0.0,0.0,0.0,2.825466330724188,3.5440859195128254,0.7186195887886373,2.368828296661377,1.5720734596252441,-0.7967548370361328,5.524775314331109,4.594253158569358,-0.9305221557617509,9.279413604736325,10.22809619903561,0.9486825942992851,9.356710376739501,13.227010612487794,3.8703002357482923,9.357061386108398,13.227270126342773,3.870208740234375,153.0,153.0,0.0,126.0,105.0,-21.0,104.0,99.0,-5.0,100.0,76.0,-24.0,485.76121520996094,494.0006470680237,8.239431858062744,417.8788871765137,433.4520745277405,15.573187351226807,0.5186876487108608,0.5865017615996966,0.06781411288883576,0.8059952891447606,0.7728389572670709,-0.03315633187768974,0.7465439958612461,0.7908120929315996,0.04426809707035351,2.847518647576132,2.622776429573424,-0.22474221800270788,2.87500005145192,3.4690239516197954,0.5940239001678753,43.0,31.0,-12.0,18.0,18.0,0.0
9END_A,1,2,t060,high,high,307.0,307.0,0.0,2.1548358966939225,0.9921422315342807,-1.1626936651596418,0.0,0.0,0.0,3.4555901099495197,3.922991897606419,0.46740178765689944,4.065537929534912,1.399406909942627,-2.666131019592285,8.370933532714844,6.184303283691409,-2.186630249023435,11.898954677581784,12.208781909942626,0.309827232360842,12.009326210021973,12.208941459655762,0.19961524963378885,12.009696006774902,12.208944320678711,0.1992483139038086,153.0,153.0,0.0,140.0,116.0,-24.0,138.0,100.0,-38.0,120.0,54.0,-66.0,703.2937135696411,545.5217070579529,-157.77200651168823,630.3535490036011,477.7136445045471,-152.63990449905396,0.470065608945295,0.6054406384834463,0.13537502953815134,0.8299460342316346,0.774151410160068,-0.055794624071566545,0.7014055154789409,0.7899037027920288,0.0884981873130879,2.8198132506607405,2.8592054154514277,0.03939216479068719,2.8518602601929954,2.8592468151637704,0.0073865549707750056,32.0,53.0,21.0,20.0,23.0,3.0
9END_A,2,2,t060,high,high,307.0,307.0,0.0,0.9734799776481107,1.4601402810808113,0.4866603034327006,0.0,0.0,0.0,3.910619966119524,4.3677954306667734,0.45717546454724944,1.967555046081543,3.6332526206970215,1.6656975746154785,7.996480178833016,11.295569229125977,3.2990890502929613,11.408391952514648,11.965677261352539,0.5572853088378906,11.477014560699462,11.965679168701172,0.4886646080017094,11.47705078125,11.965681076049805,0.4886302947998047,153.0,153.0,0.0,103.0,144.0,41.0,85.0,116.0,31.0,67.0,86.0,19.0,528.8616051673889,701.3787431716919,172.51713800430298,468.2823872566223,625.5579786300659,157.2755913734436,0.6528780618680999,0.5213019179685596,-0.1315761438995403,0.759675028640774,0.8024387499756631,0.04276372133488915,0.8067656950148037,0.7522066897039588,-0.0545590053108449,2.668352349569016,2.405226423039686,-0.2631259265293302,2.6859093684893383,2.4052272964087176,-0.2806820720806207,37.0,40.0,3.0,29.0,35.0,6.0
9END_A,3,2,t060,high,high,307.0,307.0,0.0,1.8033202836101918,1.2143069245527933,-0.5890133590573985,0.0,0.0,0.0,4.436311678662271,3.5324912154059285,-0.9038204632563427,3.5631160736083984,2.4828133583068848,-1.0803027153015137,9.358724594116211,4.543432807922363,-4.815291786193848,11.970151519775355,12.191102027893045,0.22095050811769035,13.25486946105957,13.923267364501953,0.6683979034423828,13.255245208740234,13.923314094543457,0.6680688858032227,153.0,153.0,0.0,110.0,110.0,0.0,106.0,86.0,-20.0,106.0,81.0,-25.0,760.3011498451233,502.3257722854614,-257.97537755966187,698.8637948036194,436.2270393371582,-262.6367554664612,0.4638142653854245,0.6068869420565539,0.14307267667112944,0.7996427432198648,0.7714496911549948,-0.028193052064869994,0.7476615788382563,0.7926602539700887,0.04499867513183231,2.2917306024879833,3.1073807219868423,0.815650119498859,2.5814067528689204,3.597746291502167,1.0163395386332468,60.0,20.0,-40.0,16.0,18.0,2.0
9END_A,4,2,t060,high,high,307.0,307.0,0.0,1.339002887278504,1.676398097109717,0.33739520983121296,0.0,0.0,0.0,3.2121848962092727,4.234561960630417,1.0223770644211445,2.9693851470947266,5.752085447311401,2.782700300216675,5.929676342010498,7.548305892944342,1.6186295509338438,9.239999771118164,12.419166374206517,3.179166603088353,9.24084758758545,13.667033939361572,4.426186351776122,9.24084758758545,13.667543411254883,4.426695823669434,153.0,153.0,0.0,142.0,139.0,-3.0,123.0,99.0,-24.0,106.0,93.0,-13.0,596.4198212623596,726.9319152832031,130.5120940208435,523.7102952003479,657.2943077087402,133.58401250839233,0.4162343701977707,0.4702347941738712,0.0540004239761005,0.8335312214532916,0.8077650525636157,-0.025766168889675867,0.6947419776460455,0.7359316821386002,0.04118970449255466,2.459695546530866,2.5369255136598543,0.07722996712898844,2.459959484160448,2.831732166308884,0.37177268214843595,66.0,47.0,-19.0,19.0,18.0,-1.0
9END_A,5,2,t060,high,high,307.0,307.0,0.0,1.4435483081333025,1.6041624041255989,0.16061409599229637,0.0,0.0,0.0,2.713127643317831,3.766535694855715,1.0534080515378839,1.8016600608825684,0.5929446220397949,-1.2087154388427734,7.07662353515625,9.058858680725098,1.9822351455688487,7.181684160232544,12.220295715332021,5.038611555099477,8.091871185302734,13.304502487182617,5.212631301879883,8.763879776000977,13.304502487182617,4.540622711181641,153.0,153.0,0.0,132.0,96.0,-36.0,107.0,73.0,-34.0,76.0,63.0,-13.0,504.6368713378906,540.3672757148743,35.73040437698364,435.3234920501709,482.9632525444031,47.63976049423218,0.4535461829402391,0.6549809174034733,0.20143473446323423,0.8098652959895264,0.7417923600389598,-0.06807293595056663,0.7365330776144685,0.8254515806416121,0.08891850302714355,2.1149524115578235,2.818540476254028,0.7035880646962043,2.6981153967808837,3.106392991054668,0.4082775942737844,61.0,42.0,-19.0,38.0,19.0,-19.0
9END_A,6,2,t060,high,high,307.0,307.0,0.0,1.8503825144193071,1.3424923629636485,-0.5078901514556586,0.0,0.0,0.0,3.167468748163268,2.864057741262466,-0.30341100690080225,4.227876663208008,2.766413688659668,-1.4614629745483398,7.7936324119567875,6.552582359313987,-1.2410500526428008,8.832600975036621,7.244881200790405,-1.5877197742462164,8.832620334625243,7.899834699630738,-0.9327856349945058,8.832624435424805,7.900384902954102,-0.9322395324707031,153.0,153.0,0.0,132.0,149.0,17.0,104.0,144.0,40.0,103.0,109.0,6.0,616.0541195869446,566.1930193901062,-49.86110019683838,547.8032298088074,490.99318647384644,-56.81004333496094,0.43475084806649483,0.40337866098084035,-0.03137218708565448,0.8120711494363732,0.8451912216863233,0.03312007224995017,0.7291004474056495,0.6691392475954105,-0.05996119981023895,2.2043527547560235,2.060848408462954,-0.1435043462930694,2.204360161423634,2.289720785133249,0.08536062370961517,54.0,51.0,-3.0,24.0,29.0,5.0
9END_A,7,2,t060,high,high,307.0,307.0,0.0,2.6403145976485956,1.9516452251894079,-0.6886693724591877,0.0,0.0,0.0,4.713806613651909,3.7247455746523515,-0.9890610389995573,6.58539342880249,3.1318955421447754,-3.453497886657715,10.269191360473751,8.41559295654297,-1.853598403930782,13.059949207305909,12.706300163269034,-0.35364904403687447,13.501185054779052,12.990348320007325,-0.5108367347717273,13.501792907714844,12.990438461303711,-0.5113544464111328,153.0,153.0,0.0,132.0,136.0,4.0,119.0,119.0,0.0,113.0,93.0,-20.0,940.6506600379944,668.9095540046692,-271.7411060333252,870.404947757721,597.8966898918152,-272.50825786590576,0.43093058555445857,0.5153277450266076,0.08439715947214904,0.824013550587343,0.8064328620430194,-0.017580688544323597,0.7078798185584463,0.7479088769352911,0.040029058376844784,2.2104501655796502,2.8873529003610967,0.6769027347814465,2.3041841128165372,2.963636848442892,0.6594527356263549,65.0,36.0,-29.0,31.0,20.0,-11.0
9GJ9_C,0,2,t060,low_or_equal,low_or_equal,389.0,389.0,0.0,1.8835676114785946,1.5511041803041277,-0.332463431174467,0.0,0.0,0.0,4.043448394849201,3.3619973565523953,-0.6814510382968058,1.6543254852294922,1.9498319625854492,0.29550647735595703,8.180512237548829,7.396810913085937,-0.7837013244628919,8.868060111999512,10.796487808227539,1.9284276962280273,16.52755355834961,12.502071113586426,-4.025482444763183,16.52755355834961,12.502077102661133,-4.025476455688477,194.0,194.0,0.0,165.0,150.0,-15.0,159.0,131.0,-28.0,64.0,95.0,31.0,805.566068649292,684.0463256835938,-121.51974296569824,716.804666519165,599.1159353256226,-117.68873119354248,0.5858571829651733,0.5819826664422617,-0.0038745165229115974,0.7904325558658696,0.7909448445001718,0.0005122886343021937,0.7795044837136029,0.7835772075102325,0.004072723796629596,1.7273603663195511,2.749967548280351,1.0226071819608,3.6216576834578733,3.2572818360532043,-0.364375847404669,62.0,59.0,-3.0,19.0,25.0,6.0
9GJ9_C,1,2,t060,low_or_equal,low_or_equal,389.0,389.0,0.0,1.0366476323733294,1.3254003316393854,0.28875269926605607,0.0,0.0,0.0,2.8561152458763956,2.8516772143250644,-0.004438031551331267,1.5708808898925781,1.5743598937988281,0.00347900390625,6.176659488677978,6.755705070495605,0.5790455818176268,6.228351783752442,9.71773738861084,3.4893856048583975,10.885218200683594,9.794079093933105,-1.0911391067504894,10.889104843139648,9.794116973876953,-1.0949878692626953,194.0,194.0,0.0,179.0,137.0,-42.0,144.0,111.0,-33.0,71.0,78.0,7.0,564.451756477356,586.6039214134216,22.152164936065674,472.8257303237915,502.07918787002563,29.25345754623413,0.5677018859689364,0.5855577710542201,0.017855885085283685,0.8057721800613391,0.7935695796837566,-0.012202600377582473,0.760447553866608,0.7803081513857308,0.019860597519122836,1.8177502321990666,2.9429477553818284,1.1251975231827618,3.4496007207661203,2.9697318475232635,-0.4798688732428569,42.0,42.0,0.0,17.0,35.0,18.0
9GJ9_C,2,2,t060,low_or_equal,low_or_equal,389.0,389.0,0.0,0.16500370300214517,1.1239547582395892,0.9589510552374441,0.0,0.0,0.0,1.0493535220013468,2.655899469675012,1.6065459476736652,0.3432273864746094,0.9194488525390625,0.5762214660644531,0.9835700988769531,7.583798980712889,6.600228881835936,3.814751434326167,8.103113746643041,4.288362312316874,3.907790756225586,8.417352333068848,4.509561576843263,3.908323287963867,8.417398452758789,4.509075164794922,194.0,194.0,0.0,73.0,127.0,54.0,36.0,93.0,57.0,22.0,60.0,38.0,159.64789295196533,510.6504735946655,351.0025806427002,96.42245483398438,428.3940181732178,331.9715633392334,0.6620682411036857,0.6141767797837279,-0.04789146131995781,0.7693985802272566,0.7762395931521484,0.0068410129248918095,0.8028532791250038,0.7975128965939309,-0.00534038253107294,3.4780916581507766,2.627794865013265,-0.8502967931375114,3.567262611195503,2.74612942914276,-0.8211331820527432,31.0,58.0,27.0,22.0,42.0,20.0
9GJ9_C,3,2,t060,low_or_equal,low_or_equal,389.0,389.0,0.0,1.567126949526044,1.2041883382821756,-0.3629386112438684,0.0,0.0,0.0,3.466850228223838,2.7257672119714718,-0.7410830162523663,1.6613492965698242,0.8866729736328125,-0.7746763229370117,7.061890792846659,7.882834148406983,0.8209433555603232,8.532765007019043,8.781288528442383,0.24852352142334055,12.598662376403809,8.803740196228027,-3.7949221801757815,12.610237121582031,8.803756713867188,-3.8064804077148438,194.0,194.0,0.0,154.0,124.0,-30.0,127.0,83.0,-44.0,75.0,63.0,-12.0,713.2889437675476,516.6440711021423,-196.64487266540527,625.1397166252136,437.8018317222595,-187.3378849029541,0.5559519102572809,0.6369422411371224,0.08099033087984153,0.7944000565927984,0.7673249503272546,-0.02707510626554388,0.7771077694082051,0.8077818278100015,0.030674058401796378,2.009212281737849,2.7798045837817167,0.7705923020438679,3.1853438842420587,2.7880474686935774,-0.3972964155484813,62.0,57.0,-5.0,39.0,43.0,4.0
9GJ9_C,4,2,t060,low_or_equal,low_or_equal,389.0,389.0,0.0,1.4354305463462378,0.9486010902032141,-0.48682945614302364,0.0,0.0,0.0,3.985041474098429,1.8458792923510567,-2.139162181747372,1.4744873046875,1.9865999221801758,0.5121126174926758,3.839366149902344,4.268689727783203,0.42932357788085884,8.893217658996445,4.486215591430664,-4.407002067565781,18.307594299316406,6.183314304351807,-12.1242799949646,18.31146240234375,6.183354377746582,-12.128108024597168,194.0,194.0,0.0,167.0,143.0,-24.0,113.0,135.0,22.0,84.0,96.0,12.0,641.3436679840088,431.51024055480957,-209.83342742919922,552.6105279922485,356.13894176483154,-196.471586227417,0.6697415942217713,0.4622081871706501,-0.20753340705112117,0.7585533628539564,0.8150081213756729,0.05645475852171655,0.8120034627672079,0.7369279994559457,-0.07507546331126225,1.871445293888051,1.916492869217719,0.045047575329667966,4.2348447226174795,2.8359131115642864,-1.398931611053193,24.0,54.0,30.0,20.0,15.0,-5.0
9GJ9_C,5,2,t060,low_or_equal,low_or_equal,389.0,389.0,0.0,1.5185950065946212,1.8052529344828392,0.286657927888218,0.0,0.0,0.0,3.532023776595121,3.8287880351118244,0.2967642585167036,1.7213420867919922,2.2036972045898438,0.48235511779785156,8.254346466064453,7.569586849212646,-0.6847596168518066,10.92668113708496,9.098889923095703,-1.8277912139892578,12.437765121459961,14.955068588256836,2.517303466796875,12.437765121459961,14.955068588256836,2.517303466796875,194.0,194.0,0.0,135.0,177.0,42.0,107.0,160.0,53.0,73.0,118.0,45.0,647.9789600372314,828.2591271400452,180.28016710281372,565.7030334472656,736.9440693855286,171.24103593826294,0.6815661158262173,0.5253550544615005,-0.15621106136471674,0.7646063448872746,0.8117502017906818,0.047143856903407166,0.812640192678362,0.752047562345286,-0.060592630333075936,2.663653113785026,1.9049466624233862,-0.7587064513616397,3.0914769564182962,3.434459033298233,0.34298207687993676,48.0,56.0,8.0,34.0,14.0,-20.0
9GJ9_C,6,2,t060,low_or_equal,low_or_equal,389.0,389.0,0.0,0.8181773752050718,0.4013728286429359,-0.41680454656213595,0.0,0.0,0.0,2.247334584192243,0.880188436362228,-1.3671461478300149,0.8402137756347656,0.8267993927001953,-0.013414382934570312,2.979890823364253,1.7460622787475586,-1.2338285446166943,6.782352256774895,2.5545265197753904,-4.227825736999504,8.868431205749511,2.694157905578614,-6.174273300170897,8.868432998657227,3.4362926483154297,-5.432140350341797,194.0,194.0,0.0,124.0,115.0,-9.0,83.0,85.0,2.0,58.0,30.0,-28.0,397.93809604644775,205.05737113952637,-192.8807249069214,322.6206636428833,120.46412658691406,-202.15653705596924,0.6581018631183607,0.45754836852490627,-0.20055349459345445,0.7691578764709847,0.8334238591292974,0.06426598265831274,0.8103600437769289,0.7135408585385157,-0.09681918523841326,2.653888265468722,2.4462417389068687,-0.20764652656185323,3.582134889961501,3.4480341871061793,-0.1341007028553216,39.0,60.0,21.0,24.0,28.0,4.0
9GJ9_C,7,2,t060,low_or_equal,low_or_equal,389.0,389.0,0.0,0.9139775004055936,1.4939339191564251,0.5799564187508316,0.0,0.0,0.0,1.8305952811880521,3.486823294052988,1.6562280128649358,1.7062931060791016,1.4325485229492188,-0.2737445831298828,4.7586996078491195,5.784109306335449,1.02540969848633,5.066850471496582,12.331634140014648,7.264783668518066,5.192204284667969,13.792905921936034,8.600701637268067,5.808981895446777,13.792906761169434,7.983924865722656,194.0,194.0,0.0,152.0,143.0,-9.0,150.0,126.0,-24.0,63.0,84.0,21.0,436.15325355529785,663.8492569923401,227.69600343704224,354.1887683868408,581.3588919639587,227.17012357711792,0.45947286760942846,0.608265365849325,0.14879249823989654,0.8266146755509489,0.7800536318876057,-0.04656104366334324,0.7160376398506405,0.7972620651894877,0.08122442533884722,2.268591541651841,3.108187397779133,0.8395958561272923,2.673995964779466,3.527271617976665,0.853275653197199,61.0,55.0,-6.0,41.0,23.0,-18.0
9YGK_B,0,2,t060,low_or_equal,low_or_equal,271.0,271.0,0.0,2.016638935272104,1.5202029323225972,-0.49643600294950696,0.0,0.0,0.0,4.996046956717599,3.5123756851604426,-1.4836712715571565,0.7923641204833984,0.9993672370910645,0.20700311660766602,9.470338821411133,4.070137023925781,-5.400201797485352,18.238019943237305,12.836746215820312,-5.401273727416992,18.354278564453125,13.184951782226562,-5.1693267822265625,18.354278564453125,13.184951782226562,-5.1693267822265625,135.0,135.0,0.0,98.0,106.0,8.0,49.0,68.0,19.0,46.0,44.0,-2.0,593.9676923751831,436.14421558380127,-157.82347679138184,539.393949508667,378.12243366241455,-161.27151584625244,0.7283344409856849,0.6980675459512521,-0.030266895034432806,0.7198071918730465,0.7459557742151237,0.026148582342077176,0.8405705889853561,0.8145405221664697,-0.02603006681888642,3.2468431839204808,3.22190571222474,-0.024937471695740676,3.2701133057233798,3.321042478225426,0.05092917250204643,33.0,23.0,-10.0,20.0,22.0,2.0
9YGK_B,1,2,t060,low_or_equal,low_or_equal,271.0,271.0,0.0,3.2722235693702837,1.728190872502063,-1.5440326968682208,0.0,0.0,0.0,5.588530468264546,3.8582881509889546,-1.7302423172755912,6.0444183349609375,2.035728931427002,-4.0086894035339355,9.711907386779785,4.35550594329834,-5.356401443481445,19.610544204711914,14.26498031616211,-5.345563888549805,19.636625289916992,14.268224716186523,-5.368400573730469,19.636625289916992,14.268224716186523,-5.368400573730469,135.0,135.0,0.0,110.0,111.0,1.0,100.0,75.0,-25.0,98.0,69.0,-29.0,925.3539624214172,500.6599884033203,-424.6939740180969,867.884247303009,439.956485748291,-427.927761554718,0.5188854189733483,0.664809983407217,0.1459245644338687,0.8018297052852488,0.7563872526534696,-0.04544245263177915,0.7372636093812028,0.8057370477580132,0.06847343837681041,2.9235450586020173,3.249313932254288,0.3257688736522706,2.9282119536566626,3.250154823317228,0.3219428696605653,33.0,23.0,-10.0,24.0,22.0,-2.0
9YGK_B,2,2,t060,low_or_equal,low_or_equal,271.0,271.0,0.0,2.207343891537937,1.2602758477974643,-0.9470680437404728,0.0,0.0,0.0,4.818212301822466,3.517598426669599,-1.3006138751528664,3.361077308654785,0.567833423614502,-2.793243885040283,6.882950305938721,2.4057159423828125,-4.477234363555908,18.234846115112305,14.301711082458496,-3.9331350326538086,18.340612411499023,14.51933765411377,-3.821274757385254,18.340612411499023,14.519338607788086,-3.8212738037109375,135.0,135.0,0.0,80.0,81.0,1.0,75.0,56.0,-19.0,74.0,31.0,-43.0,627.3517022132874,357.2130079269409,-270.13869428634644,581.009174823761,309.22008895874023,-271.78908586502075,0.6513746911182342,0.8030620811869957,0.15168739006876153,0.743029341932419,0.6907661449641175,-0.052263196968301506,0.8177184659992291,0.8623066730830289,0.044588207083799736,3.326441679938437,3.7074826778929495,0.3810409979545124,3.348393036533229,3.769350889932047,0.42095785339881786,23.0,22.0,-1.0,18.0,18.0,0.0
9YGK_B,3,2,t060,low_or_equal,low_or_equal,271.0,271.0,0.0,1.9606678318713424,2.2420290035515253,0.28136117168018293,0.0,0.0,0.0,4.934846018349278,5.131033899681821,0.19618788133254306,2.8956680297851562,0.5496087074279785,-2.3460593223571777,5.621397018432617,11.021296501159668,5.399899482727051,18.13550853729248,18.679847717285156,0.5443391799926758,18.16482925415039,18.780656814575195,0.6158275604248047,18.16482925415039,18.780656814575195,0.6158275604248047,135.0,135.0,0.0,89.0,71.0,-18.0,72.0,54.0,-18.0,70.0,53.0,-17.0,609.6658611297607,625.5984697341919,15.932608604431152,553.8514461517334,575.2282447814941,21.376798629760742,0.6924271672774127,0.6982125000450276,0.005785332767614837,0.7420102898507583,0.7178526427678709,-0.02415764708288748,0.8196504927647461,0.8410685238981208,0.021418031133374704,3.2776789073616683,3.203607505838726,-0.07407140152294245,3.2836204740790262,3.2232544423550276,-0.06036603172399868,24.0,36.0,12.0,23.0,17.0,-6.0
9YGK_B,4,2,t060,low_or_equal,low_or_equal,271.0,271.0,0.0,1.7830551488813,1.8150219829320027,0.031966834050702664,0.0,0.0,0.0,4.4200223425148515,4.052961226153585,-0.3670611163612669,0.5047550201416016,0.5562644004821777,0.05150938034057617,4.201416015625,10.020002365112305,5.818586349487305,16.207335472106934,14.116943836212158,-2.0903916358947754,16.245661354064943,14.264372825622559,-1.9812885284423842,16.245662689208984,14.264372825622559,-1.9812898635864258,135.0,135.0,0.0,68.0,79.0,11.0,61.0,66.0,5.0,59.0,53.0,-6.0,517.3650555610657,515.0460348129272,-2.3190207481384277,472.18361616134644,465.6959581375122,-6.4876580238342285,0.7384359015328392,0.6759590996645957,-0.06247680186824356,0.7156107474251644,0.7318636565113958,0.01625290908623145,0.8431611711285276,0.8294233053118603,-0.01373786581666736,3.263395341802431,3.035292263320059,-0.22810307848237166,3.272066614056734,3.0716678862742213,-0.20039872778251278,25.0,34.0,9.0,22.0,33.0,11.0
9YGK_B,5,2,t060,low_or_equal,low_or_equal,271.0,271.0,0.0,2.41137418359848,1.464623088766288,-0.9467510948321918,0.0,0.0,0.0,4.996735473485088,3.9880990630701922,-1.0086364104148955,1.3301544189453125,1.4482755661010742,0.11812114715576172,13.852140426635742,2.3632593154907227,-11.48888111114502,15.806905746459961,15.538592338562012,-0.2683134078979492,15.814512252807617,15.584646224975586,-0.22986602783203125,15.814512252807617,15.584646224975586,-0.22986602783203125,135.0,135.0,0.0,84.0,79.0,-5.0,80.0,76.0,-4.0,57.0,40.0,-17.0,681.9018707275391,435.5839672088623,-246.31790351867676,630.3849897384644,387.6006860733032,-242.78430366516113,0.6146915403639288,0.7860897951923035,0.17139825482837467,0.7467055096379789,0.7086749349972985,-0.03803057464068038,0.8104698073724645,0.8484796767258966,0.03800986935343209,2.680856658100906,3.5289918899258836,0.8481352318249775,2.682378953285036,3.5405397190257255,0.8581607657406893,36.0,25.0,-11.0,33.0,22.0,-11.0
9YGK_B,6,2,t060,low_or_equal,low_or_equal,271.0,271.0,0.0,1.0332798377174293,1.5254719547679942,0.492192117050565,0.0,0.0,0.0,3.4208644299933795,3.8415239482091947,0.42065951821581526,0.15444278717041016,0.704742431640625,0.5502996444702148,2.8020124435424805,6.335448265075684,3.533435821533203,12.958890914916992,14.55022382736206,1.5913329124450684,13.723380088806152,15.012887954711914,1.2895078659057617,13.723380088806152,15.012887954711914,1.2895078659057617,135.0,135.0,0.0,43.0,74.0,31.0,41.0,53.0,12.0,33.0,50.0,17.0,324.1640815734863,444.5370979309082,120.37301635742188,289.42213249206543,396.6617012023926,107.23956871032715,0.8825288735561809,0.7242103609206523,-0.15831851263552865,0.6558367722619038,0.7157170897317834,0.05988031746987954,0.8872208777066568,0.8463979152085976,-0.04082296249805917,3.4861396355372793,3.3905169011547676,-0.09562273438251179,3.709617995914934,3.5109545539163842,-0.19866344199854957,23.0,35.0,12.0,17.0,17.0,0.0
9YGK_B,7,2,t060,low_or_equal,low_or_equal,271.0,271.0,0.0,1.7888825441198595,1.6280656001664615,-0.16081694395339796,0.0,0.0,0.0,4.403726955017399,4.453266319704446,0.049539364687047005,0.8773746490478516,1.5821857452392578,0.7048110961914062,10.328208923339844,3.756124496459961,-6.572084426879883,15.236543655395508,17.453357696533203,2.2168140411376953,15.702163696289062,17.499608993530273,1.797445297241211,15.702163696289062,17.499608993530273,1.797445297241211,135.0,135.0,0.0,70.0,116.0,46.0,46.0,95.0,49.0,37.0,35.0,-2.0,508.1137647628784,510.0119433403015,1.8981785774230957,458.3560972213745,447.8472275733948,-10.508869647979736,0.7539258837275697,0.7334629189306797,-0.020462964796890026,0.705182358142561,0.7403276368082492,0.03514527866568817,0.8485251249834938,0.8130872138263106,-0.0354379111571832,3.053700024692497,3.553637029598767,0.49993700490627013,3.1594332015333206,3.5640229561696577,0.40458975463633706,35.0,23.0,-12.0,25.0,19.0,-6.0
1EYB_A,0,1,t075,low_or_equal,not_tier2,419.0,419.0,0.0,0.7387860168420614,1.8476540296914186,1.1088680128493573,0.0,0.0,0.0,1.5491324734856766,4.759726602637568,3.2105941291518914,0.6539616584777832,0.5007877349853516,-0.15317392349243164,3.0823905944824217,6.145767593383788,3.063376998901366,4.212909317016601,17.196792602539062,12.983883285522461,5.820491790771484,18.32980339050293,12.509311599731447,5.831026077270508,18.38551139831543,12.554485321044922,209.0,209.0,0.0,128.0,106.0,-22.0,85.0,77.0,-8.0,70.0,69.0,-1.0,339.5079984664917,801.6070313453674,462.09903287887573,259.4266633987427,727.2949442863464,467.86828088760376,0.5808018888452675,0.787553662246815,0.2067517734015475,0.7893298170710784,0.7162966952371758,-0.07303312183390265,0.7888357426178754,0.8620771744010514,0.07324143178317599,2.242625056046675,3.2247941645097913,0.9821691084631161,3.287155971219481,3.474539348428054,0.1873833772085729,67.0,38.0,-29.0,37.0,31.0,-6.0
1EYB_A,1,1,t075,low_or_equal,not_tier2,419.0,419.0,0.0,0.5640671258894526,1.4005795572139768,0.8365124313245241,0.0,0.0,0.0,1.9498726751669424,4.051898665725126,2.1020259905581837,0.18662786483764648,1.0897417068481445,0.903113842010498,1.1935134887695313,5.302141952514647,4.1086284637451165,1.6655727386474608,7.425346136093138,5.759773397445677,9.060632362365723,19.51039695739746,10.449764595031738,9.06063461303711,19.522048950195312,10.461414337158203,209.0,209.0,0.0,77.0,108.0,31.0,61.0,107.0,46.0,20.0,56.0,36.0,261.61945152282715,621.6653833389282,360.0459318161011,204.89489364624023,547.4020528793335,342.50715923309326,0.8127365276379238,0.7955318556072762,-0.017204672030647572,0.6824703720449309,0.7125978413173377,0.030127469272406837,0.8797767804812846,0.8652969336923997,-0.01447984678888492,0.5649115589886916,1.4868996181573981,0.9219880591687065,4.357498617913708,4.472340225650319,0.11484160773661056,20.0,41.0,21.0,20.0,18.0,-2.0
1EYB_A,2,1,t075,low_or_equal,not_tier2,419.0,419.0,0.0,2.087305847386472,1.8578224728386272,-0.22948337454784462,0.0,0.0,0.0,4.458502603229658,3.55295226244743,-0.9055503407822285,0.9864912033081055,1.8969440460205078,0.9104528427124023,8.513729095458984,6.082268714904785,-2.431460380554199,10.851936149597162,12.565106391906738,1.7131702423095767,17.777482604980467,12.948881149291992,-4.828601455688474,18.38421630859375,12.948881149291992,-5.435335159301758,209.0,209.0,0.0,113.0,162.0,49.0,100.0,123.0,23.0,98.0,104.0,6.0,909.371880531311,811.5083065032959,-97.86357402801514,838.0589056015015,718.696928024292,-119.36197757720947,0.59739274494569,0.5675903542284336,-0.029802390717256322,0.7582801522407527,0.7961053713891305,0.037825219148377776,0.8185638943429532,0.7788288534160992,-0.03973504092685398,1.9658237489559278,3.013630110440173,1.0478063614842452,3.6552430067893407,3.1216458475052393,-0.5335971592841013,74.0,62.0,-12.0,20.0,31.0,11.0
1EYB_A,3,1,t075,low_or_equal,not_tier2,419.0,419.0,0.0,0.5529933032670852,0.8395662080132023,0.2865729047461171,0.0,0.0,0.0,1.4170116556721621,1.5377498271694228,0.12073817149726063,0.5893092155456543,1.931610107421875,1.3423008918762207,3.040718650817871,3.7535182952880852,0.712799644470214,5.341580009460447,4.168444061279296,-1.1731359481811507,5.50082405090332,4.819791793823241,-0.6810322570800791,5.500945091247559,6.455899238586426,0.9549541473388672,209.0,209.0,0.0,117.0,133.0,16.0,69.0,130.0,61.0,44.0,99.0,55.0,267.5304927825928,388.52867794036865,120.99818515777588,196.08350372314453,312.40219020843506,116.31868648529053,0.6946147789894767,0.4649660756201726,-0.22964870336930404,0.7637563509868244,0.8095839933874178,0.04582764240059345,0.8189080469594694,0.7469998049455009,-0.0719082420139685,3.3793559051014914,2.164772054888569,-1.2145838502129225,3.4918215161987525,3.652306071730379,0.16048455553162633,44.0,70.0,26.0,24.0,36.0,12.0
1EYB_A,4,1,t075,low_or_equal,not_tier2,419.0,419.0,0.0,0.6003282929377226,1.9640833893368523,1.3637550963991298,0.0,0.0,0.0,1.352757835767619,4.799883357892895,3.447125522125276,0.8966836929321289,1.5280418395996094,0.6313581466674805,2.597072219848633,5.831344413757323,3.2342721939086903,3.767001056671142,16.822632789611816,13.055631732940675,4.707563819885254,18.072581214904783,13.365017395019528,4.707929611206055,19.714738845825195,15.00680923461914,209.0,209.0,0.0,110.0,136.0,26.0,104.0,111.0,7.0,58.0,79.0,21.0,294.00957012176514,879.7010593414307,585.6914892196655,222.02156257629395,800.1188192367554,578.0972566604614,0.5788010471742708,0.7431044643701319,0.16430341719586106,0.7884231659693258,0.7443021947979231,-0.04412097117140268,0.7887779182847168,0.8381303273398597,0.04935240905514293,2.340901438531678,3.09560634965049,0.7547049111188118,3.0364646277857146,3.698143086602154,0.6616784588164393,58.0,40.0,-18.0,37.0,39.0,2.0
1EYB_A,5,1,t075,low_or_equal,not_tier2,419.0,419.0,0.0,1.5657149988597787,2.4213292467850205,0.8556142479252418,0.0,0.0,0.0,3.533003436446464,4.654719363686444,1.1217159272399795,1.0711088180541992,3.1557421684265137,2.0846333503723145,6.1753106117248535,9.29118537902832,3.115874767303467,8.18348731994629,11.297168254852291,3.113680934906002,15.223443908691406,18.50763511657715,3.2841912078857423,15.26778793334961,18.50763511657715,3.239847183227539,209.0,209.0,0.0,155.0,160.0,5.0,129.0,147.0,18.0,89.0,141.0,52.0,714.6015610694885,1116.345229625702,401.7436685562134,628.8321328163147,1026.7778515815735,397.9457187652588,0.6176246043453825,0.49973357253314754,-0.11789103181223493,0.7758127409431738,0.8057971193614888,0.029984378418315027,0.8056480293423154,0.7605367370358567,-0.04511129230645872,1.8731293190427072,1.9068472907973093,0.033717971754602116,3.8783072762226167,3.4559131524208793,-0.42239412380173746,57.0,79.0,22.0,18.0,17.0,-1.0
1EYB_A,6,1,t075,low_or_equal,not_tier2,419.0,419.0,0.0,1.0302005667675083,2.3022787929434765,1.2720782261759682,0.0,0.0,0.0,2.1804211965978157,4.659883234005796,2.47946203740798,1.8403387069702148,1.3930530548095703,-0.44728565216064453,3.3825668334960914,9.426490974426269,6.043924140930177,4.058803367614737,10.919923210144043,6.861119842529306,9.508893795013428,18.32817268371582,8.819278888702392,9.508895874023438,18.32817268371582,8.819276809692383,209.0,209.0,0.0,163.0,164.0,1.0,144.0,148.0,4.0,85.0,102.0,17.0,491.96843242645264,1043.103135585785,551.1347031593323,401.2962598800659,953.8066973686218,552.5104374885559,0.5296057888767925,0.5348880345993319,0.005282245722539325,0.8094325524941453,0.7876660168953175,-0.021766535598827796,0.7543223855427492,0.784918823116824,0.03059643757407482,1.3889989721127545,1.8493262565707134,0.4603272844579589,3.888558467733446,3.439119198056801,-0.44943926967664494,47.0,80.0,33.0,19.0,15.0,-4.0
1EYB_A,7,1,t075,low_or_equal,not_tier2,419.0,419.0,0.0,0.915894634683832,0.3616131051912513,-0.5542815294925807,0.0,0.0,0.0,2.137618910175757,0.9682574632158228,-1.1693614469599338,1.9947481155395508,0.3580455780029297,-1.636702537536621,2.407086181640625,1.2693336486816407,-1.1377525329589842,3.007732677459716,1.542524242401123,-1.4652084350585932,10.889101028442383,5.095398483276367,-5.793702545166016,10.8891019821167,5.097034454345703,-5.792067527770996,209.0,209.0,0.0,142.0,88.0,-54.0,111.0,52.0,-59.0,103.0,13.0,-90.0,420.34350538253784,172.37968730926514,-247.9638180732727,340.17711114883423,105.75625610351562,-234.4208550453186,0.5685073035139955,0.6261744916354263,0.05766718812143079,0.7814195484856019,0.7671225363515617,-0.014297012134040221,0.7855155390844244,0.8082600230276036,0.022744483943179183,0.9785832417640298,1.2196251328523442,0.24104189108831442,4.665568450932566,4.890663412422295,0.22509496148972907,18.0,28.0,10.0,16.0,13.0,-3.0
1LI1_C,0,1,t075,low_or_equal,not_tier2,224.0,224.0,0.0,1.1448609914098467,2.0321916895253316,0.8873306981154849,0.012849807739257812,0.003933906555175781,-0.008915901184082031,2.159722233153346,3.788817022234716,1.6290947890813703,2.6493427753448486,2.482296943664551,-0.16704583168029785,4.282495307922365,6.17938928604126,1.8968939781188947,6.4267631530761715,12.837223863601684,6.410460710525513,7.752567033767703,12.837230682373047,5.084663648605344,8.822981834411621,12.837230682373047,4.014248847961426,112.0,112.0,0.0,88.0,81.0,-7.0,62.0,74.0,12.0,61.0,69.0,8.0,282.45409297943115,469.72475242614746,187.2706594467163,234.11380767822266,423.80998134613037,189.69617366790771,0.5178025354052748,0.5732237413889137,0.05542120598363898,0.7888787869776225,0.7710970084296568,-0.0177817785479657,0.753556820657362,0.7769168013754313,0.02335998071806933,2.445639573730914,2.851822115100016,0.40618254136910226,3.555142751756174,2.8518239148098785,-0.7033188369462953,34.0,37.0,3.0,17.0,20.0,3.0
1LI1_C,1,1,t075,low_or_equal,not_tier2,224.0,224.0,0.0,1.4509886588369096,1.3614197373390198,-0.08956892149788986,0.001941680908203125,0.00017023086547851562,-0.0017714500427246094,2.8537642682086193,3.5244019497466414,0.6706376815380222,2.615466833114624,1.0173897743225098,-1.5980770587921143,7.722942066192701,2.362821006774903,-5.360121059417798,9.019431400299073,12.653461456298828,3.634030055999755,9.01981647491455,12.653461456298828,3.6336449813842773,9.019819259643555,12.653461456298828,3.6336421966552734,112.0,112.0,0.0,72.0,82.0,10.0,68.0,58.0,-10.0,65.0,38.0,-27.0,352.04431533813477,330.91678619384766,-21.12752914428711,306.7303056716919,285.0635414123535,-21.66676425933838,0.5891267209148746,0.7628537594879873,0.17372703857311267,0.7724820313281824,0.7136109533398147,-0.05887107798836766,0.7706584523739155,0.8315533061739528,0.06089485380003734,2.6520910734554355,3.2039596731500954,0.55186859969466,2.6522269849421702,3.2039596731500954,0.5517326882079252,24.0,20.0,-4.0,23.0,19.0,-4.0
1LI1_C,2,1,t075,low_or_equal,not_tier2,224.0,224.0,0.0,1.1550848888499397,0.9294421225786209,-0.22564276627131874,0.00015544891357421875,0.0021848678588867188,0.0020294189453125,2.7380436761871274,2.1675190412573406,-0.5705246349297868,0.5008754730224609,0.782073974609375,0.28119850158691406,6.171166849136376,2.411875915527347,-3.7592909336090288,9.318743801116943,7.366409635543823,-1.9523341655731201,9.318766374588012,7.366535811424256,-1.9522305631637566,9.318769454956055,7.366551876068115,-1.9522175788879395,112.0,112.0,0.0,57.0,73.0,16.0,47.0,50.0,3.0,28.0,46.0,18.0,271.4914994239807,235.0523543357849,-36.4391450881958,229.2497534751892,194.03049421310425,-35.21925926208496,0.7591513680997942,0.6661151092439622,-0.093036258855832,0.7172689706363317,0.7453650524779688,0.028096081841637144,0.8315490686264264,0.8062866575308643,-0.025262411095562154,2.9815663582238163,2.96973977641794,-0.01182658180587648,2.9815757276284516,2.9698054000741037,-0.011770327554347926,24.0,22.0,-2.0,20.0,20.0,0.0
1LI1_C,3,1,t075,low_or_equal,not_tier2,224.0,224.0,0.0,0.5710830305303846,0.6228430185999189,0.0517599880695343,0.0019388198852539062,0.013327598571777344,0.011388778686523438,1.1501108666614108,1.2611574681184659,0.11104660145705503,0.8781540393829346,1.4502675533294678,0.5721135139465332,3.0216938018798913,2.929391384124756,-0.09230241775513548,3.5965922355651854,3.535620641708374,-0.06097159385681117,3.6319258213043213,3.5406463813781737,-0.09127943992614762,3.632558822631836,3.5419845581054688,-0.09057426452636719,112.0,112.0,0.0,60.0,91.0,31.0,51.0,65.0,14.0,25.0,34.0,9.0,137.81056308746338,177.6048402786255,39.79427719116211,102.42684173583984,129.5514030456543,27.124561309814453,0.5926682363440967,0.4242597061894348,-0.1684085301546619,0.7601556003523332,0.8181996409184844,0.0580440405661512,0.7885712614255298,0.7033343737675306,-0.0852368876579992,2.630623962207551,2.3096066088036245,-0.32101735340392645,2.661896240480215,2.3146527006343214,-0.3472435398458935,28.0,35.0,7.0,23.0,13.0,-10.0
1LI1_C,4,1,t075,low_or_equal,not_tier2,224.0,224.0,0.0,0.492766980613981,1.2532403681959425,0.7604733875819616,0.050507545471191406,0.02280139923095703,-0.027706146240234375,1.4600629460293522,2.208297366095639,0.7482344200662869,0.831303596496582,1.8299617767333984,0.9986581802368164,3.415383052825928,5.293276691436769,1.877893638610841,3.9146689891815187,6.098990511894226,2.1843215227127075,3.915376720428467,6.119343576431274,2.203966856002807,3.9156789779663086,6.119506359100342,2.203827381134033,112.0,112.0,0.0,75.0,86.0,11.0,44.0,73.0,29.0,42.0,51.0,9.0,173.18092441558838,310.53262996673584,137.35170555114746,125.95472049713135,262.80827236175537,136.85355186462402,0.5017180556507239,0.4419670261567343,-0.05975102949398964,0.7951177178625933,0.801988799836438,0.006871081973844673,0.7458144646431444,0.728666324021298,-0.01714814062184633,2.343667454799408,2.194337691153329,-0.14932976364607864,2.3443591981160483,2.2036280374269333,-0.14073116068911506,42.0,46.0,4.0,29.0,20.0,-9.0
1LI1_C,5,1,t075,low_or_equal,not_tier2,224.0,224.0,0.0,0.8237056050981794,1.65435614330428,0.8306505382061006,0.01486968994140625,0.00054931640625,-0.01432037353515625,1.4728186195721795,2.6028941796975134,1.1300755601253338,2.1292545795440674,4.280270099639893,2.151015520095825,3.6736356735229725,6.805963563919067,3.1323278903960947,4.086170816421509,6.948530054092407,2.8623592376708977,4.090080156326294,7.023502826690674,2.93342267036438,4.090328216552734,7.02354621887207,2.933218002319336,112.0,112.0,0.0,84.0,95.0,11.0,68.0,90.0,22.0,63.0,80.0,17.0,213.74645137786865,413.1603937149048,199.41394233703613,165.0467071533203,363.4353446960449,198.3886375427246,0.43970015731849615,0.3858703848566856,-0.05382977246181053,0.8148863229370054,0.8263959305416894,0.011509607604684002,0.7066459501840527,0.6763065036700651,-0.030339446513987678,2.2151167618121246,2.033956644139629,-0.1811601176724955,2.2179395127442336,2.0627769340172533,-0.15516257872698036,46.0,57.0,11.0,23.0,17.0,-6.0
1LI1_C,6,1,t075,low_or_equal,not_tier2,224.0,224.0,0.0,0.552765429019928,0.39021354487964083,-0.16255188414028715,0.001743316650390625,0.000194549560546875,-0.00154876708984375,1.2313126998967219,1.270261812741981,0.03894911284525904,0.8040115833282471,0.34334707260131836,-0.4606645107269287,2.153234100341797,1.0293672561645508,-1.1238668441772461,4.111609983444214,3.8690595149993894,-0.2425504684448243,4.115861759185791,5.143747444152835,1.0278856849670435,4.116048812866211,6.305418014526367,2.1893692016601562,112.0,112.0,0.0,71.0,55.0,-16.0,52.0,28.0,-24.0,27.0,19.0,-8.0,147.11443614959717,117.56725978851318,-29.547176361083984,106.29169940948486,82.3354549407959,-23.956244468688965,0.5629423280012137,0.7290803069515767,0.16613797895036297,0.7747292090715324,0.7217941716368977,-0.05293503743463468,0.773684337330832,0.8307191414720201,0.05703480414118811,2.890284941203635,2.7386842107851206,-0.1516007304185143,2.8938898982729233,4.656681331605329,1.7627914333324055,34.0,19.0,-15.0,17.0,19.0,2.0
1LI1_C,7,1,t075,low_or_equal,not_tier2,224.0,224.0,0.0,1.690763077565602,1.5520746218306678,-0.13868845573493416,6.961822509765625e-05,0.0009765625,0.0009069442749023438,3.534547545239281,3.016187928300698,-0.5183596169385831,1.7938470840454102,1.159301519393921,-0.6345455646514893,7.805244970321655,8.355909347534205,0.5506643772125495,10.913278627395629,8.807639789581298,-2.1056388378143307,12.205607624053957,8.955152626037597,-3.2504549980163606,12.952451705932617,8.984048843383789,-3.968402862548828,112.0,112.0,0.0,97.0,64.0,-33.0,88.0,60.0,-28.0,51.0,53.0,2.0,440.36517906188965,367.5184636116028,-72.84671545028687,390.61431407928467,327.66317224502563,-62.95114183425903,0.5332373236103877,0.5537458386160181,0.020508515005630445,0.7839155650463638,0.7571351042121234,-0.02678046083424046,0.7621903933844387,0.7857034261372078,0.02351303275276906,2.609249255184565,2.405541478258741,-0.2037077769258242,3.186175453640594,2.4640288994659065,-0.7221465541746874,32.0,31.0,-1.0,15.0,23.0,8.0
1O51_A,0,2,t075,low_or_equal,low_or_equal,89.0,89.0,0.0,0.003073242273223534,0.9807346536872092,0.9776614114139857,0.0,0.0,0.0,1.6317347251358174,1.936658752497827,0.3049240273620095,0.1925983428955078,0.7277202606201172,0.5351219177246094,2.7287769317626958,4.792686843872071,2.063909912109375,3.317742156982421,5.389451980590819,2.0717098236083986,4.384544792175296,6.459465827941898,2.074921035766602,4.992537498474121,7.068545341491699,2.076007843017578,44.0,44.0,0.0,22.0,37.0,15.0,19.0,16.0,-3.0,14.0,16.0,2.0,56.19386005401611,94.03341388702393,37.83955383300781,42.53738594055176,73.7711410522461,31.233755111694336,0.5729672217719871,0.5406720229852013,-0.03229519878678577,0.7022916006716826,0.7283760674677516,0.026084466796069017,0.7975787706286375,0.7678499309503393,-0.029728839678298202,2.0313773211103916,2.276455426758802,0.24507810564841037,3.057766792200613,3.143460705172075,0.085693912971462,14.0,14.0,0.0,5.0,9.0,4.0
1O51_A,1,2,t075,low_or_equal,low_or_equal,89.0,89.0,0.0,2.2156528944379827,2.171399127231555,-0.0442537672064276,0.0,0.0,0.0,3.450901333104885,5.325818929004807,1.8749175958999222,3.992140769958496,2.606093406677246,-1.38604736328125,8.102952003479004,13.618743896484375,5.515791893005371,8.102959823608398,13.618743896484375,5.515784072875977,8.102964630126953,13.618743896484375,5.515779266357422,8.10296630859375,13.618743896484375,5.515777587890625,44.0,44.0,0.0,40.0,42.0,2.0,36.0,36.0,0.0,36.0,26.0,-10.0,217.3349666595459,255.58236980438232,38.247403144836426,195.8796901702881,234.05453491210938,38.17484474182129,0.33554953146055044,0.47956631422649,0.14401678276593954,0.7917587875481968,0.740456862173273,-0.05130192537492384,0.6727046497550397,0.7511698722113844,0.07846522245634469,1.7060200686391167,2.1494055509303416,0.4433854822912249,1.7060219478540597,2.1494055509303416,0.4433836030762819,20.0,16.0,-4.0,0.0,14.0,14.0
1O51_A,2,2,t075,low_or_equal,low_or_equal,89.0,89.0,0.0,3.839244885391064,4.894348476709944,1.0551035913188804,0.0,0.0,0.0,6.636550251263789,6.7894158155186615,0.1528655642548724,3.739185333251953,9.381568908691406,5.642383575439453,18.115838623046876,16.748340606689453,-1.3674980163574233,18.714985656738282,16.748340606689453,-1.9666450500488288,19.748904113769534,16.748340606689453,-3.0005635070800807,20.356361389160156,16.748340606689453,-3.608020782470703,44.0,44.0,0.0,39.0,41.0,2.0,39.0,41.0,2.0,39.0,39.0,0.0,356.9722080230713,469.3185806274414,112.34637260437012,336.72869396209717,448.3254814147949,111.59678745269775,0.478175088413427,0.3211785590476396,-0.1569965293657874,0.7540776418798996,0.8083436334161704,0.054265991536270874,0.7299366760152006,0.6362597827162488,-0.09367689329895179,2.2414869485113065,1.7459517066084944,-0.49553524190281206,2.4888105835744647,1.7459517066084944,-0.7428588769659703,14.0,16.0,2.0,14.0,0.0,-14.0
1O51_A,3,2,t075,low_or_equal,low_or_equal,89.0,89.0,0.0,0.030222539151652475,0.10123033202096318,0.0710077928693107,0.0,0.0,0.0,0.2830664915162154,0.2225079367098799,-0.060558554806335485,0.2322063446044922,0.3316936492919922,0.0994873046875,0.3619800567626955,0.4625530242919922,0.10057296752929668,0.578941917419433,0.4690818786621094,-0.10986003875732364,0.7639338302612313,0.5495821380615241,-0.21435169219970718,0.9323587417602539,0.6819057464599609,-0.25045299530029297,44.0,44.0,0.0,8.0,2.0,-6.0,0.0,0.0,0.0,0.0,0.0,0.0,11.635974884033203,12.09218978881836,0.45621490478515625,1.1679773330688477,0.21344375610351562,-0.954533576965332,0.4801882666661421,0.3713738152210089,-0.10881445144513324,0.7724974917222758,0.7729487116127182,0.0004512198904423892,0.7158098311675551,0.7012310034513425,-0.014578827716212661,1.9384822814195488,1.6532064072877302,-0.28527587413181865,3.1870116373591424,2.6096840545338367,-0.5773275828253057,11.0,23.0,12.0,5.0,1.0,-4.0
1O51_A,4,2,t075,low_or_equal,low_or_equal,89.0,89.0,0.0,1.5662538121255596,0.9044439980153287,-0.6618098141102309,0.0,0.0,0.0,3.5472542589445384,4.574026007110146,1.0267717481656078,0.2001819610595703,3.3066396713256836,3.1064577102661133,9.247840881347656,8.335443496704102,-0.9123973846435547,9.846929550170897,8.354163551330567,-1.49276599884033,10.917938499450687,8.398066635131837,-2.5198718643188496,11.527091026306152,8.41990852355957,-3.107182502746582,44.0,44.0,0.0,21.0,39.0,18.0,14.0,35.0,21.0,14.0,33.0,19.0,143.15893268585205,203.88929176330566,60.73035907745361,131.0430154800415,183.92821979522705,52.88520431518555,0.6353667014668901,0.3691623471775918,-0.26620435428929834,0.6304492342529976,0.7757908753887559,0.14534164113575831,0.8354141321860369,0.6993905033349488,-0.1360236288510881,2.3343902448394545,1.6287007423514728,-0.7056895024879817,2.8080415124075073,1.6430742881351665,-1.1649672242723408,14.0,19.0,5.0,14.0,0.0,-14.0
1O51_A,5,2,t075,low_or_equal,low_or_equal,89.0,89.0,0.0,0.8635549973905756,2.7299816260177097,1.866426628627134,0.0,0.0,0.0,1.8461136434203382,5.996342698986492,4.150229055566154,0.228057861328125,0.4213409423828125,0.1932830810546875,4.820137214660645,16.066173553466797,11.246036338806153,5.285641860961913,16.665320205688477,11.379678344726564,5.931151542663575,17.733522567749027,11.802371025085453,6.183712959289551,18.34349250793457,12.15977954864502,44.0,44.0,0.0,22.0,20.0,-2.0,21.0,20.0,-1.0,18.0,15.0,-3.0,82.33499145507812,247.83835887908936,165.50336742401123,70.28710556030273,231.77959060668945,161.49248504638672,0.5921416162549904,0.6145899399353206,0.02244832368033023,0.6749424160494176,0.6441896770797284,-0.03075273896968922,0.8116527086471887,0.8261536401717675,0.014500931524578764,2.3953492133769365,2.3239730080847663,-0.07137620529217026,2.881814985150206,2.6038389841454315,-0.2779760010047747,12.0,14.0,2.0,12.0,14.0,2.0
1O51_A,6,2,t075,low_or_equal,low_or_equal,89.0,89.0,0.0,2.0285880646009122,1.0681129948476726,-0.9604750697532396,0.0,0.0,0.0,3.8087134123278568,2.2868060134624826,-1.5219073988653742,0.737060546875,2.119495391845703,1.3824348449707031,9.530539703369142,5.917622470855713,-3.6129172325134284,10.129644393920897,5.933151626586914,-4.196492767333982,11.202002525329593,5.933289241790772,-5.268713283538822,11.811957359313965,5.933297634124756,-5.878659725189209,44.0,44.0,0.0,24.0,29.0,5.0,20.0,24.0,4.0,20.0,23.0,3.0,183.25997018814087,114.86708545684814,-68.39288473129272,169.57284116744995,95.98622226715088,-73.58661890029907,0.5102380631105661,0.4648736821876208,-0.04536438092294526,0.6866511704642784,0.7395983230289033,0.0529471525646249,0.790558311091567,0.7525647824356891,-0.037993528655877906,2.126979757284673,2.1274382711513966,0.0004585138667234645,2.5686808734536766,2.1275021189535197,-0.44117875450015687,20.0,16.0,-4.0,8.0,13.0,5.0
1O51_A,7,2,t075,low_or_equal,low_or_equal,89.0,89.0,0.0,3.6785694615224775,0.22208582417348796,-3.4564836373489896,0.0,0.0,0.0,6.806160262440575,0.5921427152143262,-6.214017547226249,15.006099700927734,0.11114120483398438,-14.89495849609375,15.300065994262695,1.1878995895385744,-14.112166404724121,15.300065994262695,1.6464248657226555,-13.65364112854004,15.300065994262695,2.17349895477295,-13.126567039489746,15.300065994262695,2.353856086730957,-12.946209907531738,44.0,44.0,0.0,25.0,15.0,-10.0,23.0,12.0,-11.0,23.0,3.0,-20.0,354.91855335235596,24.18201446533203,-330.7365388870239,337.90135383605957,14.022799491882324,-323.87855434417725,0.3879780097369491,0.6525892585306909,0.2646112487937418,0.7159664681499261,0.6801844325022393,-0.035782035647686894,0.7359578839695713,0.8176074436640262,0.08164955969445487,1.7074967506822918,2.4053982341632416,0.6979014834809498,1.7074967506822918,3.6000953955599613,1.8925986448776695,23.0,14.0,-9.0,0.0,7.0,7.0
1PXZ_B,0,2,t075,high,high,346.0,346.0,0.0,2.1691452588649156,1.0695325901053545,-1.099612668759561,0.0010991096496582031,0.0021953582763671875,0.0010962486267089844,4.925044054605723,2.181263054970936,-2.743780999634787,2.534982919692993,2.2631309032440186,-0.2718520164489746,4.668607234954834,5.295217514038086,0.626610279083252,15.12993597984314,5.838576436042786,-9.291359543800354,19.490161991119386,6.377846431732179,-13.112315559387207,19.627422332763672,7.651834011077881,-11.975588321685791,173.0,173.0,0.0,143.0,145.0,2.0,139.0,112.0,-27.0,119.0,106.0,-13.0,845.60364818573,461.3781681060791,-384.2254800796509,764.4235343933105,384.3796396255493,-380.04389476776123,0.63952159472659,0.45046717928321944,-0.18905441544337054,0.7852964701899965,0.8241623602012659,0.03886589001126939,0.7803866843453373,0.7200567176752861,-0.060329966670051194,2.631609093700951,2.1863680472050975,-0.4452410464958536,3.544796123716377,3.0176559429510124,-0.5271401807653646,33.0,66.0,33.0,29.0,31.0,2.0
1PXZ_B,1,2,t075,high,high,346.0,346.0,0.0,2.2645950909983905,2.2090593569540564,-0.055535734044334095,0.0024704933166503906,0.02170705795288086,0.01923656463623047,4.2064830483631,4.463454972863226,0.2569719245001263,4.294137001037598,3.9881205558776855,-0.3060164451599121,5.786642551422119,6.762669801712036,0.976027250289917,12.304842472076416,12.27660608291626,-0.02823638916015625,16.949640369415285,18.150032138824464,1.2003917694091797,18.43634796142578,18.28775405883789,-0.14859390258789062,173.0,173.0,0.0,155.0,162.0,7.0,155.0,162.0,7.0,139.0,105.0,-34.0,901.1857810020447,870.163595199585,-31.022185802459717,821.2929949760437,785.5561237335205,-35.73687124252319,0.469420513278187,0.5215596178427905,0.05213910456460347,0.8297669735796129,0.8155582081953843,-0.014208765384228661,0.7002333468602191,0.7356491047279667,0.035415757867747644,2.3868507885667247,2.255550193106138,-0.1313005954605866,3.844483071605489,3.602297950721712,-0.24218512088377686,30.0,36.0,6.0,25.0,22.0,-3.0
1PXZ_B,2,2,t075,high,high,346.0,346.0,0.0,2.418811744348162,2.801650469013721,0.3828387246655591,0.00040912628173828125,0.011124610900878906,0.010715484619140625,4.760978106555814,5.756752679274752,0.995774572718938,3.6869523525238037,3.3733065128326416,-0.3136458396911621,7.834331512451172,13.891286849975586,6.056955337524414,16.150618076324463,18.103368759155273,1.9527506828308105,17.465048980712893,19.703557205200195,2.238508224487301,18.951757431030273,19.826202392578125,0.8744449615478516,173.0,173.0,0.0,170.0,146.0,-24.0,153.0,134.0,-19.0,117.0,128.0,11.0,928.6199774742126,1082.7252645492554,154.10528707504272,843.6169066429138,1001.9853582382202,158.3684515953064,0.5573541436668142,0.5912471157122773,0.03389297204546304,0.8099813155695601,0.796679014405459,-0.013302301164101138,0.7478432040915501,0.767265815505848,0.019422611414297908,2.8842405960799855,2.658046843879577,-0.2261937522004085,3.472594352810913,2.9573186259773787,-0.5152757268335342,48.0,39.0,-9.0,30.0,35.0,5.0
1PXZ_B,3,2,t075,high,high,346.0,346.0,0.0,1.0456728535580497,2.628720266970596,1.583047413412546,0.0039615631103515625,0.0007333755493164062,-0.0032281875610351562,4.474303122120271,5.306037474762098,0.8317343526418268,2.295243978500366,3.34904146194458,1.0537974834442139,6.6261396408081055,7.859066724777222,1.2329270839691162,12.543285369873047,18.659892559051514,6.116607189178467,13.279691123962403,20.369652938842773,7.08996181488037,13.384593963623047,20.418277740478516,7.033683776855469,173.0,173.0,0.0,139.0,129.0,-10.0,120.0,128.0,8.0,95.0,128.0,33.0,741.3718943595886,984.8326864242554,243.46079206466675,664.4909596443176,912.8042573928833,248.31329774856567,0.550708677983365,0.572964079020338,0.022255401036972988,0.7971780685108144,0.7903194138843295,-0.006858654626484939,0.767256321363851,0.7731785855844526,0.005922264220601603,2.5696990575968264,3.021307777853509,0.4516087202566825,2.7577302595041577,3.352701061408454,0.5949708019042963,53.0,33.0,-20.0,30.0,22.0,-8.0
1PXZ_B,4,2,t075,high,high,346.0,346.0,0.0,1.493822658682145,1.8106740788917322,0.3168514202095871,0.0028886795043945312,0.0010881423950195312,-0.001800537109375,2.9552733365624184,4.9865534212024345,2.031280084640016,3.659569501876831,1.6185688972473145,-2.0410006046295166,6.808241605758667,10.486017227172852,3.6777756214141846,7.205507278442383,16.545944213867188,9.340436935424805,9.426979827880862,17.621379852294922,8.19440002441406,10.91366195678711,17.621379852294922,6.7077178955078125,173.0,173.0,0.0,143.0,138.0,-5.0,129.0,108.0,-21.0,98.0,79.0,-19.0,629.8182101249695,812.7504897117615,182.932279586792,550.9057354927063,732.9755692481995,182.06983375549316,0.4354202020987771,0.631298831208733,0.1958786291099559,0.8233774533375029,0.769170987810648,-0.05420646552685493,0.720733766413153,0.8038940809372543,0.08316031452410133,1.9327094211881206,2.955000957639848,1.0222915364517273,3.1874680360572487,3.170668082322613,-0.016799953734635498,54.0,46.0,-8.0,12.0,22.0,10.0
1PXZ_B,5,2,t075,high,high,346.0,346.0,0.0,2.3484212525318124,3.7418597350919867,1.3934384825601742,0.0010461807250976562,0.005338191986083984,0.004292011260986328,4.6016840759743305,6.140908745734107,1.5392246697597765,6.134956359863281,5.008490562438965,-1.1264657974243164,7.856588840484619,15.227263450622559,7.3706746101379395,13.064001321792603,17.460407257080078,4.396405935287476,15.176006317138672,17.460411071777344,2.284404754638672,15.176006317138672,17.98336410522461,2.8073577880859375,173.0,173.0,0.0,163.0,165.0,2.0,154.0,158.0,4.0,127.0,126.0,-1.0,987.1276774406433,1377.6536955833435,390.5260181427002,904.238344669342,1294.4511246681213,390.2127799987793,0.45053761853166846,0.4336326115311394,-0.01690500700052905,0.8287394769656236,0.8217403223038259,-0.00699915466179768,0.7131593990806697,0.7227744289079985,0.009615029827328758,2.328621411714785,2.2339604918438054,-0.09466091987097958,2.787584904313717,2.3191200129827267,-0.46846489133099034,65.0,71.0,6.0,25.0,30.0,5.0
1PXZ_B,6,2,t075,high,high,346.0,346.0,0.0,1.3272191472136217,2.132473986961938,0.8052548397483164,0.0028934478759765625,0.024805545806884766,0.021912097930908203,3.1745439431827864,5.156517221717107,1.9819732785343205,1.3754053115844727,3.367398738861084,1.9919934272766113,4.93242073059082,9.021347045898438,4.088926315307617,9.872211933135986,13.791491508483887,3.9192795753479004,13.230318164825443,17.914336395263675,4.684018230438232,14.717025756835938,19.401046752929688,4.68402099609375,173.0,173.0,0.0,119.0,168.0,49.0,96.0,162.0,66.0,68.0,123.0,55.0,522.9304857254028,1012.9983558654785,490.0678701400757,453.10464096069336,928.2001657485962,475.09552478790283,0.6303849327644183,0.4789139291471591,-0.15147100361725924,0.7673624842287409,0.8208514716506385,0.05348898742189767,0.8075557125663968,0.7303801651597239,-0.07717554740667287,2.6917229494562247,2.26102561481207,-0.4306973346441545,4.217867778575383,3.3488829811795644,-0.8689847973958185,40.0,70.0,30.0,24.0,24.0,0.0
1PXZ_B,7,2,t075,high,high,346.0,346.0,0.0,1.424610206846557,1.652996520775591,0.22838631392903408,0.0006737709045410156,0.009157180786132812,0.008483409881591797,3.4948705116517447,3.597222469696974,0.10235195804522945,1.372148036956787,1.8717455863952637,0.49959754943847656,4.563429832458496,8.35521125793457,3.791781425476074,8.00994324684143,9.455326795578003,1.4453835487365723,14.778981399536134,13.946604919433597,-0.8323764801025373,14.916711807250977,15.433313369750977,0.5166015625,173.0,173.0,0.0,113.0,153.0,40.0,90.0,120.0,30.0,61.0,69.0,8.0,548.9165935516357,658.8499841690063,109.9333906173706,480.9417390823364,578.0027198791504,97.06098079681396,0.6567156867086834,0.5629952591985169,-0.09372042751016652,0.754928268108656,0.7919710793649031,0.03704281125624709,0.8198973451493474,0.7761005393736813,-0.04379680577566614,1.8842852741009037,2.1689874175226285,0.28470214342172473,3.860544061767767,3.8308214087565795,-0.029722653011187372,33.0,54.0,21.0,17.0,24.0,7.0
1QU9_A,0,2,t075,high,high,127.0,127.0,0.0,0.13807006896011473,1.8436905455401564,1.7056204765800418,0.0,0.0,0.0,1.3999773245482623,4.017231589434025,2.6172542648857626,0.7486085891723633,2.909097194671631,2.1604886054992676,2.802971076965332,10.173101425170898,7.370130348205566,2.8058820724487306,10.173105239868164,7.367223167419434,2.8071274185180664,10.177983474731445,7.370856056213379,2.812368392944336,10.18471908569336,7.372350692749023,63.0,63.0,0.0,44.0,49.0,5.0,25.0,48.0,23.0,21.0,48.0,27.0,79.96422958374023,296.8697419166565,216.90551233291626,53.84416961669922,271.1441502571106,217.29998064041138,0.4562770132805601,0.44555250165025523,-0.010724511630304856,0.778205366907042,0.7707102068257816,-0.007495160081260388,0.7304154367540412,0.7291788985614893,-0.0012365381925518726,1.9056108671970469,2.073421586207708,0.16781071901066102,1.9102440283074944,2.0763125935013234,0.16606856519382895,22.0,21.0,-1.0,0.0,18.0,18.0
1QU9_A,1,2,t075,high,high,127.0,127.0,0.0,3.2890406931479146,1.6051489875072569,-1.6838917056406577,0.0,0.0,0.0,5.787462522083006,3.9235164238816105,-1.8639460982013953,6.321793556213379,6.136217355728149,-0.1855762004852295,15.118408203125,8.124499130249024,-6.993909072875976,15.118408203125,8.124507904052734,-6.993900299072266,15.128033065795899,8.127039394378663,-7.000993671417236,15.139665603637695,8.135690689086914,-7.003974914550781,63.0,63.0,0.0,56.0,45.0,-11.0,53.0,43.0,-10.0,50.0,40.0,-10.0,491.30480194091797,296.0801739692688,-195.22462797164917,461.9457178115845,270.76726484298706,-191.1784529685974,0.4001102322597619,0.35677231223798644,-0.043337920021775445,0.8009562248969581,0.780127387619812,-0.020828837277146017,0.6823126203402932,0.6937866582932459,0.011474037952952765,2.0439644256598135,1.661611221215623,-0.3823532044441904,2.0476374344147876,1.6644614157416642,-0.38317601867312345,19.0,40.0,21.0,16.0,0.0,-16.0
1QU9_A,2,2,t075,high,high,127.0,127.0,0.0,-0.1605895598103681,2.117332706301231,2.277922266111599,0.0,0.0,0.0,4.109964762786503,3.903472147658791,-0.20649261512771222,3.512688159942627,6.127417325973511,2.614729166030884,7.505648422241211,8.692377471923828,1.1867290496826177,7.505649566650391,8.692384433746337,1.1867348670959466,7.508509387969971,8.712447414398193,1.2039380264282222,7.517178535461426,8.716531753540039,1.1993532180786133,63.0,63.0,0.0,42.0,56.0,14.0,37.0,55.0,18.0,35.0,53.0,18.0,206.96581602096558,333.77008152008057,126.80426549911499,180.95200967788696,304.1961669921875,123.24415731430054,0.4715215409038052,0.3387588065381303,-0.13276273436567493,0.7583083351643674,0.8079924220188611,0.04968408685449377,0.7494747126163563,0.6696018630305876,-0.07987284958576879,1.865280986317544,1.684411077811498,-0.1808699085060459,1.868086112267874,1.6905971908104558,-0.17748892145741824,19.0,33.0,14.0,0.0,0.0,0.0
1QU9_A,3,2,t075,high,high,127.0,127.0,0.0,1.7685717747906062,1.2825230575921966,-0.4860487171984096,0.0,0.0,0.0,3.4962683036520645,2.3130713536298733,-1.1831969500221913,3.968355178833008,3.5595436096191406,-0.4088115692138672,9.356597900390625,4.9008888244629025,-4.4557090759277225,9.356598854064941,6.334339189529419,-3.0222596645355226,9.365700759887694,6.699864482879638,-2.665836277008056,9.374528884887695,6.829890727996826,-2.544638156890869,63.0,63.0,0.0,57.0,52.0,-5.0,48.0,36.0,-12.0,42.0,34.0,-8.0,274.5803122520447,183.78064632415771,-90.79966592788696,245.04268598556519,156.19137859344482,-88.85130739212036,0.44310710608102644,0.45295391641160676,0.009846810330580325,0.789142204513683,0.7771837183371034,-0.011958486176579575,0.7149176110394713,0.7249864261948069,0.010068815155335642,2.1703217317012484,2.1840295259415456,0.013707794240297222,2.175450065474725,2.3982691505384026,0.22281908506367776,19.0,32.0,13.0,16.0,13.0,-3.0
1QU9_A,4,2,t075,high,high,127.0,127.0,0.0,0.7681226279791884,0.5612777349517102,-0.20684489302747822,0.0,0.0,0.0,2.694951220232002,3.9806134485179103,1.2856622282859083,2.176968574523926,1.7471790313720703,-0.42978954315185547,5.650891876220703,8.814435005187988,3.1635431289672855,5.65942234992981,8.814435672760009,3.1550133228301993,5.736400909423828,8.821166801452637,3.084765892028809,5.778747081756592,8.82607364654541,3.0473265647888184,63.0,63.0,0.0,53.0,53.0,0.0,53.0,39.0,-14.0,38.0,29.0,-9.0,189.2305679321289,226.70773029327393,37.47716236114502,162.02090549468994,199.19053649902344,37.169631004333496,0.39017974522180515,0.5055447287554783,0.11536498353367314,0.7970096968378155,0.7492897273063333,-0.047719969531482276,0.691060013258908,0.7650294045982999,0.07396939133939195,1.8149863660721621,2.0733382039095436,0.25835183783738147,1.8592635058329738,2.0762618672935713,0.21699836146059748,22.0,21.0,-1.0,0.0,16.0,16.0
1QU9_A,5,2,t075,high,high,127.0,127.0,0.0,3.064158905209519,1.189564070363683,-1.8745948348458359,0.0,0.0,0.0,4.436573624758461,3.1172809674498896,-1.3192926573085715,5.072250843048096,3.8225436210632324,-1.2497072219848633,12.160174751281739,7.214716625213623,-4.945458126068115,12.160497665405273,7.214889669418335,-4.945607995986938,12.160497665405273,7.249177541732788,-4.9113201236724855,12.167729377746582,7.27217960357666,-4.895549774169922,63.0,63.0,0.0,55.0,57.0,2.0,54.0,37.0,-17.0,54.0,37.0,-17.0,409.61232566833496,223.520742893219,-186.09158277511597,380.748498916626,193.57553339004517,-187.1729655265808,0.3859593316614951,0.42021477086379255,0.034255439202297455,0.8077744521565946,0.7771267268250197,-0.030647725331574893,0.6733845037452835,0.724999117771024,0.051614614025740524,2.0503071806209423,1.932878576544772,-0.11742860407617028,2.0519372025597087,1.9512567512285868,-0.10068045133112191,23.0,26.0,3.0,15.0,0.0,-15.0
1QU9_A,6,2,t075,high,high,127.0,127.0,0.0,1.6834288018894947,1.1277878566051092,-0.5556409452843856,0.0,0.0,0.0,3.361274665651891,4.12083384400195,0.7595591783500595,2.1500120162963867,4.648560047149658,2.4985480308532715,9.035815238952637,7.208392810821533,-1.8274224281311033,9.035848331451415,7.208395004272461,-1.8274533271789544,9.054493789672852,7.21523998260498,-1.8392538070678723,9.075521469116211,7.219918251037598,-1.8556032180786133,63.0,63.0,0.0,48.0,62.0,14.0,42.0,62.0,20.0,35.0,61.0,26.0,243.61557292938232,316.68897676467896,73.07340383529663,216.79948616027832,285.29596281051636,68.49647665023804,0.4825400069476761,0.2959761849929136,-0.1865638219547625,0.754595824764821,0.8413608484580846,0.08676502369326355,0.7582911595796931,0.5986696889542134,-0.1596214706254797,2.1873902792576403,1.4755768802758051,-0.7118133989818352,2.199193283061586,1.4783732188813787,-0.7208200641802072,20.0,22.0,2.0,19.0,0.0,-19.0
1QU9_A,7,2,t075,high,high,127.0,127.0,0.0,0.7038239043528639,0.9381610765231876,0.23433717217032368,0.0,0.0,0.0,3.447015458890779,1.8758891730847185,-1.5711262858060606,0.8963561058044434,2.7191171646118164,1.822761058807373,8.33875846862793,3.9146839141845704,-4.42407455444336,8.338801383972168,3.916901779174805,-4.421899604797363,8.341587810516357,4.0543896675109865,-4.28719814300537,8.350305557250977,4.169450759887695,-4.180854797363281,63.0,63.0,0.0,41.0,52.0,11.0,24.0,44.0,20.0,24.0,36.0,12.0,193.62750577926636,153.5291986465454,-40.09830713272095,168.40274858474731,126.3771619796753,-42.02558660507202,0.5599393494133031,0.335255889833065,-0.22468345958023817,0.721607653086008,0.8007821807595562,0.07917452767354816,0.7912411797986512,0.67549646352304,-0.11574471627561111,2.214953071918098,1.5879086810620937,-0.6270443908560044,2.218290502056143,1.7225376262772303,-0.4957528757789127,21.0,31.0,10.0,15.0,0.0,-15.0
1TX4_A,0,1,t075,low_or_equal,not_tier2,196.0,196.0,0.0,3.38424966529924,0.7494414436573885,-2.6348082216418516,0.0007853507995605469,0.0017147064208984375,0.0009293556213378906,7.100481675881837,1.6068739929102733,-5.493607682971564,6.933247208595276,1.0737299919128418,-5.859517216682434,16.97604751586914,2.7437195777893066,-14.232327938079834,16.976049423217773,4.89075493812561,-12.085294485092163,17.259629249572754,4.892901802062989,-12.366727447509765,17.356597900390625,4.892925262451172,-12.463672637939453,98.0,98.0,0.0,78.0,61.0,-17.0,77.0,54.0,-23.0,69.0,42.0,-27.0,846.3235688209534,174.58330154418945,-671.7402672767639,805.4430642127991,138.56782817840576,-666.8752360343933,0.40308424198692977,0.5178074306965886,0.11472318870965886,0.7958190151711901,0.7720903886918201,-0.02372862647937002,0.7169674543910074,0.7641495898240769,0.04718213543306948,1.9142081309900028,2.577248441844357,0.6630403108543543,1.9678028720996739,2.5785990918238433,0.6107962197241694,38.0,42.0,4.0,0.0,16.0,16.0
1TX4_A,1,1,t075,low_or_equal,not_tier2,196.0,196.0,0.0,2.0648675840728137,1.6620838058238128,-0.4027837782490009,0.0021181106567382812,0.0006198883056640625,-0.0014982223510742188,4.110828504159534,2.8893030392912307,-1.2215254648683036,1.9249541759490967,2.7023332118988037,0.777379035949707,7.916747808456421,6.779084920883179,-1.1376628875732422,12.69304871559143,7.0090943574905396,-5.683954358100891,12.693049430847168,7.009133076667785,-5.683916354179383,12.693050384521484,7.0091471672058105,-5.683903217315674,98.0,98.0,0.0,71.0,89.0,18.0,55.0,66.0,11.0,47.0,60.0,13.0,437.3440771102905,369.5203170776367,-67.82376003265381,395.9928970336914,323.81688117980957,-72.17601585388184,0.5425401408286069,0.3749868144676833,-0.16755332636092363,0.7553393511578023,0.807803318205687,0.052463967047884696,0.7831378737782517,0.7009878280565824,-0.08215004572166928,2.5854109751269148,1.8506229630306938,-0.7347880120962209,2.5854113811107817,1.8506412406964676,-0.7347701404143141,38.0,49.0,11.0,16.0,0.0,-16.0
1TX4_A,2,1,t075,low_or_equal,not_tier2,196.0,196.0,0.0,1.1207503007382762,2.5810935643254496,1.4603432635871734,0.00371551513671875,0.046375274658203125,0.042659759521484375,3.1327990996110646,4.523159570981248,1.3903604713701831,0.47615599632263184,3.001508951187134,2.525352954864502,8.390964984893799,11.512960433959961,3.121995449066162,8.811168193817139,11.543912887573242,2.7327446937561035,8.81117649078369,12.221555805206298,3.4103793144226078,8.811182022094727,12.221668243408203,3.4104862213134766,98.0,98.0,0.0,42.0,82.0,40.0,37.0,66.0,29.0,31.0,51.0,20.0,279.5173749923706,537.2746686935425,257.7572937011719,242.2358283996582,493.25787925720215,251.02205085754395,0.6229341802517544,0.4332569932495721,-0.18967718700218228,0.7182955599776825,0.7786720316684289,0.06037647169074645,0.8147071465644324,0.7427477716228321,-0.07195937494160032,2.454807234218633,1.981539493045878,-0.47326774117275505,2.4548116482513076,2.131380626262394,-0.3234310219889136,28.0,47.0,19.0,28.0,3.0,-25.0
1TX4_A,3,1,t075,low_or_equal,not_tier2,196.0,196.0,0.0,1.9486606169720084,1.1150674236064055,-0.8335931933656029,0.0024318695068359375,0.0057373046875,0.0033054351806640625,4.978056126762024,2.85310921044116,-2.1249469163208636,0.5272424221038818,1.2889070510864258,0.761664628982544,5.694321155548096,3.0912961959838867,-2.603024959564209,17.595739364624023,9.998214960098267,-7.597524404525757,17.595746994018555,9.998218536376953,-7.597528457641602,17.595746994018555,9.998218536376953,-7.597528457641602,98.0,98.0,0.0,53.0,64.0,11.0,40.0,59.0,19.0,40.0,32.0,-8.0,398.6696844100952,259.7387857437134,-138.93089866638184,364.5681276321411,219.90777015686035,-144.66035747528076,0.8021623753963668,0.670847196063788,-0.13131517933257886,0.6780917753039657,0.7404266510282743,0.062334875724308625,0.8580232770166893,0.8049756468360556,-0.05304763018063374,3.1432105924907794,3.1134971994704372,-0.02971339302034215,3.1432121250959444,3.1134984529375926,-0.029713672158351745,19.0,16.0,-3.0,16.0,16.0,0.0
1TX4_A,4,1,t075,low_or_equal,not_tier2,196.0,196.0,0.0,2.0470729774358323,0.5545804889834657,-1.4924924884523665,0.0009708404541015625,0.0013990402221679688,0.00042819976806640625,4.892612593279521,1.4487178154064448,-3.4438947778730764,1.267622947692871,0.28536295890808105,-0.98225998878479,5.6077046394348145,1.2180204391479492,-4.389684200286865,17.10957145690918,5.272735357284546,-11.836836099624634,17.10957145690918,5.273019075393677,-11.836552381515503,17.10957145690918,5.273048400878906,-11.836523056030273,98.0,98.0,0.0,58.0,44.0,-14.0,58.0,35.0,-23.0,42.0,16.0,-26.0,419.44648027420044,118.28219223022461,-301.16428804397583,388.1212258338928,90.4153184890747,-297.7059073448181,0.7511866748446053,0.751261845442671,7.517059806572135e-05,0.6993903417942352,0.6972308556491682,-0.002159486145067002,0.840970009553313,0.8428491650747065,0.0018791555213935052,3.0786207148637015,3.256779766304854,0.17815905144115263,3.0786207148637015,3.2569958495137654,0.17837513465006394,19.0,16.0,-3.0,18.0,16.0,-2.0
1TX4_A,5,1,t075,low_or_equal,not_tier2,196.0,196.0,0.0,0.9515451168527409,1.8298565879160045,0.8783114710632636,0.015522480010986328,0.016249656677246094,0.0007271766662597656,1.6187641678924312,5.077415203648113,3.4586510357556817,1.1018195152282715,1.98026704788208,0.8784475326538086,3.585047721862793,11.552088260650635,7.967040538787842,4.6181347370147705,15.966946125030518,11.348811388015747,4.618795919418335,15.966947555541992,11.348151636123657,4.61892032623291,15.966947555541992,11.348027229309082,98.0,98.0,0.0,80.0,83.0,3.0,54.0,83.0,29.0,42.0,49.0,7.0,201.6596097946167,470.7622637748718,269.1026539802551,157.53471851348877,426.3806805610657,268.8459620475769,0.43476243813784926,0.6729423419588823,0.238179903821033,0.8016009400632378,0.7520829260759198,-0.04951801398731803,0.7216001607144511,0.7881441580637638,0.06654399734931271,2.2650548442370013,2.7843083478690183,0.5192535036320169,2.265540146070166,2.7843086296091197,0.5187684835389539,42.0,22.0,-20.0,15.0,20.0,5.0
1TX4_A,6,1,t075,low_or_equal,not_tier2,196.0,196.0,0.0,0.8988685656567009,1.0667787230744654,0.1679101574177645,0.0007801055908203125,0.00013637542724609375,-0.0006437301635742188,2.300299275295655,2.122258212036669,-0.17804106325898594,0.4589824676513672,1.6207537651062012,1.161771297454834,5.702184677124023,5.864656209945679,0.16247153282165527,7.562358140945435,5.869749426841736,-1.6926087141036987,7.562388062477112,5.870206236839294,-1.6921818256378174,7.56619930267334,5.88118839263916,-1.6850109100341797,98.0,98.0,0.0,48.0,56.0,8.0,26.0,55.0,29.0,25.0,42.0,17.0,192.18231773376465,236.14965629577637,43.96733856201172,159.47519302368164,200.18893241882324,40.7137393951416,0.7386504423634788,0.49709469955726104,-0.24155574280621772,0.6903509949193753,0.7692563420116644,0.07890534709228902,0.8418223287376183,0.7626738521691263,-0.079148476568492,2.8967924508137237,2.263141533168106,-0.6336509176456175,2.898462303849439,2.268531530357207,-0.6299307734922319,25.0,42.0,17.0,25.0,23.0,-2.0
1TX4_A,7,1,t075,low_or_equal,not_tier2,196.0,196.0,0.0,1.170092259134565,3.176271246404064,2.0061789872694993,0.020145416259765625,0.0037469863891601562,-0.01639842987060547,2.3834061024408686,5.710497029068474,3.3270909266276054,1.5116245746612549,2.583627700805664,1.0720031261444092,7.306786060333252,12.666776657104492,5.35999059677124,7.306844353675842,17.34176254272461,10.034918189048767,7.4140712261199955,17.34176254272461,9.927691316604614,7.488551616668701,17.34176254272461,9.853210926055908,98.0,98.0,0.0,71.0,68.0,-3.0,60.0,68.0,8.0,24.0,63.0,39.0,241.87459421157837,642.5215058326721,400.64691162109375,203.29705286026,606.0750222206116,402.77796936035156,0.606712889979694,0.5337026792559367,-0.07301021072375724,0.754114044763804,0.7626487752673081,0.008534730503504173,0.782831078057399,0.7705331331903402,-0.012297944867058819,2.57478240416376,2.4806056678101966,-0.0941767363535635,2.651020886060224,2.4806056678101966,-0.17041521825002715,24.0,44.0,20.0,24.0,19.0,-5.0
1U6T_A,0,1,t075,low_or_equal,not_tier2,121.0,121.0,0.0,2.5733413656881035,0.3784801152126848,-2.1948612504754186,0.0,0.0,0.0,5.320706383271994,0.929552361103705,-4.391154022168289,0.8198823928833008,0.37801074981689453,-0.44187164306640625,15.58102035522461,2.2198104858398438,-13.361209869384766,15.58102035522461,2.2264699935913086,-13.3545503616333,15.581021308898926,2.2366491317749024,-13.344372177124024,15.581021308898926,2.2483272552490234,-13.332694053649902,60.0,60.0,0.0,38.0,30.0,-8.0,29.0,25.0,-4.0,24.0,21.0,-3.0,315.1805491447449,61.90702152252197,-253.2735276222229,293.2463984489441,41.06689262390137,-252.17950582504272,0.6426578925272494,0.4677512323687121,-0.17490666015853729,0.6872039178100507,0.7602661441222346,0.07306222631218384,0.8176239779642309,0.7438042302291279,-0.07381974773510303,2.4447278335883986,1.9880427996378933,-0.4566850339505053,2.444728012826689,2.011556549451581,-0.43317146337510826,16.0,25.0,9.0,16.0,2.0,-14.0
1U6T_A,1,1,t075,low_or_equal,not_tier2,121.0,121.0,0.0,0.14381309383171648,1.285559260155544,1.1417461663238275,0.0,0.0,0.0,0.4204006821229471,2.9671859036679247,2.5467852215449778,0.5266904830932617,0.39496326446533203,-0.1317272186279297,0.7226543426513672,8.8307523727417,8.108098030090332,0.7410688400268555,8.830772399902344,8.089703559875488,1.1537607192993156,8.83077793121338,7.677017211914064,1.7105627059936523,8.830778121948242,7.12021541595459,60.0,60.0,0.0,32.0,25.0,-7.0,2.0,22.0,20.0,0.0,19.0,19.0,29.72445297241211,164.05038166046143,134.32592868804932,7.916689872741699,141.73917198181152,133.82248210906982,0.3788100992712222,0.6997852095578605,0.3209751102866383,0.8094739920892597,0.680216157812668,-0.12925783427659177,0.6736027096919441,0.823037367093469,0.14943465740152484,1.4206821529858276,2.5428852066261465,1.122203053640319,3.7268008326012576,2.5428871350681397,-1.183913697533118,28.0,16.0,-12.0,2.0,16.0,14.0
1U6T_A,2,1,t075,low_or_equal,not_tier2,121.0,121.0,0.0,0.09040161006706805,0.3669015711004084,0.27649996103334035,0.0,0.0,0.0,0.23776689445690088,0.9936924339917013,0.7559255395348004,0.26543235778808594,0.4273185729980469,0.16188621520996094,0.3608551025390625,2.464204788208008,2.1033496856689453,0.37281036376953125,2.470052719116211,2.0972423553466797,0.8528514862060544,2.4846426010131837,1.6317911148071294,1.3306941986083984,2.494962692260742,1.1642684936523438,60.0,60.0,0.0,4.0,29.0,25.0,1.0,22.0,21.0,0.0,20.0,20.0,15.87583065032959,61.44679069519043,45.57096004486084,1.615865707397461,42.83487319946289,41.21900749206543,0.4462029979548886,0.5231214699985085,0.0769184720436199,0.7855884996141209,0.7335163662193859,-0.05207213339473504,0.7111116545618112,0.7743946657645073,0.06328301120269608,1.1877547307312557,2.1165011185275535,0.9287463877962978,5.216422544334293,2.141569210315741,-3.074853334018552,24.0,21.0,-3.0,4.0,20.0,16.0
1U6T_A,3,1,t075,low_or_equal,not_tier2,121.0,121.0,0.0,1.0137832578548716,1.4733676437504035,0.45958438589553197,0.0,0.0,0.0,1.8452307446228373,2.441588755600034,0.5963580109771967,0.8033456802368164,5.2605390548706055,4.457193374633789,4.247781753540039,5.81025505065918,1.5624732971191406,4.856502532958984,5.810325622558594,0.9538230895996094,6.022289276123046,5.831352233886719,-0.19093704223632724,6.793999671936035,5.849555969238281,-0.9444437026977539,60.0,60.0,0.0,47.0,48.0,1.0,30.0,38.0,8.0,29.0,34.0,5.0,134.76107025146484,193.48524951934814,58.7241792678833,108.41556739807129,166.95986938476562,58.544301986694336,0.48885410840708327,0.3907901179920117,-0.09806399041507158,0.7670497878615778,0.7790830277904306,0.012033239928852746,0.7429992601974971,0.7055986281601039,-0.03740063203739319,2.0825142255526203,1.7762852031739302,-0.3062290223786901,3.132516857810448,1.792352752055661,-1.3401641057547868,25.0,31.0,6.0,8.0,0.0,-8.0
1U6T_A,4,1,t075,low_or_equal,not_tier2,121.0,121.0,0.0,0.8830107145073,0.11826745340646791,-0.764743261100832,0.0,0.0,0.0,1.6493842194673083,0.2947922904201934,-1.354591929047115,1.5834331512451172,0.3962993621826172,-1.1871337890625,4.325213432312012,0.5269432067871094,-3.7982702255249023,4.8663434982299805,0.5318317413330078,-4.334511756896973,5.786207199096679,0.6021568298339842,-5.184050369262694,6.2461442947387695,0.7258367538452148,-5.520307540893555,60.0,60.0,0.0,55.0,19.0,-36.0,54.0,0.0,-54.0,13.0,0.0,-13.0,125.48846435546875,22.929497718811035,-102.55896663665771,97.18346309661865,0.786860466003418,-96.39660263061523,0.5189439701085067,0.3142553809434229,-0.20468858916508376,0.7982330215822041,0.8310732585019921,0.03284023691978799,0.6884968678425047,0.6179918488254685,-0.07050501901703621,2.4150423756383175,1.4029006231372276,-1.0121417525010898,3.2515974852503247,2.061008107005529,-1.1905893782447956,13.0,29.0,16.0,13.0,1.0,-12.0
1U6T_A,5,1,t075,low_or_equal,not_tier2,121.0,121.0,0.0,0.6795597864576608,0.6528594040673626,-0.02670038239029815,0.0,0.0,0.0,1.3566372369335087,1.6781402326726786,0.32150299573916996,2.2842655181884766,0.13533973693847656,-2.14892578125,3.0325889587402344,4.354368209838867,1.3217792510986328,3.046017646789551,4.354498863220215,1.308481216430664,3.1185163497924804,4.3753046035766605,1.2567882537841801,3.151674270629883,4.3927812576293945,1.2411069869995117,60.0,60.0,0.0,37.0,26.0,-11.0,36.0,22.0,-14.0,36.0,20.0,-16.0,101.0638313293457,95.7883996963501,-5.2754316329956055,79.66993045806885,79.49916458129883,-0.17076587677001953,0.3939916719249189,0.5917708229862986,0.19777915106137967,0.770721739800457,0.6869547237737317,-0.08376701602672532,0.7094949077018562,0.8086191583960294,0.09912425069417319,1.7443556729144052,2.205798649650072,0.4614429767356669,1.8222369376798881,2.228611042597835,0.4063741049179468,36.0,20.0,-16.0,0.0,20.0,20.0
1U6T_A,6,1,t075,low_or_equal,not_tier2,121.0,121.0,0.0,2.0136607619356517,2.0048998525320005,-0.008760909403651151,0.0,0.0,0.0,3.540819025457932,4.611676470046228,1.0708574445882957,5.693336486816406,0.6966037750244141,-4.996732711791992,8.432605743408203,13.350135803222656,4.917530059814453,8.432638168334961,13.894327163696289,5.461688995361328,8.453661727905274,14.817609786987305,6.3639480590820305,8.471891403198242,15.280607223510742,6.8087158203125,60.0,60.0,0.0,39.0,39.0,0.0,35.0,21.0,-14.0,35.0,20.0,-15.0,267.2782554626465,251.1640214920044,-16.11423397064209,244.5264654159546,228.29787826538086,-16.22858715057373,0.41044228954634676,0.7265717276733868,0.3161294381270401,0.7589050000948175,0.6684337965013457,-0.09047120359347183,0.7244816458564571,0.8349309652299273,0.11044931937347013,1.8128510269087097,2.578113921995293,0.7652628950865834,1.8239369464603887,2.878716114889487,1.0547791684290984,33.0,16.0,-17.0,0.0,15.0,15.0
1U6T_A,7,1,t075,low_or_equal,not_tier2,121.0,121.0,0.0,0.28039165370720476,0.7778056948638159,0.49741404115661114,0.0,0.0,0.0,0.7640685308883934,1.9013402264034682,1.1372716955150748,0.18322086334228516,0.5975856781005859,0.4143648147583008,1.9338741302490234,5.323775291442871,3.3899011611938477,1.9558095932006836,5.866620063781738,3.9108104705810547,1.9977025985717773,6.7886108398437495,4.790908241271972,2.016472816467285,7.249497413635254,5.233024597167969,60.0,60.0,0.0,22.0,40.0,18.0,20.0,16.0,-4.0,1.0,15.0,14.0,45.04142379760742,102.46140336990356,57.41997957229614,29.49442958831787,80.94377374649048,51.44934415817261,0.5663235382671743,0.7625051379942762,0.19618159972710192,0.714649492540063,0.6829598337514362,-0.03168965878862684,0.7906234783088777,0.8277660918264904,0.03714261351761272,2.1927587274736293,2.6764354418271616,0.4836767143535323,2.272153730427183,3.4037525893054617,1.1315988588782786,20.0,15.0,-5.0,19.0,13.0,-6.0
1UOU_A,0,1,t075,low_or_equal,not_tier2,438.0,438.0,0.0,1.0963633027795243,1.138638486600902,0.04227518382137774,0.000835418701171875,0.00406646728515625,0.003231048583984375,2.545485891590578,3.4670406615682645,0.9215547699776865,0.8403663635253906,0.4639430046081543,-0.37642335891723633,3.073881530761719,1.6520915985107423,-1.4217899322509768,8.597620010375977,7.8213167667388825,-0.776303243637094,10.323579788208008,15.441245079040527,5.1176652908325195,10.32358169555664,15.441246032714844,5.117664337158203,219.0,219.0,0.0,158.0,105.0,-53.0,106.0,95.0,-11.0,65.0,42.0,-23.0,518.0263042449951,554.0969891548157,36.07068490982056,428.6142921447754,479.35569047927856,50.741398334503174,0.6701753023965189,0.8150123557216715,0.14483705332515262,0.7728361188040256,0.7116563485218882,-0.06117977028213739,0.8088580373627055,0.8667343966765102,0.05787635931380475,2.946885988399331,1.9274877142961369,-1.019398274103194,3.6249340148616485,4.125307125658102,0.5003731107964535,34.0,39.0,5.0,33.0,22.0,-11.0
1UOU_A,1,1,t075,low_or_equal,not_tier2,438.0,438.0,0.0,0.5863932670523587,0.5710231615528124,-0.015370105499546316,0.004832267761230469,0.001682281494140625,-0.0031499862670898438,1.4910354911333088,1.422196209318496,-0.06883928181481269,0.5787632465362549,0.7183361053466797,0.1395728588104248,1.5301785469055176,2.0257165908813475,0.4955380439758299,6.231102252006531,2.88237943649292,-3.3487228155136113,6.243531050682068,6.042601585388184,-0.20092946529388467,6.243663787841797,6.042627334594727,-0.2010364532470703,219.0,219.0,0.0,134.0,119.0,-15.0,93.0,88.0,-5.0,43.0,54.0,11.0,303.35486125946045,291.72521591186523,-11.629645347595215,215.2530174255371,210.29414176940918,-4.95887565612793,0.6280267950177608,0.6308088505618542,0.002782055544093387,0.7872695704049911,0.7819022145322714,-0.005367355872719748,0.7880511408467248,0.7995877769663771,0.011536636119652277,3.785764335269935,1.6252021062886177,-2.160562228981317,3.7941890413952857,3.8472920523841494,0.05310301098886372,43.0,54.0,11.0,23.0,20.0,-3.0
1UOU_A,2,1,t075,low_or_equal,not_tier2,438.0,438.0,0.0,0.7890553060731932,1.3200587050555503,0.5310033989823572,0.0008974075317382812,0.002197265625,0.0012998580932617188,1.7943045387262828,2.7176585876995283,0.9233540489732455,0.37181997299194336,1.8293547630310059,1.4575347900390625,3.18187837600708,7.813996410369877,4.632118034362797,4.885659313201903,8.689940881729125,3.804281568527222,6.409505500793457,8.715336208343507,2.30583070755005,6.409526824951172,8.716313362121582,2.30678653717041,219.0,219.0,0.0,105.0,177.0,72.0,104.0,160.0,56.0,87.0,84.0,-3.0,405.17371368408203,664.1894693374634,259.01575565338135,328.40209770202637,569.5517358779907,241.14963817596436,0.5639498096378346,0.5580379832505514,-0.005911826387283159,0.7855432568144328,0.8099788373670364,0.02443558055260353,0.7898415207914706,0.7563857000702838,-0.0334558207211868,2.283115223036081,2.711849902717953,0.4287346796818716,3.1323955312891116,2.721554021002649,-0.41084151028646243,85.0,59.0,-26.0,39.0,46.0,7.0
1UOU_A,3,1,t075,low_or_equal,not_tier2,438.0,438.0,0.0,0.5536748306936325,0.2528861341955455,-0.30078869649808704,0.0020160675048828125,0.00043010711669921875,-0.0015859603881835938,1.032453099336681,0.849899863623529,-0.18255323571315196,1.424288272857666,0.2878127098083496,-1.1364755630493164,2.393211555480957,0.88309326171875,-1.5101182937622073,2.7150900840759276,2.6104990005493165,-0.10459108352661106,2.7252301597595214,2.9151803398132325,0.18995018005371112,2.7268009185791016,2.938203811645508,0.21140289306640625,219.0,219.0,0.0,133.0,82.0,-51.0,112.0,42.0,-70.0,75.0,41.0,-34.0,279.8142919540405,169.27254676818848,-110.54174518585205,198.05943202972412,101.44013595581055,-96.61929607391357,0.4184306982293657,0.659012182475091,0.24058148424572529,0.8214860600255369,0.7843899455100165,-0.03709611451552042,0.7280854781577526,0.7950006095311617,0.0669151313734091,2.0934754854926942,2.7739889924233445,0.6805135069306503,2.1048182133228472,3.1595694885761842,1.054751275253337,107.0,42.0,-65.0,35.0,41.0,6.0
1UOU_A,4,1,t075,low_or_equal,not_tier2,438.0,438.0,0.0,0.6448951137664656,1.0400042359687423,0.3951091222022767,0.0007534027099609375,0.0006456375122070312,-0.00010776519775390625,1.2947870496882592,2.5273645721678197,1.2325775224795605,1.5739541053771973,1.2344393730163574,-0.33951473236083984,1.9892541885375976,3.2978469848632814,1.3085927963256838,4.217003679275499,7.077801179885864,2.8607975006103654,4.740581636428833,9.77843014717102,5.0378485107421875,4.79403018951416,10.040878295898438,5.246848106384277,219.0,219.0,0.0,159.0,166.0,7.0,127.0,113.0,-14.0,42.0,83.0,41.0,333.78768253326416,541.075177192688,207.28749465942383,242.1054811477661,449.64135932922363,207.53587818145752,0.4747839420107133,0.6235384775139815,0.14875453550326823,0.8237313513532749,0.7860246189214553,-0.037706732431819656,0.7303849481618487,0.7953333325590166,0.06494838439716788,2.758838657190058,2.388969525966832,-0.3698691312232256,3.2044922574307995,3.5613675047321296,0.35687524730133013,59.0,38.0,-21.0,24.0,36.0,12.0
1UOU_A,5,1,t075,low_or_equal,not_tier2,438.0,438.0,0.0,0.5916717999602017,1.0758253221642482,0.4841535222040465,0.00234222412109375,0.0001163482666015625,-0.0022258758544921875,1.6855176219022519,2.727246607229696,1.041728985327444,0.49582552909851074,1.0259666442871094,0.5301411151885986,1.5162603378295902,4.465216159820582,2.9489558219909924,4.378528022766113,6.082197642326354,1.703669619560241,8.24661696434021,11.224711418151855,2.9780944538116447,8.2466402053833,11.224712371826172,2.978072166442871,219.0,219.0,0.0,107.0,126.0,19.0,69.0,110.0,41.0,35.0,79.0,44.0,303.29663848876953,529.2322735786438,225.93563508987427,218.60437965393066,453.8064045906067,235.20202493667603,0.6926023068999092,0.700630096921937,0.008027790022027803,0.7610708267184892,0.7546321562724984,-0.0064386704459908906,0.8182325304711904,0.831662025195264,0.01342949472407362,2.2467022436301307,1.835687431745499,-0.41101481188463174,4.541612799505358,3.721294225009978,-0.8203185744953796,35.0,44.0,9.0,24.0,20.0,-4.0
1UOU_A,6,1,t075,low_or_equal,not_tier2,438.0,438.0,0.0,1.902428714107705,1.0530491027657845,-0.8493796113419205,0.00334930419921875,0.0009546279907226562,-0.0023946762084960938,3.1663182235221083,2.644749717350621,-0.5215685061714872,4.3273608684539795,1.138030767440796,-3.1893301010131836,6.305474758148193,3.368630409240723,-2.9368443489074703,9.758038663864136,5.071561717987061,-4.686476945877075,10.788047351837157,11.737574577331543,0.9495272254943856,10.990184783935547,11.737574577331543,0.7473897933959961,219.0,219.0,0.0,198.0,114.0,-84.0,151.0,113.0,-38.0,131.0,75.0,-56.0,885.8691062927246,502.0476942062378,-383.8214120864868,781.4722909927368,426.0677185058594,-355.40457248687744,0.446965912895845,0.6847412394449038,0.23777532654905886,0.8269774886776436,0.7542795891841179,-0.07269789949352579,0.7256110879334872,0.8307319069374162,0.105120819003929,2.4809919266478873,1.5194302087861917,-0.9615617178616955,2.8701335204769536,4.039900412682144,1.1697668922051903,75.0,41.0,-34.0,29.0,20.0,-9.0
1UOU_A,7,1,t075,low_or_equal,not_tier2,438.0,438.0,0.0,0.9778037593789297,0.9560488522324933,-0.021754907146436464,0.00043964385986328125,0.0010356903076171875,0.0005960464477539062,1.9438719968234905,2.2043691161829537,0.2604971193594632,1.5403614044189453,1.3827629089355469,-0.15759849548339844,3.542805480957031,2.704182815551758,-0.8386226654052731,5.7850282192230225,4.893662452697754,-0.8913657665252686,7.310335230827332,10.649475345611572,3.3391401147842403,7.500921249389648,10.84023666381836,3.339315414428711,219.0,219.0,0.0,142.0,173.0,31.0,123.0,156.0,33.0,83.0,79.0,-4.0,468.73215103149414,495.09236431121826,26.36021327972412,380.8537244796753,393.27418327331543,12.420458793640137,0.5601617431379894,0.5624974155672726,0.002335672429283231,0.8020629707969549,0.8093036377790357,0.007240666982080812,0.7725011784515634,0.7550217916256887,-0.017479386825874688,2.473014924696507,1.7862768860069869,-0.6867380386895201,3.3557340713124324,4.483907771626355,1.1281737003139227,51.0,40.0,-11.0,38.0,13.0,-25.0
1USN_A,0,2,t075,low_or_equal,low_or_equal,165.0,165.0,0.0,2.3627583041335596,0.5475702285766602,-1.8151880755568994,0.0,0.0,0.0,4.569039088101673,1.246395341270525,-3.3226437468311474,2.771190643310547,0.25440406799316406,-2.516786575317383,13.145497894287107,2.652176284790039,-10.493321609497068,13.648314476013184,3.582495117187498,-10.065819358825685,13.742320137023926,4.826926231384271,-8.915393905639654,13.796671867370605,5.774860382080078,-8.021811485290527,82.0,82.0,0.0,66.0,37.0,-29.0,66.0,25.0,-41.0,60.0,23.0,-37.0,430.4168915748596,100.81782245635986,-329.59906911849976,396.48769330978394,74.04998302459717,-322.43771028518677,0.5382737307784572,0.6320864004079491,0.09381266962949186,0.7706030899740112,0.7361473994324808,-0.034455690541530415,0.7561595627826241,0.803016106131496,0.046856543348871904,2.470006483697758,2.4349616755765133,-0.035044808121244664,2.502476635188421,4.193926261129096,1.6914496259406753,28.0,23.0,-5.0,20.0,13.0,-7.0
1USN_A,1,2,t075,low_or_equal,low_or_equal,165.0,165.0,0.0,1.085671852574204,0.27719920765269884,-0.8084726449215052,0.0,0.0,0.0,1.910072358087364,0.8200697296105669,-1.090002628476797,2.436176300048828,0.5257587432861328,-1.9104175567626953,4.450657653808591,0.9952857971191406,-3.4553718566894505,4.623620986938477,2.2036565780639634,-2.419964408874513,4.623988227844238,3.3204377746581972,-1.3035504531860411,4.626202583312988,4.255395889282227,-0.3708066940307617,82.0,82.0,0.0,61.0,43.0,-18.0,60.0,15.0,-45.0,43.0,11.0,-32.0,204.63430881500244,65.08122634887695,-139.5530824661255,170.9870262145996,36.837517738342285,-134.14950847625732,0.3841096028945641,0.5902887480332669,0.20617914513870284,0.7961361152755201,0.7565193223797323,-0.03961679289578779,0.7061299530019762,0.7790349084812198,0.07290495547924358,1.8522592190732348,2.349138494998586,0.4968792759253513,1.8536107890090967,4.851046853684852,2.997436064675755,39.0,15.0,-24.0,0.0,12.0,12.0
1USN_A,2,2,t075,low_or_equal,low_or_equal,165.0,165.0,0.0,0.3139864777073716,1.5536046866214637,1.2396182089140921,0.0,0.0,0.0,2.9018708536574143,3.2229740304731314,0.3211031768157171,0.9720916748046875,2.314687728881836,1.3425960540771484,1.7028270721435548,7.505559539794881,5.802732467651326,8.687797546386717,10.374322891235352,1.6865253448486346,9.953431015014642,10.37435905456543,0.4209280395507875,10.9060697555542,10.37437629699707,-0.5316934585571289,82.0,82.0,0.0,51.0,78.0,27.0,41.0,74.0,33.0,13.0,45.0,32.0,184.14053344726562,297.4470224380493,113.30648899078369,146.49165153503418,257.95097160339355,111.45932006835938,0.6846081440546828,0.5929206378018372,-0.09168750625284561,0.7304935870581307,0.7863580717624596,0.05586448470432892,0.7982313088486201,0.7285923513663053,-0.06963895748231486,2.885659455907658,2.736825714763519,-0.14883374114413872,3.650087757867289,2.7368422850992444,-0.9132454727680446,13.0,17.0,4.0,13.0,17.0,4.0
1USN_A,3,2,t075,low_or_equal,low_or_equal,165.0,165.0,0.0,1.4049292651089755,0.657315814856327,-0.7476134502526486,0.0,0.0,0.0,2.045279799338484,2.1244921736194313,0.07921237428094718,3.056645393371582,0.5743789672851562,-2.482266426086426,4.556588935852051,6.1414955139160154,1.5849065780639648,4.831328773498534,6.377153396606444,1.5458246231079107,6.089592437744135,6.845931625366209,0.756339187622074,7.040884017944336,7.054663181304932,0.013779163360595703,82.0,82.0,0.0,73.0,57.0,-16.0,66.0,25.0,-41.0,53.0,19.0,-34.0,247.24496459960938,151.90535354614258,-95.3396110534668,207.76307678222656,119.54601573944092,-88.21706104278564,0.3533677381033639,0.7234758021486963,0.3701080640453324,0.8215128428900136,0.7139667991110019,-0.10754604377901167,0.6699383332447064,0.8154856560387644,0.14554732279405802,1.6752717694164763,2.692331679436318,1.0170599100198419,2.755591071039878,3.011236024254042,0.25564495321416425,36.0,19.0,-17.0,4.0,18.0,14.0
1USN_A,4,2,t075,low_or_equal,low_or_equal,165.0,165.0,0.0,1.2509530500932173,1.5016560265512178,0.25070297645800044,0.0,0.0,0.0,2.6451234828555417,3.6956055678623874,1.0504820850068457,1.3468685150146484,0.2903461456298828,-1.0565223693847656,6.31040277481079,10.11902732849121,3.8086245536804206,7.038814735412598,10.68514823913574,3.6463335037231426,7.177304496765137,11.950778579711908,4.7734740829467714,7.187508583068848,12.903419494628906,5.715910911560059,82.0,82.0,0.0,56.0,24.0,-32.0,50.0,24.0,-26.0,35.0,24.0,-11.0,246.2486982345581,260.75205087661743,14.503352642059326,211.39721298217773,235.10956144332886,23.712348461151123,0.48312173237743355,0.7133415857057944,0.23021985332836087,0.7687294372740949,0.6666413664251656,-0.10208807084892935,0.755035980745177,0.8436382160092608,0.08860223526408384,2.1881253267885614,2.4849762897982757,0.29685096300971425,2.2443396580362385,3.085221963953447,0.8408823059172086,34.0,23.0,-11.0,16.0,22.0,6.0
1USN_A,5,2,t075,low_or_equal,low_or_equal,165.0,165.0,0.0,0.6635328003854463,2.2531668865319454,1.589634086146499,0.0,0.0,0.0,1.388322602159586,4.857912977987598,3.4695903758280124,0.2784423828125,0.5115127563476562,0.23307037353515625,3.461640167236327,10.233000373840332,6.771360206604005,4.020265769958496,14.819683456420897,10.799417686462402,4.02739143371582,16.08533569335937,12.057944259643548,4.607243537902832,17.037981033325195,12.430737495422363,82.0,82.0,0.0,39.0,44.0,5.0,36.0,37.0,1.0,28.0,37.0,9.0,118.56977844238281,397.3304100036621,278.7606315612793,95.0103874206543,363.2392988204956,268.2289113998413,0.5765168106947878,0.6037659806948849,0.027249170000097078,0.7281844773914354,0.718828050248637,-0.009356427142798385,0.8002302393621057,0.8109615158367838,0.010731276474678086,2.4178335527719064,2.5868138492457433,0.16898029647383694,2.8406299309561054,3.0434497723172256,0.2028198413611202,28.0,28.0,0.0,17.0,13.0,-4.0
1USN_A,6,2,t075,low_or_equal,low_or_equal,165.0,165.0,0.0,2.7888616677486535,1.683352516636704,-1.1055091511119495,0.0,0.0,0.0,5.015886791238863,4.00613160376445,-1.009755187474413,3.8070545196533203,3.0523242950439453,-0.754730224609375,12.973594665527344,4.879698371887207,-8.093896293640137,13.010003852844237,13.697708511352538,0.6877046585083004,13.472449264526361,14.96335945129394,1.4909101867675787,14.425092697143555,15.916004180908203,1.4909114837646484,82.0,82.0,0.0,56.0,48.0,-8.0,51.0,48.0,-3.0,50.0,48.0,-2.0,484.2423906326294,317.58627223968506,-166.65611839294434,449.8053503036499,284.98116397857666,-164.82418632507324,0.46189313670014664,0.6430083523710339,0.1811152156708873,0.7609035308846858,0.7333138765046694,-0.02758965438001637,0.7578219062692308,0.7999402928283013,0.04211838655907041,2.03775376329239,2.9989918412630976,0.9612380779707075,2.3198751314961186,3.552716952907257,1.2328418214111383,33.0,13.0,-20.0,21.0,13.0,-8.0
1USN_A,7,2,t075,low_or_equal,low_or_equal,165.0,165.0,0.0,2.035394555872137,0.5884771000255238,-1.4469174558466131,0.0,0.0,0.0,3.9072733821212724,0.9266732399224752,-2.980600142198797,4.021592140197754,1.4070196151733398,-2.614572525024414,10.40363750457763,2.166459083557129,-8.2371784210205,10.933801651000977,2.1757278442382812,-8.758073806762695,11.028675422668456,2.403293380737299,-8.625382041931157,11.064918518066406,3.306917190551758,-7.758001327514648,82.0,82.0,0.0,77.0,62.0,-15.0,73.0,55.0,-18.0,47.0,23.0,-24.0,391.1665349006653,108.55264949798584,-282.61388540267944,352.3572344779968,74.52601718902588,-277.83121728897095,0.4763726253180008,0.35631276531628364,-0.12005986000171714,0.7917627603404638,0.8165582998073794,0.024795539466915595,0.7299921298407788,0.6726122773975938,-0.057379852443185,2.2773955709999134,1.712848365347796,-0.5645472056521175,2.3109526974772643,2.933547634065333,0.6225949365880687,30.0,37.0,7.0,17.0,2.0,-15.0
1WZE_B,0,2,t075,high,high,327.0,327.0,0.0,2.4356773256891,2.469365776132006,0.03368845044290625,0.0,0.0,0.0,5.540245544680995,5.299899426575077,-0.24034611810591766,4.190082550048828,2.022775650024414,-2.167306900024414,11.238317489624025,9.517740535736218,-1.7205769538878073,18.57494468688964,19.918121719360347,1.343177032470706,19.818159103393555,20.589291648864744,0.7711325454711897,19.818161010742188,20.589305877685547,0.7711448669433594,163.0,163.0,0.0,136.0,149.0,13.0,115.0,116.0,1.0,91.0,82.0,-9.0,964.6960492134094,841.1170616149902,-123.57898759841919,888.5636096000671,766.0523443222046,-122.51126527786255,0.5435072431245577,0.6692603818036763,0.12575313867911864,0.7906040145402732,0.7671079135471672,-0.02349610099310595,0.7740179548673656,0.8035320433877631,0.029514088520397497,2.9130960407874547,3.292280577200339,0.3791845364128843,3.1374933736901665,3.4189215007921545,0.28142812710198806,53.0,34.0,-19.0,18.0,21.0,3.0
1WZE_B,1,2,t075,high,high,327.0,327.0,0.0,2.2572185081808573,2.40146869111134,0.14425018293048275,0.0,0.0,0.0,5.967065501453666,5.025021123452095,-0.9420443780015706,2.6875782012939453,3.7889952659606934,1.101417064666748,10.212764263153304,7.428360939025996,-2.7844033241273074,19.00334777832031,18.785159301757812,-0.2181884765624993,19.309626960754397,20.161042671203614,0.851415710449217,19.57921600341797,20.161043167114258,0.5818271636962891,163.0,163.0,0.0,133.0,117.0,-16.0,91.0,117.0,26.0,85.0,109.0,24.0,908.7536835670471,850.6202716827393,-58.13341188430786,835.0998749732971,780.2255582809448,-54.874316692352295,0.684645252209642,0.5991001051660423,-0.08554514704359972,0.7579313888837128,0.7842529193052236,0.026321530421510753,0.8112112928898692,0.7782253924837879,-0.03298590040608129,2.8064262519088907,3.260422236671352,0.4539959847624613,2.9029340286305247,3.5342288200775607,0.6312947914470359,33.0,33.0,0.0,33.0,19.0,-14.0
1WZE_B,2,2,t075,high,high,327.0,327.0,0.0,2.285853673194162,2.0953105582374314,-0.1905431149567307,0.0,0.0,0.0,4.240455407323831,4.829622385829292,0.5891669785054603,3.689873695373535,3.849560260772705,0.15968656539916992,7.255419921875,7.854509067535403,0.599089145660403,15.925510978698727,16.4115924835205,0.48608150482177415,16.651845932006836,18.523849487304688,1.8720035552978516,16.651845932006836,18.523849487304688,1.8720035552978516,163.0,163.0,0.0,136.0,154.0,18.0,126.0,126.0,0.0,108.0,106.0,-2.0,792.09623670578,844.9159269332886,52.819690227508545,720.4052090644836,766.9100675582886,46.50485849380493,0.5216641517455544,0.5447394072988941,0.02307525555333978,0.8017736522592656,0.804367674293983,0.0025940220347174803,0.7523325480520984,0.7509701186146005,-0.0013624294374978696,3.216554826150762,2.964265274090332,-0.25228955206043,3.387841842175888,3.401619757534381,0.013777915358493154,39.0,34.0,-5.0,18.0,20.0,2.0
1WZE_B,3,2,t075,high,high,327.0,327.0,0.0,1.56815035992077,1.1951549687516798,-0.3729953911690902,0.0,0.0,0.0,4.14613925511589,4.979229866587393,0.8330906114715031,2.2397379875183105,1.9430170059204102,-0.2967209815979004,4.656504821777345,8.394648265838677,3.7381434440613326,14.388044548034665,17.04779357910156,2.6597490310668928,17.000690460205078,18.490141563415527,1.489451103210449,17.000690460205078,18.49016761779785,1.4894771575927734,163.0,163.0,0.0,96.0,126.0,30.0,91.0,120.0,29.0,86.0,78.0,-8.0,611.9924097061157,680.54274559021,68.55033588409424,550.24365234375,607.2778959274292,57.0342435836792,0.6258013836748657,0.7020216905869737,0.07622030691210802,0.7548945725453838,0.7595840104998443,0.004689437954460418,0.8111727499490593,0.8084549595831032,-0.0027177903659560965,3.0920076242725147,3.1837531174705087,0.09174549319799397,3.722147074834067,3.473431255926256,-0.24871581890781114,21.0,35.0,14.0,19.0,20.0,1.0
1WZE_B,4,2,t075,high,high,327.0,327.0,0.0,2.7484181692840854,2.106572406372164,-0.6418457629119216,0.0,0.0,0.0,5.430853051549929,4.498393646465136,-0.932459405084793,2.948617458343506,1.742020606994629,-1.206596851348877,11.169656372070323,7.873889923095871,-3.295766448974452,17.850755882263183,13.853933525085449,-3.9968223571777344,19.08521656036377,15.666282253265381,-3.4189343070983877,19.08770179748535,15.673322677612305,-3.414379119873047,163.0,163.0,0.0,128.0,152.0,24.0,109.0,147.0,38.0,90.0,70.0,-20.0,941.8078441619873,773.6439261436462,-168.16391801834106,868.7929286956787,696.4645323753357,-172.32839632034302,0.5925264916985024,0.6164105715040554,0.02388407980555307,0.777712309687774,0.791025117755675,0.013312808067900916,0.7917647557904857,0.7700733387234564,-0.02169141706702926,2.7808407941859135,2.611456898162843,-0.16938389602307025,3.008603523812552,3.0159099753088467,0.00730645149629483,48.0,33.0,-15.0,32.0,32.0,0.0
1WZE_B,5,2,t075,high,high,327.0,327.0,0.0,1.8638407724712966,2.9115882211504363,1.0477474486791396,0.0,0.0,0.0,4.8992028833596075,5.1773343553962485,0.278131472036641,2.2087478637695312,5.853747606277466,3.6449997425079346,5.671087360382081,8.702929687500001,3.0318423271179205,19.23925514221191,18.83457546234131,-0.4046796798706005,19.95359230041504,19.59681510925293,-0.3567771911621094,19.953594207763672,19.596832275390625,-0.3567619323730469,163.0,163.0,0.0,115.0,135.0,20.0,110.0,128.0,18.0,86.0,122.0,36.0,699.9129176139832,1029.260000705719,329.34708309173584,627.2017588615417,956.3484930992126,329.1467342376709,0.6831021387427793,0.48376207815338224,-0.19934006058939702,0.7528828185291706,0.8141061204563241,0.06122330192715353,0.8169181964202616,0.7260356257753093,-0.09088257064495231,3.5465798790976995,3.075518432491154,-0.47106144660654525,3.6923870813219732,3.22274802222295,-0.46963905909902337,25.0,34.0,9.0,20.0,19.0,-1.0
1WZE_B,6,2,t075,high,high,327.0,327.0,0.0,1.6925989626379918,2.223334875310962,0.53073591267297,0.0,0.0,0.0,4.609930115919201,4.699544440723849,0.08961432480464815,2.011467933654785,2.773251533508301,0.7617835998535156,5.812395095825275,6.8745520591735865,1.0621569633483112,14.554616165161104,18.4546365737915,3.9000204086303967,18.30157470703125,19.406566619873047,1.1049919128417969,18.30157470703125,19.406566619873047,1.1049919128417969,163.0,163.0,0.0,139.0,124.0,-15.0,128.0,123.0,-5.0,84.0,117.0,33.0,686.1216597557068,773.4328346252441,87.31117486953735,613.5882534980774,705.302267074585,91.71401357650757,0.6835350187866346,0.6068813024820122,-0.07665371630462237,0.766943237890578,0.7802243792842557,0.013281141393677753,0.8000804312359941,0.7816534020035713,-0.018427029232422898,2.7900677188375296,3.453803215015562,0.6637354961780324,3.602869311844546,3.6563611561284506,0.053491844283904744,33.0,32.0,-1.0,19.0,19.0,0.0
1WZE_B,7,2,t075,high,high,327.0,327.0,0.0,1.496241035811398,2.2155775367666823,0.7193365009552843,0.0,0.0,0.0,4.611427524616385,5.187323089539402,0.5758955649230169,0.8515424728393555,1.9993844032287598,1.1478419303894043,6.9143283843996866,11.059516525268615,4.145188140868928,14.505381298065151,17.68415107727047,3.17876977920532,17.615451126098634,20.485600776672364,2.8701496505737296,17.615888595581055,20.48565673828125,2.8697681427001953,163.0,163.0,0.0,126.0,125.0,-1.0,76.0,102.0,26.0,37.0,82.0,45.0,604.047737121582,774.6287488937378,170.58101177215576,528.1108455657959,702.9400691986084,174.8292236328125,0.8058981879030732,0.7081830351218283,-0.09771515278124487,0.7248908701297578,0.7519264232282866,0.027035553098528786,0.8383904502902135,0.8207306926369888,-0.017659757653224695,2.8210657530253513,2.981995390203715,0.16092963717836373,3.4955873151471932,3.5220630923023584,0.026475777155165137,33.0,34.0,1.0,33.0,22.0,-11.0
1ZR3_A,0,1,t075,high,not_tier2,186.0,186.0,0.0,1.5291753122883458,1.9165985199712938,0.387423207682948,0.01022481918334961,7.2479248046875e-05,-0.010152339935302734,4.047551661494489,4.818595038665877,0.771043377171388,1.8598065376281738,3.54666805267334,1.686861515045166,4.9905009269714355,8.378806114196777,3.388305187225342,13.423593521118164,13.933189392089844,0.5095958709716797,13.423593521118164,13.933189392089844,0.5095958709716797,13.423593521118164,13.933189392089844,0.5095958709716797,93.0,93.0,0.0,75.0,88.0,13.0,62.0,72.0,10.0,46.0,70.0,24.0,353.40213203430176,508.87151432037354,155.46938228607178,312.84028148651123,464.6653709411621,151.82508945465088,0.6759464689590301,0.4766881766028286,-0.19925829235620152,0.7432380464096545,0.7969868981971063,0.05374885178745181,0.7984432601433982,0.7296977205046116,-0.0687455396387866,2.9386698932060105,2.4937955515443315,-0.44487434166167894,2.9386698932060105,2.4937955515443315,-0.44487434166167894,17.0,37.0,20.0,17.0,15.0,-2.0
1ZR3_A,1,1,t075,high,not_tier2,186.0,186.0,0.0,1.1499121855663996,2.360758653251074,1.2108464676846742,0.000476837158203125,0.0035276412963867188,0.0030508041381835938,2.5150073029874376,5.403200302517961,2.8881929995305233,3.249288320541382,3.182896614074707,-0.0663917064666748,4.989167213439941,9.931795597076416,4.942628383636475,6.769526124000549,17.805587768554688,11.036061644554138,7.6968585729599015,17.805587768554688,10.108729195594787,8.172772407531738,17.805587768554688,9.63281536102295,93.0,93.0,0.0,70.0,83.0,13.0,64.0,78.0,14.0,51.0,50.0,-1.0,278.6727900505066,506.28087520599365,227.60808515548706,238.9730429649353,462.6463804244995,223.6733374595642,0.4468611288726673,0.6368588835043194,0.18999775463165208,0.7967720484022257,0.758333555999155,-0.038438492403070734,0.7257659924569286,0.7807265240689754,0.054960531612046726,2.2344324534401636,2.8584594778220835,0.6240270243819199,2.7923816418438516,2.8584594778220835,0.06607783597823191,35.0,24.0,-11.0,13.0,17.0,4.0
1ZR3_A,2,1,t075,high,not_tier2,186.0,186.0,0.0,2.299843849674348,0.0788323853605537,-2.2210114643137944,0.0038204193115234375,0.002841949462890625,-0.0009784698486328125,5.189080134683914,0.6346388512675557,-4.554441283416359,3.1450960636138916,0.31422948837280273,-2.830866575241089,11.150420188903809,1.065755844116211,-10.084664344787598,17.233421325683594,1.2798099517822266,-15.953611373901367,17.233421325683594,1.8291024208068858,-15.404318904876709,17.233421325683594,2.17716121673584,-15.056260108947754,93.0,93.0,0.0,70.0,40.0,-30.0,65.0,24.0,-41.0,55.0,1.0,-54.0,480.34101486206055,53.44893169403076,-426.8920831680298,439.0318899154663,23.850372314453125,-415.1815176010132,0.6547363566827324,0.4912868735195784,-0.16344948316315405,0.7489604175951474,0.7917071522383138,0.04274673464316636,0.7922828130202904,0.7426926737439707,-0.04959013927631961,2.877885306914595,1.8923795226576128,-0.9855057842569823,2.877885306914595,3.3063352916139976,0.42844998469940254,20.0,30.0,10.0,17.0,9.0,-8.0
1ZR3_A,3,1,t075,high,not_tier2,186.0,186.0,0.0,3.729586419238839,0.43863150124908773,-3.2909549179897515,0.07270431518554688,0.04239940643310547,-0.030304908752441406,6.55804271824068,1.9944891348530867,-4.563553583387593,6.76952600479126,0.8379058837890625,-5.931620121002197,12.571917533874512,2.7263031005859375,-9.845614433288574,19.235865116119385,5.830936551094055,-13.40492856502533,20.269610977172853,5.831909322738648,-14.437701654434205,20.55069923400879,5.831935405731201,-14.718763828277588,93.0,93.0,0.0,86.0,65.0,-21.0,80.0,40.0,-40.0,75.0,38.0,-37.0,796.0039010047913,173.71671533584595,-622.2871856689453,751.2901186943054,132.36365175247192,-618.9264669418335,0.43080471723319796,0.5758454761691005,0.14504075893590257,0.8103564348798661,0.7774561174271128,-0.032900317452753236,0.7057334684633052,0.7613684361128861,0.05563496764958087,2.364467473465986,2.7036021182648176,0.3391346447988317,2.5649593236078423,2.704102925524025,0.1391436019161829,40.0,23.0,-17.0,15.0,15.0,0.0
1ZR3_A,4,1,t075,high,not_tier2,186.0,186.0,0.0,2.4128166475603656,2.9478597615354802,0.5350431139751146,0.021536827087402344,0.017791748046875,-0.0037450790405273438,4.862955146219044,4.888605974256921,0.025650828037876217,4.667381286621094,7.831470727920532,3.1640894412994385,13.926001071929932,12.089171886444092,-1.8368291854858398,13.926004409790039,12.08946418762207,-1.8365402221679688,13.968295860290528,12.142506647109986,-1.825789213180542,14.009706497192383,12.184640884399414,-1.8250656127929688,93.0,93.0,0.0,82.0,67.0,-15.0,78.0,65.0,-13.0,54.0,65.0,11.0,524.9173164367676,615.6101269721985,90.69281053543091,481.7486410140991,574.0006213188171,92.25198030471802,0.5044888417972089,0.37360713217493025,-0.13088170962227863,0.7852982528741416,0.8050260186159368,0.019727765741795245,0.7459828447336132,0.6914002800402184,-0.05458256469339484,2.3675290879828896,1.8699818464048201,-0.4975472415780695,2.3847412737599725,1.889450933763985,-0.49529033999598737,23.0,47.0,24.0,22.0,0.0,-22.0
1ZR3_A,5,1,t075,high,not_tier2,186.0,186.0,0.0,0.8173877244354576,3.9825319167106383,3.165144192275181,0.004776954650878906,0.047425270080566406,0.0426483154296875,1.6155410327170399,6.492145754527214,4.876604721810174,1.3646440505981445,9.399242401123047,8.034598350524902,2.6208925247192383,16.131471633911133,13.510579109191895,5.563716173171997,16.153884887695312,10.590168714523315,5.5639848709106445,16.73031930923462,11.166334438323975,5.564157485961914,17.207462310791016,11.643304824829102,93.0,93.0,0.0,60.0,81.0,21.0,52.0,77.0,25.0,39.0,63.0,24.0,169.389084815979,815.961817741394,646.572732925415,132.3357343673706,773.6135244369507,641.2777900695801,0.5199342908709094,0.3798297190694977,-0.14010457180141167,0.7761240614282322,0.8040457509393967,0.02792168951116447,0.759379341278682,0.6959945745897775,-0.06338476668890447,2.9379188473808657,1.8747812250667877,-1.063137622314078,2.938192014562002,2.0370661556478677,-0.9011258589141344,39.0,40.0,1.0,13.0,1.0,-12.0
1ZR3_A,6,1,t075,high,not_tier2,186.0,186.0,0.0,1.002544908113377,3.7342890975295857,2.731744189416209,0.011577129364013672,0.011285781860351562,-0.0002913475036621094,2.419454097477691,6.200908306254121,3.78145420877643,2.144099712371826,11.377594232559204,9.233494520187378,6.000925779342651,13.12592887878418,7.125003099441528,7.225404739379883,16.94286346435547,9.717458724975586,7.267974805831909,16.94286346435547,9.67488865852356,7.309564113616943,16.94286346435547,9.633299350738525,93.0,93.0,0.0,85.0,86.0,1.0,65.0,79.0,14.0,51.0,50.0,-1.0,252.54134798049927,734.8423852920532,482.30103731155396,207.9487977027893,689.7401037216187,481.79130601882935,0.5331707343792864,0.41188412037084904,-0.12128661400843738,0.7985015101283632,0.7901720488920698,-0.008329461236293412,0.729247599238414,0.7221130663930491,-0.007134532845364916,2.5720098751837903,2.130103158194415,-0.44190671698937534,2.6067943227683914,2.130103158194415,-0.4766911645739764,21.0,49.0,28.0,20.0,14.0,-6.0
1ZR3_A,7,1,t075,high,not_tier2,186.0,186.0,0.0,3.1984324147624354,2.9718218567550823,-0.2266105580073532,0.06336116790771484,0.0003185272216796875,-0.06304264068603516,5.817623138836521,5.181882583819845,-0.6357405550166764,5.789185881614685,4.491051435470581,-1.298134446144104,6.610684156417847,11.446474075317383,4.835789918899536,20.367531776428223,14.737988948822021,-5.629542827606201,21.655216121673586,15.665561294555665,-5.989654827117921,22.643661499023438,16.142908096313477,-6.500753402709961,93.0,93.0,0.0,87.0,79.0,-8.0,82.0,62.0,-20.0,71.0,58.0,-13.0,638.4982738494873,587.2881917953491,-51.210082054138184,593.6649074554443,546.2578058242798,-47.40710163116455,0.5258760375134579,0.45234328588406986,-0.07353275162938805,0.7951553423385572,0.7796480128868223,-0.015507329451734941,0.7254880398960104,0.7452521455584866,0.019764105662476217,2.9512223380456835,2.270635604289101,-0.6805867337565825,3.3424697028673283,2.541756982430366,-0.8007127204369624,15.0,38.0,23.0,15.0,13.0,-2.0
2ERF_A,0,1,t075,low_or_equal,not_tier2,209.0,209.0,0.0,1.9980588255886826,2.1236670188356244,0.12560819324694172,0.0,0.0,0.0,3.684597371391394,4.108266963400953,0.423669592009559,4.370332717895508,4.874805450439453,0.5044727325439453,9.493182754516601,9.63664207458496,0.14345932006835938,9.49386806488037,10.447376251220703,0.9535081863403327,10.448454818725581,10.447521209716797,-0.0009336090087845861,11.569551467895508,10.447522163391113,-1.1220293045043945,104.0,104.0,0.0,74.0,99.0,25.0,67.0,92.0,25.0,63.0,91.0,28.0,455.14458560943604,576.8293380737305,121.68475246429443,415.1653528213501,526.7650175094604,111.59966468811035,0.4512348504864045,0.37191552806368,-0.07931932242272449,0.776719542422184,0.834486517505443,0.05776697508325901,0.7530258485122627,0.6607432844254388,-0.09228256408682389,2.0343631837475606,2.0260877169224782,-0.0082754668250824,2.5977038133456616,2.026123233643205,-0.5715805797024567,35.0,40.0,5.0,30.0,15.0,-15.0
2ERF_A,1,1,t075,low_or_equal,not_tier2,209.0,209.0,0.0,2.128984957790831,1.1204584431990483,-1.0085265145917828,0.0,0.0,0.0,4.515616793470019,2.327034472583986,-2.188582320886033,3.2530431747436523,1.1236677169799805,-2.129375457763672,8.942860221862793,5.754289627075211,-3.1885705947875813,13.918318557739259,6.810221385955811,-7.108097171783448,14.42341022491455,6.811400699615478,-7.612009525299071,14.654178619384766,6.811417579650879,-7.842761039733887,104.0,104.0,0.0,57.0,77.0,20.0,56.0,67.0,11.0,56.0,37.0,-19.0,503.20255851745605,265.400408744812,-237.80214977264404,464.4895534515381,222.20853424072266,-242.28101921081543,0.5300231030218916,0.537777839998483,0.007754736976591459,0.7518900845121347,0.7701433764503339,0.018253291938199245,0.7876038971579502,0.7700196414959959,-0.017584255661954318,2.6107914243291956,2.4450703286912354,-0.16572109563796023,2.77375035005328,2.445584370794677,-0.3281659792586029,38.0,37.0,-1.0,15.0,21.0,6.0
2ERF_A,2,1,t075,low_or_equal,not_tier2,209.0,209.0,0.0,1.1860224048486736,1.7412097511108982,0.5551873462622245,0.0,0.0,0.0,2.1868540353142443,5.357303724476263,3.1704496891620186,1.9914484024047852,3.8611507415771484,1.8697023391723633,4.5474590301513675,7.1573583602905275,2.60989933013916,6.881547927856444,16.566864013671875,9.68531608581543,8.18804233551025,16.566864013671875,8.378821678161625,9.308024406433105,16.566864013671875,7.2588396072387695,104.0,104.0,0.0,78.0,98.0,20.0,73.0,75.0,2.0,52.0,73.0,21.0,272.4800934791565,586.0981407165527,313.61804723739624,227.05136156082153,536.9533863067627,309.90202474594116,0.4955693823000757,0.5090216135470828,0.013452231247007063,0.7955229357818985,0.7917497763637423,-0.0037731594181561467,0.7425467181026677,0.7448916214942123,0.002344903391544584,2.604437896189693,2.7673723621130613,0.16293446592336824,3.7140119415502393,2.7673723621130613,-0.946639579437178,25.0,40.0,15.0,13.0,15.0,2.0
2ERF_A,3,1,t075,low_or_equal,not_tier2,209.0,209.0,0.0,3.804042537816974,1.8721600628355473,-1.9318824749814267,0.0,0.0,0.0,6.56126899682302,3.870128519867731,-2.691140476955289,8.617571830749512,2.4699296951293945,-6.147642135620117,14.981616973876953,8.474342727661213,-6.50727424621574,17.720212554931642,12.491853713989258,-5.228358840942384,17.72021484375,12.491857528686523,-5.228357315063477,17.72021484375,12.49185848236084,-5.22835636138916,104.0,104.0,0.0,95.0,81.0,-14.0,93.0,71.0,-22.0,74.0,62.0,-12.0,895.7241888046265,435.22148418426514,-460.5027046203613,844.9178705215454,386.75355529785156,-458.16431522369385,0.39455612768353227,0.6002125856870065,0.20565645800347426,0.8094047281560081,0.7740033528506786,-0.0354013753053295,0.7089735851394137,0.7699439449721821,0.06097035983276844,2.1209570928814085,2.7440157598478563,0.6230586669664477,2.1209574417191654,2.744016991944299,0.6230595502251335,38.0,22.0,-16.0,13.0,21.0,8.0
2ERF_A,4,1,t075,low_or_equal,not_tier2,209.0,209.0,0.0,1.895117093501479,2.7963453434300765,0.9012282499285975,0.0,0.0,0.0,5.189845587665264,5.349482057156748,0.1596364694914838,3.4087657928466797,3.874819755554199,0.46605396270751953,12.413032150268563,12.42900276184082,0.0159706115722571,16.472331619262697,17.33832550048828,0.8659938812255845,16.906886749267578,17.338327407836914,0.4314406585693362,17.136022567749023,17.338327407836914,0.20230484008789062,104.0,104.0,0.0,68.0,98.0,30.0,65.0,83.0,18.0,63.0,81.0,18.0,520.90598487854,653.7697386741638,132.86375379562378,474.3589391708374,604.1115746498108,129.7526354789734,0.6481870819262222,0.5175849437321608,-0.1306021381940614,0.7531985097833849,0.792035862696708,0.03883735291332313,0.7929090951396214,0.7482316176787549,-0.04467747746086648,2.8087954216609,2.718390304273172,-0.09040511738772805,2.9366780218800135,2.718390660821453,-0.2182873610585605,22.0,35.0,13.0,22.0,17.0,-5.0
2ERF_A,5,1,t075,low_or_equal,not_tier2,209.0,209.0,0.0,0.693629337840103,0.0017677973332017231,-0.6918615405069013,0.0,0.0,0.0,1.295397260295314,5.425580634340313,4.130183374044998,1.444284439086914,5.669836044311523,4.225551605224609,3.1934501647949274,9.035700035095216,5.8422498703002885,3.5210142135620117,9.997900009155273,6.476885795593262,3.5341114044189452,9.997900009155273,6.463788604736328,4.205780029296875,9.997900009155273,5.792119979858398,104.0,104.0,0.0,66.0,85.0,19.0,61.0,64.0,3.0,50.0,63.0,13.0,165.53369426727295,480.9090185165405,315.3753242492676,127.40833854675293,438.384859085083,310.9765205383301,0.44866888662589854,0.424333518541781,-0.02433536808411757,0.7918721676319627,0.7885033956631811,-0.003368771968781603,0.7354897924003734,0.7350861237508706,-0.00040366864950280856,2.1826392276585054,1.8424078242526176,-0.34023140340588776,2.7112537590639185,1.8424078242526176,-0.8688459348113009,50.0,53.0,3.0,21.0,0.0,-21.0
2ERF_A,6,1,t075,low_or_equal,not_tier2,209.0,209.0,0.0,0.4888109590448261,2.244979815049605,1.7561688560047788,0.0,0.0,0.0,1.0512808646212077,4.083113988489241,3.031833123868033,1.4843902587890625,4.542034149169922,3.0576438903808594,2.1673816680908202,8.98515834808352,6.817776679992699,2.2456844329833983,10.114644050598145,7.868959617614746,2.2481357574462892,10.120206756591797,7.872070999145508,2.288522720336914,10.120206832885742,7.831684112548828,104.0,104.0,0.0,89.0,95.0,6.0,79.0,82.0,3.0,32.0,78.0,46.0,146.1593313217163,549.1769843101501,403.01765298843384,99.08587455749512,500.60816621780396,401.52229166030884,0.3207783453501349,0.38680774334137835,0.06602939799124347,0.838489414090356,0.8087883357843489,-0.0297010783060071,0.6438059473841564,0.7043114391851697,0.06050549180101328,1.6711742152479871,1.9273682433882597,0.2561940281402726,1.7119228760437402,1.928730630601372,0.2168077545576319,42.0,52.0,10.0,0.0,0.0,0.0
2ERF_A,7,1,t075,low_or_equal,not_tier2,209.0,209.0,0.0,2.1903428232840945,1.3949820732956297,-0.7953607499884647,0.0,0.0,0.0,3.895301804669322,2.382129496783861,-1.513172307885461,4.1923112869262695,1.916611671447754,-2.2756996154785156,8.212581634521484,4.245384597778321,-3.9671970367431637,11.401713562011718,7.246986103057861,-4.154727458953857,12.71274520874023,8.20828617095947,-4.5044590377807605,13.834368705749512,8.732605934143066,-5.101762771606445,104.0,104.0,0.0,96.0,90.0,-6.0,64.0,86.0,22.0,56.0,47.0,-9.0,498.9773268699646,318.7363157272339,-180.2410111427307,449.4687638282776,272.2160758972168,-177.2526879310608,0.4469180217056944,0.4637349989154275,0.01681697720973313,0.7939271879990548,0.8090413216058749,0.015114133606820124,0.7372711287803184,0.7158465339469586,-0.02142459483335979,2.3647386520053204,2.456627163914928,0.09188851190960756,2.989248706867245,3.080279166499572,0.09103045963232681,48.0,40.0,-8.0,13.0,17.0,4.0
2F7A_A,0,2,t075,low_or_equal,low_or_equal,228.0,228.0,0.0,0.6195643826534873,0.2546023820575915,-0.36496200059589584,0.0005545616149902344,0.00832366943359375,0.007769107818603516,1.3066365137766656,0.9034538054475114,-0.40318270832915415,1.2429018020629883,0.4712381362915039,-0.7716636657714844,3.3202844619750977,1.5543406486511397,-1.765943813323958,3.368536949157715,2.670696496963501,-0.6978404521942139,3.3735413455963137,2.6751334285736084,-0.6984079170227053,3.374140739440918,2.6813106536865234,-0.6928300857543945,114.0,114.0,0.0,70.0,50.0,-20.0,64.0,24.0,-40.0,40.0,23.0,-17.0,171.4517946243286,98.57509326934814,-72.87670135498047,129.26282119750977,55.95319080352783,-73.30963039398193,0.4510853270262404,0.6201335796782456,0.16904825265200518,0.7891069962930998,0.7801695983209694,-0.008937397972130334,0.745357655917996,0.7646485208951668,0.019290864977170807,2.1038540845293494,2.674286278211132,0.5704321936817824,2.1081427985091894,2.686034700387255,0.5778919018780657,40.0,23.0,-17.0,24.0,23.0,-1.0
2F7A_A,1,2,t075,low_or_equal,low_or_equal,228.0,228.0,0.0,2.68195392792685,0.6271245856034128,-2.0548293423234374,0.007367134094238281,0.0025696754455566406,-0.004797458648681641,4.704486684216479,1.2485920903774181,-3.4558945938390613,3.9369423389434814,1.9621524810791016,-1.9747898578643799,13.148041343688964,3.0333345413208006,-10.114706802368165,13.371992111206055,3.1056590557098387,-10.266333055496215,13.371993064880371,3.108078327178955,-10.263914737701416,13.371993064880371,3.1082868576049805,-10.26370620727539,114.0,114.0,0.0,83.0,81.0,-2.0,81.0,59.0,-22.0,72.0,35.0,-37.0,650.089898109436,177.63111782073975,-472.4587802886963,605.7113275527954,128.72263526916504,-476.98869228363037,0.4720648601325983,0.3982786949966914,-0.07378616513590691,0.7845006029585848,0.8134594763579095,0.02895887339932468,0.7504522643864324,0.7090540973041655,-0.04139816708226696,2.2723070338670976,1.9850634079839695,-0.28724362588312813,2.272307236583011,1.987168019982871,-0.2851392166001401,48.0,58.0,10.0,24.0,0.0,-24.0
2F7A_A,2,2,t075,low_or_equal,low_or_equal,228.0,228.0,0.0,1.1567411485471224,1.6243968114518283,0.46765566290470595,0.00835418701171875,0.0021610260009765625,-0.0061931610107421875,2.9048089491140856,2.489475687909741,-0.4153332612043448,1.010852336883545,4.092151403427124,3.081299066543579,6.376443862915039,6.037447166442871,-0.3389966964721678,9.244947481155295,6.356420469284058,-2.888527011871237,12.09807410240173,6.356599307060241,-5.741474795341489,13.2743558883667,7.284794807434082,-5.989561080932617,114.0,114.0,0.0,84.0,102.0,18.0,59.0,87.0,28.0,31.0,79.0,48.0,288.3415627479553,411.2304768562317,122.88891410827637,243.89869928359985,357.3652768135071,113.46657752990723,0.7263839272251944,0.35337099007887307,-0.37301293714632133,0.725217198858261,0.832188158940224,0.10697096008196305,0.8273207043365502,0.6656858862614687,-0.1616348180750815,2.7844193798270034,1.9008113559065996,-0.8836080239204038,4.171570300179373,2.2737309801707446,-1.8978393200086283,25.0,43.0,18.0,12.0,1.0,-11.0
2F7A_A,3,2,t075,low_or_equal,low_or_equal,228.0,228.0,0.0,1.7878334334022121,1.3134958534909968,-0.4743375799112153,0.017259597778320312,0.0015211105346679688,-0.015738487243652344,3.5101000258676622,2.9261672341043505,-0.5839327917633117,2.7949986457824707,0.6752691268920898,-2.119729518890381,8.470779800415052,7.171847105026245,-1.2989326953888067,9.289790773391724,8.439257192611695,-0.8505335807800289,9.289793014526367,8.43933747291565,-0.8504555416107173,9.289793968200684,8.439338684082031,-0.8504552841186523,114.0,114.0,0.0,69.0,96.0,27.0,67.0,48.0,-19.0,65.0,41.0,-24.0,462.77458143234253,346.924843788147,-115.84973764419556,417.8479905128479,294.60060596466064,-123.24738454818726,0.46139637918256593,0.5302226213738901,0.06882624219132416,0.7773856156093527,0.7629824049326137,-0.014403210676738998,0.7565099753308282,0.7772786574584312,0.020768682127602967,2.1372488774404945,2.435185951120723,0.29793707368022826,2.1372497876165397,2.435213800339109,0.2979640127225691,43.0,39.0,-4.0,23.0,38.0,15.0
2F7A_A,4,2,t075,low_or_equal,low_or_equal,228.0,228.0,0.0,2.1281941731770835,1.8050853264959235,-0.32310884668116,0.003624439239501953,0.0024394989013671875,-0.0011849403381347656,4.421354865183136,3.280018970154935,-1.1413358950282007,3.2494187355041504,1.399925947189331,-1.8494927883148193,8.264028549194336,8.428239822387695,0.16421127319335938,14.05203738212574,8.428263950347901,-5.623773431777838,17.13677680969238,8.833170299530027,-8.303606510162352,18.31306266784668,10.009328842163086,-8.303733825683594,114.0,114.0,0.0,95.0,83.0,-12.0,78.0,64.0,-14.0,69.0,48.0,-21.0,552.5609321594238,426.02305841445923,-126.5378737449646,503.1576347351074,379.6390223503113,-123.51861238479614,0.5305540556761362,0.46240816802286644,-0.06814588765326979,0.78016828600477,0.766514115647783,-0.013654170356986906,0.7647389423909419,0.7650117694820844,0.00027282709114251347,2.696875408677417,2.0192500970624336,-0.6776253116149835,3.6606128637446993,2.501279288418148,-1.1593335753265515,26.0,48.0,22.0,12.0,28.0,16.0
2F7A_A,5,2,t075,low_or_equal,low_or_equal,228.0,228.0,0.0,2.358768714101691,2.6766916157906517,0.31792290168896065,0.002017974853515625,0.0016317367553710938,-0.00038623809814453125,5.024354021985955,4.520227817247098,-0.5041262047388573,3.1951193809509277,5.557492017745972,2.362372636795044,9.567484760284536,8.889202117919993,-0.6782826423645432,16.46095848083496,13.251484537124634,-3.209473943710327,16.46095848083496,13.251484870910645,-3.2094736099243164,16.46095848083496,13.251484870910645,-3.2094736099243164,114.0,114.0,0.0,106.0,105.0,-1.0,75.0,98.0,23.0,71.0,93.0,22.0,590.0039262771606,693.3018293380737,103.29790306091309,535.8138704299927,639.0414886474609,103.22761821746826,0.6416939721607218,0.4396122367984989,-0.20208173536222285,0.7679736480370424,0.8246580089592204,0.05668436092217799,0.7789946745195235,0.6887623019678832,-0.0902323725516403,2.806766741559974,2.3394380435838795,-0.46732869797609444,2.806766741559974,2.3394381174266203,-0.46732862413335363,23.0,23.0,0.0,23.0,23.0,0.0
2F7A_A,6,2,t075,low_or_equal,low_or_equal,228.0,228.0,0.0,1.3765085245433606,1.981690475815221,0.6051819512718604,0.00016307830810546875,0.015572071075439453,0.015408992767333984,2.5718315012645627,3.1441594093451313,0.5723279080805685,1.7903573513031006,3.461793899536133,1.6714365482330322,4.640379047393812,7.860845518112183,3.220466470718371,9.279185342788697,8.163227748870849,-1.115957593917848,9.279366931915284,8.163556537628175,-1.1158103942871094,9.27937126159668,8.163558959960938,-1.1158123016357422,114.0,114.0,0.0,91.0,103.0,12.0,75.0,87.0,12.0,50.0,84.0,34.0,340.7800512313843,493.13521432876587,152.3551630973816,293.7099561691284,438.1035752296448,144.39361906051636,0.513854286203888,0.37636767081887845,-0.1374866153850095,0.7883243959105372,0.8228037221811204,0.034479326270583255,0.753207247706944,0.6907851778449918,-0.0624220698619522,3.0727817177601295,1.9660381260195474,-1.1067435917405821,3.072854008191245,1.966143467717269,-1.1067105404739759,34.0,42.0,8.0,13.0,0.0,-13.0
2F7A_A,7,2,t075,low_or_equal,low_or_equal,228.0,228.0,0.0,1.186191345516004,2.018658495785897,0.832467150269893,0.002758026123046875,0.00263214111328125,-0.000125885009765625,2.5694066346227933,3.8665294684724008,1.2971228338496075,1.0437922477722168,3.0484960079193115,2.0047037601470947,4.052222824096679,9.614280414581298,5.562057590484619,7.759104156494011,9.61431851387024,1.8552143573762283,11.062939348220823,10.867768249511716,-0.19517109870910687,12.239216804504395,12.04404354095459,-0.1951732635498047,114.0,114.0,0.0,78.0,82.0,4.0,63.0,60.0,-3.0,55.0,59.0,4.0,288.26015186309814,501.80110263824463,213.54095077514648,246.51190567016602,457.8646764755249,211.3527708053589,0.5948306015962401,0.45905494127520036,-0.13577566032103977,0.7529043147032286,0.7678089572364561,0.014904642533227541,0.7966429484897477,0.7630711370000707,-0.03357181148967703,2.558144251053106,1.9644645359667352,-0.5936797150863706,4.301781317931037,2.592863995196589,-1.708917322734448,25.0,48.0,23.0,12.0,9.0,-3.0
2O4T_A,0,2,t075,low_or_equal,low_or_equal,90.0,90.0,0.0,3.7401886940002442,1.2923415078057183,-2.447847186194526,0.02545452117919922,0.007764339447021484,-0.017690181732177734,6.3998404140964436,3.460013769004442,-2.9398266450920016,10.809458017349243,1.9935901165008545,-8.815867900848389,14.526291465759277,7.845512771606446,-6.680778694152831,14.77179594039917,8.091052627563476,-6.680743312835693,15.105973768234254,8.425219430923462,-6.680754337310791,15.210801124572754,8.530041694641113,-6.680759429931641,45.0,45.0,0.0,29.0,38.0,9.0,27.0,35.0,8.0,26.0,22.0,-4.0,353.5369281768799,176.0040111541748,-177.53291702270508,336.80107975006104,155.65265369415283,-181.1484260559082,0.3777853586591912,0.4172311730042715,0.039445814345080266,0.729347570254528,0.7653190240197213,0.035971453765193284,0.7298009920738828,0.7233677797462397,-0.006433212327643156,1.7237316140103183,1.9649375909026998,0.24120597689238155,1.7923278845058481,2.0918125389188598,0.29948465441301164,24.0,19.0,-5.0,0.0,3.0,3.0
2O4T_A,1,2,t075,low_or_equal,low_or_equal,90.0,90.0,0.0,0.6712499618530273,2.282671499252319,1.6114215373992917,0.07143878936767578,0.023617267608642578,-0.0478215217590332,3.5476634590931235,7.083969425694578,3.5363059666014545,2.8319950103759766,2.7646809816360474,-0.0673140287399292,7.2617682933807375,15.502921867370606,8.24115357398987,7.330471324920654,15.973129177093506,8.642657852172853,7.440665807723999,16.62446954727173,9.18380373954773,7.483247756958008,16.880456924438477,9.397209167480469,45.0,45.0,0.0,26.0,39.0,13.0,26.0,37.0,11.0,26.0,24.0,-2.0,155.4802007675171,331.4455027580261,175.96530199050903,135.93324184417725,310.64249753952026,174.70925569534302,0.42578550156472494,0.4374864873025174,0.011700985737792435,0.7470622543619888,0.7389159850751433,-0.008146269286845476,0.7387787223436297,0.7477985530780222,0.009019830734392498,1.877072456238535,1.9325969460263228,0.05552448978778779,1.9201364147562936,2.06067877315194,0.14054235839564644,16.0,19.0,3.0,0.0,2.0,2.0
2O4T_A,2,2,t075,low_or_equal,low_or_equal,90.0,90.0,0.0,1.857510831620958,4.701408486896091,2.843897655275133,0.050889015197753906,0.03565406799316406,-0.015234947204589844,3.1305825777756664,7.838059407096587,4.707476829320921,6.064322233200073,13.253199338912964,7.188877105712891,6.916847229003906,18.849292755126953,11.932445526123047,7.196213912963867,18.849292755126953,11.653078842163087,7.204833984375,18.849292755126953,11.644458770751953,7.204833984375,18.849292755126953,11.644458770751953,45.0,45.0,0.0,41.0,41.0,0.0,33.0,35.0,2.0,27.0,30.0,3.0,191.1264877319336,461.4104952812195,270.2840075492859,169.74854278564453,440.04995679855347,270.30141401290894,0.33465534226504773,0.3676631470915037,0.03300780482645599,0.7826621274514397,0.7626702115913189,-0.019991915860120835,0.6803372160811203,0.7087277866282591,0.028390570547138783,1.7053385268425503,1.8050238628481627,0.09968533600561247,1.708092030766174,1.8050238628481627,0.09693183208198874,26.0,25.0,-1.0,0.0,0.0,0.0
2O4T_A,3,2,t075,low_or_equal,low_or_equal,90.0,90.0,0.0,2.3932179768880206,-0.5509869469536676,-2.944204923841688,1.5735626220703125e-05,5.245208740234375e-06,-1.049041748046875e-05,5.807468533477496,3.0684374039266324,-2.7390311295508636,7.678541302680969,2.446168541908264,-5.232372760772705,10.260764884948731,2.583241081237793,-7.677523803710939,10.861329936981202,2.667747974395752,-8.19358196258545,11.935320653915404,3.442586307525634,-8.49273434638977,12.552197456359863,4.0563812255859375,-8.495816230773926,45.0,45.0,0.0,40.0,39.0,-1.0,40.0,39.0,-1.0,40.0,26.0,-14.0,344.44040393829346,90.30518913269043,-254.13521480560303,324.36931896209717,69.95262336730957,-254.4166955947876,0.2908244525008658,0.29050678952806225,-0.00031766297280355626,0.8142335576221716,0.8144843198173499,0.0002507621951782779,0.6120463097596438,0.6186514852927287,0.006605175533084928,1.4581416862232222,1.0489817772493757,-0.40915990897384646,1.7492956562587991,1.5015356567625027,-0.24775999949629646,18.0,19.0,1.0,0.0,0.0,0.0
2O4T_A,4,2,t075,low_or_equal,low_or_equal,90.0,90.0,0.0,1.113320525487264,0.26635973188612194,-0.8469607936011421,0.02278423309326172,1.33514404296875e-05,-0.02277088165283203,2.4616085782103707,0.7976715687012538,-1.6639370095091168,1.2035186290740967,0.3099203109741211,-0.8935983180999756,5.50432586669922,1.870484733581543,-3.6338411331176763,5.823037195205688,1.9237496852874756,-3.8992875099182127,6.292614741325378,1.930774621963501,-4.361840119361878,6.548505783081055,1.9308280944824219,-4.617677688598633,45.0,45.0,0.0,30.0,17.0,-13.0,29.0,17.0,-12.0,20.0,0.0,-20.0,125.31489324569702,36.40412521362305,-88.91076803207397,107.94014883041382,22.436345100402832,-85.50380373001099,0.42573245326326925,0.4735815780641201,0.04784912480085085,0.7386414922971792,0.7285532438881966,-0.010088248408982592,0.7441887171818313,0.7617400451031016,0.017551327921270232,1.913267897832264,2.0777849160399047,0.16451701820764075,2.2079811167806613,2.0866587551896076,-0.1213223615910537,20.0,17.0,-3.0,3.0,14.0,11.0
2O4T_A,5,2,t075,low_or_equal,low_or_equal,90.0,90.0,0.0,0.4250577873653836,1.6568238576253256,1.231766070259942,7.915496826171875e-05,0.006995677947998047,0.006916522979736328,2.1745097408634986,5.016918555584198,2.842408814720699,1.775099754333496,1.2837672233581543,-0.4913325309753418,3.5938651084899913,12.494792938232422,8.90092782974243,4.19352889060974,12.494792938232422,8.30126404762268,5.26440764427185,12.494792938232422,7.2303852939605715,5.879291534423828,12.494792938232422,6.615501403808594,45.0,45.0,0.0,42.0,38.0,-4.0,33.0,28.0,-5.0,19.0,18.0,-1.0,99.00909090042114,217.26797580718994,118.2588849067688,77.29408407211304,197.94227504730225,120.64819097518921,0.4055407522449997,0.5175780555155816,0.11203730327058187,0.797427971485873,0.7022620201691626,-0.09516595131671035,0.6816958291073909,0.7828523786040911,0.10115654949670017,1.7330210264994703,2.160284039003113,0.42726301250364274,2.5082590547019423,2.160284039003113,-0.34797501569882927,14.0,15.0,1.0,3.0,15.0,12.0
2O4T_A,6,2,t075,low_or_equal,low_or_equal,90.0,90.0,0.0,5.252712705400255,0.9570623556772868,-4.295650349722969,0.023940086364746094,0.014260292053222656,-0.009679794311523438,7.876382988812125,3.5391620572969567,-4.337220931515168,16.071181774139404,3.534296989440918,-12.536884784698486,17.481925773620606,6.223900890350341,-11.258024883270265,17.693434238433838,6.32589213848114,-11.367542099952697,17.99076244354248,6.4743479108810424,-11.516414532661436,18.084510803222656,6.511650085449219,-11.572860717773438,45.0,45.0,0.0,33.0,37.0,4.0,33.0,34.0,1.0,33.0,34.0,1.0,499.0160303115845,176.03051042556763,-322.98551988601685,479.55158138275146,155.9642767906189,-323.58730459213257,0.3202222647962227,0.3249390227594937,0.004716757963271034,0.772426436762044,0.7897892484305541,0.01736281166851006,0.6776176333776336,0.6673108688287428,-0.01030676454889079,1.579496775449441,1.516977661911393,-0.06251911353804784,1.6291485718824377,1.5694640821319894,-0.059684489750448266,23.0,20.0,-3.0,0.0,0.0,0.0
2O4T_A,7,2,t075,low_or_equal,low_or_equal,90.0,90.0,0.0,0.2106631278991699,0.42028145260281036,0.20961832470364045,0.0018749237060546875,0.0004119873046875,-0.0014629364013671875,0.5677773378966793,0.6479347889881525,0.08015745109147321,0.4241344928741455,0.8160302639007568,0.39189577102661133,1.0159175872802741,1.5411336898803718,0.5252161026000977,1.4259418010711666,1.6333131790161133,0.20737137794494664,2.1500864696502684,1.684870195388794,-0.4652162742614745,2.4443864822387695,1.693099021911621,-0.7512874603271484,45.0,45.0,0.0,14.0,29.0,15.0,10.0,20.0,10.0,2.0,0.0,-2.0,26.06733226776123,39.796669006347656,13.729336738586426,11.751635551452637,22.947211265563965,11.195575714111328,0.5526843740441015,0.3710052079768737,-0.18167916606722784,0.7336117167142834,0.7718985309246927,0.03828681421040936,0.7694885258571924,0.7032367454641189,-0.06625178039307356,2.1404141941874153,1.872150943318901,-0.2682632508685143,3.93415376988167,1.9644223322172691,-1.969731437664401,13.0,20.0,7.0,6.0,0.0,-6.0
2VXP_A,0,1,t075,high,not_tier2,131.0,131.0,0.0,0.851570660831364,2.0950636972907843,1.2434930364594203,0.0,0.0,0.0,1.1760892039357627,4.074514580368871,2.8984253764331083,1.9433889389038086,6.786216497421265,4.842827558517456,2.345301628112793,9.063678741455078,6.718377113342285,2.3605189323425293,9.065510749816895,6.704991817474365,3.186613559722896,9.06551809310913,5.878904533386234,3.967050552368164,9.065519332885742,5.098468780517578,65.0,65.0,0.0,63.0,63.0,0.0,63.0,56.0,-7.0,28.0,56.0,28.0,127.01935005187988,366.59385776519775,239.57450771331787,95.06359672546387,334.67088985443115,239.60729312896729,0.28730768314203164,0.3462014293122425,0.05889374617021087,0.8449028872927432,0.8233033210687621,-0.02159956622398107,0.582997424098026,0.6457877209480982,0.0627902968500722,1.2830219565501455,1.710742940057185,0.42772098350703947,2.649016657164184,1.710745046582681,-0.938271610581503,28.0,34.0,6.0,2.0,0.0,-2.0
2VXP_A,1,1,t075,high,not_tier2,131.0,131.0,0.0,0.9305995475244886,0.025945219374794996,-0.9046543281496936,0.0,0.0,0.0,1.9950974667428245,1.8875117688733432,-0.10758569786948136,0.6502676010131836,1.5273418426513672,0.8770742416381836,5.651708602905273,3.4691543579101562,-2.182554244995117,5.669342041015625,3.486544132232666,-2.182797908782959,5.788198089599609,3.6168470382690425,-2.1713510513305665,5.835567474365234,3.6665077209472656,-2.1690597534179688,65.0,65.0,0.0,39.0,54.0,15.0,26.0,51.0,25.0,20.0,19.0,-1.0,130.05506134033203,111.34963703155518,-18.705424308776855,108.00541019439697,83.72256088256836,-24.282849311828613,0.613477305443785,0.4426949623914931,-0.1707823430522919,0.7085697057522461,0.7983081150456302,0.08973840929338406,0.8053196784549148,0.6957969068524914,-0.10952277160242341,2.375193479257712,1.8334184559408095,-0.5417750233169025,2.458510427988536,1.9287628091164297,-0.5297476188721064,19.0,20.0,1.0,19.0,0.0,-19.0
2VXP_A,2,1,t075,high,not_tier2,131.0,131.0,0.0,1.6399617013130479,0.443597597020273,-1.1963641042927748,0.0,0.0,0.0,2.772887897378317,1.3188952195546229,-1.453992677823694,1.3361363410949707,0.3961181640625,-0.9400181770324707,6.752843856811523,0.7663125991821289,-5.9865312576293945,7.414899110794067,3.985769748687744,-3.4291293621063232,8.153499603271483,5.167691898345943,-2.9858077049255396,8.895668029785156,5.9784440994262695,-2.9172239303588867,65.0,65.0,0.0,53.0,21.0,-32.0,42.0,13.0,-29.0,32.0,13.0,-19.0,223.33001232147217,71.04911422729492,-152.28089809417725,195.67574310302734,50.80303382873535,-144.872709274292,0.4709055218055872,0.7905135698876017,0.3196080480820145,0.7639059293349125,0.6789222474200033,-0.08498368191490924,0.7445523598460486,0.8378507289979593,0.0932983691519107,2.082643663647943,2.685711570676271,0.6030679070283282,2.6166605347919627,4.196577878472451,1.579917343680488,32.0,13.0,-19.0,9.0,13.0,4.0
2VXP_A,3,1,t075,high,not_tier2,131.0,131.0,0.0,2.443242215018236,1.969278098972699,-0.4739641160455368,0.0,0.0,0.0,3.583796752751081,5.711756168906537,2.127959416155456,5.999122619628906,7.400170803070068,1.401048183441162,8.90848159790039,13.266973495483398,4.358491897583008,8.911211967468262,13.290515899658203,4.379303932189941,8.9112548828125,13.412054634094238,4.500799751281738,8.9112548828125,13.463573455810547,4.552318572998047,65.0,65.0,0.0,57.0,55.0,-2.0,52.0,55.0,3.0,41.0,44.0,3.0,328.8968472480774,413.49275064468384,84.59590339660645,299.9082741737366,385.99061822891235,86.08234405517578,0.37931090530321815,0.45101837014319535,0.0717074648399772,0.7920729789832377,0.7776793752749971,-0.01439360370824061,0.6935849081627501,0.7235500573619367,0.02996514919918658,1.8047814088466168,1.9820940295588372,0.17731262071222043,1.8047933836730923,2.012392514129034,0.20759913045594192,33.0,31.0,-2.0,0.0,2.0,2.0
2VXP_A,4,1,t075,high,not_tier2,131.0,131.0,0.0,2.7669682648345715,1.9839481761437336,-0.7830200886908378,0.0,0.0,0.0,3.839176269328798,3.568945284157991,-0.2702309851708069,5.731132507324219,4.595536708831787,-1.1355957984924316,9.76857852935791,8.877068519592285,-0.891510009765625,9.786147594451904,9.487970352172852,-0.29817724227905273,9.916680812835693,10.682408332824702,0.7657275199890083,9.96839714050293,11.497048377990723,1.528651237487793,65.0,65.0,0.0,54.0,58.0,4.0,54.0,41.0,-13.0,53.0,41.0,-12.0,385.46322202682495,291.0055809020996,-94.45764112472534,356.85145902633667,259.74576568603516,-97.10569334030151,0.3566690877007328,0.46673196512248544,0.11006287742175264,0.814591172575717,0.7816955839001618,-0.0328955886755552,0.6429077808608152,0.7277216755792739,0.08481389471845868,1.8283034789763621,2.1025881818189642,0.2742847028426021,1.8757744814169164,2.6655214480519507,0.7897469666350343,24.0,20.0,-4.0,0.0,10.0,10.0
2VXP_A,5,1,t075,high,not_tier2,131.0,131.0,0.0,3.2263533104467026,1.0958982059973796,-2.130455104449323,0.0,0.0,0.0,4.36252225392305,1.9948137721211825,-2.367708481801867,7.846379280090332,2.9737963676452637,-4.872582912445068,9.726582527160645,4.210144996643066,-5.516437530517578,9.846903324127197,4.219114780426025,-5.627788543701172,9.981214809417724,4.336532115936279,-5.644682693481444,10.12258529663086,4.399784088134766,-5.722801208496094,65.0,65.0,0.0,55.0,65.0,10.0,55.0,65.0,10.0,53.0,41.0,-12.0,442.91729736328125,192.77794361114502,-250.13935375213623,415.00177001953125,160.27794361114502,-254.72382640838623,0.31167139510459013,0.30875648135540146,-0.0029149137491886745,0.8124686601492476,0.8446697483901131,0.03220108824086554,0.6367351422761958,0.5960940467024112,-0.04064109557378459,1.51759684611967,1.5656682433606712,0.04807139724100118,1.5807900991181507,1.6562377542762818,0.07544765515813112,47.0,30.0,-17.0,0.0,0.0,0.0
2VXP_A,6,1,t075,high,not_tier2,131.0,131.0,0.0,1.149697212772515,0.44763361952687036,-0.7020635932456445,0.0,0.0,0.0,2.6334345904099226,2.4811346041600455,-0.15229998624987706,1.4174504280090332,3.189387798309326,1.771937370300293,6.64061164855957,3.4630327224731445,-3.177578926086426,6.845635652542114,3.524115562438965,-3.3215200901031494,6.8456456661224365,3.7929614543914787,-3.052684211730958,7.333456039428711,4.033443450927734,-3.3000125885009766,65.0,65.0,0.0,57.0,65.0,8.0,56.0,56.0,0.0,25.0,50.0,25.0,196.86512899398804,180.3309497833252,-16.534179210662842,167.34450769424438,147.8309497833252,-19.51355791091919,0.4882609594196645,0.27870156135542695,-0.20955939806423757,0.7780788585493937,0.8377386886827202,0.05965983013332643,0.7296251957041682,0.5961738968866546,-0.1334512988175136,2.162931428223917,1.2399496334273228,-0.9229817947965944,2.3481725535068736,1.4452298659607754,-0.9029426875460982,25.0,46.0,21.0,14.0,0.0,-14.0
2VXP_A,7,1,t075,high,not_tier2,131.0,131.0,0.0,1.7906096036197574,1.5412789665105688,-0.24933063710918857,0.0,0.0,0.0,3.6584100717488055,2.7478488315001273,-0.9105612402486782,1.229050636291504,4.199853897094727,2.9708032608032227,9.359847068786621,7.153102874755859,-2.2067441940307617,9.37742280960083,7.216159105300903,-2.1612637042999268,9.50231008529663,7.216430044174194,-2.285880041122436,9.554019927978516,7.216431617736816,-2.337588310241699,65.0,65.0,0.0,62.0,51.0,-11.0,50.0,48.0,-2.0,32.0,48.0,16.0,277.7604546546936,239.06453561782837,-38.695919036865234,246.31778573989868,212.1667981147766,-34.15098762512207,0.47426617879726757,0.4210658722318591,-0.05320030656540847,0.7683723724734186,0.7940188726614503,0.025646500188031718,0.7407841957500143,0.6897012289692641,-0.051082966780750194,2.0738006558008406,2.0652082726444085,-0.00859238315643207,2.1220722040729747,2.0653074456530507,-0.05676475841992401,25.0,33.0,8.0,16.0,14.0,-2.0
3CYQ_D,0,2,t075,high,high,132.0,132.0,0.0,3.4727428537426572,3.0612995263301963,-0.4114433274124609,0.0006589889526367188,0.018940448760986328,0.01828145980834961,6.325135575408794,6.687791521043152,0.36265594563435855,6.948115825653076,4.137289524078369,-2.810826301574707,16.789296531677245,18.121763038635255,1.33246650695801,17.328120040893552,18.60671691894531,1.2785968780517578,18.284451026916503,19.295470790863035,1.011019763946532,18.53873062133789,19.652326583862305,1.113595962524414,66.0,66.0,0.0,60.0,51.0,-9.0,58.0,50.0,-8.0,57.0,42.0,-15.0,517.2422275543213,475.2445192337036,-41.997708320617676,487.2202796936035,448.10784339904785,-39.112436294555664,0.4727433793422237,0.5507494865897066,0.07800610724748286,0.7825264635806933,0.7458984234691011,-0.036628040111592264,0.7233192708881262,0.7702265993267472,0.046907328438621,2.1905265147230337,2.324447068019603,0.13392055329656927,2.381923294445988,2.4807930996844627,0.09886980523847466,19.0,19.0,0.0,19.0,19.0,0.0
3CYQ_D,1,2,t075,high,high,132.0,132.0,0.0,1.1938826965563225,2.7778763843305185,1.583993687774196,0.005161285400390625,0.000270843505859375,-0.00489044189453125,2.8119105424555713,3.7136491086266123,0.9017385661710411,0.8949079513549805,7.094675660133362,6.199767708778381,7.692882061004639,7.654027748107911,-0.038854312896727805,8.23233880996704,8.07387056350708,-0.15846824645995916,9.188455562591551,8.617075939178466,-0.571379623413085,9.606828689575195,8.896699905395508,-0.7101287841796875,66.0,66.0,0.0,42.0,62.0,20.0,29.0,54.0,25.0,20.0,53.0,33.0,175.83933544158936,391.68157291412354,215.84223747253418,150.7645502090454,360.6485719680786,209.8840217590332,0.6673460446747884,0.2911688133427831,-0.3761772313320053,0.7041971787049298,0.8240798560870221,0.11988267738209224,0.8143992430350129,0.6137267630425383,-0.20067247999247462,2.50308678286195,1.4260890095605006,-1.0769977733014495,2.99189674280038,1.6476579617743858,-1.3442387810259941,18.0,44.0,26.0,17.0,0.0,-17.0
3CYQ_D,2,2,t075,high,high,132.0,132.0,0.0,3.8784129041613955,3.841320124539462,-0.03709277962193358,0.0034928321838378906,0.0010766983032226562,-0.0024161338806152344,7.071925628030654,6.430313578958956,-0.6416120490716981,10.469719886779785,5.1074628829956055,-5.36225700378418,18.46191692352295,16.601813888549806,-1.860103034973143,18.94000730514526,16.60687475204468,-2.333132553100583,19.739712677001954,16.694517288208008,-3.045195388793946,20.09627914428711,16.702051162719727,-3.394227981567383,66.0,66.0,0.0,55.0,59.0,4.0,46.0,56.0,10.0,42.0,44.0,2.0,576.965991973877,547.256664276123,-29.709327697753906,547.172848701477,516.4520597457886,-30.720788955688477,0.4625040462472231,0.42542578630478806,-0.03707825994243502,0.7719657580945735,0.7820168172457863,0.010051059151212849,0.7316688628319377,0.7197399593335378,-0.011928903498399812,2.1297727370442,1.9852149464804034,-0.14455779056379647,2.2932744337473987,2.000016154773959,-0.2932582789734397,20.0,30.0,10.0,16.0,1.0,-15.0
3CYQ_D,3,2,t075,high,high,132.0,132.0,0.0,2.3290270458568227,2.401367490941828,0.07234044508500537,0.008633613586425781,0.0011892318725585938,-0.0074443817138671875,5.816228768200015,5.177161715524005,-0.63906705267601,2.3289809226989746,2.652698516845703,0.3237175941467285,15.454214954376221,14.882160472869874,-0.5720544815063473,15.993841409683226,15.35802755355835,-0.6358138561248765,16.68259389877319,16.157729701995848,-0.5248641967773438,17.039440155029297,16.51458168029785,-0.5248584747314453,66.0,66.0,0.0,49.0,55.0,6.0,46.0,48.0,2.0,35.0,41.0,6.0,391.77495861053467,350.9099931716919,-40.86496543884277,365.0934200286865,321.6794738769531,-43.4139461517334,0.5735754609649285,0.6175420358984044,0.04396657493347589,0.7338112473075455,0.7339796306128573,0.00016838330531177004,0.7866929190802003,0.7857649780416422,-0.0009279410385580888,2.3494286260778114,2.502657010648375,0.15322838457056376,2.5292012565944852,2.7260524134366464,0.19685115684216115,19.0,17.0,-2.0,18.0,17.0,-1.0
3CYQ_D,4,2,t075,high,high,132.0,132.0,0.0,1.3054525129722827,1.3540484182762378,0.04859590530395508,7.62939453125e-06,0.00027179718017578125,0.00026416778564453125,6.5269770277388375,4.021855016207811,-2.505122011531027,7.632246971130371,2.7783656120300293,-4.853881359100342,11.588459968566895,8.923022174835205,-2.665437793731689,12.064330625534057,9.398882007598877,-2.66544861793518,12.864034910202026,10.198419466018676,-2.6656154441833504,13.220890998840332,10.555235862731934,-2.6656551361083984,66.0,66.0,0.0,60.0,59.0,-1.0,50.0,45.0,-5.0,50.0,37.0,-13.0,446.4705877304077,285.33400535583496,-161.13658237457275,416.24281883239746,255.37635612487793,-160.86646270751953,0.3820854731622288,0.46707704312236603,0.08499156996013724,0.7990367049105773,0.775439350381098,-0.02359735452947931,0.6859848072748533,0.7352607657364649,0.04927595846161159,1.6483707644194066,2.0002793628568134,0.35190859843740685,1.8255677069536056,2.287796901523182,0.46222919456957645,23.0,29.0,6.0,0.0,7.0,7.0
3CYQ_D,5,2,t075,high,high,132.0,132.0,0.0,3.6587859067049893,0.2964910919016058,-3.3622948148033833,0.03999757766723633,0.00011301040649414062,-0.03988456726074219,6.758794925062431,3.7489983945911702,-3.009796530471261,7.059582233428955,2.2451367378234863,-4.814445495605469,17.251777267456056,6.650243091583252,-10.601534175872803,17.727643108367918,7.126108527183532,-10.601534581184385,18.52734848022461,7.925806894302368,-10.601541585922241,18.884122848510742,8.282651901245117,-10.601470947265625,66.0,66.0,0.0,49.0,49.0,0.0,45.0,42.0,-3.0,41.0,34.0,-7.0,535.9329376220703,211.3120837211609,-324.6208539009094,507.6423807144165,186.1804928779602,-321.4618878364563,0.46624533164273646,0.48011838262140644,0.013873050978669976,0.7615802138801293,0.7595607294638401,-0.0020194844162891856,0.7450182100491582,0.7501287886907542,0.00511057864159592,2.0815629646483136,1.8217178874056834,-0.2598450772426302,2.2526703518327444,2.1302118509480996,-0.12245850088464483,25.0,29.0,4.0,15.0,2.0,-13.0
3CYQ_D,6,2,t075,high,high,132.0,132.0,0.0,2.0385087620128286,4.12485099922527,2.0863422372124414,0.0029959678649902344,0.033168792724609375,0.03017282485961914,4.344571079273665,5.689561850853915,1.3449907715802496,3.489708662033081,11.818075180053711,8.32836651802063,10.86060676574707,12.060023212432862,1.1994164466857917,11.47045292854309,12.106297492980957,0.6358445644378676,12.670858764648436,12.565970087051392,-0.10488867759704412,13.489699363708496,12.917206764221191,-0.5724925994873047,66.0,66.0,0.0,62.0,59.0,-3.0,39.0,57.0,18.0,35.0,55.0,20.0,324.7238130569458,583.6043610572815,258.8805480003357,292.8824634552002,552.3854718208313,259.5030083656311,0.5040795221823547,0.29360112201265337,-0.21047840016970137,0.7630866795643092,0.8198194978201174,0.056732818255808226,0.7525087497166683,0.6271479053473417,-0.1253608443693266,2.1709724606708733,1.4028226958386603,-0.7681497648322131,2.6357470951102733,1.5453484812150036,-1.0903986138952697,19.0,43.0,24.0,16.0,0.0,-16.0
3CYQ_D,7,2,t075,high,high,132.0,132.0,0.0,-0.19865715503692627,0.37947356339656946,0.5781307184334957,4.9591064453125e-05,0.0027132034301757812,0.0026636123657226562,3.1572926052697596,0.9929953103681746,-2.1642972949015853,2.8218929767608643,1.1825718879699707,-1.6393210887908936,3.9952667713165284,1.8222227096557624,-2.1730440616607662,3.9954132556915285,2.3887746334075914,-1.606638622283937,3.9954345178604127,3.454549274444579,-0.5408852434158335,3.9954395294189453,4.256065368652344,0.26062583923339844,66.0,66.0,0.0,60.0,39.0,-21.0,59.0,39.0,-20.0,59.0,11.0,-48.0,178.4550814628601,70.43233871459961,-108.0227427482605,148.40518712997437,48.39417743682861,-100.01100969314575,0.31344291579118416,0.5147458636444017,0.2013029478532175,0.8319411118446349,0.7600252385150144,-0.07191587332962057,0.6096499116245062,0.7523402328005919,0.1426903211760857,1.3283755847425212,2.0234748835480705,0.6950992988055493,1.3283839063429241,3.9039376770253265,2.5755537706824025,32.0,19.0,-13.0,0.0,7.0,7.0
3IEZ_B,0,2,t075,low_or_equal,low_or_equal,95.0,95.0,0.0,0.841091231295937,0.4307276876349198,-0.4103635436610172,0.0,0.0,0.0,2.342968168216691,1.1063721370435777,-1.2365960311731135,1.5392155647277832,0.6827349662780762,-0.856480598449707,5.039487075805664,2.4040544509887702,-2.635432624816894,5.039527368545532,2.960106182098388,-2.0794211864471444,5.046436023712158,4.016352195739747,-1.030083827972411,5.057413101196289,4.663898468017578,-0.39351463317871094,47.0,47.0,0.0,39.0,35.0,-4.0,28.0,12.0,-16.0,22.0,12.0,-10.0,124.01385354995728,54.64462947845459,-69.36922407150269,102.12357091903687,34.507365226745605,-67.61620569229126,0.4065617905905092,0.5830343565749008,0.1764725659843916,0.7662669717312974,0.7501129000362734,-0.01615407169502403,0.7172491996966361,0.7514547649411489,0.03420556524451279,1.7919305068686275,2.286191426713272,0.4942609198446444,1.7995642992920093,3.8261726218941488,2.026608322602139,20.0,12.0,-8.0,0.0,7.0,7.0
3IEZ_B,1,2,t075,low_or_equal,low_or_equal,95.0,95.0,0.0,1.0593742922732705,1.0593742922732705,0.0,0.0,0.0,0.0,3.9243106736851137,3.9243106736851137,0.0,2.0971713066101074,2.0971713066101074,0.0,8.186359405517578,8.186359405517578,0.0,8.515258502960204,8.515258502960204,0.0,8.947598628997802,8.947598628997802,0.0,9.092423439025879,9.092423439025879,0.0,47.0,47.0,0.0,43.0,43.0,0.0,40.0,40.0,0.0,35.0,35.0,0.0,200.01653337478638,200.01653337478638,0.0,177.52239561080933,177.52239561080933,0.0,0.42887990819679045,0.42887990819679045,0.0,0.7792010882205082,0.7792010882205082,0.0,0.708439417703695,0.708439417703695,0.0,1.8999220068592342,1.8999220068592342,0.0,2.0469962280558165,2.0469962280558165,0.0,19.0,19.0,0.0,2.0,2.0,0.0
3IEZ_B,2,2,t075,low_or_equal,low_or_equal,95.0,95.0,0.0,1.2216475336175217,3.0297915107325504,1.8081439771150287,0.0,0.0,0.0,2.668031938256744,4.127342623277912,1.4593106850211677,1.2653331756591797,7.491822957992554,6.226489782333374,7.060778427124024,8.925760078430176,1.8649816513061523,7.30585970878601,9.529374885559081,2.2235151767730708,7.652667875289917,10.614823551177981,2.962155675888064,7.763280868530273,11.26635456085205,3.5030736923217773,47.0,47.0,0.0,34.0,43.0,9.0,28.0,42.0,14.0,21.0,42.0,21.0,136.75734996795654,313.6611051559448,176.90375518798828,117.16695880889893,291.72614192962646,174.55918312072754,0.5382516131832896,0.3110358024088033,-0.22721581077448633,0.7287515213399276,0.8163264517569871,0.08757493041705955,0.7727950396846388,0.6149426398022146,-0.15785239988242417,2.2804120475198775,1.5747622545725557,-0.7056497929473218,2.451857206472186,1.9956092338120621,-0.45624797266012385,14.0,25.0,11.0,14.0,0.0,-14.0
3IEZ_B,3,2,t075,low_or_equal,low_or_equal,95.0,95.0,0.0,1.0368909785622045,1.0100697567588404,-0.026821221803364104,0.0,0.0,0.0,2.1464665280288378,1.9812574581470885,-0.16520906988174922,2.4976401329040527,3.255795955657959,0.7581558227539062,5.140646743774415,4.440401268005371,-0.7002454757690435,5.6671587944030755,4.442259025573731,-1.2248997688293448,6.7518585968017595,4.449966239929199,-2.3018923568725604,7.403040885925293,4.450351715087891,-2.9526891708374023,47.0,47.0,0.0,42.0,29.0,-13.0,26.0,26.0,0.0,25.0,25.0,0.0,121.80795431137085,113.54560852050781,-8.262345790863037,99.55702352523804,95.36537837982178,-4.19164514541626,0.48455159261333525,0.39132977829889165,-0.0932218143144436,0.7721660780377216,0.7499302453064941,-0.022235832731227534,0.7244857661447928,0.7217346972552108,-0.002751068889581987,2.157158173853743,1.73232875651847,-0.4248294173352729,2.965874298170076,1.7364133793830463,-1.2294609187870298,13.0,25.0,12.0,7.0,0.0,-7.0
3IEZ_B,4,2,t075,low_or_equal,low_or_equal,95.0,95.0,0.0,0.9627298455489309,0.5288443816335577,-0.4338854639153732,0.0,0.0,0.0,2.3760184150024544,1.3623312292429106,-1.0136871857595438,0.6031703948974609,2.2088255882263184,1.6056551933288574,5.679547786712647,2.6228883743286135,-3.056659412384034,6.154549026489257,2.76617431640625,-3.3883747100830073,6.788792924880982,3.474672641754152,-3.3141202831268304,7.058115005493164,4.117554664611816,-2.9405603408813477,47.0,47.0,0.0,30.0,42.0,12.0,18.0,26.0,8.0,18.0,25.0,7.0,114.84385204315186,77.88317108154297,-36.96068096160889,95.70984649658203,56.00335121154785,-39.70649528503418,0.5448274631917437,0.3804155058877073,-0.1644119573040364,0.7097758640169199,0.7932683057992649,0.08349244178234494,0.7831551296653418,0.6814933111955919,-0.10166181846974998,2.185092147501291,1.6422804430726037,-0.5428117044286875,2.565377911828153,2.634242103495356,0.06886419166720303,18.0,25.0,7.0,9.0,2.0,-7.0
3IEZ_B,5,2,t075,low_or_equal,low_or_equal,95.0,95.0,0.0,1.3558522174232885,0.7875024193211606,-0.5683497981021279,0.0,0.0,0.0,2.560100203974539,1.7517236791695667,-0.8083765248049721,2.702213764190674,1.9519896507263184,-0.7502241134643555,6.553401374816896,3.5199918746948247,-3.033409500122071,7.154310607910156,3.8726449012756343,-3.2816657066345214,8.18614347457886,4.4238126182556154,-3.762330856323244,8.837590217590332,4.526706695556641,-4.310883522033691,47.0,47.0,0.0,33.0,41.0,8.0,27.0,40.0,13.0,27.0,20.0,-7.0,141.4074068069458,108.49499416351318,-32.91241264343262,121.17600345611572,87.49763679504395,-33.67836666107178,0.5204865186481143,0.36690092186061,-0.15358559678750433,0.7447267269026997,0.8045889959063598,0.059862269003660096,0.7562196239816681,0.6496384203109797,-0.10658120367068835,2.264934154329115,1.7612038466118332,-0.5037303077172819,2.9224395156688376,2.134585677353012,-0.7878538383158258,13.0,17.0,4.0,11.0,2.0,-9.0
3IEZ_B,6,2,t075,low_or_equal,low_or_equal,95.0,95.0,0.0,-0.1232623953568308,1.012470817565918,1.1357332129227489,0.0,0.0,0.0,0.789453838103748,2.4270768838054884,1.6376230457017402,0.30072784423828125,0.5383563041687012,0.23762845993041992,1.3077190399169922,6.625679302215577,5.317960262298585,1.3090227127075196,7.228892469406127,5.919869756698608,1.3106928634643555,8.31402629852295,7.003333435058595,1.3120536804199219,8.965456008911133,7.653402328491211,47.0,47.0,0.0,17.0,25.0,8.0,13.0,14.0,1.0,0.0,12.0,12.0,23.701873779296875,102.06520557403564,78.36333179473877,10.885992050170898,84.9321756362915,74.0461835861206,0.5524723641399165,0.7304626593551627,0.17799029521524623,0.7203502599582523,0.6562800556858414,-0.06407020427241095,0.7790401862299281,0.8326817737558563,0.05364158752592818,1.8142734114823862,2.5612792463719942,0.747005834889608,1.8181127337658558,3.2767751381964816,1.4586624044306258,13.0,12.0,-1.0,0.0,12.0,12.0
3IEZ_B,7,2,t075,low_or_equal,low_or_equal,95.0,95.0,0.0,1.3214137227911698,1.3214137227911698,0.0,0.0,0.0,0.0,3.5592674894694545,3.5592674894694545,0.0,4.049491882324219,4.049491882324219,0.0,7.35814151763916,7.35814151763916,0.0,7.358142995834351,7.358142995834351,0.0,7.358171176910401,7.358171176910401,0.0,7.358458042144775,7.358458042144775,0.0,47.0,47.0,0.0,32.0,32.0,0.0,28.0,28.0,0.0,25.0,25.0,0.0,183.38482666015625,183.38482666015625,0.0,166.35547542572021,166.35547542572021,0.0,0.4012423171381529,0.4012423171381529,0.0,0.7343058979327581,0.7343058979327581,0.0,0.7328798207832496,0.7328798207832496,0.0,1.696059453498118,1.696059453498118,0.0,1.6961479678655704,1.6961479678655704,0.0,24.0,24.0,0.0,0.0,0.0,0.0
3Q80_B,0,2,t075,low_or_equal,low_or_equal,218.0,218.0,0.0,2.8083578118490515,4.1518858900857625,1.343528078236711,0.007041454315185547,0.06198453903198242,0.054943084716796875,5.234878793698031,6.738260888006635,1.5033820943086038,5.398443698883057,5.547628402709961,0.1491847038269043,10.786380863189697,17.413597106933597,6.6272162437439,16.422192192077638,18.39581871032715,1.9736265182495103,16.422195434570312,18.395820293426514,1.9736248588562013,16.422195434570312,18.39582061767578,1.9736251831054688,109.0,109.0,0.0,89.0,99.0,10.0,86.0,98.0,12.0,82.0,88.0,6.0,683.940354347229,935.4885025024414,251.5481481552124,635.7072219848633,884.0385875701904,248.33136558532715,0.5076138662232784,0.43186455094989007,-0.07574931527338835,0.7950791886171066,0.8001130330017662,0.0050338443846595915,0.7404040486582124,0.7286231459335122,-0.011780902724700226,2.600601640790136,2.1138885918759875,-0.48671304891414824,2.6006022601918075,2.113888874938437,-0.4867133852533705,26.0,42.0,16.0,20.0,22.0,2.0
3Q80_B,1,2,t075,low_or_equal,low_or_equal,218.0,218.0,0.0,3.284963686531837,2.762984726407112,-0.5219789601247249,0.0003681182861328125,0.03803825378417969,0.037670135498046875,6.202604005174855,5.194217694827332,-1.0083863103475235,1.7432851791381836,5.60698139667511,3.8636962175369263,15.75716781616211,12.952954292297363,-2.804213523864746,15.75717830657959,13.741340637207031,-2.0158376693725586,16.31222961425781,13.741340637207031,-2.570888977050778,17.459747314453125,13.741340637207031,-3.7184066772460938,109.0,109.0,0.0,81.0,105.0,24.0,78.0,98.0,20.0,50.0,95.0,45.0,755.5831832885742,744.7325315475464,-10.850651741027832,713.0013093948364,691.576976776123,-21.42433261871338,0.46372557412294924,0.3964027500942335,-0.06732282402871576,0.7589328571550072,0.8272713025724602,0.06833844541745293,0.7692012650742623,0.6828413562997744,-0.08635990877448796,2.0108029804324343,2.113572544664951,0.1027695642325166,2.285295597799765,2.113572544664951,-0.17172305313481395,44.0,33.0,-11.0,25.0,13.0,-12.0
3Q80_B,2,2,t075,low_or_equal,low_or_equal,218.0,218.0,0.0,1.9209370022520014,2.7435554342532376,0.8226184320012362,0.009154796600341797,0.013668060302734375,0.004513263702392578,4.024454141415639,5.604813358810301,1.580359217394662,3.7267801761627197,2.4563486576080322,-1.2704315185546875,9.345952033996582,14.123527526855469,4.777575492858887,9.655645751953124,14.123537063598633,4.467891311645509,10.978726863861079,14.642144498825068,3.6634176349639898,12.126237869262695,15.78966236114502,3.663424491882324,109.0,109.0,0.0,67.0,85.0,18.0,59.0,68.0,9.0,59.0,62.0,3.0,492.6454167366028,672.3137173652649,179.6683006286621,452.76857709884644,626.6473441123962,173.8787670135498,0.44561705824208275,0.4674319571248067,0.02181489888272392,0.7661101247692923,0.7631007223183608,-0.0030094024509315087,0.7606966738100693,0.7682017535829682,0.007505079772898826,1.9219274162185798,2.030394395106308,0.10846697888772816,2.5358223769996506,2.327661260367285,-0.20816111663236558,46.0,43.0,-3.0,8.0,26.0,18.0
3Q80_B,3,2,t075,low_or_equal,low_or_equal,218.0,218.0,0.0,3.1772866249084473,1.6990954897819308,-1.4781911351265165,0.0050640106201171875,0.00078582763671875,-0.0042781829833984375,5.280987646968283,4.107122989566998,-1.1738646574012854,5.703738212585449,2.192354202270508,-3.5113840103149414,12.295411300659211,7.385831403732304,-4.909579896926907,14.507075834274291,12.556286811828613,-1.9507890224456776,15.195859413146968,12.556302862167358,-2.6395565509796093,16.3433780670166,12.556303024291992,-3.7870750427246094,109.0,109.0,0.0,73.0,103.0,30.0,73.0,91.0,18.0,71.0,60.0,-11.0,719.1882600784302,482.1083278656006,-237.0799322128296,676.5089426040649,430.5774612426758,-245.93148136138916,0.44896689600658524,0.5541258201521737,0.10515892414558847,0.785277012722761,0.7881937039723366,0.002916691249575609,0.7408748475497913,0.75434018916323,0.013465341613438708,2.1453921059387566,2.6435028484967105,0.49811074255795385,2.4931115772759975,2.643506795898193,0.15039521862219551,42.0,32.0,-10.0,22.0,20.0,-2.0
3Q80_B,4,2,t075,low_or_equal,low_or_equal,218.0,218.0,0.0,3.003745647745395,2.7709268189351492,-0.23281882881024574,0.0004897117614746094,0.012294769287109375,0.011805057525634766,5.328340052519257,5.4283909148554805,0.10005086233622329,3.137021541595459,1.5696725845336914,-1.5673489570617676,13.008502483367929,12.874314785003682,-0.13418769836424715,14.029993724822996,14.475593280792234,0.4455995559692383,15.193369369506831,15.563408355712886,0.3700389862060547,16.34088706970215,16.710926055908203,0.3700389862060547,109.0,109.0,0.0,77.0,76.0,-1.0,61.0,72.0,11.0,56.0,47.0,-9.0,669.2333526611328,648.4338850975037,-20.79946756362915,621.8339920043945,604.8451895713806,-16.988802433013916,0.46940978447760984,0.4986539352935302,0.029244150815920356,0.766164348986435,0.757348311848344,-0.008816037138091093,0.7664502604203589,0.7773122660206624,0.010862005600303482,2.069358931373825,2.1561944682034193,0.08683553682959433,2.5030574795335947,2.5679799881074294,0.06492250857383475,42.0,42.0,0.0,19.0,22.0,3.0
3Q80_B,5,2,t075,low_or_equal,low_or_equal,218.0,218.0,0.0,2.3009189465724,-0.5260261461275433,-2.826945092699943,0.0006990432739257812,0.09102439880371094,0.09032535552978516,5.055259679498837,5.877336781022258,0.822077101523421,3.088947296142578,3.8807082176208496,0.7917609214782715,10.04238786697388,5.701959705352784,-4.340428161621097,16.153295516967773,11.45634651184082,-4.696949005126953,16.153295516967773,11.456397171020507,-4.696898345947266,16.153295516967773,11.45640754699707,-4.696887969970703,109.0,109.0,0.0,76.0,107.0,31.0,76.0,106.0,30.0,66.0,76.0,10.0,573.5299625396729,504.51963567733765,-69.0103268623352,530.3112945556641,450.4326319694519,-79.87866258621216,0.5923048632451426,0.46683279637872444,-0.1254720668664182,0.7607283548402687,0.8191871379549419,0.05845878311467323,0.7882066446138765,0.7050830906236965,-0.08312355399018001,2.740190899900251,2.0387418833406112,-0.7014490165596396,2.740190899900251,2.0387522681728107,-0.7014386317274401,32.0,45.0,13.0,19.0,19.0,0.0
3Q80_B,6,2,t075,low_or_equal,low_or_equal,218.0,218.0,0.0,3.478962244243797,1.261223226512244,-2.217739017731553,0.0022974014282226562,1.1444091796875e-05,-0.0022859573364257812,5.867833228290449,3.5064957757579074,-2.3613374525325415,7.910752654075623,1.4369897842407227,-6.4737628698349,13.27764348983765,6.983754825592064,-6.2938886642455865,16.688785552978516,8.914512062072752,-7.774273490905763,16.688785552978516,10.227866487503046,-6.460919065475469,16.688785552978516,11.375371932983398,-5.313413619995117,109.0,109.0,0.0,80.0,97.0,17.0,72.0,86.0,14.0,71.0,47.0,-24.0,787.5537247657776,411.0924439430237,-376.4612808227539,743.774218082428,360.0807499885559,-383.69346809387207,0.45906312719467535,0.49130097731572725,0.0322378501210519,0.7813609600175887,0.791746492616644,0.01038553259905528,0.7475936613659486,0.745953645316271,-0.0016400160496776728,2.2512267807896285,2.1826031813502746,-0.06862359943935381,2.2512267807896285,2.8844035051732075,0.6331767243835791,44.0,43.0,-1.0,20.0,22.0,2.0
3Q80_B,7,2,t075,low_or_equal,low_or_equal,218.0,218.0,0.0,2.8730186059934284,3.281256242629585,0.4082376366361564,0.015386581420898438,0.0039033889770507812,-0.011483192443847656,4.600481626436289,5.438506643040418,0.8380250166041288,6.37892210483551,3.71317720413208,-2.66574490070343,11.512528991699218,13.384090232849132,1.871561241149914,13.451662063598633,14.452754688262937,1.0010926246643042,13.45234248161316,15.67694328308105,2.22460080146789,13.452343940734863,16.824460983276367,3.372117042541504,109.0,109.0,0.0,98.0,96.0,-2.0,85.0,95.0,10.0,75.0,84.0,9.0,675.4208221435547,757.2165250778198,81.79570293426514,624.2494010925293,707.582781791687,83.33338069915771,0.42953835972712956,0.42778904496834586,-0.0017493147587837043,0.8136856580773573,0.8031615771935197,-0.010524080883837605,0.7010919322026428,0.7227427609714934,0.021650828768850605,2.299464342345354,2.054148165825883,-0.2453161765194709,2.299612560986705,2.490243301987658,0.19063074100095312,31.0,42.0,11.0,19.0,16.0,-3.0
3TYX_A,0,2,t075,high,low_or_equal,335.0,335.0,0.0,0.7567544680922779,1.0807151965240933,0.32396072843181545,0.0,0.0,0.0,1.9558626212149974,2.047432371423878,0.09156975020888058,0.5291757583618164,3.0190720558166504,2.489896297454834,3.006908416748047,4.4735668182373045,1.4666584014892576,7.593453025817872,6.074667453765869,-1.5187855720520025,7.627270641326905,6.075154895782471,-1.5521157455444339,7.627315044403076,6.075168132781982,-1.5521469116210938,167.0,167.0,0.0,89.0,109.0,20.0,54.0,101.0,47.0,51.0,94.0,43.0,287.02359104156494,418.1937608718872,131.17016983032227,226.39134693145752,354.0279369354248,127.63659000396729,0.689823452478522,0.43670991125791264,-0.2531135412206093,0.7458871919924046,0.8076477653533124,0.06176057336090779,0.8270199429525251,0.7341977051996644,-0.09282223775286069,3.4954901656020105,2.439129285510296,-1.0563608800917144,3.512803252021224,2.439373825463411,-1.0734294265578126,43.0,83.0,40.0,20.0,19.0,-1.0
3TYX_A,1,2,t075,high,low_or_equal,335.0,335.0,0.0,1.5356847193703722,1.4762398634383929,-0.059444855931979346,0.0,0.0,0.0,3.71534976390087,3.1228166504130486,-0.5925331134878213,1.830625057220459,1.3181967735290527,-0.5124282836914062,7.395267486572266,7.679385852813721,0.28411836624145526,10.325878143310547,9.933638858795167,-0.39223928451538015,13.391068077087402,10.682309455871582,-2.7087586212158197,13.456194877624512,10.682311058044434,-2.773883819580078,167.0,167.0,0.0,128.0,139.0,11.0,109.0,107.0,-2.0,70.0,64.0,-6.0,631.5057802200317,532.8152394294739,-98.69054079055786,563.1821966171265,458.82088899612427,-104.3613076210022,0.5966269769372476,0.6442339880941517,0.04760701115690402,0.7803021105036254,0.7781909872403743,-0.0021111232632511356,0.7889491886191804,0.7896350849196698,0.0006858963004894303,2.3659127626011327,2.708259863491547,0.3423471008904144,3.208448979441009,2.9480024686650665,-0.2604465107759424,46.0,37.0,-9.0,28.0,32.0,4.0
3TYX_A,2,2,t075,high,low_or_equal,335.0,335.0,0.0,1.4769188525071784,0.5056856810156979,-0.9712331714914805,0.0,0.0,0.0,3.944651577663357,1.6075670986674588,-2.337084478995898,0.654576301574707,0.8933682441711426,0.23879194259643555,4.097007751464844,2.6827545166015625,-1.4142532348632812,13.539034938812256,3.0486394882202155,-10.49039545059204,15.970025062561035,6.503786983489991,-9.466238079071044,15.970025062561035,6.504094123840332,-9.465930938720703,167.0,167.0,0.0,107.0,123.0,16.0,55.0,64.0,9.0,54.0,46.0,-8.0,524.3712959289551,255.9347448348999,-268.4365510940552,463.7310447692871,184.61752128601074,-279.11352348327637,0.7744781804649761,0.5899267224072692,-0.1845514580577069,0.7097536621816793,0.7913809373213371,0.08162727513965773,0.8588494158564803,0.7709406637099732,-0.08790875214650717,3.057840686008106,1.5818648001146687,-1.4759758858934373,3.6741156790935015,3.7313580551610084,0.05724237606750693,26.0,36.0,10.0,22.0,15.0,-7.0
3TYX_A,3,2,t075,high,low_or_equal,335.0,335.0,0.0,2.5851073891369265,0.6157101332251705,-1.969397255911756,0.0,0.0,0.0,5.044532875821341,2.228778588539448,-2.815754287281893,2.762449264526367,0.5435943603515625,-2.2188549041748047,11.367471694946289,2.536666488647461,-8.830805206298828,13.015992832183901,5.460132026672364,-7.5558608055115375,19.11374855041504,8.602836608886719,-10.51091194152832,19.11374855041504,8.602845191955566,-10.510903358459473,167.0,167.0,0.0,150.0,87.0,-63.0,148.0,59.0,-89.0,106.0,42.0,-64.0,934.4187684059143,308.9004306793213,-625.518337726593,856.6176514625549,244.93041801452637,-611.6872334480286,0.5507210802889726,0.7256520293701147,0.17493094908114215,0.7981061711770371,0.7451671631800709,-0.05293900799696616,0.7644000946788365,0.8271742108855629,0.06277411620672635,2.067760424962765,2.1735770068671627,0.10581658190439791,3.2765454340679567,3.583637737638392,0.3070923035704354,57.0,31.0,-26.0,17.0,31.0,14.0
3TYX_A,4,2,t075,high,low_or_equal,335.0,335.0,0.0,1.3902566582409304,2.1682015290900845,0.7779448708491541,0.0,0.0,0.0,2.565772976878597,5.032659441925291,2.4668864650466937,2.8567209243774414,1.2692022323608398,-1.5875186920166016,6.113537120819092,10.32989501953125,4.216357898712158,7.9567530155181885,16.76506805419922,8.80831503868103,7.974022350311279,17.91763687133789,9.94361452102661,7.974028587341309,17.91763687133789,9.943608283996582,167.0,167.0,0.0,158.0,107.0,-51.0,109.0,87.0,-22.0,104.0,62.0,-42.0,531.0378470420837,802.7072868347168,271.66943979263306,450.8325181007385,732.9493503570557,282.11683225631714,0.4647745865000124,0.6195482004247035,0.15477361392469108,0.8197438520425866,0.7499593628009599,-0.06978448924162672,0.7269799145547622,0.8181818371232699,0.09120192256850768,2.5592663171882646,2.900428032842407,0.3411617156541422,2.5659994038560248,3.1294458772721394,0.5634464734161146,49.0,56.0,7.0,21.0,21.0,0.0
3TYX_A,5,2,t075,high,low_or_equal,335.0,335.0,0.0,1.6642730997569526,1.7044439016883053,0.040170801931352695,0.0,0.0,0.0,3.990556536944081,3.220847056885061,-0.7697094800590198,1.6226387023925781,3.6453585624694824,2.0227198600769043,3.5829517364501955,9.115438652038574,5.532486915588378,13.36809139251709,10.046461582183838,-3.3216298103332527,14.1118017578125,10.046597156524658,-4.065204601287842,14.11180305480957,10.046597480773926,-4.0652055740356445,167.0,167.0,0.0,112.0,110.0,-2.0,100.0,107.0,7.0,81.0,95.0,14.0,610.3955402374268,619.733838558197,9.338298320770264,544.680965423584,556.1132550239563,11.432289600372314,0.7160612243010978,0.529910368996033,-0.1861508553050647,0.7511580066193516,0.7916746710496841,0.04051666443033253,0.8172735122924448,0.7643060752213433,-0.05296743707110152,2.932878706117212,2.5900073903426035,-0.3428713157746084,3.119246611297176,2.5900495837742343,-0.5291970275229416,32.0,44.0,12.0,31.0,36.0,5.0
3TYX_A,6,2,t075,high,low_or_equal,335.0,335.0,0.0,2.3361214481182953,1.4052157430506464,-0.9309057050676488,0.0,0.0,0.0,4.994097016399252,2.679929547123107,-2.314167469276145,3.592862129211426,1.3323912620544434,-2.2604708671569824,7.696734619140625,6.1555688858032225,-1.5411657333374027,16.257988357543944,7.285713768005371,-8.972274589538573,19.591384887695312,9.111550788879395,-10.479834098815918,19.591384887695312,9.316692352294922,-10.27469253540039,167.0,167.0,0.0,161.0,125.0,-36.0,145.0,91.0,-54.0,105.0,72.0,-33.0,919.791543006897,503.9745726585388,-415.81697034835815,838.8321990966797,434.8072609901428,-404.02493810653687,0.5305846357153069,0.5156096332448747,-0.014975002470432153,0.8095369314226238,0.7882862102613979,-0.02125072116122595,0.7447585724782391,0.7733281880979661,0.02856961561972704,2.7876644894382387,2.194273364860436,-0.5933911245778027,3.4551318051922983,2.9521211174141544,-0.503010687778144,40.0,60.0,20.0,20.0,23.0,3.0
3TYX_A,7,2,t075,high,low_or_equal,335.0,335.0,0.0,1.5117860395516922,1.6966833427770813,0.1848973032253891,0.0,0.0,0.0,3.4136380978998626,4.063060376121117,0.649422278221254,2.1091761589050293,2.4709529876708984,0.36177682876586914,3.9999366760253907,3.758026504516602,-0.2419101715087888,12.984733581542969,14.228622722625733,1.2438891410827644,12.985539436340332,16.256558990478517,3.271019554138185,12.985539436340332,16.321685791015625,3.336146354675293,167.0,167.0,0.0,105.0,104.0,-1.0,94.0,97.0,3.0,87.0,91.0,4.0,551.0234270095825,623.8458986282349,72.82247161865234,482.67668437957764,552.5408163070679,69.86413192749023,0.6240623562534467,0.6818170345275191,0.057754678274072324,0.7669779567740738,0.7582401574321981,-0.008737799341875685,0.8012016477698249,0.8127303207016474,0.01152867293182247,3.36091501587402,3.084359625443844,-0.2765553904301763,3.361151085068894,3.599504091593293,0.23835300652439884,24.0,31.0,7.0,24.0,23.0,-1.0
4AC2_A,0,2,t075,low_or_equal,low_or_equal,115.0,115.0,0.0,1.6611522508704144,0.7037900427113408,-0.9573622081590736,0.0,0.0,0.0,2.702825257830478,1.8795534292317506,-0.8232718285987275,2.735934257507324,0.3347597122192383,-2.401174545288086,7.319089889526368,4.810864448547363,-2.508225440979005,7.933957242965698,5.086225700378418,-2.8477315425872796,9.083559379577636,5.481186428070068,-3.6023729515075678,9.833423614501953,5.5071306228637695,-4.326292991638184,57.0,57.0,0.0,52.0,21.0,-31.0,51.0,20.0,-31.0,46.0,20.0,-26.0,208.78054523468018,101.00439643859863,-107.77614879608154,182.06767463684082,84.19211006164551,-97.87556457519531,0.46946973676761955,0.6108458962810455,0.14137615951342591,0.7989054290271523,0.6846046586802045,-0.11430077034694786,0.6864357213234558,0.8148396890420093,0.12840396771855356,2.320832607998632,2.3316366481044146,0.010804040105782509,3.0236032980509115,2.555575439063601,-0.46802785898731036,13.0,20.0,7.0,13.0,14.0,1.0
4AC2_A,1,2,t075,low_or_equal,low_or_equal,115.0,115.0,0.0,1.4911690960759703,2.4062005001565683,0.915031404080598,0.0,0.0,0.0,3.332426543272078,5.3816491417621055,2.0492225984900276,0.5106897354125977,1.9087867736816406,1.398097038269043,8.882814407348633,16.194918823242187,7.312104415893554,9.161011123657227,16.809974098205565,7.648962974548338,9.600681610107422,17.959709548950194,8.359027938842772,9.74881649017334,18.709617614746094,8.960801124572754,57.0,57.0,0.0,30.0,40.0,10.0,25.0,39.0,14.0,20.0,15.0,-5.0,187.029043674469,287.22312355041504,100.19407987594604,165.66770315170288,263.76797580718994,98.10027265548706,0.5924398429421976,0.7120889346314665,0.11964909168926885,0.6914328128996061,0.6899258183870335,-0.0015069945125726347,0.808695323106494,0.8150747056635721,0.00637938255707815,2.3015787228877103,2.6764609172073954,0.37488219431968517,2.4779683173418925,3.0294463063512387,0.5514779890093462,19.0,14.0,-5.0,16.0,13.0,-3.0
4AC2_A,2,2,t075,low_or_equal,low_or_equal,115.0,115.0,0.0,0.0586542212444803,1.631570695794147,1.5729164745496667,0.0,0.0,0.0,0.23766915860923546,5.950855392153957,5.713186233544722,0.22411346435546875,7.240034818649292,7.015921354293823,0.3869022369384766,10.13381061553955,9.746908378601074,0.4841740608215332,10.27710256576538,9.792928504943847,0.5679737281799316,10.537514686584473,9.969540958404542,0.9946212768554688,10.634759902954102,9.640138626098633,57.0,57.0,0.0,5.0,57.0,52.0,0.0,57.0,57.0,0.0,56.0,56.0,14.269510269165039,415.10189294815063,400.8323826789856,0.6573734283447266,386.60189294815063,385.9445195198059,0.4376792210692934,0.29844892104540266,-0.13923030002389075,0.7840681839772075,0.8404530687544741,0.056384884777266664,0.7148811849439132,0.5910640037756494,-0.12381718116826379,1.790387284858751,1.4528217038125535,-0.3375655810461975,3.9381090129151417,1.5129235402074157,-2.425185472707726,25.0,17.0,-8.0,3.0,0.0,-3.0
4AC2_A,3,2,t075,low_or_equal,low_or_equal,115.0,115.0,0.0,2.062450641134511,0.8402578353881835,-1.2221928057463274,0.0,0.0,0.0,4.201561162616658,2.3478764600209714,-1.8536847025956864,1.041576862335205,2.46160888671875,1.420032024383545,11.997480201721192,5.384956455230713,-6.612523746490479,12.612531375885009,5.662897062301636,-6.949634313583373,13.76228281021118,6.059002161026001,-7.70328064918518,14.51219367980957,6.118781089782715,-8.393412590026855,57.0,57.0,0.0,50.0,48.0,-2.0,29.0,43.0,14.0,24.0,38.0,14.0,249.30409336090088,156.8149290084839,-92.48916435241699,223.10309600830078,130.06359481811523,-93.03950119018555,0.6183578626032948,0.4377392940469125,-0.18061856855638236,0.7190443510545651,0.7955084658912481,0.07646411483668303,0.7952663863623834,0.6989709416766849,-0.0962954446856985,2.510990635723626,2.0540430082383363,-0.4569476274852895,2.963123124196431,2.2482116688317504,-0.7149114553646805,14.0,16.0,2.0,13.0,8.0,-5.0
4AC2_A,4,2,t075,low_or_equal,low_or_equal,115.0,115.0,0.0,0.9125479242076044,0.44759604412576426,-0.4649518800818402,0.0,0.0,0.0,1.5401686936608583,5.264073800656966,3.723905106996108,2.9000329971313477,2.3689424991607666,-0.531090497970581,3.0924942016601564,10.796349716186525,7.703855514526368,3.3371263504028317,11.074571800231933,7.737445449829101,4.462907562255859,11.515719013214111,7.052811450958252,5.190863609313965,11.66556167602539,6.474698066711426,57.0,57.0,0.0,46.0,45.0,-1.0,35.0,43.0,8.0,34.0,42.0,8.0,118.16531085968018,259.3363161087036,141.17100524902344,94.57834720611572,235.32283878326416,140.74449157714844,0.36864356635436824,0.5158211002627084,0.1471775339083402,0.7842851633893307,0.7568993598670751,-0.027385803522255614,0.6923561093703032,0.7496087087120962,0.05725259934179294,1.574229132285631,2.018774082304831,0.4445449500192,2.777822781826025,2.1310426214958467,-0.6467801603301782,34.0,16.0,-18.0,3.0,8.0,5.0
4AC2_A,5,2,t075,low_or_equal,low_or_equal,115.0,115.0,0.0,2.5477559214052947,0.05080351622208305,-2.4969524051832117,0.0,0.0,0.0,4.767463749921793,0.31412833957277436,-4.453335410349019,7.606346368789673,0.2930917739868164,-7.3132545948028564,9.631670570373535,0.383095932006836,-9.2485746383667,9.80385684967041,0.5645088195800779,-9.239348030090332,10.106337776184082,0.8676803016662596,-9.238657474517822,10.213823318481445,1.3962697982788086,-8.817553520202637,57.0,57.0,0.0,47.0,7.0,-40.0,46.0,1.0,-45.0,43.0,0.0,-43.0,371.3619050979614,17.239008903503418,-354.122896194458,347.82497692108154,1.8834953308105469,-345.941481590271,0.31850722866708514,0.4354666974544892,0.11695946878740404,0.7977456020392207,0.7957395218070973,-0.0020060802321234528,0.6543040112704208,0.6926683707579862,0.038364359487565336,1.5220044260187917,1.635335748619982,0.11333132260119028,1.6079969978171111,4.283173825980194,2.675176828163083,33.0,15.0,-18.0,0.0,2.0,2.0
4AC2_A,6,2,t075,low_or_equal,low_or_equal,115.0,115.0,0.0,0.07552705018416694,3.2595733974290932,3.1840463472449265,0.0,0.0,0.0,0.46550531972934667,5.5111029634174225,5.045597643688076,0.43104982376098633,8.553969860076904,8.122920036315918,0.865044975280762,13.141949844360353,12.27690486907959,0.8933511734008789,13.38074836730957,12.487397193908691,0.925432071685791,13.773148612976074,12.847716541290284,0.9265365600585938,13.89957332611084,12.973036766052246,57.0,57.0,0.0,24.0,57.0,33.0,0.0,56.0,56.0,0.0,55.0,55.0,28.2755126953125,467.3500690460205,439.074556350708,6.26548957824707,438.8500690460205,432.58457946777344,0.38234368186959544,0.3452649110962018,-0.037078770773393666,0.8182609420663444,0.8311603149179022,0.012899372851557844,0.6549223445953392,0.622577632038974,-0.032344712556365174,1.7568523678573853,1.8365062378737267,0.07965387001634139,1.8281413204240486,1.9306480026429966,0.10250668221894799,22.0,14.0,-8.0,0.0,0.0,0.0
4AC2_A,7,2,t075,low_or_equal,low_or_equal,115.0,115.0,0.0,2.049288073829983,0.6618027396824049,-1.387485334147578,0.0,0.0,0.0,3.455252700231266,2.915326978006432,-0.5399257222248339,5.569056987762451,1.0058770179748535,-4.563179969787598,8.11267776489258,6.878262519836426,-1.2344152450561534,8.537213802337646,7.050433731079101,-1.4867800712585453,9.1730784034729,7.352854328155518,-1.8202240753173822,9.412459373474121,7.419328689575195,-1.9931306838989258,57.0,57.0,0.0,48.0,43.0,-5.0,45.0,30.0,-15.0,43.0,18.0,-25.0,265.5961356163025,154.19278621673584,-111.40334939956665,240.6517367362976,131.17978191375732,-109.47195482254028,0.39020232098226393,0.5525498390042655,0.16234751802200154,0.7871223374038532,0.7260892753762671,-0.06103306202758607,0.6997526628610473,0.7812668125752298,0.08151414971418247,1.8776993439795056,2.1913943237219278,0.3136949797424222,2.131008044404772,2.317930716133167,0.18692267172839516,31.0,18.0,-13.0,3.0,18.0,15.0
4BT7_A,0,2,t075,low_or_equal,low_or_equal,236.0,236.0,0.0,1.9112013921899311,1.57935959807897,-0.33184179411096104,0.006857872009277344,0.03283119201660156,0.02597332000732422,3.9682934970129256,4.2540772783209295,0.28578378130800397,1.964205026626587,1.998800277709961,0.03459525108337402,9.222475528717041,9.081605911254883,-0.1408696174621582,10.550386667251587,11.901979923248291,1.351593255996704,14.533817338943482,11.903398513793945,-2.630418825149537,14.533917427062988,11.903398513793945,-2.630518913269043,118.0,118.0,0.0,95.0,90.0,-5.0,81.0,77.0,-4.0,59.0,54.0,-5.0,503.2727680206299,531.1803584098816,27.90759038925171,454.2343559265137,475.9054684638977,21.671112537384033,0.5664451164956029,0.4956928077597948,-0.07075230873580812,0.7732594330187731,0.7826161425884561,0.009356709569683042,0.7788501037433069,0.761750504138119,-0.01709959960518792,2.1770530031522806,2.426523932175399,0.24947092902311852,3.180892755128778,2.4268573982722383,-0.7540353568565394,33.0,50.0,17.0,12.0,16.0,4.0
4BT7_A,1,2,t075,low_or_equal,low_or_equal,236.0,236.0,0.0,3.126167832794836,2.134343488741729,-0.9918243440531067,0.00033473968505859375,0.0009403228759765625,0.0006055831909179688,5.652884166761542,4.750011172092273,-0.9028729946692691,2.936821699142456,1.8835701942443848,-1.0532515048980713,15.470860481262207,6.8430702686309814,-8.627790212631226,15.85508918762207,16.680662155151367,0.8255729675292969,16.192681598663334,16.68625831604004,0.4935767173767047,16.374462127685547,16.68625831604004,0.3117961883544922,118.0,118.0,0.0,96.0,89.0,-7.0,77.0,89.0,12.0,68.0,57.0,-11.0,754.993980884552,558.6347851753235,-196.35919570922852,701.7041926383972,507.7418351173401,-193.96235752105713,0.505561669270693,0.6393683730980219,0.13380670382732884,0.771704895464121,0.7610095989585233,-0.010695296505597751,0.7722070389407074,0.7926048514275925,0.020397812486885103,2.2517569756111695,3.0623756743717956,0.8106186987606261,2.343634488884366,3.0635538107352533,0.7199193218508873,39.0,24.0,-15.0,32.0,19.0,-13.0
4BT7_A,2,2,t075,low_or_equal,low_or_equal,236.0,236.0,0.0,2.5708746344356213,1.6340953778412382,-0.9367792565943831,0.010111331939697266,0.01877307891845703,0.008661746978759766,5.18440587714963,3.1377866500120883,-2.046619227137542,1.514716625213623,5.070594787597656,3.555878162384033,9.279013633728027,5.887585639953613,-3.391427993774414,17.364760398864746,9.07845687866211,-8.286303520202637,17.36485071182251,9.078526782989503,-8.286323928833006,17.364856719970703,9.078527450561523,-8.28632926940918,118.0,118.0,0.0,83.0,111.0,28.0,71.0,70.0,-1.0,55.0,69.0,14.0,642.0824108123779,463.4910764694214,-178.59133434295654,594.2426671981812,406.30296516418457,-187.93970203399658,0.5844735375872623,0.41885661511250966,-0.16561692247475263,0.7558086074106667,0.8111061206981882,0.05529751328752153,0.7954026492799897,0.7097474709949316,-0.08565517828505809,2.8535354127333017,2.3724881042476844,-0.4810473084856173,2.853553991738927,2.372510595228521,-0.4810433965104064,44.0,64.0,20.0,19.0,15.0,-4.0
4BT7_A,3,2,t075,low_or_equal,low_or_equal,236.0,236.0,0.0,0.612614435664678,-0.3747484360711049,-0.987362871735783,0.00030231475830078125,4.76837158203125e-06,-0.00029754638671875,1.7531898625977906,2.1879173671957473,0.4347275045979566,1.554281234741211,1.193580150604248,-0.3607010841369629,2.685628890991211,2.9578347206115723,0.27220582962036133,5.212418556213379,3.458187222480774,-1.754231333732605,6.346614813804628,3.491971874237061,-2.854642939567567,7.115232467651367,3.5036544799804688,-3.6115779876708984,118.0,118.0,0.0,67.0,78.0,11.0,67.0,64.0,-3.0,40.0,42.0,2.0,207.9399676322937,181.58738613128662,-26.35258150100708,164.64589166641235,136.24104690551758,-28.404844760894775,0.5636928637221778,0.4430582457922303,-0.12063461792994745,0.7748353987195061,0.7991252999419793,0.02428990122247321,0.7753544931120535,0.7342383017252814,-0.04111619138677214,2.6236771148864255,1.7518649086206353,-0.8718122062657903,3.7090210083415776,1.7726459756670432,-1.9363750326745344,29.0,42.0,13.0,16.0,0.0,-16.0
4BT7_A,4,2,t075,low_or_equal,low_or_equal,236.0,236.0,0.0,0.629712504855657,0.9447029445130947,0.31499043965743767,0.0007128715515136719,0.0009665489196777344,0.0002536773681640625,2.2232595828776,2.807841077637106,0.5845814947595058,2.23313570022583,1.7771117687225342,-0.4560239315032959,3.6910910606384277,4.265529155731201,0.5744380950927734,5.747906804084778,8.954446077346802,3.206539273262024,6.383848953247071,8.954546594619751,2.5706976413726803,7.028902053833008,8.954546928405762,1.925644874572754,118.0,118.0,0.0,100.0,74.0,-26.0,84.0,72.0,-12.0,71.0,54.0,-17.0,284.71534729003906,326.33293628692627,41.61758899688721,234.2248125076294,282.9686088562012,48.74379634857178,0.4514842150789119,0.5841507815285295,0.1326665664496176,0.8137534633386858,0.7671131948532575,-0.04664026848542835,0.7105501485014776,0.7843438727402228,0.0737937242387452,2.3021127801030596,2.8526340741386185,0.5505212940355588,2.8782916750975063,2.852669991790712,-0.025621683306794374,35.0,28.0,-7.0,17.0,19.0,2.0
4BT7_A,5,2,t075,low_or_equal,low_or_equal,236.0,236.0,0.0,0.9824036177942308,2.9216122647463263,1.9392086469520955,0.0018482208251953125,0.0013446807861328125,-0.0005035400390625,2.429470762267512,5.202508396449391,2.7730376341818785,1.2018756866455078,5.288223505020142,4.086347818374634,3.036252498626709,14.541193008422852,11.504940509796143,7.765112280845642,14.89185905456543,7.126746773719788,7.765144014358521,14.942585802078247,7.177441787719726,7.765167236328125,14.971078872680664,7.205911636352539,118.0,118.0,0.0,91.0,86.0,-5.0,64.0,82.0,18.0,42.0,76.0,34.0,283.680459022522,731.2297587394714,447.54929971694946,234.57644176483154,683.7386031150818,449.16216135025024,0.6377299325714554,0.4857359098800519,-0.1519940226914035,0.7625294625056631,0.7822810883900589,0.01975162588439583,0.791078029537226,0.75645072742258,-0.03462730211464593,2.791846178350739,2.300860638300663,-0.490985540050076,2.7918687987021906,2.316087873333921,-0.47578092536826944,23.0,45.0,22.0,23.0,28.0,5.0
4BT7_A,6,2,t075,low_or_equal,low_or_equal,236.0,236.0,0.0,2.4612290596557878,0.9504799984269223,-1.5107490612288654,0.0028247833251953125,0.0002079010009765625,-0.00261688232421875,5.058384029427037,2.187856203408556,-2.870527826018481,2.3470423221588135,0.8648552894592285,-1.482187032699585,9.291706085205078,3.734928607940674,-5.556777477264404,16.86979389190674,7.366982817649841,-9.502811074256897,16.870895385742188,7.3670223474502565,-9.503873038291932,16.870895385742188,7.367032527923584,-9.503862857818604,118.0,118.0,0.0,87.0,73.0,-14.0,73.0,45.0,-28.0,60.0,43.0,-17.0,634.0993409156799,254.7667031288147,-379.33263778686523,583.9781527519226,208.40017461776733,-375.5779781341553,0.5744359365683075,0.6327231659673392,0.05828722939903175,0.7631096616795787,0.7546147217717762,-0.008494939907802479,0.7897094869744128,0.8006169504758265,0.010907463501413694,2.848452143694398,2.932780869796823,0.08432872610242503,2.8486698997661084,2.9328035907935983,0.08413369102748991,47.0,39.0,-8.0,19.0,19.0,0.0
4BT7_A,7,2,t075,low_or_equal,low_or_equal,236.0,236.0,0.0,1.169799384424242,2.2514660338223993,1.0816666493981573,0.006588459014892578,5.14984130859375e-05,-0.006536960601806641,3.593151905889923,5.711024030643819,2.1178721247538963,1.925349235534668,2.8401923179626465,0.9148430824279785,3.563797950744629,10.441372871398926,6.877574920654297,13.489126682281494,18.31229591369629,4.823169231414795,13.489130020141602,18.313642501831055,4.824512481689453,13.489130020141602,18.313642501831055,4.824512481689453,118.0,118.0,0.0,88.0,110.0,22.0,83.0,108.0,25.0,54.0,74.0,20.0,377.40759563446045,708.9290909767151,331.52149534225464,328.5574607849121,652.2103905677795,323.65292978286743,0.6470601431700149,0.5660345640450946,-0.08102557912492037,0.7519399407091063,0.7879850790677516,0.03604513835864531,0.7986425851915206,0.7617570121227155,-0.03688557306880513,3.4285573280838237,2.812250446451599,-0.6163068816322248,3.4285582570342816,2.8124862339614287,-0.6160720230728529,17.0,32.0,15.0,16.0,23.0,7.0
4C9G_A,0,2,t075,high,high,265.0,265.0,0.0,3.0841076706940274,4.071033173687053,0.9869255029930257,0.0,0.0,0.0,5.9185076599502375,6.0755712409181815,0.15706358096794393,6.398624897003174,10.360967636108398,3.9623427391052246,14.592232131958008,14.06245231628418,-0.5297798156738285,14.614045333862304,14.897387313842765,0.2833419799804613,14.678606033325195,15.440337562561036,0.7617315292358402,14.678606033325195,15.440346717834473,0.7617406845092773,132.0,132.0,0.0,129.0,104.0,-25.0,129.0,100.0,-29.0,119.0,100.0,-19.0,1053.036684513092,1134.176073551178,81.13938903808594,988.414014339447,1077.9100852012634,89.4960708618164,0.3752698044120924,0.3505430082554004,-0.024726796156691988,0.8413377860538847,0.8183754234565521,-0.02296236259733253,0.6647299505649094,0.6876029605181986,0.022873009953289225,1.948115694973219,1.781948348698741,-0.16616734627447793,1.959023968337426,1.8713159789118385,-0.08770798942558744,47.0,69.0,22.0,0.0,0.0,0.0
4C9G_A,1,2,t075,high,high,265.0,265.0,0.0,4.940500934168978,3.9872308533146694,-0.9532700808543084,0.0,0.0,0.0,7.487241088872522,5.827307281156419,-1.6599338077161025,11.154365539550781,9.755176544189453,-1.3991889953613281,17.25948715209961,13.89168815612793,-3.367798995971679,19.648164749145508,16.231945419311522,-3.416219329833986,20.017326278686525,17.765772018432617,-2.251554260253908,20.11237907409668,17.765775680541992,-2.3466033935546875,132.0,132.0,0.0,129.0,126.0,-3.0,129.0,116.0,-13.0,114.0,115.0,1.0,1438.3385291099548,1127.2250781059265,-311.1134510040283,1373.610095500946,1063.3852400779724,-310.22485542297363,0.35659370149505143,0.38189911137276766,0.025305409877716234,0.8376875386180204,0.8362362590155913,-0.0014512796024290786,0.6702984142772646,0.6740344712969206,0.0037360570196560694,1.9643635940660364,2.101264610773522,0.13690101670748556,2.026364312279997,2.364478851455555,0.338114539175558,64.0,60.0,-4.0,5.0,15.0,10.0
4C9G_A,2,2,t075,high,high,265.0,265.0,0.0,3.960117041389897,3.5182268070724776,-0.4418902343174196,0.0,0.0,0.0,6.162025300062613,5.885352918403626,-0.27667238165898667,6.24160099029541,7.887343883514404,1.6457428932189941,16.153446197509766,14.107378005981445,-2.0460681915283203,16.719093322753906,15.444022369384754,-1.275070953369152,17.182335510253907,15.755870056152343,-1.4264654541015638,17.182350158691406,15.755973815917969,-1.4263763427734375,132.0,132.0,0.0,107.0,114.0,7.0,106.0,99.0,-7.0,104.0,92.0,-12.0,1082.0485906600952,1037.7459363937378,-44.30265426635742,1025.0402736663818,977.0903844833374,-47.949889183044434,0.4172727700611515,0.3911212815163474,-0.02615148854480409,0.8089695859413395,0.8167228078936449,0.0077532219523054335,0.7201952926926409,0.7051495411209174,-0.015045751571723498,2.0705816123855194,2.0263518140127257,-0.04422979837279373,2.145760926552372,2.0793565277245807,-0.06640439882779114,65.0,62.0,-3.0,23.0,14.0,-9.0
4C9G_A,3,2,t075,high,high,265.0,265.0,0.0,3.2088999946162384,1.553125390466654,-1.6557746041495844,0.0,0.0,0.0,5.250310062992887,6.130228153664269,0.8799180906713815,5.42117977142334,7.603414535522461,2.182234764099121,13.401640510559082,12.549629211425781,-0.8520112991333004,14.994696807861306,12.559843063354492,-2.434853744506814,15.26633358001709,13.034078598022461,-2.232254981994629,15.26633358001709,13.034078598022461,-2.232254981994629,132.0,132.0,0.0,110.0,104.0,-6.0,106.0,101.0,-5.0,104.0,94.0,-10.0,917.9945039749146,864.2651162147522,-53.72938776016235,859.1953496932983,805.6204552650452,-53.574894428253174,0.42382015950859425,0.3987471268043006,-0.025073032704293674,0.8151318859826835,0.8127966425382218,-0.0023352434444616765,0.7147391787119055,0.7116184295451669,-0.0031207491667386567,2.2447811027996107,1.7954825492602111,-0.4492985535393996,2.2965183847689996,1.8728427262031362,-0.4236756585658634,53.0,66.0,13.0,16.0,0.0,-16.0
4C9G_A,4,2,t075,high,high,265.0,265.0,0.0,3.125986385345459,3.2674011428401157,0.14141475749465693,0.0,0.0,0.0,5.181512493612891,6.744482712477154,1.5629702188642636,4.715030670166016,5.13139533996582,0.4163646697998047,13.300779342651367,15.303619384765625,2.002840042114258,15.928684616088866,17.985311889648436,2.0566272735595703,16.065603256225586,18.0239013671875,1.9582981109619126,16.065603256225586,18.02392578125,1.958322525024414,132.0,132.0,0.0,116.0,114.0,-2.0,113.0,108.0,-5.0,99.0,103.0,4.0,881.6091570854187,1078.1409678459167,196.53181076049805,823.0950465202332,1017.3780407905579,194.2829942703247,0.457967961805299,0.4238390365389101,-0.03412892526638889,0.8112303459048552,0.8082481236923627,-0.002982222212492558,0.7258358590187901,0.7251353886720728,-0.0007004703467172746,2.470841910836835,2.1822149116907794,-0.2886269991460555,2.4972663651453972,2.1879401679109676,-0.30932619723442967,53.0,58.0,5.0,17.0,16.0,-1.0
4C9G_A,5,2,t075,high,high,265.0,265.0,0.0,2.7090211958255406,2.667310041751502,-0.04171115407403869,0.0,0.0,0.0,4.57765046281305,5.044896445814891,0.46724598300184095,5.924130439758301,3.055143356323242,-2.8689870834350586,11.469110870361328,13.122353172302246,1.6532423019409173,11.816975593566891,16.664563369750976,4.847587776184085,13.377117156982422,16.680405349731444,3.3032881927490223,13.378124237060547,16.68040657043457,3.3022823333740234,132.0,132.0,0.0,107.0,127.0,20.0,101.0,119.0,18.0,87.0,104.0,17.0,771.3938183784485,785.9942607879639,14.60044240951538,714.9520373344421,721.6363878250122,6.684350490570068,0.4328571130384656,0.5230579215607534,0.09020080852228779,0.8039030693638942,0.8062574727136254,0.002354403349731138,0.7313119588512798,0.7393772153796303,0.00806525652835055,1.9896570242159437,2.7745372929530028,0.7848802687370591,2.3306941252737428,2.7776777341600245,0.44698360888628175,55.0,38.0,-17.0,13.0,32.0,19.0
4C9G_A,6,2,t075,high,high,265.0,265.0,0.0,2.0245016313948723,1.7100764742437398,-0.3144251571511325,0.0,0.0,0.0,6.698668017779674,3.402586377069365,-3.2960816407103093,8.841053009033203,3.446629524230957,-5.394423484802246,13.06710433959961,6.282430267333984,-6.784674072265625,13.37086296081543,11.532163047790528,-1.838699913024902,14.075769424438477,11.693683013916015,-2.3820864105224615,14.075769424438477,11.693702697753906,-2.3820667266845703,132.0,132.0,0.0,127.0,99.0,-28.0,126.0,85.0,-41.0,109.0,76.0,-33.0,1041.7914905548096,511.6913275718689,-530.1001629829407,977.1119842529297,458.5585961341858,-518.5533881187439,0.3542780616661835,0.508733816619696,0.1544557549535125,0.8404077986384632,0.7866148694469787,-0.053792929191484484,0.6643314362939614,0.7623071825581016,0.09797574626414018,1.6938235033151257,2.886653117681178,1.1928296143660524,1.799054343498887,2.9341286648273206,1.1350743213284336,70.0,46.0,-24.0,0.0,16.0,16.0
4C9G_A,7,2,t075,high,high,265.0,265.0,0.0,2.786313434816756,3.038454417462619,0.2521409826458627,0.0,0.0,0.0,5.087798685127953,5.261325161005687,0.1735264758777344,2.7310924530029297,5.130515098571777,2.3994226455688477,14.46259880065918,12.923551559448242,-1.5390472412109375,15.077224349975586,14.45183792114255,-0.6253864288330355,15.205382232666016,14.788375854492188,-0.4170063781738289,15.295049667358398,14.788375854492188,-0.5066738128662109,132.0,132.0,0.0,114.0,127.0,13.0,108.0,127.0,19.0,79.0,101.0,22.0,781.1823196411133,917.1006197929382,135.91830015182495,722.6088409423828,853.2793145179749,130.67047357559204,0.512849401728933,0.4099142205368099,-0.10293518119212308,0.789591763430328,0.8243677716735069,0.034776008243178946,0.7591793111959186,0.7034085166873316,-0.05577079450858702,2.4157620369465787,2.1692982574561683,-0.24646377949041032,2.4585753105966415,2.2332627384663684,-0.22531257213027311,43.0,59.0,16.0,31.0,14.0,-17.0
4HQ8_E,0,2,t075,low_or_equal,low_or_equal,214.0,214.0,0.0,2.9017679245672494,0.8818577115780839,-2.0199102129891653,0.002360820770263672,0.0014824867248535156,-0.0008783340454101562,4.473563530231591,2.0087363786146986,-2.464827151616892,7.810073256492615,0.18630409240722656,-7.623769164085388,11.22853193283081,5.146510601043701,-6.082021331787109,11.506000518798828,5.146957778930664,-6.359042739868164,11.686907348632813,5.996580343246461,-5.690327005386352,11.691105842590332,6.300021171569824,-5.391084671020508,107.0,107.0,0.0,85.0,40.0,-45.0,84.0,39.0,-45.0,83.0,39.0,-44.0,665.4025635719299,207.15147018432617,-458.25109338760376,618.1923985481262,178.9534568786621,-439.2389416694641,0.37944356567156806,0.5731807554262371,0.19373718975466908,0.8144123178689385,0.7158781179438076,-0.0985341999251309,0.691931881758991,0.8118808212963127,0.11994893953732166,1.9233509340116937,2.1232751658004805,0.19992423178878682,1.9647285343387244,2.6972994155302317,0.7325708811915073,56.0,38.0,-18.0,0.0,29.0,29.0
4HQ8_E,1,2,t075,low_or_equal,low_or_equal,214.0,214.0,0.0,1.3786950980391457,2.351983983940053,0.9732888859009075,0.0010232925415039062,0.003082275390625,0.0020589828491210938,3.9361841648748235,5.544940600279302,1.6087564354044788,0.32947397232055664,0.3686656951904297,0.03919172286987305,4.906536769867012,8.571397495269776,3.6648607254027645,14.614613246917724,19.414070224761964,4.79945697784424,14.614616394042969,19.414073944091797,4.799457550048828,14.614616394042969,19.414073944091797,4.799457550048828,107.0,107.0,0.0,38.0,48.0,10.0,31.0,44.0,13.0,23.0,41.0,18.0,306.6302857398987,519.7053623199463,213.0750765800476,273.4433159828186,485.0608835220337,211.6175675392151,0.893664426884965,0.7403999595779852,-0.15326446730697973,0.6484286809486968,0.6945723861591347,0.04614370521043798,0.878100732493458,0.8485615607404675,-0.02953917175299048,3.3626267457177024,3.0770548272352065,-0.28557191848249586,3.3626275452547953,3.077055497996194,-0.2855720472586012,22.0,27.0,5.0,16.0,18.0,2.0
4HQ8_E,2,2,t075,low_or_equal,low_or_equal,214.0,214.0,0.0,1.7850378317253612,0.43446712404768045,-1.3505707076776807,0.00026798248291015625,0.0019731521606445312,0.001705169677734375,4.496429565005764,1.0248893598890305,-3.4715402051167334,1.3587844371795654,0.08714175224304199,-1.2716426849365234,7.15194993019104,2.543178367614746,-4.608771562576294,15.896481704711913,2.570607185363769,-13.325874519348144,15.896526336669922,3.8217791461944595,-12.074747190475463,15.896526336669922,4.941845893859863,-10.954680442810059,107.0,107.0,0.0,84.0,35.0,-49.0,58.0,35.0,-23.0,50.0,34.0,-16.0,441.6962180137634,99.03108787536621,-342.6651301383972,394.7211060523987,75.78717517852783,-318.93393087387085,0.6917743246063358,0.6589046923785532,-0.03286963222778261,0.7371063760466819,0.7019908088019571,-0.035115567244724866,0.8143852478882136,0.836061600086137,0.0216763521979233,3.1383664903396444,2.084264062949564,-1.0541024273900805,3.138376416428191,4.3979174203742515,1.2595410039460604,24.0,35.0,11.0,17.0,25.0,8.0
4HQ8_E,3,2,t075,low_or_equal,low_or_equal,214.0,214.0,0.0,1.0185582392683654,1.1463582716255545,0.12780003235718906,0.00030803680419921875,0.002723217010498047,0.002415180206298828,2.845039081711606,2.8933875842181433,0.04834850250653755,0.2511014938354492,2.3648505210876465,2.1137490272521973,8.734339141845712,8.258644390106202,-0.4756947517395105,9.388986396789551,8.297553110122681,-1.0914332866668701,9.389240560531617,8.297557830810547,-1.0916827297210698,9.389244079589844,8.297558784484863,-1.0916852951049805,107.0,107.0,0.0,28.0,72.0,44.0,24.0,64.0,40.0,24.0,56.0,32.0,229.54496002197266,324.77012062072754,95.22516059875488,202.46811866760254,282.1099853515625,79.64186668395996,0.882816246177699,0.5613842463186356,-0.32143199985906346,0.6453992893335201,0.772022816912751,0.1266235275792309,0.8723878930391205,0.7693109060621475,-0.10307698697697298,2.9421135939143044,2.4715647767008497,-0.47054881721345465,2.942204166589369,2.4715667378491637,-0.4706374287402051,23.0,24.0,1.0,23.0,24.0,1.0
4HQ8_E,4,2,t075,low_or_equal,low_or_equal,214.0,214.0,0.0,0.7914256603918343,1.080050114159272,0.2886244537674377,0.0025119781494140625,0.19116592407226562,0.18865394592285156,1.6825512605962574,4.914553630575201,3.232002369978943,0.5619268417358398,1.9638326168060303,1.4019057750701904,4.440607738494873,10.9097318649292,6.469124126434326,4.445079374313354,11.476763105392456,7.031683731079101,4.445482435226441,11.476763725280762,7.031281290054321,4.445634841918945,11.476763725280762,7.031128883361816,107.0,107.0,0.0,71.0,106.0,35.0,49.0,75.0,26.0,46.0,50.0,4.0,203.32679653167725,506.7470784187317,303.42028188705444,160.4167079925537,453.36474657058716,292.94803857803345,0.4809131528778743,0.48951182696071355,0.008598674082839264,0.7797647532324392,0.7831879782161356,0.0034232249836964046,0.7531591866778298,0.7513472613556897,-0.0018119253221400289,2.17149622688271,2.1154948694732933,-0.056001357409416475,2.1718263610180553,2.115494995606479,-0.05633136541157624,46.0,37.0,-9.0,24.0,31.0,7.0
4HQ8_E,5,2,t075,low_or_equal,low_or_equal,214.0,214.0,0.0,1.4498591935523202,1.0897443361371477,-0.36011485741517246,0.03988504409790039,0.00026226043701171875,-0.03962278366088867,5.3599986262258605,2.392703045350673,-2.9672955808751875,0.9502444267272949,1.8882458209991455,0.9380013942718506,5.979816627502442,5.8582837104797365,-0.12153291702270508,16.816562175750732,6.75279278755188,-10.063769388198853,16.81656837463379,6.759548625946045,-10.057019748687743,16.81656837463379,6.759666919708252,-10.056901454925537,107.0,107.0,0.0,72.0,91.0,19.0,54.0,66.0,12.0,53.0,44.0,-9.0,521.8273425102234,293.0406951904297,-228.7866473197937,477.0389266014099,245.32622909545898,-231.71269750595093,0.6311595430116266,0.4916621956509118,-0.13949734736071479,0.7452850774247439,0.7951896154847664,0.049904538060022485,0.8019668208404807,0.7404534049746512,-0.06151341586582948,2.8669229329669768,2.366799533447645,-0.5001233995193317,2.8669240894753063,2.3696724901104993,-0.497251599364807,20.0,31.0,11.0,18.0,17.0,-1.0
4HQ8_E,6,2,t075,low_or_equal,low_or_equal,214.0,214.0,0.0,1.860184794274446,0.8051607319127734,-1.0550240623616727,0.0010495185852050781,0.0002040863037109375,-0.0008454322814941406,4.674958941525063,2.3188193635621963,-2.356139577962867,3.187147617340088,0.45297670364379883,-2.734170913696289,5.337298107147219,1.604780387878418,-3.7325177192688006,16.168270778656005,8.631831121444701,-7.536439657211304,16.168272018432617,8.634195413589477,-7.53407660484314,16.168272018432617,8.634201049804688,-7.53407096862793,107.0,107.0,0.0,86.0,39.0,-47.0,74.0,30.0,-44.0,60.0,19.0,-41.0,474.60475063323975,186.1018352508545,-288.50291538238525,429.56270694732666,152.87314319610596,-276.6895637512207,0.67084523077523,0.8321683606696948,0.16132312989446485,0.7486454815507035,0.6690548098725063,-0.07959067167819722,0.7987414784194165,0.8655336156930316,0.0667921372736151,3.0605800314716736,3.3752824875105882,0.31470245603891467,3.0605802966668607,3.376304528466959,0.3157242318000981,21.0,17.0,-4.0,18.0,17.0,-1.0
4HQ8_E,7,2,t075,low_or_equal,low_or_equal,214.0,214.0,0.0,0.803287662078287,1.682361932558434,0.8790742704801471,0.0029888153076171875,0.020399093627929688,0.0174102783203125,1.7523686688278657,3.4257194497719743,1.6733507809441086,0.6604876518249512,1.2437512874603271,0.583263635635376,4.4847768783569375,4.418118858337403,-0.0666580200195348,5.377075099945069,12.391879272460937,7.014804172515868,5.3774943542480464,12.392047882080078,7.014553527832032,5.92484188079834,12.392047882080078,6.467206001281738,107.0,107.0,0.0,69.0,84.0,15.0,43.0,71.0,28.0,32.0,49.0,17.0,189.57194328308105,377.5786008834839,188.00665760040283,151.02518367767334,331.74695777893066,180.72177410125732,0.6187165155310184,0.6074207709798158,-0.011295744551202525,0.7483724670179858,0.760461970637308,0.012089503619322262,0.8000680247503038,0.7882390102093206,-0.011829014540983174,2.6100600400063776,3.126209690234663,0.5161496502282854,2.922646535415283,3.1262589089817356,0.20361237356645256,30.0,17.0,-13.0,23.0,17.0,-6.0
4ND3_B,0,2,t075,high,high,317.0,317.0,0.0,1.9288217336973557,1.9597128362685725,0.030891102571216855,0.0,0.0,0.0,3.8699054943279645,4.377855869293662,0.5079503749656977,4.287628173828125,4.473635673522949,0.18600749969482422,7.684893417358401,10.200860786438001,2.5159673690796005,13.763792037963867,11.022964096069302,-2.7408279418945654,13.763845443725586,13.404031753540039,-0.3598136901855469,13.76385498046875,13.404031753540039,-0.35982322692871094,158.0,158.0,0.0,127.0,156.0,29.0,106.0,142.0,36.0,106.0,115.0,9.0,684.5987544059753,830.3249039649963,145.726149559021,614.8039927482605,751.9208426475525,137.116849899292,0.549406646017537,0.4592467202821187,-0.09015992573541826,0.7965487065132588,0.8272476772643222,0.030698970751063426,0.7601782796301182,0.7144635002307638,-0.04571477939935442,3.0582065431863303,2.0702488913283994,-0.9879576518579309,3.0582228077966613,2.6141378928306134,-0.44408491496604796,35.0,46.0,11.0,20.0,16.0,-4.0
4ND3_B,1,2,t075,high,high,317.0,317.0,0.0,1.6222575410307394,1.8095596084835401,0.18730206745280076,0.0,0.0,0.0,4.425252590531267,3.9211008514342076,-0.5041517390970593,3.3779420852661133,2.9142684936523438,-0.46367359161376953,10.211318016052246,5.015502166748047,-5.195815849304199,13.621842575073241,9.757526397704988,-3.864316177368254,13.621855735778809,16.14424705505371,2.5223913192749023,13.643144607543945,16.14424705505371,2.5011024475097656,158.0,158.0,0.0,107.0,148.0,41.0,94.0,129.0,35.0,89.0,88.0,-1.0,702.9272818565369,664.9464235305786,-37.98085832595825,639.0382332801819,588.3551349639893,-50.68309831619263,0.5716334764016537,0.525585293384347,-0.04604818301730673,0.7767834709252266,0.8039547409655858,0.02717127004035924,0.7870680515952755,0.7464936855548838,-0.04057436604039166,2.711615843063528,2.0269733144747724,-0.6846425285887556,2.7164295869199315,3.6557813710216154,0.9393517841016839,44.0,19.0,-25.0,22.0,16.0,-6.0
4ND3_B,2,2,t075,high,high,317.0,317.0,0.0,1.9378883199360843,2.2357702992315924,0.2978819792955081,0.0,0.0,0.0,3.7584207824011377,4.404743481621222,0.6463226992200841,4.95561408996582,4.207769393920898,-0.7478446960449219,7.828419876098633,11.147805786132812,3.319385910034179,8.62623538970944,13.434477615356444,4.808242225647005,11.174546241760254,13.512584686279297,2.338038444519043,11.174546241760254,13.512584686279297,2.338038444519043,158.0,158.0,0.0,123.0,133.0,10.0,115.0,113.0,-2.0,110.0,112.0,2.0,729.6026229858398,815.0042357444763,85.40161275863647,663.5988864898682,746.4770188331604,82.87813234329224,0.41654378219913685,0.5106634817394254,0.09411969954028859,0.8108716660671458,0.804462502683139,-0.006409163384006766,0.7263765410415384,0.7437442342421301,0.017367693200591727,1.7795631348920915,2.542419862326018,0.7628567274339264,2.4575901573008965,2.5601523525944647,0.10256219529356825,74.0,41.0,-33.0,16.0,39.0,23.0
4ND3_B,3,2,t075,high,high,317.0,317.0,0.0,2.032820548168868,2.854119315884467,0.8212987677155987,0.0,0.0,0.0,4.987577572869133,5.130915148739213,0.14333757587007945,2.4359302520751953,6.681713104248047,4.245782852172852,10.894103050231934,11.245998573303224,0.35189552307129013,12.216002082824703,11.616880416870098,-0.5991216659546055,14.320745468139648,13.941232223510742,-0.3795132446289067,14.320745468139648,13.941247940063477,-0.3794975280761719,158.0,158.0,0.0,137.0,146.0,9.0,136.0,146.0,10.0,111.0,141.0,30.0,888.636682510376,1136.5283632278442,247.89168071746826,817.0536670684814,1063.4771270751953,246.42346000671387,0.46036956404281026,0.35273210111365527,-0.10763746292915499,0.8079509177752124,0.8481346010906982,0.04018368331548572,0.7407419993204283,0.6517496867234904,-0.08899231259693785,2.0417089029450226,1.7078359019713758,-0.3338730009736468,2.4637060257094068,2.160848172845614,-0.30285785286379285,61.0,55.0,-6.0,19.0,14.0,-5.0
4ND3_B,4,2,t075,high,high,317.0,317.0,0.0,1.1777609725855878,2.779759974133705,1.6019990015481174,0.0,0.0,0.0,2.304383216525557,4.60985093510024,2.3054677185746826,2.1107969284057617,6.55675745010376,4.445960521697998,6.573708343505859,8.311931610107427,1.738223266601568,6.5976112365722654,10.063405799865698,3.465794563293433,6.634468612670898,14.849191665649414,8.214723052978517,6.634476661682129,14.849191665649414,8.214715003967285,158.0,158.0,0.0,101.0,158.0,57.0,83.0,158.0,75.0,81.0,153.0,72.0,404.71075916290283,1066.866816997528,662.1560578346252,340.7073287963867,987.8668169975281,647.1594882011414,0.5225928723720376,0.35094477941823,-0.17164809295380756,0.7853625899720283,0.8590791709059172,0.07371658093388889,0.771317830599624,0.6305476757425952,-0.14077015485702882,2.351974370026214,1.5800176466169427,-0.7719567234092712,2.3679723276773057,2.618182640053905,0.2502103123765993,44.0,62.0,18.0,43.0,14.0,-29.0
4ND3_B,5,2,t075,high,high,317.0,317.0,0.0,1.779369885237059,1.9172469268461882,0.13787704160912928,0.0,0.0,0.0,4.0781156530023175,3.5877621648244684,-0.4903534881778491,2.605952262878418,3.8256874084472656,1.2197351455688477,9.399430656433106,9.388429832458495,-0.01100082397461044,11.01924934387207,9.481167984008788,-1.5380813598632823,13.361833572387695,9.483837928771973,-3.877995643615723,13.361833572387695,9.483840942382812,-3.877992630004883,158.0,158.0,0.0,150.0,133.0,-17.0,115.0,109.0,-6.0,86.0,91.0,5.0,709.3886427879333,697.8286809921265,-11.559961795806885,632.3432106971741,628.6692543029785,-3.6739563941955566,0.5230913579550303,0.43322839105900957,-0.08986296689602069,0.8034959421747387,0.8103415164037263,0.006845574228987572,0.7547030125047289,0.732117123205376,-0.0225858892993529,2.26572276140148,2.108255985115632,-0.15746677628584793,2.840150861985388,2.1090010061764564,-0.7311498558089315,46.0,65.0,19.0,24.0,42.0,18.0
4ND3_B,6,2,t075,high,high,317.0,317.0,0.0,1.880748658526207,1.3591012533530828,-0.5216474051731241,0.0,0.0,0.0,4.673383116633257,2.7999550208823387,-1.8734280957509184,4.709012031555176,2.652594566345215,-2.056417465209961,6.915300178527835,6.924654388427735,0.009354209899899324,14.165697860717751,7.49996862411499,-6.665729236602761,15.887248992919922,7.543532295227051,-8.343716697692871,15.887248992919922,7.543535232543945,-8.343713760375977,158.0,158.0,0.0,127.0,119.0,-8.0,126.0,111.0,-15.0,106.0,98.0,-8.0,818.7356872558594,530.3034753799438,-288.4322118759155,749.6740026473999,465.20655155181885,-284.46745109558105,0.5084064846644765,0.44484664491472636,-0.0635598397497501,0.8091311338919299,0.8102157123722111,0.0010845784802812064,0.7383900857221803,0.7327840672502777,-0.005606018471902674,2.628705778147656,2.19320214966409,-0.4355036284835663,2.997079414384522,2.208761902625845,-0.7883175117586769,36.0,63.0,27.0,24.0,31.0,7.0
4ND3_B,7,2,t075,high,high,317.0,317.0,0.0,1.9791389399146433,1.6657447679561772,-0.3133941719584661,0.0,0.0,0.0,4.37893071907932,3.58520811117746,-0.7937226079018602,3.526505470275879,3.1499814987182617,-0.3765239715576172,7.495205688476566,6.961135387420654,-0.5340703010559116,14.784788131713867,10.64926528930664,-4.135522842407227,14.8765230178833,10.64937671661377,-4.227146301269531,14.8765230178833,10.649377822875977,-4.227145195007324,158.0,158.0,0.0,123.0,143.0,20.0,114.0,123.0,9.0,108.0,95.0,-13.0,754.9115333557129,675.3200087547302,-79.59152460098267,688.4268503189087,598.6187958717346,-89.80805444717407,0.5398379730448585,0.46536185257749363,-0.07447612046736485,0.7929411616597567,0.8203733037434859,0.02743214208372924,0.766536966885881,0.7259957037113607,-0.04054126317452034,2.9243781218104403,2.505718006534377,-0.4186601152760634,2.945327274024642,2.5057493948292393,-0.4395778791954026,43.0,55.0,12.0,23.0,27.0,4.0
4QYA_A,0,2,t075,low_or_equal,low_or_equal,116.0,116.0,0.0,1.7488536259223675,3.2892266553023766,1.540373029380009,0.0007543563842773438,3.0517578125e-05,-0.0007238388061523438,4.860418412282344,6.854609005668476,1.994190593386132,1.1949398517608643,0.09597897529602051,-1.0989608764648438,12.546867847442627,18.881885528564453,6.335017681121826,12.689278841018677,19.49668312072754,6.807404279708862,12.934791231155396,20.399915504455567,7.465124273300171,12.962186813354492,21.10835075378418,8.146163940429688,58.0,58.0,0.0,49.0,26.0,-23.0,37.0,25.0,-12.0,21.0,25.0,4.0,274.3632164001465,391.3099699020386,116.94675350189209,248.66941738128662,376.6119394302368,127.9425220489502,0.5567497764369735,0.6037772636884683,0.04702748725149475,0.716991244068337,0.6721530695818015,-0.04483817448653549,0.7861267455498526,0.8185070174109743,0.03238027186112169,2.250922510590797,2.3644611168955474,0.11353860630475054,2.3070715803182456,2.5995828622385506,0.29251128192030507,20.0,16.0,-4.0,15.0,15.0,0.0
4QYA_A,1,2,t075,low_or_equal,low_or_equal,116.0,116.0,0.0,0.7912303168198158,0.7740631720115398,-0.01716714480827597,0.007396697998046875,0.08767175674438477,0.08027505874633789,1.3424250164788423,1.9404159463736714,0.5979909298948292,2.389488935470581,1.3747467994689941,-1.014742136001587,2.6155710220336914,4.5215840339660645,1.906013011932373,3.2027111053466797,5.120084762573242,1.9173736572265625,4.3249427318572975,6.271444964408873,1.946502232551575,5.06287956237793,7.02466344833374,1.9617838859558105,58.0,58.0,0.0,43.0,36.0,-7.0,35.0,36.0,1.0,31.0,21.0,-10.0,102.72195529937744,122.34453248977661,19.62257719039917,78.00099754333496,97.15110540390015,19.150107860565186,0.4018896837993862,0.526018296375399,0.12412861257601276,0.788224155656815,0.763342469728043,-0.024881685928772046,0.7020768793670666,0.7531184318189954,0.05104155245192876,1.7963616283404316,2.239737103111178,0.44337547477074657,3.1820393639285545,3.221268248183374,0.03922888425481963,31.0,17.0,-14.0,5.0,10.0,5.0
4QYA_A,2,2,t075,low_or_equal,low_or_equal,116.0,116.0,0.0,0.8892113258098734,0.6696343421936035,-0.21957698361626987,0.0002536773681640625,1.430511474609375e-05,-0.00023937225341796875,2.833708432017279,2.612002653669075,-0.22170577834820415,0.1667766571044922,2.3544881343841553,2.187711477279663,7.4732582569122314,4.884223461151123,-2.5890347957611084,8.087759494781494,5.497209429740906,-2.5905500650405884,9.240756559371945,6.647999644279477,-2.592756915092468,9.994636535644531,7.40168571472168,-2.5929508209228516,58.0,58.0,0.0,18.0,43.0,25.0,16.0,35.0,19.0,16.0,30.0,14.0,129.66722297668457,156.9711389541626,27.303915977478027,116.56908226013184,133.28976726531982,16.72068500518799,0.770848394397132,0.4386947456839047,-0.33215364871322733,0.6172908146768917,0.7641374596451772,0.14684664496828548,0.8625593144309525,0.7343886129573283,-0.1281707014736242,2.540327751308934,1.848227481992033,-0.6921002693169012,3.213254090277957,2.577352424612424,-0.635901665665533,15.0,27.0,12.0,15.0,4.0,-11.0
4QYA_A,3,2,t075,low_or_equal,low_or_equal,116.0,116.0,0.0,1.7538245546406712,2.261513693579312,0.5076891389386409,0.05144691467285156,0.000591278076171875,-0.05085563659667969,4.135686402098944,6.505695427649056,2.370009025550112,1.2959866523742676,2.3238918781280518,1.0279052257537842,11.497867107391357,17.39521598815918,5.897348880767822,12.112656354904175,17.940692901611328,5.828036546707153,13.266057968139647,18.844987487792967,5.57892951965332,14.02002239227295,19.293594360351562,5.273571968078613,58.0,58.0,0.0,54.0,46.0,-8.0,44.0,46.0,2.0,16.0,31.0,15.0,236.54392337799072,372.16930770874023,135.6253843307495,208.59271335601807,348.6111307144165,140.01841735839844,0.626746772152838,0.5838589010996715,-0.04288787105316649,0.7262736712594687,0.7249619447023663,-0.0013117265571024328,0.7822980351697211,0.78891486014747,0.0066168249777489585,2.504743056680068,2.4100696662490324,-0.09467339043103573,2.965940026643929,2.6180261366657747,-0.3479138899781544,15.0,16.0,1.0,15.0,14.0,-1.0
4QYA_A,4,2,t075,low_or_equal,low_or_equal,116.0,116.0,0.0,1.9400032183219647,1.162444599743547,-0.7775586185784176,0.013491153717041016,0.0050525665283203125,-0.008438587188720703,4.505890034703285,1.9464159318657204,-2.559474102837564,3.819242000579834,2.939335823059082,-0.879906177520752,12.110222339630127,4.778757572174072,-7.331464767456055,12.110223770141602,5.05698823928833,-7.0532355308532715,12.110223770141602,5.498179721832274,-6.612044048309327,12.110223770141602,5.606576919555664,-6.5036468505859375,58.0,58.0,0.0,41.0,45.0,4.0,37.0,44.0,7.0,34.0,34.0,0.0,286.4068808555603,153.169264793396,-133.2376160621643,261.71325635910034,129.24199676513672,-132.47125959396362,0.5073994167106395,0.40188602033570653,-0.10551339637493296,0.7479178302778149,0.7932282913914915,0.04531046111367665,0.7617975430353177,0.690174841187821,-0.07162270184749664,2.2570947079247468,2.0008794501654643,-0.25621525775928244,2.2570947079247468,2.283238770837758,0.02614406291301119,18.0,19.0,1.0,15.0,6.0,-9.0
4QYA_A,5,2,t075,low_or_equal,low_or_equal,116.0,116.0,0.0,3.2553919266010154,1.1109512797717391,-2.1444406468292763,0.0031557083129882812,0.9177660942077637,0.9146103858947754,6.444837380347638,3.446151180751616,-2.9986861995960226,1.0412309169769287,3.8361414670944214,2.7949105501174927,18.388863563537598,6.244555473327637,-12.144308090209961,18.88306427001953,6.244598627090454,-12.638465642929077,19.63107748031616,6.244604015350342,-13.38647346496582,19.95221710205078,6.244637489318848,-13.707579612731934,58.0,58.0,0.0,42.0,58.0,16.0,29.0,58.0,29.0,27.0,49.0,22.0,384.4766502380371,245.97920751571655,-138.49744272232056,360.77174377441406,216.97920751571655,-143.7925362586975,0.5933597396529776,0.30464033158166354,-0.2887194080713141,0.7044859085076476,0.8344227917841186,0.12993688327647102,0.8031968610242273,0.6170518779351581,-0.18614498308906913,2.424835790437826,1.4896756056416107,-0.9351601847962154,2.590728701140498,1.4896868826362506,-1.1010418185042474,16.0,26.0,10.0,15.0,0.0,-15.0
4QYA_A,6,2,t075,low_or_equal,low_or_equal,116.0,116.0,0.0,0.6616580486297607,1.3506937972430526,0.6890357486132919,0.0033130645751953125,0.0003376007080078125,-0.0029754638671875,1.73659874859302,2.5754488966928055,0.8388501480997854,0.42249131202697754,1.117370843887329,0.6948795318603516,4.440698146820068,6.781737327575684,2.3410391807556152,5.0516417026519775,7.06591534614563,2.0142736434936523,6.201491689682005,7.536243486404418,1.3347517967224132,6.954385757446289,7.694884300231934,0.7404985427856445,58.0,58.0,0.0,27.0,41.0,14.0,15.0,37.0,22.0,15.0,20.0,5.0,87.83691596984863,163.2412257194519,75.40430974960327,68.44922542572021,140.86189603805542,72.4126706123352,0.723127474968916,0.5264515058454922,-0.1966759691234239,0.6717957470275168,0.7295305894042433,0.05773484237672655,0.8328229599872621,0.7768094164363997,-0.05601354355086241,2.5279205444429524,2.219116658164574,-0.3088038862783784,3.6235933683096637,2.4633338720623055,-1.1602594962473582,15.0,20.0,5.0,14.0,17.0,3.0
4QYA_A,7,2,t075,low_or_equal,low_or_equal,116.0,116.0,0.0,2.9458037779248993,5.071239915387384,2.1254361374624846,0.1892871856689453,0.0008335113525390625,-0.18845367431640625,4.34032825766502,7.2708441497719,2.9305158921068797,7.210570812225342,7.937092185020447,0.726521372795105,9.36843490600586,17.891796112060547,8.523361206054688,9.795176029205322,18.05486011505127,8.259684085845947,10.434619569778441,18.271470737457275,7.836851167678834,10.645977020263672,18.296749114990234,7.6507720947265625,58.0,58.0,0.0,57.0,52.0,-5.0,57.0,49.0,-8.0,57.0,49.0,-8.0,400.7415108680725,611.4163036346436,210.67479276657104,371.8629364967346,584.813175201416,212.9502387046814,0.29635136074615326,0.3549815602769532,0.058630199530799954,0.8386849946415788,0.7989486604604478,-0.03973633418113098,0.5978921283750598,0.6763743903511097,0.0784822619760499,1.5780770127661268,1.7857101503229451,0.20763313755681834,1.7740992812560352,1.8189785019690952,0.04487922071305994,20.0,25.0,5.0,0.0,0.0,0.0
4ZIE_A,0,1,t075,low_or_equal,not_tier2,147.0,147.0,0.0,3.0367839190424704,-0.6540392499391724,-3.690823168981643,0.0,0.0,0.0,5.030731877364488,4.051795945906726,-0.9789359314577624,7.397008657455444,1.4572043418884277,-5.939804315567017,13.975088119506836,6.595278930664063,-7.379809188842773,13.977102279663086,6.5952863693237305,-7.3818159103393555,13.978331146240235,6.596425037384034,-7.381906108856201,13.978622436523438,6.596640586853027,-7.38198184967041,73.0,73.0,0.0,61.0,56.0,-5.0,60.0,42.0,-18.0,45.0,33.0,-12.0,472.39759063720703,207.66866254806519,-264.72892808914185,439.1148519515991,179.23909044265747,-259.87576150894165,0.44381777632797725,0.4763977140132,0.03257993768522277,0.7827689736399233,0.7577489143346632,-0.02502005930526008,0.7275145405988088,0.7569773457037285,0.02946280510491972,2.174697166797141,1.7891635501996195,-0.3855336165975216,2.1749993408937556,1.7894977766876698,-0.3855015642060857,24.0,33.0,9.0,17.0,0.0,-17.0
4ZIE_A,1,1,t075,low_or_equal,not_tier2,147.0,147.0,0.0,0.9509619498739437,3.68307825335029,2.7321163034763467,0.0,0.0,0.0,2.6006997037629915,5.706211872555582,3.1055121687925906,0.5148963928222656,7.42898154258728,6.914085149765015,7.392385387420655,15.170196342468262,7.777810955047608,7.392592287063598,15.179258346557617,7.786666059494019,7.392657375335693,15.179450988769531,7.786793613433838,7.392733573913574,15.179450988769531,7.786717414855957,73.0,73.0,0.0,41.0,68.0,27.0,28.0,67.0,39.0,25.0,66.0,41.0,178.56488132476807,584.9426422119141,406.377760887146,150.34238529205322,549.6616134643555,399.31922817230225,0.6209998305426455,0.38925098535140434,-0.23174884519124117,0.7137854052841731,0.8111130810763109,0.09732767579213775,0.8090584060783836,0.6843406012654478,-0.12471780481293582,2.4768835586319953,2.0146780999315843,-0.46220545870041096,2.476937885107971,2.0147118600190494,-0.4622260250889214,22.0,23.0,1.0,17.0,23.0,6.0
4ZIE_A,2,1,t075,low_or_equal,not_tier2,147.0,147.0,0.0,1.1271305570797043,2.0254168769940226,0.8982863199143183,0.0,0.0,0.0,2.5714651626207763,6.4394526086194,3.867987445998624,0.8677000999450684,8.069443225860596,7.201743125915527,7.777213478088379,15.510887145996094,7.7336736679077145,7.777235984802246,15.510982513427734,7.733746528625488,7.778048667907715,15.510984420776367,7.732935752868652,7.778057098388672,15.510984420776367,7.732927322387695,73.0,73.0,0.0,54.0,69.0,15.0,25.0,66.0,41.0,24.0,43.0,19.0,185.48013734817505,516.5880990028381,331.1079616546631,156.78057146072388,481.2006974220276,324.4201259613037,0.6289686261820308,0.45038698520621095,-0.1785816409758198,0.7234335637539777,0.7863953080373282,0.06296174428335044,0.8011676382179844,0.7250809329423871,-0.07608670527559735,2.5861153105978354,2.094209936164897,-0.49190537443293847,2.5864346280042545,2.094210232362221,-0.4922243956420336,20.0,34.0,14.0,17.0,17.0,0.0
4ZIE_A,3,1,t075,low_or_equal,not_tier2,147.0,147.0,0.0,1.517326342005308,1.3084444221185179,-0.20888191988679017,0.0,0.0,0.0,3.225796674174829,5.6440387950499975,2.4182421208751683,2.384098529815674,6.070611000061035,3.6865124702453613,6.571739959716835,12.513129043579102,5.941389083862267,10.53326768875122,12.513130187988281,1.9798624992370613,10.533272304534911,12.578379325866699,2.0451070213317877,10.533273696899414,12.591690063476562,2.0584163665771484,73.0,73.0,0.0,54.0,69.0,15.0,46.0,67.0,21.0,40.0,60.0,20.0,242.72177124023438,438.46944761276245,195.74767637252808,210.41112518310547,403.5072627067566,193.09613752365112,0.6509470248470266,0.4287257871414231,-0.22222123770560348,0.7431540670556073,0.809146137795897,0.06599207074028968,0.7828581893321453,0.6919110133859765,-0.09094717594616886,2.7949502890017777,1.9852247960621092,-0.8097254929396684,2.794952151533363,1.9991438845625604,-0.7958082669708026,15.0,19.0,4.0,15.0,0.0,-15.0
4ZIE_A,4,1,t075,low_or_equal,not_tier2,147.0,147.0,0.0,-2.8502139834319653,1.8786946316154636,4.728908615047429,0.0,0.0,0.0,5.102015476017008,4.458626409242821,-0.6433890667741871,0.7257002592086792,1.2154436111450195,0.48974335193634033,4.549374008178711,13.476529121398926,8.927155113220214,4.549375057220459,13.478504180908203,8.929129123687744,4.622443151473999,13.510558071136474,8.888114919662474,4.656647205352783,13.522314071655273,8.86566686630249,73.0,73.0,0.0,52.0,60.0,8.0,23.0,58.0,35.0,17.0,32.0,15.0,108.01554751396179,318.11287212371826,210.09732460975647,80.587730884552,287.17708110809326,206.58935022354126,0.6348195799641498,0.6359973959299144,0.001177815965764606,0.7322823102895195,0.7270059062650612,-0.005276404024458281,0.78800448967615,0.7965649028882824,0.008560413212132412,1.4503266553062406,2.601655416844548,1.1513287615383072,1.4713521007672703,2.6114812884753826,1.1401291877081123,17.0,18.0,1.0,0.0,18.0,18.0
4ZIE_A,5,1,t075,low_or_equal,not_tier2,147.0,147.0,0.0,2.484893558787651,0.09321258505996392,-2.391680973727687,0.0,0.0,0.0,4.101216339031396,3.3663709288446433,-0.7348454101867525,6.366400241851807,2.006702423095703,-4.3596978187561035,11.169654846191406,6.976125907897949,-4.193528938293457,11.169893264770508,6.976134157180786,-4.193759107589722,11.169893264770508,6.976147546768188,-4.19374571800232,11.169893264770508,6.976149559020996,-4.193743705749512,73.0,73.0,0.0,51.0,63.0,12.0,48.0,39.0,-9.0,47.0,38.0,-9.0,387.90961742401123,210.00467824935913,-177.9049391746521,360.1819715499878,175.418541431427,-184.7634301185608,0.4319256406192642,0.49828441785988664,0.06635877724062245,0.774833025933498,0.7748609779453631,2.7952011865117754e-05,0.7195536546548869,0.7436447696678257,0.024091115012938813,2.117664367843135,2.044611754796456,-0.07305261304667887,2.117664367843135,2.0446163300023783,-0.07304803784075675,18.0,22.0,4.0,17.0,18.0,1.0
4ZIE_A,6,1,t075,low_or_equal,not_tier2,147.0,147.0,0.0,2.713759843994971,2.248156709735896,-0.46560313425907474,0.0,0.0,0.0,4.415185528059086,5.25609601647794,0.8409104884188539,5.133650779724121,4.4344096183776855,-0.6992411613464355,12.081428527832031,15.167123794555664,3.085695266723633,12.081429481506348,15.167123794555664,3.0856943130493164,12.081430950164794,15.167140083312988,3.0857091331481943,12.08143138885498,15.167142868041992,3.0857114791870117,73.0,73.0,0.0,68.0,45.0,-23.0,68.0,45.0,-23.0,63.0,45.0,-18.0,440.05365467071533,403.7964849472046,-36.25716972351074,405.50472354888916,373.70819759368896,-31.796525955200195,0.41181670488090233,0.5634197346876212,0.15160302980671886,0.8084217152522291,0.7438391097366926,-0.0645826055155364,0.6894839289880885,0.7786732907946641,0.08918936180657555,2.1216933191093785,2.4579016525418504,0.3362083334324719,2.12169375110677,2.4579052813732623,0.3362115302664921,22.0,21.0,-1.0,19.0,17.0,-2.0
4ZIE_A,7,1,t075,low_or_equal,not_tier2,147.0,147.0,0.0,1.4270444629954644,2.546652631694768,1.1196081686993036,0.0,0.0,0.0,2.681173328017857,4.7513157727713855,2.0701424447535284,1.1909370422363281,5.1362996101379395,3.9453625679016113,7.726795482635498,13.484547424316407,5.757751941680909,7.726895189285278,13.484549522399902,5.757654333114624,7.727037267684937,13.484549522399902,5.757512254714966,7.727046012878418,13.484549522399902,5.757503509521484,73.0,73.0,0.0,53.0,46.0,-7.0,40.0,45.0,5.0,35.0,44.0,9.0,224.94670915603638,393.40985202789307,168.4631428718567,196.34408044815063,367.19055461883545,170.84647417068481,0.5152506974595332,0.5141412675161846,-0.0011094299433486166,0.7514201731105269,0.743194210871504,-0.008225962239022944,0.7668070386944568,0.7738280032911959,0.0070209645967391765,2.349661866488572,2.3020774483959823,-0.04758441809258951,2.3497181193207046,2.3020774483959823,-0.04764067092472235,33.0,22.0,-11.0,16.0,17.0,1.0
5AL8_A,0,2,t075,high,high,116.0,116.0,0.0,4.789180710397917,2.928281747061631,-1.8608989633362865,0.0489959716796875,0.0032444000244140625,-0.04575157165527344,5.982760538159169,5.119478249412859,-0.8632822887463094,9.269684314727783,4.890608549118042,-4.379075765609741,14.887042045593262,13.920815467834473,-0.9662265777587891,15.002503871917725,14.036278247833252,-0.9662256240844727,15.238820266723632,14.261768674850464,-0.9770515918731686,15.322979927062988,14.34591293334961,-0.9770669937133789,58.0,58.0,0.0,56.0,36.0,-20.0,55.0,36.0,-19.0,54.0,36.0,-18.0,583.9307780265808,352.8810601234436,-231.0497179031372,555.7232422828674,333.18125200271606,-222.54199028015137,0.30926956408101247,0.47878549032613776,0.1695159262451253,0.8331570307704872,0.7397180112657284,-0.09343901950475875,0.6068582536456515,0.7589130633191308,0.15205480967347929,1.7071255144472717,2.16975167382449,0.4626261593772185,1.7606921001565286,2.2302333616902152,0.4695412615336867,27.0,18.0,-9.0,0.0,16.0,16.0
5AL8_A,1,2,t075,high,high,116.0,116.0,0.0,1.5529050333746548,2.9231067936995934,1.3702017603249386,0.0041484832763671875,0.001537322998046875,-0.0026111602783203125,3.172562768374262,5.880805541338255,2.7082427729639926,2.485722541809082,3.4251742362976074,0.9394516944885254,8.461723327636719,16.343341827392578,7.881618499755859,9.075613021850586,16.958045482635498,7.882432460784912,10.228953981399535,17.72110414505005,7.492150163650514,10.982902526855469,18.17296600341797,7.1900634765625,58.0,58.0,0.0,51.0,30.0,-21.0,51.0,30.0,-21.0,39.0,30.0,-9.0,212.8986940383911,354.9713611602783,142.0726671218872,186.36468601226807,336.38214683532715,150.01746082305908,0.5251764016022167,0.5775401572937322,0.05236375569151552,0.7726185690209229,0.702605039145612,-0.07001352987531084,0.7300647490893317,0.8007257519940731,0.07066100290474142,2.371177038155448,2.3865673826960223,0.015390344540574308,2.972359629093514,2.5931582165949445,-0.37920141249856965,15.0,16.0,1.0,15.0,15.0,0.0
5AL8_A,2,2,t075,high,high,116.0,116.0,0.0,2.069881554307609,3.6719252323282174,1.6020436780206087,0.02106952667236328,0.00010204315185546875,-0.020967483520507812,4.99792978540252,6.0388574722591795,1.0409276868566595,1.2311336994171143,10.003384828567505,8.77225112915039,14.44353437423706,15.02446985244751,0.5809354782104492,15.058335065841675,15.639269590377808,0.5809345245361328,16.211725759506223,16.79036350250244,0.578637742996218,16.965688705444336,17.543901443481445,0.5782127380371094,58.0,58.0,0.0,54.0,41.0,-13.0,35.0,36.0,1.0,20.0,36.0,16.0,268.12523651123047,437.2053508758545,169.08011436462402,239.64331340789795,413.5239133834839,173.88059997558594,0.6847592660319793,0.4358753049708217,-0.24888396106115762,0.6976244867588558,0.7516501995325782,0.05402571277372237,0.8105380282642203,0.7405124718964615,-0.07002555636775876,2.59876670325972,1.9817232668636775,-0.6170434363960426,2.9803954418573446,2.2971193267728545,-0.6832761150844902,15.0,30.0,15.0,14.0,6.0,-8.0
5AL8_A,3,2,t075,high,high,116.0,116.0,0.0,1.6803127239490379,0.7370942296652958,-0.943218494283742,0.08680248260498047,0.010165214538574219,-0.07663726806640625,3.2774303587954527,1.585014728524799,-1.6924156302706537,3.387876510620117,2.086198091506958,-1.3016784191131592,7.827608108520508,3.7328147888183594,-4.094793319702148,8.427443265914917,4.104172229766846,-4.323271036148071,8.944827699661255,5.246431541442869,-3.6983961582183866,9.601703643798828,5.972738265991211,-3.628965377807617,58.0,58.0,0.0,35.0,30.0,-5.0,35.0,30.0,-5.0,35.0,30.0,-5.0,224.2605218887329,102.30764961242676,-121.95287227630615,202.0217981338501,80.89301490783691,-121.12878322601318,0.45457900197156165,0.5149995228256299,0.06042052085406824,0.7531780731499857,0.7498820179081096,-0.00329605524187615,0.7467618207386542,0.7608291859456162,0.014067365206962057,2.058664808501267,2.124319692117529,0.06565488361626182,2.41695171297587,3.3032147538457393,0.8862630408698693,21.0,16.0,-5.0,8.0,8.0,0.0
5AL8_A,4,2,t075,high,high,116.0,116.0,0.0,-0.8133387688932747,2.348159510513832,3.1614982794071067,0.004899501800537109,0.0042629241943359375,-0.0006365776062011719,4.259072367101456,4.184581882679916,-0.07449048442153927,2.1427464485168457,5.279270172119141,3.136523723602295,5.203345537185669,10.946674346923828,5.743328809738159,5.466739177703857,11.561418056488037,6.09467887878418,5.846139287948608,12.714718294143674,6.868579006195066,5.969733238220215,13.468667030334473,7.498933792114258,58.0,58.0,0.0,55.0,50.0,-5.0,54.0,45.0,-9.0,29.0,36.0,7.0,181.13199090957642,301.6342945098877,120.50230360031128,153.47731924057007,276.49296951293945,123.01565027236938,0.3655536975880068,0.4695689966288221,0.1040152990408153,0.8165890358209315,0.7706572968696337,-0.04593173895129776,0.6563368830327168,0.7307490499475682,0.07441216691485142,1.4745177835217407,2.2017154411789868,0.7271976576572461,1.5926172232968563,2.657495499334996,1.0648782760381397,26.0,15.0,-11.0,0.0,15.0,15.0
5AL8_A,5,2,t075,high,high,116.0,116.0,0.0,1.4234872809771835,3.284408894078485,1.8609216131013016,0.0047893524169921875,0.016486167907714844,0.011696815490722656,2.337867935973604,6.524734789050046,4.186866853076442,4.018599987030029,4.327348232269287,0.3087482452392578,5.059252738952637,16.218791007995605,11.159538269042969,5.490181088447571,16.218791961669922,10.728610873222351,5.952439785003661,16.218791961669922,10.26635217666626,6.171546936035156,16.218791961669922,10.047245025634766,58.0,58.0,0.0,46.0,52.0,6.0,45.0,52.0,7.0,41.0,52.0,11.0,189.37841749191284,474.54892587661743,285.1705083847046,164.56727933883667,447.6378197669983,283.0705404281616,0.3498525829920443,0.4101273713358728,0.06027478834382849,0.7988176317729948,0.7898036759809329,-0.009013955792061878,0.6708552590671477,0.7027248539864965,0.03186959491934882,1.7394882511944862,1.9823615036887328,0.24287325249424652,2.0309357864051654,1.9823615036887328,-0.048574282716432604,36.0,26.0,-10.0,1.0,0.0,-1.0
5AL8_A,6,2,t075,high,high,116.0,116.0,0.0,-0.05261053299081737,3.2910044522121034,3.3436149852029207,0.0025835037231445312,0.0010766983032226562,-0.001506805419921875,3.3252064722098877,5.645091591479452,2.319885119269564,2.7924665212631226,10.3183012008667,7.525834679603577,5.7710862159729,13.667768001556396,7.896681785583496,5.981778979301453,14.282566785812378,8.300787806510925,6.3763159751892085,15.434692716598509,9.058376741409301,6.5074543952941895,16.188373565673828,9.680919170379639,58.0,58.0,0.0,39.0,46.0,7.0,39.0,39.0,0.0,39.0,37.0,-2.0,161.13035917282104,411.4979028701782,250.36754369735718,139.59870862960815,386.2427282333374,246.64401960372925,0.4511355057178531,0.4235476830607748,-0.02758782265707832,0.769063108771759,0.7614947276509174,-0.007568381120841572,0.7242791896599168,0.7309496392962349,0.006670449636318132,1.8147412988408793,1.9471007964141167,0.1323594975732374,1.972829351533553,2.284705022842971,0.31187567130941773,21.0,30.0,9.0,0.0,4.0,4.0
5AL8_A,7,2,t075,high,high,116.0,116.0,0.0,1.5363008934876015,3.0975424421244653,1.5612415486368638,0.0003886222839355469,0.013772964477539062,0.013384342193603516,3.424484207564093,5.912812480352591,2.488328272788498,5.758781909942627,5.677997946739197,-0.08078396320343018,7.350724458694458,14.781341552734375,7.430617094039917,7.744200110435486,14.896804332733154,7.1526042222976685,8.884666872024534,15.122326231002807,6.237659358978274,9.63633918762207,15.20523452758789,5.56889533996582,58.0,58.0,0.0,43.0,52.0,9.0,43.0,52.0,9.0,43.0,49.0,6.0,244.12217378616333,455.93780040740967,211.81562662124634,221.12062406539917,428.96281719207764,207.84219312667847,0.3944404528775861,0.39321057333612347,-0.0012298795414626418,0.7816919140070123,0.80705809195812,0.025366177951107627,0.7012976389009955,0.6692971414018904,-0.03200049749910505,1.8127983195938557,1.9955413654358067,0.182743045841951,2.3653308945746883,2.047704392063085,-0.3176265025116032,30.0,20.0,-10.0,3.0,6.0,3.0
5HGJ_A,0,1,t075,high,not_tier2,194.0,194.0,0.0,2.5252453666372396,3.2364926313616564,0.7112472647244168,0.004437446594238281,0.021540164947509766,0.017102718353271484,5.497976135372769,5.878033902801033,0.3800577674282639,1.1727616786956787,2.250539779663086,1.0777781009674072,15.93594846725464,15.01796817779543,-0.9179802894592104,16.55835247039795,16.04272747039795,-0.515625,17.85263748168945,17.33703346252441,-0.5156040191650391,18.922866821289062,18.407257080078125,-0.5156097412109375,97.0,97.0,0.0,63.0,84.0,21.0,53.0,81.0,28.0,44.0,62.0,18.0,524.8813915252686,673.9965319633484,149.11514043807983,486.0040636062622,629.1776394844055,143.1735758781433,0.6408117071824252,0.4838047768398576,-0.15700693034256757,0.7302462567385608,0.7781431906200418,0.047896933881480974,0.8106745123948584,0.7511648882121096,-0.059509624182748855,2.552413244116282,2.1786595740684302,-0.37375367004785165,2.9824831994364494,2.580924965656835,-0.4015582337796144,23.0,43.0,20.0,23.0,20.0,-3.0
5HGJ_A,1,1,t075,high,not_tier2,194.0,194.0,0.0,3.0070836789829216,3.731458545960102,0.7243748669771803,0.008353710174560547,0.015995025634765625,0.007641315460205078,6.487264704756614,6.362421249643348,-0.12484345511326556,4.2173912525177,5.295504808425903,1.0781135559082031,14.290203857421881,16.683454513549805,2.3932506561279236,14.988234519958496,16.695880889892578,1.707646369934082,16.28254064559936,16.69588279724121,0.4133421516418494,17.352771759033203,16.69588279724121,-0.6568889617919922,97.0,97.0,0.0,89.0,77.0,-12.0,89.0,59.0,-30.0,89.0,58.0,-31.0,768.3703856468201,744.5455341339111,-23.824851512908936,722.9461464881897,703.6802825927734,-19.26586389541626,0.39706179516098133,0.4484203327386382,0.05135853757765685,0.8067145324692432,0.768969676504324,-0.037744855964919166,0.7060960028463481,0.7503543455473485,0.044258342701000375,1.8468725088696805,2.037655451477566,0.19078294260788553,2.2113616035324855,2.0376557512610223,-0.17370585227146318,47.0,47.0,0.0,3.0,23.0,20.0
5HGJ_A,2,1,t075,high,not_tier2,194.0,194.0,0.0,2.777839412394258,2.5822358795048035,-0.19560353288945453,0.0029358863830566406,0.0010075569152832031,-0.0019283294677734375,5.234983803929289,6.989107929764327,1.7541241258350375,6.345117211341858,5.91256046295166,-0.43255674839019775,11.107026481628418,13.916685104370117,2.809658622741699,12.955591678619385,15.566569328308105,2.6109776496887207,12.955598831176758,16.860852336883543,3.905253505706785,12.955598831176758,17.93083953857422,4.975240707397461,97.0,97.0,0.0,78.0,87.0,9.0,77.0,85.0,8.0,77.0,71.0,-6.0,667.1567254066467,794.7284283638,127.57170295715332,627.1387228965759,750.3465723991394,123.20784950256348,0.37716821321889477,0.39560530314744535,0.018437089928550587,0.8116878953341088,0.8096452382878709,-0.00204265704623785,0.6887356615986198,0.7014698907890242,0.012734229190404456,1.9441802778044663,1.8577955268808009,-0.08638475092366549,1.9441816441042756,2.1960747799736686,0.251893135869393,44.0,40.0,-4.0,0.0,3.0,3.0
5HGJ_A,3,1,t075,high,not_tier2,194.0,194.0,0.0,2.414399928653363,1.326789209523152,-1.0876107191302111,0.0057773590087890625,7.534027099609375e-05,-0.005702018737792969,4.796753650028221,2.3990088399697105,-2.397744810058511,2.1647353172302246,0.9757847785949707,-1.188950538635254,13.606507587432898,5.740753078460702,-7.865754508972196,14.913323402404785,6.413049459457397,-8.500273942947388,16.207492198944088,7.706077337265012,-8.501414861679077,17.2750301361084,8.775814056396484,-8.499216079711914,97.0,97.0,0.0,80.0,75.0,-5.0,64.0,48.0,-16.0,52.0,47.0,-5.0,491.9757432937622,276.7120690345764,-215.2636742591858,447.68717861175537,235.67225217819214,-212.01492643356323,0.6162994500612095,0.48264182436081116,-0.1336576257003983,0.7588994453131068,0.7790980778684723,0.02019863255536547,0.7851629361028463,0.7520556710146504,-0.033107265088195836,2.605704688144217,2.1201506910655916,-0.48555399707862534,3.0980599154529447,3.105042683780766,0.006982768327821187,23.0,45.0,22.0,23.0,14.0,-9.0
5HGJ_A,4,1,t075,high,not_tier2,194.0,194.0,0.0,3.2848686754089043,2.527852660601901,-0.7570160148070033,0.023783206939697266,1.1575813293457031,1.1337981224060059,5.12004165989252,6.689242533644556,1.5692008737520364,5.871090888977051,5.5363277196884155,-0.33476316928863525,13.237423229217532,13.696647644042969,0.45922441482543697,14.446553850173949,14.285365104675293,-0.1611887454986558,15.740833539962766,15.579617538452146,-0.16121600151062054,16.81106185913086,16.649751663208008,-0.16131019592285156,97.0,97.0,0.0,94.0,97.0,3.0,73.0,97.0,24.0,73.0,97.0,24.0,674.9069838523865,797.7665934562683,122.85960960388184,627.3335471153259,749.2665934562683,121.93304634094238,0.43514395473346423,0.36466641545536815,-0.07047753927809608,0.8117226071213678,0.8330440028144589,0.021321395693091105,0.7043384304683828,0.665107107623021,-0.039231322845361793,2.179998897704155,1.7576747120376044,-0.4223241856665505,2.641813110560881,2.1111357424368875,-0.5306773681239934,43.0,41.0,-2.0,19.0,2.0,-17.0
5HGJ_A,5,1,t075,high,not_tier2,194.0,194.0,0.0,3.668794167410467,3.3408113976114806,-0.32798276979898633,0.000263214111328125,0.007556438446044922,0.007293224334716797,5.557639544409363,7.286029814897854,1.7283902704884913,7.591653227806091,8.622430324554443,1.030777096748352,11.67832622528082,14.935417175292969,3.2570909500121488,16.722222328186035,14.985578536987305,-1.7366437911987305,18.001860771179196,14.985578536987305,-3.016282234191891,19.070144653320312,14.985578536987305,-4.084566116333008,97.0,97.0,0.0,83.0,87.0,4.0,73.0,87.0,14.0,73.0,85.0,12.0,734.6474795341492,927.3829073905945,192.7354278564453,691.9985861778259,882.2311205863953,190.23253440856934,0.4491417849670894,0.3229325161502552,-0.1262092688168342,0.8061310014308888,0.8317876119157084,0.025656610484819597,0.7045519339451265,0.6505018552548039,-0.054050078690322634,2.3487360157976593,1.5982321559494026,-0.7505038598482567,2.7712035591445723,1.5982321559494026,-1.1729714031951697,35.0,43.0,8.0,17.0,0.0,-17.0
5HGJ_A,6,1,t075,high,not_tier2,194.0,194.0,0.0,2.488744069620506,2.7641180667680563,0.2753739971475504,0.00092315673828125,0.000759124755859375,-0.000164031982421875,5.221371942611681,5.5604171941085205,0.33904525149683984,0.9770894050598145,2.3474743366241455,1.370384931564331,15.341163063049317,13.704968643188478,-1.6361944198608391,15.845614099502562,14.224488258361816,-1.6211258411407456,17.139872741699214,15.518774824142453,-1.621097917556762,18.210098266601562,16.5887451171875,-1.6213531494140625,97.0,97.0,0.0,71.0,84.0,13.0,45.0,83.0,38.0,45.0,56.0,11.0,503.57407236099243,633.7189817428589,130.14490938186646,460.2027335166931,591.2187662124634,131.01603269577026,0.6401494305063413,0.45748966503159133,-0.18265976547475,0.7363545808391705,0.781349609675138,0.04499502883596751,0.8069701133370799,0.7413421242137268,-0.0656279891233531,2.558115027369814,2.0610630086779227,-0.4970520186918912,3.010962323652696,2.4862571580181387,-0.5247051656345572,23.0,48.0,25.0,23.0,15.0,-8.0
5HGJ_A,7,1,t075,high,not_tier2,194.0,194.0,0.0,3.120199218238752,2.6930084523466444,-0.42719076589210747,0.006217479705810547,0.00012063980102539062,-0.006096839904785156,5.331356673793561,4.916185442538494,-0.4151712312550666,6.530938148498535,8.361608266830444,1.8306701183319092,14.47888641357422,10.494867134094239,-3.9840192794799805,14.709209442138672,10.513028860092163,-4.196180582046509,14.709209442138672,11.312867221832272,-3.3963422203063995,14.709209442138672,12.382972717285156,-2.3262367248535156,97.0,97.0,0.0,94.0,76.0,-18.0,92.0,76.0,-16.0,90.0,74.0,-16.0,711.4452047348022,641.8036937713623,-69.64151096343994,663.5393257141113,600.3956031799316,-63.14372253417969,0.41192222672337253,0.3348952387065915,-0.07702698801678104,0.8308177093997592,0.8144800757613099,-0.01633763363844931,0.6696579379379668,0.6701062218882314,0.0004482839502646385,2.173745058338722,1.5906683137053546,-0.5830767446333676,2.173745058338722,1.9710331065003632,-0.20271195183835888,25.0,61.0,36.0,23.0,0.0,-23.0
5I0L_A,0,2,t075,low_or_equal,low_or_equal,158.0,158.0,0.0,0.9176342396796504,1.221547102626366,0.3039128629467156,0.0035905838012695312,0.023771286010742188,0.020180702209472656,1.544615044427619,2.463251203251014,0.9186361588233949,2.5473129749298096,1.466569185256958,-1.0807437896728516,3.8913143157958983,3.2591812133789073,-0.6321331024169909,4.053973150253296,8.569475173950195,4.515502023696899,4.3965812492370615,8.569478988647461,4.172897739410399,4.532623291015625,8.569479942321777,4.036856651306152,79.0,79.0,0.0,52.0,55.0,3.0,47.0,48.0,1.0,44.0,27.0,-17.0,156.57047367095947,202.03273963928223,45.462265968322754,126.81793975830078,170.23798942565918,43.4200496673584,0.42056821798985883,0.6265563130226416,0.20598809503278276,0.7838317999960984,0.7476372351734262,-0.03619456482267225,0.7239064424661148,0.7873411582974037,0.0634347158312889,2.0304987458774004,2.983020189587643,0.9525214437102427,2.3403818733848762,2.9830221253916633,0.6426402520067871,43.0,15.0,-28.0,10.0,13.0,3.0
5I0L_A,1,2,t075,low_or_equal,low_or_equal,158.0,158.0,0.0,2.146191669415824,2.729492226733437,0.5833005573176129,0.032858848571777344,0.05667686462402344,0.023818016052246094,3.952241085442336,4.528935634588535,0.576694549146199,6.555036425590515,7.971468925476074,1.416432499885559,7.519232368469239,9.226365089416504,1.707132720947265,11.003406524658203,9.766485214233398,-1.2369213104248047,11.003408432006836,9.766485214233398,-1.2369232177734375,11.003408432006836,9.766485214233398,-1.2369232177734375,79.0,79.0,0.0,70.0,77.0,7.0,62.0,73.0,11.0,43.0,64.0,21.0,385.9508972167969,523.8213562965393,137.87045907974243,348.54234981536865,484.81840658187866,136.27605676651,0.44179435371162706,0.2959886325855089,-0.14580572112611817,0.7861625850649475,0.8323568383056532,0.046194253240705696,0.724938224913531,0.6285852638341813,-0.09635296107934965,2.2410613785345728,1.5537851617401688,-0.687276216794404,2.2410618611338355,1.5537851617401688,-0.6872766993936668,43.0,51.0,8.0,13.0,0.0,-13.0
5I0L_A,2,2,t075,low_or_equal,low_or_equal,158.0,158.0,0.0,1.394356214547459,1.622075322308118,0.22771910776065885,0.01007986068725586,0.0001468658447265625,-0.009932994842529297,2.4701064188691912,3.864563817371055,1.3944573985018636,1.764240026473999,0.23725175857543945,-1.5269882678985596,5.034395122528078,7.792432880401613,2.7580377578735344,7.434379529953003,12.994035720825195,5.559656190872192,7.43439266204834,12.994036674499512,5.559644012451172,7.434396266937256,12.994037628173828,5.559641361236572,79.0,79.0,0.0,68.0,32.0,-36.0,65.0,28.0,-37.0,37.0,26.0,-11.0,245.5271291732788,267.13154792785645,21.604418754577637,209.3718376159668,242.92510509490967,33.55326747894287,0.4723671005042826,0.7245377216116099,0.2521706211073273,0.7955166099403808,0.6747528346969135,-0.12076377524346726,0.7220894738445556,0.8460808584322137,0.12399138458765813,2.445248216540667,2.942624558921911,0.49737634238124384,2.445254992355719,2.942625052470141,0.497370060114422,30.0,24.0,-6.0,15.0,13.0,-2.0
5I0L_A,3,2,t075,low_or_equal,low_or_equal,158.0,158.0,0.0,1.9688620929476581,0.8050064738792709,-1.163855619068387,0.0010690689086914062,0.002635955810546875,0.0015668869018554688,3.9045972518607406,1.4386204242860545,-2.465976827574686,2.138826608657837,1.7066524028778076,-0.4321742057800293,9.126568031311036,3.469264793395996,-5.65730323791504,13.003710746765137,4.0952160358428955,-8.908494710922241,13.003711700439453,4.098305358886718,-8.905406341552734,13.003711700439453,4.098418235778809,-8.905293464660645,79.0,79.0,0.0,54.0,50.0,-4.0,49.0,46.0,-3.0,46.0,27.0,-19.0,323.45664501190186,137.68222522735596,-185.7744197845459,289.23813247680664,108.53229427337646,-180.70583820343018,0.6154726992563808,0.4631686063745656,-0.15230409288181523,0.744018264017215,0.773074115141297,0.029055851124081933,0.791733495648701,0.7473384638882683,-0.04439503176043269,2.826116995436292,2.2870588422213314,-0.5390581532149605,2.8261172396802574,2.2892847246583212,-0.5368325150219362,19.0,27.0,8.0,14.0,13.0,-1.0
5I0L_A,4,2,t075,low_or_equal,low_or_equal,158.0,158.0,0.0,1.7285739530490924,0.6449949258490454,-1.083579027200047,0.009113788604736328,0.004567623138427734,-0.004546165466308594,2.708911982838348,1.86888850013035,-0.8400234827079982,3.6244852542877197,1.3480048179626465,-2.2764804363250732,5.775746917724609,4.441461658477789,-1.33428525924682,6.307764530181885,5.45220947265625,-0.8555550575256348,6.307834854125977,5.4526001787185665,-0.8552346754074103,6.307849407196045,5.452627182006836,-0.855222225189209,79.0,79.0,0.0,72.0,53.0,-19.0,71.0,50.0,-21.0,65.0,20.0,-45.0,318.74519205093384,151.63233518600464,-167.1128568649292,281.88283014297485,118.46283769607544,-163.4199924468994,0.31239793202770255,0.5631321086671971,0.25073417663949454,0.8318686999380388,0.7720594835205875,-0.059809216417451294,0.6371528716207815,0.7575659017077101,0.12041303008692861,1.690416892886568,2.572231862131911,0.8818149692453432,1.6904482253974422,2.5724553689652816,0.8820071435678394,37.0,19.0,-18.0,0.0,16.0,16.0
5I0L_A,5,2,t075,low_or_equal,low_or_equal,158.0,158.0,0.0,2.6793273611913753,1.0774631379525872,-1.601864223238788,0.0014629364013671875,0.0005178451538085938,-0.0009450912475585938,4.23627405188706,1.9613863970949694,-2.2748876547920904,6.627444624900818,3.2457797527313232,-3.3816648721694946,10.275625514984132,4.208235168457032,-6.0673903465271,10.27613639831543,4.221673488616943,-6.054462909698486,10.442391004562378,4.71945908546448,-5.722931919097898,10.541703224182129,5.574695587158203,-4.967007637023926,79.0,79.0,0.0,60.0,52.0,-8.0,59.0,52.0,-7.0,57.0,52.0,-5.0,451.7350788116455,201.43581199645996,-250.29926681518555,419.1227979660034,171.7245454788208,-247.39825248718262,0.3654416219917506,0.3514857142970768,-0.013955907694673808,0.793548053406842,0.7910162615614693,-0.002531791845372666,0.7029646911442335,0.6941107568723508,-0.008853934271882746,1.7932761063321754,1.6030550407208293,-0.1902210656113461,1.855964880149441,2.2928844902088215,0.4369196100593804,33.0,40.0,7.0,0.0,1.0,1.0
5I0L_A,6,2,t075,low_or_equal,low_or_equal,158.0,158.0,0.0,2.0620014395894883,2.9349672100212,0.8729657704317115,0.01311492919921875,0.000843048095703125,-0.012271881103515625,4.252873909326798,4.894062431380958,0.6411885220541604,4.52251136302948,7.367548584938049,2.8450372219085693,8.416112899780273,10.107004642486572,1.6908917427062988,10.424684524536133,13.902388572692871,3.4777040481567383,10.424684524536133,13.902389526367188,3.4777050018310547,10.42468547821045,13.902389526367188,3.4777040481567383,79.0,79.0,0.0,63.0,58.0,-5.0,63.0,55.0,-8.0,58.0,54.0,-4.0,428.9271812438965,495.35839080810547,66.43120956420898,394.46904277801514,463.93755626678467,69.46851348876953,0.3748170868966676,0.4268988261004197,0.05208173920375209,0.8061239841506087,0.780158405351812,-0.025965578798796685,0.686935033688844,0.727763708245996,0.040828674557152,1.9663604572444053,2.240964743798128,0.2746042865537226,1.9663606814867263,2.240964938661665,0.2746042571749385,33.0,34.0,1.0,0.0,13.0,13.0
5I0L_A,7,2,t075,low_or_equal,low_or_equal,158.0,158.0,0.0,0.4534784570524964,2.536701314056976,2.0832228570044795,0.00017070770263671875,0.0020837783813476562,0.0019130706787109375,1.2211561522765486,5.796790496456308,4.575634344179759,0.15180444717407227,0.9382343292236328,0.7864298820495605,3.4340847015380858,17.63731575012207,14.203231048583984,3.5598278045654297,17.757013034820556,14.197185230255126,3.818129501342774,18.107504749298098,14.289375247955324,3.8698511123657227,18.251558303833008,14.381707191467285,79.0,79.0,0.0,27.0,64.0,37.0,26.0,33.0,7.0,22.0,30.0,8.0,84.67269897460938,427.7782988548279,343.1055998802185,67.11413192749023,392.77878618240356,325.66465425491333,0.6814135172126702,0.6670101428286126,-0.014403374384057588,0.6797942174263184,0.7075359277658468,0.027741710339528436,0.8392736669381284,0.81905717136513,-0.020216495572998427,2.5437773389765925,2.62564460973155,0.08186727075495748,2.797654213954727,2.7109582448050924,-0.08669596914963451,23.0,21.0,-2.0,18.0,18.0,0.0
5K69_A,0,2,t075,high,high,350.0,350.0,0.0,2.9192048522404264,3.5499283109392437,0.6307234586988173,0.011469841003417969,0.0025463104248046875,-0.008923530578613281,5.871369290973201,5.959825305503911,0.08845601453071072,3.9772887229919434,6.239962220191956,2.262673497200012,11.477799415588382,13.71063232421875,2.2328329086303675,17.679101943969727,15.672613143920898,-2.006488800048828,17.889406204223633,19.983394622802734,2.0939884185791016,17.889406204223633,19.983394622802734,2.0939884185791016,175.0,175.0,0.0,167.0,148.0,-19.0,140.0,143.0,3.0,138.0,143.0,5.0,1201.7094464302063,1364.4060974121094,162.69665098190308,1116.8023943901062,1284.3503150939941,167.54792070388794,0.5034181846832729,0.4352883983239205,-0.0681297863593524,0.8131301638657934,0.8275066267598528,0.01437646289405936,0.7430630505749443,0.7120343744222242,-0.03102867615272009,2.5138764673551632,2.0340671431738664,-0.47980932418129685,2.549695072833997,2.7573738271635495,0.20767875432955263,60.0,64.0,4.0,32.0,22.0,-10.0
5K69_A,1,2,t075,high,high,350.0,350.0,0.0,1.818596703665597,2.509486152103969,0.6908894484383719,0.020687580108642578,0.0024938583374023438,-0.018193721771240234,4.352780593130421,4.769667507468214,0.4168869143377929,3.4775302410125732,2.8441338539123535,-0.6333963871002197,4.122031402587891,11.463511753082276,7.341480350494385,12.014528131484997,13.49150505065918,1.4769769191741826,17.813234329223633,16.904884338378906,-0.9083499908447266,17.813234329223633,16.904884338378906,-0.9083499908447266,175.0,175.0,0.0,162.0,149.0,-13.0,162.0,129.0,-33.0,152.0,119.0,-33.0,819.0488519668579,928.7030172348022,109.65416526794434,736.5266847610474,851.0084018707275,114.48171710968018,0.5241538319336878,0.5564327909091669,0.032278958975479055,0.8189602371781504,0.7943458100550471,-0.024614427123103244,0.7153185420655594,0.7712076517928785,0.055889109727319086,2.3423949840041716,2.3024705351808836,-0.03992444882328794,3.6745793368957878,3.0181135611098715,-0.6564657757859163,30.0,46.0,16.0,19.0,32.0,13.0
5K69_A,2,2,t075,high,high,350.0,350.0,0.0,2.5070456654684885,2.3712891469682966,-0.13575651850019188,0.00010776519775390625,0.011664390563964844,0.011556625366210938,4.982067720009993,4.200487435721707,-0.7815802842882862,2.955012321472168,4.007336139678955,1.052323818206787,8.66038246154785,7.833691167831421,-0.8266912937164301,13.711681747436524,11.820248174667359,-1.8914335727691647,19.053918838500977,12.608537673950195,-6.445381164550781,19.053918838500977,12.608540534973145,-6.445378303527832,175.0,175.0,0.0,145.0,148.0,3.0,113.0,140.0,27.0,94.0,131.0,37.0,917.5159888267517,936.8874034881592,19.37141466140747,839.2358527183533,858.4768028259277,19.240950107574463,0.5835538063035393,0.43903968800837295,-0.1445141182951663,0.7799573849616925,0.8229470605327145,0.04298967557102196,0.7922539991078161,0.7191707002377266,-0.07308329887008957,2.2489931312988176,2.249491082235695,0.0004979509368774337,3.321286281712626,2.4371579595609325,-0.8841283221516933,55.0,81.0,26.0,26.0,31.0,5.0
5K69_A,3,2,t075,high,high,350.0,350.0,0.0,3.1850662204197473,1.9717672157287598,-1.2132990046909875,0.0007734298706054688,0.00014209747314453125,-0.0006313323974609375,5.917339550790911,5.510728045475909,-0.4066115053150021,4.993144750595093,6.531941652297974,1.5387969017028809,11.64376020431519,9.15251121520996,-2.4912489891052303,17.69743537902832,12.661517906188966,-5.035917472839355,18.63498878479004,16.580293655395508,-2.0546951293945312,18.63498878479004,16.580293655395508,-2.0546951293945312,175.0,175.0,0.0,163.0,169.0,6.0,163.0,166.0,3.0,163.0,113.0,-50.0,1313.721007347107,1097.8667278289795,-215.85427951812744,1231.5787754058838,1011.9846782684326,-219.59409713745117,0.47089410932620207,0.4404348189315782,-0.03045929039462386,0.8334694926450948,0.8299954276597388,-0.0034740649853560734,0.7021637731705943,0.7111372200329917,0.008973446862397427,2.4525158703574568,1.939807336207794,-0.5127085341496627,2.6109575818249704,2.6509249447828904,0.03996736295792003,47.0,55.0,8.0,32.0,17.0,-15.0
5K69_A,4,2,t075,high,high,350.0,350.0,0.0,3.670149815423148,3.164600680215018,-0.5055491352081298,0.0007953643798828125,0.0013976097106933594,0.0006022453308105469,5.728626361630816,6.662592501966814,0.9339661403359978,7.23835027217865,5.326088905334473,-1.9122613668441772,11.889396858215342,15.681311893463139,3.791915035247797,14.3629789352417,17.570524215698242,3.207545280456543,18.969356536865234,18.66727066040039,-0.30208587646484375,18.969356536865234,18.66727066040039,-0.30208587646484375,175.0,175.0,0.0,152.0,163.0,11.0,148.0,161.0,13.0,141.0,140.0,-1.0,1361.6063170433044,1398.2504510879517,36.64413404464722,1280.23308801651,1313.9672355651855,33.73414754867554,0.4178977439092092,0.4472314492271341,0.029333705317924896,0.8304415526439816,0.822500224438073,-0.007941328205908538,0.7053152046076652,0.7240644832024128,0.01874927859474762,1.8665607503112724,2.1622099102159646,0.2956491599046922,2.6706588553083312,2.32682247572682,-0.34383637958151114,62.0,66.0,4.0,16.0,33.0,17.0
5K69_A,5,2,t075,high,high,350.0,350.0,0.0,0.7029616219656808,1.3214223194122314,0.6184606974465506,0.010007381439208984,0.0005178451538085938,-0.00948953628540039,3.723447027301057,2.3758505571086714,-1.3475964701923857,3.854097366333008,3.4285404682159424,-0.42555689811706543,5.805899715423584,4.727968311309814,-1.0779314041137695,6.041866660118103,7.3420069217681885,1.3001402616500854,10.551269063949585,7.408452763557434,-3.142816300392151,10.55126953125,7.40846061706543,-3.1428089141845703,175.0,175.0,0.0,146.0,155.0,9.0,140.0,119.0,-21.0,121.0,107.0,-14.0,666.2193479537964,543.6274695396423,-122.59187841415405,587.7088050842285,459.488233089447,-128.2205719947815,0.4141693441836751,0.40229744515517163,-0.011871899028503496,0.830045996852634,0.8345009168067862,0.004454919954152148,0.7012732569069049,0.6980716910983584,-0.0032015658085464693,1.4338608818673944,2.534075463771089,1.1002145819036948,2.644943740860165,2.5620459500032338,-0.08289779085693105,51.0,83.0,32.0,15.0,20.0,5.0
5K69_A,6,2,t075,high,high,350.0,350.0,0.0,1.576665265219552,2.0196591404506137,0.4429938752310616,0.00038623809814453125,0.0003762245178222656,-1.0013580322265625e-05,4.636306644596422,4.673077485859333,0.036770841262911524,1.2574031352996826,1.714989423751831,0.45758628845214844,7.206647968292239,7.620866823196411,0.4142188549041723,14.072873783111572,13.312806177139283,-0.7600676059722886,18.021543502807617,19.380327224731445,1.3587837219238281,18.021543502807617,19.380327224731445,1.3587837219238281,175.0,175.0,0.0,129.0,116.0,-13.0,99.0,107.0,8.0,81.0,80.0,-1.0,692.0539779663086,751.5312557220459,59.477277755737305,623.3588447570801,683.7225961685181,60.36375141143799,0.7140046314529735,0.6681809695490712,-0.0458236619039023,0.7427941768687586,0.7540545065785479,0.011260329709789296,0.8332619141251905,0.8222736730102369,-0.010988241114953556,2.695293792194753,2.416640227101214,-0.2786535650935389,3.5469781225006844,3.715039636473816,0.1680615139731314,43.0,41.0,-2.0,25.0,20.0,-5.0
5K69_A,7,2,t075,high,high,350.0,350.0,0.0,2.8033935805729455,1.9794366986410958,-0.8239568819318497,0.0008106231689453125,0.007917404174804688,0.007106781005859375,4.482624848854101,4.735510611502451,0.25288576264834983,4.645362854003906,3.6093387603759766,-1.0360240936279297,9.236576080322266,6.638788461685181,-2.597787618637085,13.40729808807373,12.761940860748291,-0.6453572273254391,13.416522979736328,18.029987335205078,4.61346435546875,13.416522979736328,18.029987335205078,4.61346435546875,175.0,175.0,0.0,154.0,142.0,-12.0,152.0,134.0,-18.0,136.0,131.0,-5.0,1056.3871874809265,887.7049851417542,-168.68220233917236,976.1819767951965,812.4442028999329,-163.73777389526367,0.439044247983999,0.5292816660443118,0.09023741806031282,0.8322838361201202,0.8039430282101454,-0.02834080790997484,0.7026458322522036,0.7520382365266147,0.04939240427441116,2.365556981689305,2.276946468225989,-0.08861051346331639,2.367614903548404,3.38940231652687,1.0217874129784659,57.0,27.0,-30.0,34.0,24.0,-10.0
5X0O_B,0,2,t075,high,high,192.0,192.0,0.0,1.1464047729969025,0.9944330031673113,-0.15197176982959115,0.006557464599609375,0.00010585784912109375,-0.006451606750488281,2.331881292349822,1.8373343560480244,-0.4945469363017978,2.1820316314697266,1.631281852722168,-0.5507497787475586,3.3180627822875977,2.722572898864746,-0.5954898834228515,7.473040652275086,6.451571941375732,-1.0214687108993532,7.473061771392822,6.451620621681213,-1.0214411497116087,7.47307014465332,6.451624870300293,-1.0214452743530273,96.0,96.0,0.0,85.0,70.0,-15.0,83.0,68.0,-15.0,55.0,45.0,-10.0,268.536021232605,209.0046763420105,-59.53134489059448,225.18934631347656,171.43115282058716,-53.758193492889404,0.5102245405714936,0.5065407532934537,-0.003683787278039863,0.8065332598807774,0.7873941586224671,-0.01913910125831031,0.7080332083245557,0.7373522376760839,0.029319029351528192,2.713103750192563,2.9701392782674234,0.2570355280748604,2.7131163976537915,2.9701680857212147,0.2570516880674232,17.0,14.0,-3.0,17.0,14.0,-3.0
5X0O_B,1,2,t075,high,high,192.0,192.0,0.0,1.4026009639104207,0.34925108154614765,-1.053349882364273,0.0030961036682128906,0.0014505386352539062,-0.0016455650329589844,1.9927484873959989,1.0105190945955254,-0.9822293928004735,3.522862195968628,1.0762271881103516,-2.4466350078582764,4.314457511901856,2.6696002006530763,-1.6448573112487797,5.736283969879151,2.6794368743896486,-3.056847095489502,5.833046760559082,2.680662136077881,-3.152384624481201,5.833203315734863,2.68072509765625,-3.1524782180786133,96.0,96.0,0.0,86.0,60.0,-26.0,79.0,50.0,-29.0,54.0,23.0,-31.0,280.7249937057495,102.1624345779419,-178.56255912780762,236.09514617919922,68.98909187316895,-167.10605430603027,0.38285006172903235,0.5239708719182531,0.14112081018922074,0.8246510760513857,0.7780920645897397,-0.04655901146164598,0.6760190668538966,0.7521744678555362,0.07615540100163964,2.1747265314107556,2.305929502278421,0.1312029708676654,2.2233625466774694,2.3072043156624447,0.0838417689849753,49.0,23.0,-26.0,13.0,23.0,10.0
5X0O_B,2,2,t075,high,high,192.0,192.0,0.0,0.9729164193073908,1.583969642718633,0.6110532234112421,0.00021839141845703125,0.0072498321533203125,0.007031440734863281,1.6042253658556438,3.9426387950009363,2.3384134291452927,1.9428231716156006,1.4288139343261719,-0.5140092372894287,4.0586058616638185,3.2106225967407225,-0.8479832649230961,4.804710578918457,14.29887900352478,9.494168424606322,4.840175399780273,14.729340353012086,9.889164953231813,4.84084415435791,14.921388626098633,10.080544471740723,96.0,96.0,0.0,71.0,83.0,12.0,61.0,83.0,22.0,48.0,41.0,-7.0,197.0934476852417,349.5785245895386,152.48507690429688,159.30774402618408,307.5497236251831,148.24197959899902,0.4759387107962652,0.6678500956997038,0.19191138490343856,0.7942693592419867,0.7454517408360475,-0.048817618405939234,0.7278879492152739,0.7887091784488531,0.060821229233579244,2.388563503088175,3.2249744452694977,0.8364109421813226,2.41108750514457,3.3828660642945945,0.9717785591500245,26.0,15.0,-11.0,17.0,15.0,-2.0
5X0O_B,3,2,t075,high,high,192.0,192.0,0.0,0.3065037926038106,2.1391350577274957,1.8326312651236851,0.0011548995971679688,0.000972747802734375,-0.00018215179443359375,1.0124419251506758,5.1928421759676135,4.180400250816938,0.16289520263671875,0.541433572769165,0.3785383701324463,0.8265823364257813,11.041882419586182,10.2153000831604,3.8332213878631594,18.11830129623413,14.285079908370971,3.8354779434204103,18.11835479736328,14.28287685394287,3.83563232421875,18.11835479736328,14.282722473144531,96.0,96.0,0.0,30.0,55.0,25.0,15.0,33.0,18.0,14.0,32.0,18.0,71.97853946685791,426.9269685745239,354.948429107666,50.65592384338379,392.54630851745605,341.89038467407227,0.8151890595675502,0.7553905336341482,-0.05979852593340196,0.6664919829146098,0.682843554105595,0.016351571190985292,0.8652470958202714,0.8515684904712857,-0.013678605348985684,3.483377671005167,3.0771522986887505,-0.4062253723164164,3.485758979301178,3.0771626015493685,-0.40859637775180957,15.0,23.0,8.0,14.0,15.0,1.0
5X0O_B,4,2,t075,high,high,192.0,192.0,0.0,0.9644741266965866,0.3314225872357686,-0.633051539460818,0.00041675567626953125,0.0021848678588867188,0.0017681121826171875,1.8202830470659916,0.8442343792507134,-0.9760486678152782,1.9460487365722656,0.7671651840209961,-1.1788835525512695,4.608930397033691,1.4105880737304688,-3.1983423233032227,5.7925169467926025,2.261719989776611,-3.5307969570159914,5.793315963745117,2.70772855758667,-3.085587406158447,5.793434143066406,2.707944869995117,-3.085489273071289,96.0,96.0,0.0,69.0,49.0,-20.0,66.0,35.0,-31.0,47.0,16.0,-31.0,204.47085571289062,84.860032081604,-119.61082363128662,167.4212942123413,54.1276330947876,-113.29366111755371,0.526341440599179,0.5522390867575044,0.02589764615832546,0.7815694304829035,0.7656798255492926,-0.015889604933610912,0.7516458001182713,0.7752931035056456,0.023647303387374308,2.652358284541548,2.2864472828671665,-0.3659110016743816,2.652862160175221,2.8150029673851855,0.1621408072099646,24.0,33.0,9.0,20.0,16.0,-4.0
5X0O_B,5,2,t075,high,high,192.0,192.0,0.0,2.488563194870949,1.9887431040406227,-0.4998200908303261,0.022187232971191406,0.006934642791748047,-0.01525259017944336,3.479636468893388,3.4218632755629326,-0.057773193330455275,4.7377965450286865,1.9247510433197021,-2.8130455017089844,6.556082725524902,8.095585823059086,1.5395030975341832,11.234687423706054,9.806844425201415,-1.427842998504639,11.234776496887207,9.80685528755188,-1.4279212093353273,11.234777450561523,9.806857109069824,-1.4279203414916992,96.0,96.0,0.0,93.0,65.0,-28.0,89.0,48.0,-41.0,80.0,48.0,-32.0,506.4287624359131,394.67688035964966,-111.75188207626343,459.62426948547363,352.6307272911072,-106.99354219436646,0.3925427188402798,0.47168325254477145,0.07914053370449164,0.8372811293693168,0.7724224482951231,-0.06485868107419368,0.6473442288330746,0.7498919307848468,0.10254770195177221,2.5135166581400368,2.2847497668867653,-0.22876689125327143,2.5135425306288077,2.2847534736007358,-0.22878905702807195,22.0,47.0,25.0,14.0,14.0,0.0
5X0O_B,6,2,t075,high,high,192.0,192.0,0.0,0.9744962876041731,2.7437938153743744,1.7692975277702012,0.0041141510009765625,0.0016589164733886719,-0.0024552345275878906,2.211332972152424,4.523896233790711,2.312563261638287,1.311488151550293,3.2963907718658447,1.9849026203155518,6.159674644470215,13.730869483947753,7.571194839477538,6.165026402473449,13.819032669067383,7.6540062665939335,6.1711377954483035,13.819032669067383,7.647894873619079,6.1715545654296875,13.819032669067383,7.647478103637695,96.0,96.0,0.0,68.0,84.0,16.0,68.0,79.0,11.0,45.0,78.0,33.0,238.07770204544067,542.9767208099365,304.89901876449585,194.20981359481812,498.4207592010498,304.2109456062317,0.5179095790774093,0.508502973478508,-0.009406605598901274,0.790080072046358,0.7966526295102717,0.00657255746391372,0.7403981714353411,0.7298128751302488,-0.010585296305092307,2.3472404112063776,2.4481637688698106,0.10092335766343297,2.350192550499034,2.4481637688698106,0.09797121837077638,25.0,23.0,-2.0,25.0,23.0,-2.0
5X0O_B,7,2,t075,high,high,192.0,192.0,0.0,-0.3850882152716319,2.00385153790315,2.388939753174782,0.000171661376953125,0.0004119873046875,0.000240325927734375,1.807789859216913,3.5271762888817864,1.7193864296648733,1.065481185913086,4.276456356048584,3.210975170135498,1.961904525756836,8.734370994567872,6.772466468811036,2.7389495849609373,9.650397157669067,6.91144757270813,2.7396530628204347,9.650413599014282,6.910760536193847,2.73968505859375,9.65041446685791,6.91072940826416,96.0,96.0,0.0,84.0,68.0,-16.0,53.0,68.0,15.0,15.0,68.0,53.0,122.58326625823975,430.9886083602905,308.4053421020508,80.30899238586426,391.5314636230469,311.2224712371826,0.4152266455385744,0.4414492474603784,0.02622260192180398,0.8215196191751747,0.7958228712972665,-0.02569674787790821,0.6823419908431112,0.7209143798902091,0.03857238904709792,1.7280978672962686,2.1678943703123177,0.4397965030160491,1.7285047030958296,2.1678992776907484,0.4393945745949188,34.0,29.0,-5.0,0.0,17.0,17.0
6DNB_A,0,1,t075,high,not_tier2,411.0,411.0,0.0,2.162134060314392,2.3295702690625713,0.1674362087481791,0.0,0.0,0.0,4.669206178000121,5.03926952334507,0.3700633453449491,3.4510111808776855,0.5016679763793945,-2.949343204498291,9.746017456054688,10.925171852111816,1.179154396057129,13.370723724365234,15.428862571716309,2.058138847351074,15.046663284301758,16.769432067871094,1.722768783569336,15.069619178771973,16.79267692565918,1.723057746887207,205.0,205.0,0.0,185.0,104.0,-81.0,158.0,87.0,-71.0,152.0,85.0,-67.0,1108.85626745224,995.9308986663818,-112.92536878585815,1008.3968396186829,919.3573570251465,-89.03948259353638,0.5068986288793048,0.6374777831851374,0.13057915430583256,0.8209928774125456,0.750087869631363,-0.07090500778118258,0.739276999313804,0.8240487080602596,0.08477170874645568,2.400534317131316,2.5994426854863715,0.19890836835505565,2.7643853422609013,2.8700799966333195,0.1056946543724182,59.0,62.0,3.0,32.0,35.0,3.0
6DNB_A,1,1,t075,high,not_tier2,411.0,411.0,0.0,2.4566447775439335,2.401458388697492,-0.05518638884644167,0.0,0.0,0.0,4.509745355704687,4.700561068503732,0.1908157127990453,4.104029655456543,2.381012439727783,-1.7230172157287598,10.860494613647461,10.210844039916992,-0.6496505737304688,14.511504650115967,13.10319709777832,-1.4083075523376465,14.761312484741211,17.437711715698242,2.6763992309570312,14.761312484741211,17.453018188476562,2.6917057037353516,205.0,205.0,0.0,189.0,177.0,-12.0,168.0,169.0,1.0,125.0,108.0,-17.0,1079.4127073287964,1062.7951426506042,-16.61756467819214,983.7162761688232,967.5761284828186,-16.14014768600464,0.540208957831613,0.5634810577069463,0.023272099875333296,0.8115169423496338,0.8021455045052701,-0.009371437844363673,0.7542130028900143,0.7699165051289072,0.01570350223889294,2.67306885904833,2.2766938995406716,-0.39637495950765844,2.728461750425056,3.2020772798023103,0.47361552937725415,60.0,59.0,-1.0,34.0,33.0,-1.0
6DNB_A,2,1,t075,high,not_tier2,411.0,411.0,0.0,1.6905732154846191,1.9636819240820669,0.27310870859744774,0.0,0.0,0.0,4.662907309839959,4.482352768321725,-0.1805545415182337,3.4928455352783203,1.6976656913757324,-1.795179843902588,7.721569061279297,8.170587539672852,0.4490184783935547,13.712578773498535,15.223891258239746,1.511312484741211,14.135297775268555,15.83795166015625,1.7026538848876953,14.135297775268555,15.861262321472168,1.7259645462036133,205.0,205.0,0.0,198.0,162.0,-36.0,187.0,119.0,-68.0,123.0,94.0,-29.0,1001.1342225074768,884.2038269042969,-116.93039560317993,901.9854874610901,792.1652603149414,-109.82022714614868,0.5758909656720574,0.6766595041239452,0.10076853845188771,0.812991058927367,0.7728378524108129,-0.040153206516554074,0.7499942857402646,0.8065683849347975,0.056574099194532934,2.57822100230136,2.958314532464285,0.38009353016292513,2.668876675614439,3.100510181976063,0.4316335063616239,48.0,45.0,-3.0,41.0,35.0,-6.0
6DNB_A,3,1,t075,high,not_tier2,411.0,411.0,0.0,1.9131751257717755,1.3183094846071117,-0.5948656411646638,0.0,0.0,0.0,4.487024718283278,2.9836229971441908,-1.5034017211390873,1.2881579399108887,0.8742885589599609,-0.41386938095092773,9.435365676879883,6.205240249633789,-3.2301254272460938,13.239973545074463,6.472597599029541,-6.767375946044922,16.19059181213379,12.549636840820312,-3.6409549713134766,16.20138168334961,12.549636840820312,-3.651744842529297,205.0,205.0,0.0,158.0,146.0,-12.0,111.0,101.0,-10.0,84.0,98.0,14.0,871.1599817276001,614.6876268386841,-256.472354888916,783.9780101776123,525.3559246063232,-258.62208557128906,0.6670720450374249,0.5934540819993006,-0.07361796303812429,0.7629728546399793,0.7853134333147893,0.022340578674809985,0.8177275367188381,0.7913691631433577,-0.02635837357548043,2.5243450015216955,1.7275266075358433,-0.7968183939858522,3.1843387221286488,3.764325240475555,0.5799865183469062,57.0,47.0,-10.0,35.0,16.0,-19.0
6DNB_A,4,1,t075,high,not_tier2,411.0,411.0,0.0,1.902646615847474,2.072321486879149,0.1696748710316751,0.0,0.0,0.0,3.822094058844757,4.363677952602729,0.5415838937579722,1.7873449325561523,3.095489978790283,1.3081450462341309,6.2910475730896,5.752538681030273,-0.5385088920593262,10.548336505889893,13.422897338867188,2.874560832977295,15.41854190826416,18.001035690307617,2.582493782043457,15.4260835647583,18.021913528442383,2.595829963684082,205.0,205.0,0.0,171.0,166.0,-5.0,155.0,124.0,-31.0,98.0,118.0,20.0,856.8686871528625,916.1737217903137,59.30503463745117,765.7191090583801,823.8731007575989,58.15399169921875,0.545779275134188,0.6037546841284717,0.05797540899428366,0.8026133194931336,0.7880382306247281,-0.014575088868405528,0.7674450302484241,0.7876089957244787,0.02016396547605459,2.262029598679111,2.601148841705413,0.33911924302630236,3.538227144781031,3.655080007004195,0.11685286222316371,69.0,40.0,-29.0,25.0,25.0,0.0
6DNB_A,5,1,t075,high,not_tier2,411.0,411.0,0.0,1.562726691401498,1.9622716358398289,0.399544944438331,0.0,0.0,0.0,3.8911950635346364,4.765775466414372,0.8745804028797353,1.7856569290161133,1.5213451385498047,-0.2643117904663086,8.587432861328125,13.012408256530762,4.424975395202637,10.593053340911865,16.250393867492676,5.6573405265808105,15.290616989135742,16.32529525756836,1.034678268432618,15.313831329345703,16.412466049194336,1.0986347198486328,205.0,205.0,0.0,185.0,176.0,-9.0,143.0,160.0,17.0,92.0,84.0,-8.0,782.4571237564087,933.8750290870667,151.41790533065796,683.8825397491455,842.7659840583801,158.88344430923462,0.639871625307226,0.6770665608000981,0.03719493549287212,0.7914900244488302,0.7732470116560612,-0.018243012792768964,0.7842791939945757,0.8029652430088317,0.018686049014255968,2.320707777961537,2.9980686946636217,0.6773609167020846,3.533902673450954,3.0320762098820415,-0.5018264635689125,43.0,52.0,9.0,27.0,42.0,15.0
6DNB_A,6,1,t075,high,not_tier2,411.0,411.0,0.0,2.1843516565587398,2.3755855571904614,0.19123390063172163,0.0,0.0,0.0,5.308760626887116,4.594127466201851,-0.7146331606852652,1.8793044090270996,4.460562229156494,2.5812578201293945,13.812353134155273,10.753849983215332,-3.0585031509399414,17.869853973388672,11.743839263916016,-6.126014709472656,18.038848876953125,16.75242805480957,-1.2864208221435547,18.061941146850586,16.77394676208496,-1.287994384765625,205.0,205.0,0.0,172.0,181.0,9.0,140.0,168.0,28.0,79.0,140.0,61.0,992.8576354980469,1110.8625044822693,118.00486898422241,898.7974014282227,1016.1930823326111,117.39568090438843,0.7301641167464433,0.5162565315680161,-0.21390758517842723,0.761904862300465,0.8186522566253791,0.05674739432491416,0.8130899939026532,0.7425345576257982,-0.07055543627685501,2.954644863320462,2.0391801872381796,-0.9154646760822822,2.990827917513762,3.1340796072422,0.14325168972843771,44.0,57.0,13.0,43.0,34.0,-9.0
6DNB_A,7,1,t075,high,not_tier2,411.0,411.0,0.0,2.4147333762361476,2.7368514102740877,0.32211803403794015,0.0,0.0,0.0,5.043781838821507,5.031597047529972,-0.012184791291535824,2.5006160736083984,3.747180938720703,1.2465648651123047,14.187051773071289,10.487104415893555,-3.6999473571777344,16.946741104125977,15.836973190307617,-1.1097679138183594,17.12876319885254,15.952939987182617,-1.1758232116699219,17.12876319885254,15.969614028930664,-1.159149169921875,205.0,205.0,0.0,156.0,185.0,29.0,121.0,161.0,40.0,113.0,121.0,8.0,1022.0419101715088,1215.758821964264,193.71691179275513,934.7987537384033,1121.7610096931458,186.96225595474243,0.6778224894798687,0.5133533310895185,-0.16446915839035015,0.7698371584302247,0.8107256070346053,0.04088844860438057,0.8086134153849622,0.7537187982817608,-0.054894617103201426,2.8811729357598996,2.603571322640875,-0.27760161311902465,2.917261351267001,2.629932900758137,-0.287328450508864,44.0,72.0,28.0,42.0,34.0,-8.0
6DNT_A,0,2,t075,high,high,310.0,310.0,0.0,3.3495083347443613,2.66230282322053,-0.6872055115238314,0.00032901763916015625,0.0016117095947265625,0.0012826919555664062,5.55394069607547,5.331045273636186,-0.22289542243928384,9.605999946594238,2.1089768409729004,-7.497023105621338,12.00933237075806,14.04545307159424,2.0361207008361806,16.505272674560548,17.700283241271972,1.1950105667114244,16.505292892456055,17.701217651367188,1.1959247589111328,16.505292892456055,17.701217651367188,1.1959247589111328,155.0,155.0,0.0,111.0,138.0,27.0,97.0,133.0,36.0,97.0,96.0,-1.0,1096.3171548843384,884.1637115478516,-212.15344333648682,1031.3375205993652,811.6494817733765,-219.68803882598877,0.4201551212818182,0.5793968632392418,0.15924174195742358,0.8033382262188085,0.785687675947997,-0.017650550270811416,0.7298796904821876,0.7731220523193736,0.043242361837185994,2.368726109933497,2.8208314966708907,0.45210538673739364,2.3687297502128253,2.8210067737595765,0.45227702354675126,82.0,42.0,-40.0,17.0,35.0,18.0
6DNT_A,1,2,t075,high,high,310.0,310.0,0.0,1.0518647486163724,0.2626330191089261,-0.7892317295074462,0.010627269744873047,0.0002865791320800781,-0.010340690612792969,3.1308557206027947,1.314863718669648,-1.8159920019331468,2.0233633518218994,0.6252560615539551,-1.3981072902679443,3.5571896553039553,2.1840631484985353,-1.37312650680542,8.015243244171142,3.222523260116578,-4.792719984054564,12.032306671142578,4.6427609539032035,-7.389545717239375,12.032306671142578,6.044032096862793,-5.988274574279785,155.0,155.0,0.0,125.0,118.0,-7.0,101.0,39.0,-62.0,79.0,39.0,-40.0,467.6645493507385,183.09671592712402,-284.5678334236145,398.0979142189026,115.3757905960083,-282.7221236228943,0.5798832490370297,0.571215581336487,-0.008667667700542725,0.7867400109159108,0.7984408178746023,0.011700806958691468,0.7735833994454524,0.7544075016655845,-0.019175897779867945,2.2241135066467024,2.25110039845225,0.026986891805547586,3.507169573566968,4.396956882804073,0.8897873092371049,23.0,39.0,16.0,23.0,22.0,-1.0
6DNT_A,2,2,t075,high,high,310.0,310.0,0.0,1.642197238245318,2.0971716773125433,0.45497443906722523,0.0071964263916015625,0.012145042419433594,0.004948616027832031,4.600172871415821,3.5150935506130283,-1.0850793208027927,1.4935407638549805,3.7380831241607666,2.244542360305786,5.005376148223884,8.418265628814698,3.412889480590814,17.57592430114746,10.59512710571289,-6.980797195434569,17.576353073120117,10.60931396484375,-6.967039108276367,17.576353073120117,10.609314918518066,-6.967038154602051,155.0,155.0,0.0,135.0,132.0,-3.0,120.0,124.0,4.0,76.0,119.0,43.0,663.4365086555481,717.3482985496521,53.911789894104004,589.3774266242981,647.0258784294128,57.648451805114746,0.6366438163239792,0.4156529006090414,-0.22099091571493773,0.7748331385552034,0.8244919109643266,0.0496587724091232,0.7894776875662826,0.7104072801744574,-0.07907040739182514,3.4637235400238624,2.417561668285703,-1.0461618717381596,3.4638167478194477,2.421597922968797,-1.0422188248506505,27.0,56.0,29.0,22.0,17.0,-5.0
6DNT_A,3,2,t075,high,high,310.0,310.0,0.0,1.0382910759218278,0.8828879187183996,-0.15540315720342823,0.010975837707519531,0.007240772247314453,-0.003735065460205078,2.7830347668722126,2.6154962746718984,-0.16753849220031425,1.3061037063598633,2.54038143157959,1.2342777252197266,5.160192584991455,4.274528121948242,-0.8856644630432129,9.848105239868165,4.2755022048950195,-5.572603034973145,9.848902702331543,8.483949661254883,-1.3649530410766602,9.84890365600586,8.483951568603516,-1.3649520874023438,155.0,155.0,0.0,127.0,134.0,7.0,99.0,113.0,14.0,66.0,88.0,22.0,434.69749641418457,448.80657625198364,14.109079837799072,364.81939792633057,378.21210622787476,13.39270830154419,0.5602981379909613,0.4324258003247798,-0.1278723376661815,0.7889039624366766,0.8222662116680809,0.033362249231404295,0.774074467934843,0.7155462728529483,-0.058528195081894774,3.1655422594118288,1.2971206722908475,-1.8684215871209813,3.165829146283383,2.9061649689555127,-0.2596641773278705,47.0,57.0,10.0,17.0,15.0,-2.0
6DNT_A,4,2,t075,high,high,310.0,310.0,0.0,1.1399234433327952,1.2265099463924285,0.08658650305963334,0.0007076263427734375,0.05880928039550781,0.058101654052734375,2.1452642249108465,3.2392720770523966,1.0940078521415502,0.939939022064209,2.147027015686035,1.2070879936218262,5.028706169128418,5.237767410278321,0.20906124114990376,5.036632537841797,9.044815063476562,4.008182525634766,5.511030063629156,11.182402248382575,5.671372184753419,6.9116668701171875,12.588756561279297,5.677089691162109,155.0,155.0,0.0,111.0,150.0,39.0,77.0,135.0,58.0,73.0,82.0,9.0,402.80095291137695,527.229811668396,124.42885875701904,335.3453617095947,451.01541328430176,115.67005157470703,0.39907207613829826,0.5726615588730165,0.17358948273471825,0.8057551898713201,0.8079387630514794,0.0021835731801592706,0.7279067116432589,0.7426917130631907,0.014785001419931776,1.8164238461912274,2.4135993924284582,0.5971755462372308,2.6904580609524946,3.507654295352072,0.8171962343995776,72.0,38.0,-34.0,4.0,30.0,26.0
6DNT_A,5,2,t075,high,high,310.0,310.0,0.0,2.882338310057117,1.8885543546369,-0.9937839554202172,0.016886234283447266,0.0028133392333984375,-0.014072895050048828,4.863925239869761,4.4080821848662515,-0.45584305500350997,3.6543161869049072,2.2807610034942627,-1.3735551834106445,11.279177951812747,5.29632596969605,-5.9828519821166966,15.762940216064454,16.96240587234497,1.1994656562805162,15.763010025024414,16.96242904663086,1.1994190216064453,15.763010025024414,16.96242904663086,1.1994190216064453,155.0,155.0,0.0,137.0,115.0,-22.0,125.0,114.0,-11.0,125.0,98.0,-27.0,965.970959186554,688.1617889404297,-277.80917024612427,891.0877823829651,622.1473379135132,-268.9404444694519,0.4554017124859667,0.5811708673830507,0.12576915489708396,0.8204168787081825,0.782210004526089,-0.03820687418209345,0.7223007714223766,0.7772892231645179,0.05498845174214129,2.6481907658498947,3.4195940287727273,0.7714032629228327,2.648205118241537,3.419599285999094,0.7713941677575571,50.0,22.0,-28.0,21.0,21.0,0.0
6DNT_A,6,2,t075,high,high,310.0,310.0,0.0,2.1686957282404746,1.641190448884041,-0.5275052793564337,0.0006551742553710938,0.01632404327392578,0.015668869018554688,4.76104992934705,3.5390715746801855,-1.2219783546668643,2.607973098754883,1.8823096752166748,-0.725663423538208,8.542428207397464,7.526641035079958,-1.0157871723175056,17.525510597229005,12.979908752441407,-4.545601844787598,17.525793075561523,12.979958534240723,-4.545834541320801,17.525793075561523,12.979959487915039,-4.545833587646484,155.0,155.0,0.0,135.0,146.0,11.0,119.0,113.0,-6.0,93.0,77.0,-16.0,782.8699278831482,571.889838218689,-210.98008966445923,713.0038599967957,497.570107460022,-215.43375253677368,0.5638025806518062,0.6058577615024401,0.042055180850633866,0.7913051681289629,0.7894184972810564,-0.001886670847906502,0.7708977259026988,0.77303692507922,0.002139199176521167,3.225510149416691,3.2038680383518408,-0.021642111064850145,3.2255694805173327,3.203882374166351,-0.02168710635098181,45.0,35.0,-10.0,19.0,23.0,4.0
6DNT_A,7,2,t075,high,high,310.0,310.0,0.0,0.8883974321426884,3.152445730086296,2.2640482979436074,0.009693145751953125,0.0013189315795898438,-0.008374214172363281,2.403160210887074,4.799173139629597,2.396012928742523,2.4184532165527344,7.257432699203491,4.838979482650757,5.6004313945770265,11.814618206024171,6.214186811447145,6.062321424484254,12.60382080078125,6.541499376296996,7.402065134048468,13.081570262908942,5.679505128860474,8.75511646270752,14.487945556640625,5.7328290939331055,155.0,155.0,0.0,131.0,116.0,-15.0,98.0,115.0,17.0,90.0,115.0,25.0,410.88757705688477,1005.4565567970276,594.5689797401428,339.08734798431396,942.662435054779,603.5750870704651,0.47828314642066827,0.3897995180373236,-0.08848362838334467,0.8142366260088814,0.8141614622720527,-7.516373682869837e-05,0.7329090464856065,0.712675134338715,-0.02023391214689152,2.1529667347611934,1.9693757227988686,-0.18359101196232475,3.2734892142962884,2.3619693427916646,-0.9115198715046238,43.0,64.0,21.0,22.0,5.0,-17.0
6HGM_A,0,1,t075,high,not_tier2,330.0,330.0,0.0,1.5114190491763029,0.564506348696622,-0.9469127004796809,0.000823974609375,0.002197265625,0.001373291015625,3.5368413656918656,1.1404006379916856,-2.3964407277001802,1.9162869453430176,1.4565510749816895,-0.4597358703613281,7.047699594497681,1.9335490226745606,-5.114150571823121,7.457428121566781,2.1471635818481483,-5.3102645397186325,15.051781587600704,4.544402723312374,-10.50737886428833,16.50166893005371,5.374712944030762,-11.12695598602295,165.0,165.0,0.0,118.0,128.0,10.0,98.0,94.0,-4.0,69.0,17.0,-52.0,549.6013016700745,231.1295690536499,-318.47173261642456,484.7420039176941,156.7538661956787,-327.9881377220154,0.6442554256554592,0.42953893550693306,-0.21471649014852617,0.7611767603606793,0.8316933257451999,0.07051656538452067,0.8112978329870519,0.7017733470746645,-0.10952448591238739,1.681163630935802,1.3878080916709072,-0.29335553926489477,4.238315584715251,4.217997110037754,-0.02031847467749781,34.0,48.0,14.0,16.0,16.0,0.0
6HGM_A,1,1,t075,high,not_tier2,330.0,330.0,0.0,2.1171641609885476,2.211776844660441,0.09461268367189346,0.000316619873046875,0.0006933212280273438,0.00037670135498046875,3.833190644477694,4.758835629683428,0.9256449852057345,3.7312474250793457,1.4337573051452637,-2.297490119934082,8.785869884490968,9.628347587585449,0.842477703094481,11.381009292602542,15.09722881317141,3.7162195205688686,11.501384735107422,18.324975967407227,6.823591232299805,11.501386642456055,18.324975967407227,6.823589324951172,165.0,165.0,0.0,127.0,110.0,-17.0,116.0,103.0,-13.0,106.0,80.0,-26.0,758.8011150360107,790.6466012001038,31.845486164093018,690.3358640670776,724.8984265327454,34.562562465667725,0.4881785920393865,0.6031156832466176,0.11493709120723106,0.8028837122855174,0.7667981727257309,-0.03608553955978644,0.7497031144127586,0.8042805004613534,0.054577386048594745,2.4167452106667326,2.7076900677420848,0.2909448570753521,2.4481491665401345,3.3859541233658206,0.9378049568256861,57.0,44.0,-13.0,31.0,18.0,-13.0
6HGM_A,2,1,t075,high,not_tier2,330.0,330.0,0.0,2.8586801268837667,1.8684065414197517,-0.990273585464015,0.000110626220703125,0.002780914306640625,0.0026702880859375,5.3450725221876505,4.798144020060015,-0.5469285021276358,5.104607105255127,1.8264260292053223,-3.2781810760498047,9.050837802886965,5.662056255340576,-3.3887815475463894,18.580929851531987,18.145157623291023,-0.43577222824096395,20.099971771240234,19.867630004882812,-0.23234176635742188,20.099971771240234,19.867630004882812,-0.23234176635742188,165.0,165.0,0.0,147.0,134.0,-13.0,127.0,110.0,-17.0,105.0,75.0,-30.0,1005.6611804962158,685.7806529998779,-319.8805274963379,929.0836343765259,611.986213684082,-317.09742069244385,0.5181074020749716,0.7129090416263104,0.19480163955133878,0.7989908811495999,0.7507190550339032,-0.04827182611569669,0.7599536019600319,0.8180243711299884,0.05807076916995646,2.941447409625298,3.3923014844535,0.4508540748282024,3.2256422289476983,3.7512887041764804,0.5256464752287822,50.0,30.0,-20.0,19.0,23.0,4.0
6HGM_A,3,1,t075,high,not_tier2,330.0,330.0,0.0,1.4460290995511142,1.8523865497473515,0.40635745019623726,0.006514549255371094,0.0031652450561523438,-0.00334930419921875,2.3024989569362244,4.023332881652082,1.7208339247158575,3.5038535594940186,1.352907657623291,-2.1509459018707275,5.460193252563476,5.938936138153085,0.4787428855896092,5.8740747451782225,12.344240188598633,6.47016544342041,5.8748626708984375,15.076688766479492,9.201826095581055,6.807332992553711,15.076688766479492,8.269355773925781,165.0,165.0,0.0,120.0,119.0,-1.0,99.0,108.0,9.0,89.0,71.0,-18.0,494.3983793258667,654.0549716949463,159.6565923690796,426.8569507598877,591.599006652832,164.74205589294434,0.3843217839632213,0.6458027204455047,0.2614809364822834,0.8101783803451775,0.762300762227418,-0.04787761811775948,0.7208635663168432,0.8090254142404978,0.08816184792365456,1.9231477314192584,2.6077518185726314,0.684604087153373,2.328471800975976,3.2869023284252608,0.9584305274492846,77.0,34.0,-43.0,2.0,30.0,28.0
6HGM_A,4,1,t075,high,not_tier2,330.0,330.0,0.0,3.0095165050390995,1.9792699972788492,-1.0302465077602503,0.016772747039794922,0.0063686370849609375,-0.010404109954833984,5.197848241442312,4.847856071735636,-0.3499921697066757,5.383150100708008,2.508624315261841,-2.874525785446167,13.013579177856448,6.360362720489503,-6.653216457366945,14.061716270446786,17.79199924468995,3.730282974243165,16.498281478881836,19.231204986572266,2.7329235076904297,16.498281478881836,19.231204986572266,2.7329235076904297,165.0,165.0,0.0,156.0,136.0,-20.0,148.0,129.0,-19.0,112.0,94.0,-18.0,1084.3315744400024,759.3951735496521,-324.93640089035034,1003.9356880187988,686.8466210365295,-317.0890669822693,0.44747798417061946,0.6430422256611382,0.19556424149051876,0.8199138110379741,0.7726481650111058,-0.047265646026868335,0.727720795692915,0.795919478569834,0.06819868287691899,2.1263028953575014,3.2617984142730143,1.135495518915513,2.5950671022476484,3.558673098790422,0.9636059965427735,55.0,28.0,-27.0,19.0,22.0,3.0
6HGM_A,5,1,t075,high,not_tier2,330.0,330.0,0.0,2.3866802923607104,2.127692531816887,-0.25898776054382333,0.007025718688964844,0.0055599212646484375,-0.0014657974243164062,4.550573254462832,4.539123538141794,-0.011449716321037862,4.770026206970215,2.266841411590576,-2.5031847953796387,6.494858789443972,5.708487892150879,-0.786370897293093,17.292179107666023,15.613311624527036,-1.678867483138987,17.929719924926758,19.236731338500974,1.307011413574216,17.929719924926758,20.647769927978516,2.718050003051758,165.0,165.0,0.0,138.0,132.0,-6.0,136.0,124.0,-12.0,108.0,83.0,-25.0,857.311830997467,747.6976346969604,-109.61419630050659,782.3628764152527,675.7020320892334,-106.66084432601929,0.5099117561914853,0.5922240323639593,0.08231227617247394,0.8068846584846749,0.7788642895055641,-0.028020368979110866,0.7426341032254669,0.7863919363030027,0.04375783307753589,3.2755211226821177,2.9709742375134454,-0.30454688516867234,3.4156223322682915,4.080099878432322,0.6644775461640307,28.0,23.0,-5.0,19.0,20.0,1.0
6HGM_A,6,1,t075,high,not_tier2,330.0,330.0,0.0,3.0321123469959606,2.6124950062144885,-0.41961734078147206,0.0026531219482421875,0.0003757476806640625,-0.002277374267578125,5.644354350073006,4.896585491760502,-0.7477688583125044,5.788220763206482,5.244019269943237,-0.5442014932632446,14.34198408126832,6.550183868408212,-7.7918002128601085,16.921872520446783,15.979116630554206,-0.9427558898925774,18.758468627929688,19.920618057250977,1.162149429321289,18.758468627929688,19.920618057250977,1.162149429321289,165.0,165.0,0.0,155.0,152.0,-3.0,155.0,129.0,-26.0,123.0,104.0,-19.0,1133.345341682434,911.8212413787842,-221.5241003036499,1054.2888584136963,834.9184942245483,-219.37036418914795,0.4991906802996612,0.5276680130160647,0.028477332716403514,0.8194984276374228,0.8034856515001322,-0.016012776137290574,0.7296728925366156,0.7486816387701021,0.019008746233486473,2.460823561382387,2.7297841826374256,0.26896062125503883,2.786209955214863,3.5347331482644218,0.7485231930495586,41.0,25.0,-16.0,33.0,18.0,-15.0
6HGM_A,7,1,t075,high,not_tier2,330.0,330.0,0.0,1.7986982576774828,1.8050682616956306,0.006370004018147801,0.0009274482727050781,0.03019428253173828,0.029266834259033203,4.514561531537509,3.5427617376781586,-0.9717997938593501,2.2914071083068848,2.720041513442993,0.4286344051361084,9.16850471496582,6.720358705520631,-2.448146009445189,13.187107181549132,10.991074371337934,-2.1960328102111983,17.548933029174805,13.151456832885742,-4.3974761962890625,17.548933029174805,13.151457786560059,-4.397475242614746,165.0,165.0,0.0,152.0,130.0,-22.0,117.0,117.0,0.0,91.0,100.0,9.0,735.389949798584,667.5416479110718,-67.8483018875122,656.0911827087402,590.9706897735596,-65.12049293518066,0.6032697986492374,0.5121228615728832,-0.09114693707635413,0.786678432464637,0.8048686082474247,0.0181901757827877,0.7801706515455233,0.7540650706453833,-0.026105580900140035,2.522594684847088,2.5928941288788425,0.07029944403175437,3.488762897896159,3.2026961915594643,-0.28606670633669484,38.0,62.0,24.0,17.0,17.0,0.0
6HJS_B,0,2,t075,low_or_equal,low_or_equal,236.0,236.0,0.0,2.226454219575656,2.0898826809252724,-0.1365715386503834,0.0006146430969238281,0.0027751922607421875,0.0021605491638183594,3.8864433895197275,4.614902326653684,0.7284589371339569,3.987436056137085,1.6322925090789795,-2.3551435470581055,8.961166858673096,11.365410327911377,2.4042434692382812,10.701661109924316,15.520373106002808,4.818711996078491,10.702191352844238,15.520378112792969,4.8181867599487305,10.702191352844238,15.520378112792969,4.8181867599487305,118.0,118.0,0.0,104.0,78.0,-26.0,98.0,72.0,-26.0,85.0,54.0,-31.0,606.3168892860413,523.7160539627075,-82.60083532333374,550.962972164154,480.99533557891846,-69.9676365852356,0.3976775108351659,0.673483315768048,0.2758058049328821,0.8195341397495847,0.7360011858461838,-0.08353295390340088,0.7013163426732214,0.8187187899071644,0.117402447233943,2.1807102383642327,2.910243700610697,0.7295334622464642,2.1808466723391495,2.9102447855286013,0.7293981131894518,58.0,32.0,-26.0,15.0,24.0,9.0
6HJS_B,1,2,t075,low_or_equal,low_or_equal,236.0,236.0,0.0,1.781611527426768,1.1058983903820232,-0.6757131370447449,0.001041412353515625,0.022520065307617188,0.021478652954101562,3.5570390348545797,2.5711436204331912,-0.9858954144213885,1.5403144359588623,2.811579465866089,1.2712650299072266,9.805798053741455,4.530335426330566,-5.275462627410889,10.96524429321289,7.484963655471802,-3.480280637741089,10.965518474578857,7.491072797775269,-3.4744456768035885,10.965652465820312,7.491074085235596,-3.474578380584717,118.0,118.0,0.0,93.0,95.0,2.0,73.0,87.0,14.0,50.0,65.0,15.0,456.3203067779541,361.5715022087097,-94.74880456924438,404.1448621749878,309.7106328010559,-94.43422937393188,0.5704850595561812,0.4467861088165727,-0.12369895073960852,0.7717414792179459,0.8143442487303926,0.04260276951244668,0.7788821405924575,0.7122501586387437,-0.06663198195371378,2.5818195065609033,2.481022535806468,-0.10079697075443539,2.581934257229485,2.4833990774026797,-0.09853517982680549,41.0,42.0,1.0,25.0,16.0,-9.0
6HJS_B,2,2,t075,low_or_equal,low_or_equal,236.0,236.0,0.0,3.178010704153675,1.8711728584968437,-1.3068378456568313,0.002574443817138672,0.00012350082397460938,-0.0024509429931640625,5.551183383615627,4.338435971219293,-1.2127474123963342,6.55729341506958,4.294034242630005,-2.263259172439575,11.59765625,7.328547954559326,-4.269108295440674,17.233454704284668,12.663060188293457,-4.570394515991211,17.233457565307617,12.663063049316406,-4.570394515991211,17.233457565307617,12.663063049316406,-4.570394515991211,118.0,118.0,0.0,106.0,114.0,8.0,93.0,99.0,6.0,78.0,91.0,13.0,814.263662815094,615.868999004364,-198.39466381072998,759.3598828315735,558.5429339408875,-200.81694889068604,0.45423553531753696,0.42408839555593486,-0.030147139761602104,0.8001216154157453,0.820855670093533,0.02073405467778766,0.7356380977797612,0.7019142758571866,-0.033723821922574615,2.5319725595115044,2.487506419684146,-0.044466139827358475,2.5319730749012423,2.4875070791436764,-0.044465995757565935,45.0,56.0,11.0,17.0,16.0,-1.0
6HJS_B,3,2,t075,low_or_equal,low_or_equal,236.0,236.0,0.0,1.663786409264904,3.0161114284547708,1.3523250191898668,0.029949665069580078,0.0006008148193359375,-0.02934885025024414,3.418522496396269,4.64953400717898,1.2310115107827113,3.2521917819976807,7.5178622007369995,4.265670418739319,6.11569881439209,9.925296783447266,3.809597969055176,11.53771448135376,11.43348503112793,-0.10422945022583008,11.537718772888184,11.433487892150879,-0.10423088073730469,11.537718772888184,11.433487892150879,-0.10423088073730469,118.0,118.0,0.0,105.0,116.0,11.0,88.0,109.0,21.0,71.0,97.0,26.0,469.5824074745178,832.4193892478943,362.83698177337646,413.7986512184143,774.363420009613,360.56476879119873,0.4977017694971876,0.3151154063942466,-0.18258636310294096,0.8030218929025981,0.8475927520369821,0.04457085913438408,0.7363761660978094,0.6220830346322854,-0.114293131465524,2.888361297167924,1.8103692950038763,-1.0779920021640474,2.8883625525448964,1.8103699103392938,-1.0779926422056025,36.0,52.0,16.0,16.0,0.0,-16.0
6HJS_B,4,2,t075,low_or_equal,low_or_equal,236.0,236.0,0.0,1.6305783502126143,1.3279391163486545,-0.30263923386395986,1.621246337890625e-05,0.0015192031860351562,0.00150299072265625,3.858549013593135,2.315954102209452,-1.542594911383683,0.3073005676269531,2.4458229541778564,2.1385223865509033,11.163305282592773,3.3988680839538574,-7.764437198638916,11.953935861587524,7.947571396827698,-4.006364464759827,11.996599674224854,9.28891124725342,-2.7076884269714334,11.996603012084961,10.480031967163086,-1.516571044921875,118.0,118.0,0.0,54.0,104.0,50.0,50.0,103.0,53.0,47.0,71.0,24.0,429.1988673210144,349.047260761261,-80.15160655975342,392.5841717720032,295.27532720565796,-97.30884456634521,0.660120938776677,0.4459041607768118,-0.21421677799986522,0.7208000427039588,0.8221432554416029,0.10134321273764413,0.8245535160206365,0.6882290187483102,-0.13632449727232632,2.6754506616365754,2.8582743821062015,0.18282372046962614,2.6865084842396127,3.9517591657292384,1.2652506814896256,26.0,14.0,-12.0,25.0,14.0,-11.0
6HJS_B,5,2,t075,low_or_equal,low_or_equal,236.0,236.0,0.0,1.297938902499312,2.8679673954591913,1.5700284929598793,0.0020203590393066406,0.0021038055419921875,8.344650268554688e-05,3.5424760721892046,5.923900750306453,2.3814246781172486,0.368985652923584,3.672240734100342,3.303255081176758,7.054118394851685,13.586566925048828,6.5324485301971436,12.462779998779297,18.798264980316162,6.335484981536865,12.462799072265625,18.79827308654785,6.335474014282227,12.462799072265625,18.79827308654785,6.335474014282227,118.0,118.0,0.0,47.0,93.0,46.0,46.0,90.0,44.0,45.0,78.0,33.0,367.304416179657,782.4853219985962,415.1809058189392,327.1451029777527,731.4636850357056,404.3185820579529,0.7026895918647683,0.5311338073443195,-0.17155578452044884,0.7166556349095692,0.7827806474203329,0.06612501251076375,0.8348792409653811,0.7645502699758178,-0.07032897098956337,3.151705436751266,2.689156732417043,-0.4625487043342229,3.151710820975729,2.6891581008112873,-0.46255272016444193,25.0,47.0,22.0,17.0,17.0,0.0
6HJS_B,6,2,t075,low_or_equal,low_or_equal,236.0,236.0,0.0,1.1685090954020871,2.124460438550529,0.9559513431484417,0.00049591064453125,0.038121700286865234,0.037625789642333984,2.795401374433511,4.9730046924376685,2.1776033180041576,1.3808763027191162,4.1573076248168945,2.7764313220977783,3.108189105987549,9.045812606811523,5.937623500823975,10.397848129272461,16.232683181762695,5.834835052490234,10.397870683670044,16.232683181762695,5.834812498092651,10.397871017456055,16.232683181762695,5.834812164306641,118.0,118.0,0.0,96.0,81.0,-15.0,70.0,78.0,8.0,44.0,65.0,21.0,316.4106559753418,622.3386421203613,305.92798614501953,265.240309715271,575.3154630661011,310.0751533508301,0.6341244012383845,0.5389064556208618,-0.09521794561752273,0.7600364243554582,0.7713425926560568,0.011306168300598607,0.792372645239118,0.778086122390238,-0.01428652284887999,3.3016149731774043,2.836961478171579,-0.4646534950058254,3.301623160976052,2.836961478171579,-0.46466168280447295,18.0,39.0,21.0,17.0,15.0,-2.0
6HJS_B,7,2,t075,low_or_equal,low_or_equal,236.0,236.0,0.0,2.603886137574406,2.1461289252265026,-0.45775721234790323,0.01179361343383789,0.019855976104736328,0.008062362670898438,4.769793723232115,4.415596206580547,-0.35419751665156785,3.8637404441833496,2.7260189056396484,-1.1377215385437012,8.69010305404663,7.474081993103027,-1.2160210609436035,15.86380910873413,15.337974548339844,-0.5258345603942871,15.863853454589844,15.337974548339844,-0.52587890625,15.863853454589844,15.33797550201416,-0.5258779525756836,118.0,118.0,0.0,92.0,96.0,4.0,91.0,73.0,-18.0,91.0,71.0,-20.0,678.155978679657,570.7486581802368,-107.40732049942017,629.3991122245789,516.6028966903687,-112.7962155342102,0.4775563735575727,0.5398727031025918,0.062316329545019145,0.7960088145637646,0.7807540922716621,-0.015254722292102452,0.7404265686963529,0.7678480651889747,0.027421496492621822,2.7799782842966456,2.9875570604607327,0.20757877616408704,2.7799875815237978,2.987557276439339,0.20756969491554145,44.0,50.0,6.0,16.0,16.0,0.0
6K82_B,0,2,t075,high,high,282.0,282.0,0.0,3.0602144704642873,1.6711562846569306,-1.3890581858073567,0.011720657348632812,2.09808349609375e-05,-0.011699676513671875,4.856701848376092,3.7419066955262723,-1.11479515284982,6.228610277175903,1.6819524765014648,-4.5466578006744385,10.587464237213135,10.338714504241944,-0.2487497329711914,14.664355373382568,10.98817572593689,-3.6761796474456787,14.871513366699219,10.988260583877564,-3.883252782821655,14.871513366699219,10.988266944885254,-3.883246421813965,141.0,141.0,0.0,124.0,94.0,-30.0,119.0,91.0,-28.0,119.0,64.0,-55.0,959.7438683509827,533.171760559082,-426.57210779190063,894.7913327217102,482.6405019760132,-412.150830745697,0.40343577480123793,0.5910312872685147,0.1875955124672768,0.8344843440395969,0.7580197072613836,-0.07646463677821336,0.6800735483047016,0.7977542671297071,0.11768071882500553,2.3893047720848437,2.4899122825320976,0.10060751044725391,2.43195881999308,2.4899366601972255,0.057977840204145537,53.0,43.0,-10.0,19.0,37.0,18.0
6K82_B,1,2,t075,high,high,282.0,282.0,0.0,1.954387160903173,2.0643016260566442,0.10991446515347114,0.06165742874145508,0.0029668807983398438,-0.058690547943115234,4.719053791601776,3.9599107041063455,-0.7591430874954304,4.173581600189209,2.2046406269073486,-1.9689409732818604,9.673557090759278,9.738676929473877,0.06511983871459925,14.716917037963867,12.179344129562377,-2.53757290840149,14.781306810379029,12.17949254989624,-2.6018142604827883,14.831323623657227,12.179559707641602,-2.651763916015625,141.0,141.0,0.0,129.0,116.0,-13.0,110.0,96.0,-14.0,92.0,94.0,2.0,751.1044435501099,641.1211061477661,-109.98333740234375,684.6866645812988,577.260745048523,-107.42591953277588,0.48205589858784575,0.5090377019255399,0.02698180333769412,0.8090585813250071,0.7930252114341176,-0.016033369890889437,0.7374533253142075,0.7593417090188217,0.02188838370461421,2.7044679803763674,2.5543612619892273,-0.15010671838714007,2.7287115238377626,2.5544157021257186,-0.17429582171204405,54.0,43.0,-11.0,16.0,18.0,2.0
6K82_B,2,2,t075,high,high,282.0,282.0,0.0,2.8201567281222513,3.7114306324762656,0.8912739043540143,0.0036211013793945312,0.013214111328125,0.009593009948730469,5.122595335423445,6.430304614486212,1.3077092790627667,3.0809316635131836,6.539406657218933,3.4584749937057495,10.462069129943847,13.91058349609375,3.4485143661499027,16.657318115234375,19.096321010589595,2.4390028953552196,16.65732192993164,19.393223190307616,2.735901260375975,16.65732192993164,19.43899154663086,2.7816696166992188,141.0,141.0,0.0,132.0,133.0,1.0,127.0,132.0,5.0,122.0,113.0,-9.0,864.5474762916565,1217.2991576194763,352.7516813278198,798.3412775993347,1149.603792667389,351.2625150680542,0.5228334916035978,0.4094056383742606,-0.11342785322933724,0.8094406624264419,0.8331740418819367,0.023733379455494807,0.734029471055551,0.6889022272508472,-0.0451272438047039,2.701201340544366,2.392560119695449,-0.30864122084891665,2.7012020852249456,2.445850057977579,-0.25535202724736683,39.0,56.0,17.0,24.0,18.0,-6.0
6K82_B,3,2,t075,high,high,282.0,282.0,0.0,2.61434649913869,2.610736567923363,-0.0036099312153270446,7.677078247070312e-05,0.0006418228149414062,0.0005650520324707031,5.117241753764631,5.228470240401931,0.1112284866372999,3.6053922176361084,1.6436691284179688,-1.9617230892181396,12.980698394775391,11.81769609451294,-1.1630023002624519,15.42052130699157,18.333987045288083,2.9134657382965123,15.527078628540039,18.97143211364746,3.4443534851074205,15.532392501831055,19.017202377319336,3.4848098754882812,141.0,141.0,0.0,90.0,105.0,15.0,88.0,79.0,-9.0,88.0,68.0,-20.0,818.9843640327454,768.9862694740295,-49.99809455871582,761.7916731834412,708.3304209709167,-53.461252212524414,0.5080804501499978,0.592221144121766,0.08414069397176815,0.7821845021535583,0.7645226513206544,-0.017661850832903836,0.7682145232711108,0.797662518003758,0.029447994732647143,2.50255419307319,3.007237251895694,0.5046830588225042,2.5244158131065175,3.1379093798064246,0.6134935666999071,56.0,37.0,-19.0,32.0,16.0,-16.0
6K82_B,4,2,t075,high,high,282.0,282.0,0.0,1.5685049286970856,3.309606445596573,1.7411015168994874,0.0003104209899902344,0.00026416778564453125,-4.6253204345703125e-05,3.837020768584902,6.693571325428116,2.856550556843214,4.304755210876465,4.317049503326416,0.012294292449951172,8.807048225402832,15.646976470947266,6.839928245544433,11.556414794921842,18.098354530334472,6.54193973541263,11.700115203857422,18.099039707183838,6.398924503326416,11.700225830078125,18.099050521850586,6.398824691772461,141.0,141.0,0.0,112.0,126.0,14.0,108.0,121.0,13.0,88.0,95.0,7.0,610.7359981536865,1105.208429813385,494.4724316596985,549.7280626296997,1041.0425486564636,491.3144860267639,0.48969788575823747,0.45914947269540657,-0.030548413062830904,0.8053210054898243,0.7985814987612473,-0.006739506728577038,0.7399493936667618,0.7439401535184156,0.003990759851653758,2.6030377390707504,2.209395756874529,-0.3936419821962214,2.6405176079142336,2.2094997359736195,-0.43101787194061414,49.0,60.0,11.0,15.0,23.0,8.0
6K82_B,5,2,t075,high,high,282.0,282.0,0.0,2.1745529614441783,3.7465437253316245,1.5719907638874462,1.430511474609375e-06,0.0012149810791015625,0.0012135505676269531,6.292280818166174,5.84841971932818,-0.44386109883799385,5.875474452972412,6.99497663974762,1.1195021867752075,16.659024620056154,14.157538795471192,-2.5014858245849627,16.798858833312988,14.793801450729367,-2.0050573825836207,17.253857040405272,16.078760204315184,-1.1750968360900877,17.29962730407715,16.07881736755371,-1.2208099365234375,141.0,141.0,0.0,120.0,135.0,15.0,117.0,131.0,14.0,105.0,120.0,15.0,958.7097454071045,1161.620553970337,202.91080856323242,895.0126991271973,1093.73921585083,198.7265167236328,0.5124315202003963,0.3781025017125893,-0.13432901848780698,0.8062347097190138,0.8354353629254141,0.029200653206400307,0.7366180719320115,0.6806062819681642,-0.05601178996384726,2.3241661163067615,1.8889303872784908,-0.4352357290282707,2.40375068750365,2.108650581534993,-0.2951001059686571,35.0,56.0,21.0,32.0,13.0,-19.0
6K82_B,6,2,t075,high,high,282.0,282.0,0.0,1.8876177469889324,2.272124408830142,0.38450666184120963,0.0009603500366210938,0.020113468170166016,0.019153118133544922,4.625738911981577,4.445536424380462,-0.18020248760111457,3.4973223209381104,4.302490234375,0.8051679134368896,10.269941329956055,10.741387939453128,0.4714466094970735,14.054629850387574,11.370122814178464,-2.6845070362091104,14.054722194671632,11.828363571166992,-2.2263586235046393,14.054723739624023,11.828413963317871,-2.2263097763061523,141.0,141.0,0.0,94.0,124.0,30.0,91.0,103.0,12.0,81.0,97.0,16.0,676.40793800354,768.0426244735718,91.63468647003174,618.9409027099609,703.8281555175781,84.88725280761719,0.5720899024036329,0.4268750012191888,-0.14521490118444408,0.77598632197086,0.8104348073905292,0.03444848541966916,0.780507569826143,0.7250406382162728,-0.05546693160987015,2.6302850928061847,2.0465468138901226,-0.5837382789160621,2.6303053899388673,2.149636993654711,-0.48066839628415625,37.0,56.0,19.0,24.0,15.0,-9.0
6K82_B,7,2,t075,high,high,282.0,282.0,0.0,3.283139514584913,2.22399780090819,-1.059141713676723,0.00048065185546875,0.016766071319580078,0.016285419464111328,6.203496476052701,5.076224844663368,-1.1272716313893323,4.745510816574097,2.8107213973999023,-1.9347894191741943,16.46734857559205,13.301829719543457,-3.1655188560485943,18.585148048400878,15.661922645568842,-2.9232254028320366,18.62638246536255,15.731936740875245,-2.894445724487305,18.655471801757812,15.801847457885742,-2.8536243438720703,141.0,141.0,0.0,122.0,116.0,-6.0,120.0,115.0,-5.0,86.0,104.0,18.0,1039.6612210273743,785.8889946937561,-253.77222633361816,975.8301939964294,724.4144330024719,-251.41576099395752,0.4943768356418588,0.5392443565861211,0.04486752094426233,0.7996513457638329,0.7944365807360073,-0.005214765027825585,0.7487357482827899,0.7575665089346231,0.008830760651833192,2.466674816836951,2.647228059408742,0.18055324257179128,2.478010964705883,2.6747927982843267,0.1967818335784437,46.0,38.0,-8.0,29.0,30.0,1.0
6K8P_C,0,2,t075,high,high,294.0,294.0,0.0,3.056133760075991,2.0447731715481297,-1.0113605885278614,0.012210845947265625,0.0004673004150390625,-0.011743545532226562,5.9775028232153895,4.526437224722198,-1.4510655984931917,5.178465366363525,1.664536714553833,-3.5139286518096924,14.155339241027832,8.896284484863282,-5.25905475616455,18.333108139038085,16.65352373123168,-1.6795844078064057,19.79361915588379,17.171537399291992,-2.622081756591797,19.79361915588379,17.171537399291992,-2.622081756591797,147.0,147.0,0.0,97.0,126.0,29.0,87.0,112.0,25.0,80.0,68.0,-12.0,946.6112012863159,651.594808101654,-295.01639318466187,883.4498329162598,585.2748141288757,-298.17501878738403,0.5554416894612297,0.6361464172652344,0.08070472780400462,0.7698692109707248,0.7666396918243549,-0.00322951914636993,0.789776127922992,0.7975994883778472,0.00782336045485521,2.5557452385684325,3.2274280707781466,0.6716828322097141,2.8000798813181405,3.3418698806039977,0.5417899992858572,48.0,39.0,-9.0,22.0,20.0,-2.0
6K8P_C,1,2,t075,high,high,294.0,294.0,0.0,2.6645359749696693,1.3308945464439133,-1.333641428525756,0.0029354095458984375,0.00026702880859375,-0.0026683807373046875,4.852516579035986,3.257542666547909,-1.594973912488077,4.784097194671631,1.447598934173584,-3.336498260498047,6.644755744934082,4.113065528869629,-2.5316902160644537,18.533422756195048,13.607834148406981,-4.925588607788066,19.08403778076172,13.622645378112793,-5.461392402648926,19.08403778076172,13.622645378112793,-5.461392402648926,147.0,147.0,0.0,126.0,94.0,-32.0,124.0,77.0,-47.0,106.0,51.0,-55.0,824.7082839012146,417.8938698768616,-406.814414024353,758.2724251747131,359.42744493484497,-398.84498023986816,0.5210867794050141,0.6796248743841141,0.15853809497909999,0.8036504782514449,0.7418964962240809,-0.06175398202736393,0.74313782477473,0.8240437111990069,0.08090588642427687,3.2702385499892372,3.768773231441115,0.49853468145187785,3.3837085434655005,3.7733199807002755,0.389611437234775,21.0,19.0,-2.0,18.0,17.0,-1.0
6K8P_C,2,2,t075,high,high,294.0,294.0,0.0,2.137792984644572,2.29770151611899,0.1599085314744184,0.0014142990112304688,0.004237174987792969,0.0028228759765625,5.31618633383383,4.909525470699231,-0.4066608631345989,3.8346996307373047,3.2112231254577637,-0.623476505279541,10.470584869384766,5.295569992065429,-5.175014877319336,17.54900836944577,19.02027111053467,1.4712627410888999,18.194129943847656,19.045873641967773,0.8517436981201172,18.194129943847656,19.045873641967773,0.8517436981201172,147.0,147.0,0.0,139.0,125.0,-14.0,111.0,106.0,-5.0,91.0,92.0,1.0,813.1817831993103,727.2345900535583,-85.94719314575195,743.6433682441711,661.0348544120789,-82.60851383209229,0.5645499976054111,0.6093168552360723,0.04476685763066113,0.7893908495676103,0.777989556377444,-0.01140129319016625,0.7704075154331436,0.7807939796455645,0.010386464212420954,2.898923103338106,3.406147843456242,0.507224740118136,3.020273547790389,3.4113627123037316,0.3910891645133425,40.0,22.0,-18.0,20.0,20.0,0.0
6K8P_C,3,2,t075,high,high,294.0,294.0,0.0,1.9087136683820867,2.9550573306829753,1.0463436623008886,0.00115966796875,0.0007619857788085938,-0.00039768218994140625,4.060081284647565,5.351528614188927,1.291447329541362,1.3262038230895996,5.29544997215271,3.9692461490631104,9.628332138061523,10.813739967346187,1.1854078292846637,9.929220533370971,16.96756362915039,7.038343095779419,14.712361259460447,17.13921157836914,2.4268503189086914,16.07851791381836,18.505367279052734,2.426849365234375,147.0,147.0,0.0,128.0,108.0,-20.0,95.0,105.0,10.0,64.0,94.0,30.0,620.7004747390747,908.7039322853088,288.00345754623413,553.9284219741821,845.6181931495667,291.6897711753845,0.5636786990502095,0.5516001845103613,-0.012078514539848206,0.7742962267742656,0.7900040577088655,0.01570783093459993,0.7855074847311443,0.7631541858375723,-0.02235329889357196,1.9754547514398113,2.618411917169789,0.6429571657299777,3.49002969448339,2.905769747197091,-0.584259947286299,46.0,36.0,-10.0,12.0,29.0,17.0
6K8P_C,4,2,t075,high,high,294.0,294.0,0.0,1.6806178871466189,2.1746479118762374,0.49403002472961854,0.22212696075439453,0.00037670135498046875,-0.22175025939941406,4.868899111839138,4.893953602236299,0.02505449039716101,1.3668558597564697,3.419701099395752,2.0528452396392822,4.304512691497795,6.425204563140869,2.120691871643074,19.02051877975464,18.497188663482667,-0.5233301162719712,19.056821823120117,18.500812530517578,-0.5560092926025391,19.056821823120117,18.500812530517578,-0.5560092926025391,147.0,147.0,0.0,145.0,125.0,-20.0,120.0,110.0,-10.0,54.0,106.0,52.0,606.5988073348999,757.4457340240479,150.84692668914795,533.1865701675415,690.523458480835,157.33688831329346,0.7301086363427058,0.5671795302408423,-0.1629291061018635,0.751584683532237,0.7937826505211311,0.04219796698889411,0.801239766561423,0.7587575620722988,-0.04248220448912421,3.561359661457062,3.3352463219405717,-0.22611333951649026,3.5688157706373085,3.335986800361384,-0.23282897027592453,28.0,24.0,-4.0,20.0,20.0,0.0
6K8P_C,5,2,t075,high,high,294.0,294.0,0.0,2.2333980190510654,2.2094427549920113,-0.023955264059054127,0.00045871734619140625,0.00042724609375,-3.147125244140625e-05,4.928670604771518,4.67544238887179,-0.25322821589972744,2.309751033782959,1.4921903610229492,-0.8175606727600098,10.99360761642456,9.00084762573242,-1.9927599906921394,18.20978603363037,14.93433737754819,-3.2754486560821796,18.220918655395508,18.10753631591797,-0.11338233947753906,18.220918655395508,18.10753631591797,-0.11338233947753906,147.0,147.0,0.0,131.0,116.0,-15.0,117.0,93.0,-24.0,105.0,69.0,-36.0,723.594651222229,679.3828935623169,-44.21175765991211,653.1602563858032,616.977105140686,-36.18315124511719,0.6453536326881063,0.6330898925935087,-0.01226374009459763,0.7776073634503218,0.7606571647387284,-0.016950198711593423,0.778574870316092,0.807441000025948,0.028866129709856025,3.241520745799553,2.7216450475025025,-0.5198756982970507,3.243779493169353,3.4003399547314825,0.15656046156212966,34.0,40.0,6.0,20.0,18.0,-2.0
6K8P_C,6,2,t075,high,high,294.0,294.0,0.0,1.964148354368145,1.4161874939795254,-0.5479608603886197,0.0054836273193359375,0.00023031234741210938,-0.005253314971923828,4.215423270779987,3.8193447727646683,-0.3960784980153189,2.049600124359131,2.3966972827911377,0.34709715843200684,8.489432477951011,3.1861494064331044,-5.303283071517907,11.504907608032227,15.113121318817113,3.608213710784886,16.272273807525632,15.62508773803711,-0.647186069488523,17.638429641723633,15.62508773803711,-2.0133419036865234,147.0,147.0,0.0,119.0,111.0,-8.0,92.0,107.0,15.0,76.0,98.0,22.0,625.1953454017639,515.7654485702515,-109.42989683151245,561.1374478340149,453.43349838256836,-107.70394945144653,0.6387853694431195,0.620453036704012,-0.018332332739107504,0.7696425125422844,0.7704937343971751,0.0008512218548906159,0.7971366276084793,0.7793272315577242,-0.017809396050755044,2.2632980464376327,3.586199895466084,1.3229018490284514,3.718317303034494,3.720245510533562,0.0019282074990680798,30.0,18.0,-12.0,29.0,18.0,-11.0
6K8P_C,7,2,t075,high,high,294.0,294.0,0.0,1.7206787771108198,1.3775702139147286,-0.3431085631960913,0.12216329574584961,0.02197265625,-0.10019063949584961,4.685154173369834,4.781500343100742,0.09634616973090804,1.0670404434204102,1.2515788078308105,0.1845383644104004,6.271249961853027,2.068997573852539,-4.202252388000488,18.00657558441162,18.693886756896973,0.6873111724853516,18.04644012451172,18.779129028320312,0.7326889038085938,18.04644012451172,18.779129028320312,0.7326889038085938,147.0,147.0,0.0,111.0,99.0,-12.0,77.0,92.0,15.0,55.0,31.0,-24.0,606.3173494338989,519.341100692749,-86.9762487411499,537.4741353988647,461.0421962738037,-76.43193912506104,0.678819809064199,0.7929331399183428,0.11411333085414377,0.7454872892237371,0.7049130358285054,-0.040574253395231685,0.8209047363582189,0.847606466576659,0.026701730218440023,3.4760642242829425,3.6215236432991307,0.1454594190161882,3.484572917620439,3.639351158787305,0.1547782411668659,28.0,22.0,-6.0,18.0,20.0,2.0
6NQK_F,0,2,t075,high,high,215.0,215.0,0.0,1.5521177358405536,1.6838123365890147,0.13169460074846118,0.0,0.0,0.0,2.6918845430713296,2.7676852842852906,0.07580074121396096,2.428628921508789,3.3907322883605957,0.9621033668518066,6.928601932525635,6.7166749954223635,-0.21192693710327148,6.938035726547241,7.429061031341552,0.49102530479431117,8.025990066528315,7.429200515747071,-0.5967895507812448,9.16469955444336,7.429202079772949,-1.7354974746704102,107.0,107.0,0.0,90.0,90.0,0.0,75.0,73.0,-2.0,64.0,71.0,7.0,363.81963777542114,394.6982593536377,30.878621578216553,313.8458876609802,346.72543811798096,32.87955045700073,0.43941373474902845,0.4038376625368899,-0.03557607221213854,0.8035479250732609,0.8076401057317566,0.004092180658495703,0.7242788186282694,0.7094483331388588,-0.014830485489410572,2.000798290019369,2.0758316443613114,0.07503335434194236,2.8279748617736638,2.0758826069589005,-0.7520922548147633,36.0,52.0,16.0,21.0,16.0,-5.0
6NQK_F,1,2,t075,high,high,215.0,215.0,0.0,1.339905009158822,1.6978054978126704,0.3579004886538484,0.0,0.0,0.0,2.8080180314087753,4.153138034693369,1.345120003284594,2.8253893852233887,0.33290624618530273,-2.492483139038086,6.7550193786621096,6.216407299041748,-0.5386120796203615,8.612575817108155,14.562682533264159,5.950106716156004,8.612607421875,15.88259712219238,7.26998970031738,8.612646102905273,17.021484375,8.408838272094727,107.0,107.0,0.0,83.0,49.0,-34.0,80.0,49.0,-31.0,76.0,49.0,-27.0,358.8050570487976,421.15044116973877,62.34538412094116,312.061927318573,384.6512565612793,72.5893292427063,0.4863011977628418,0.6074616575603112,0.12116045979746942,0.8024638263218291,0.728280720973475,-0.07418310534835415,0.7290542490146779,0.8139817772039633,0.0849275281892854,2.5899658501482814,3.0976280894071744,0.507662239258893,2.58999088054208,3.6896627921298295,1.0996719115877496,29.0,38.0,9.0,15.0,13.0,-2.0
6NQK_F,2,2,t075,high,high,215.0,215.0,0.0,1.2772627342578977,1.8886715556299964,0.6114088213720987,0.0,0.0,0.0,4.373695267471232,3.5907183446471005,-0.7829769228241319,3.2032742500305176,2.856438636779785,-0.3468356132507324,8.914849281311035,8.801461219787598,-0.1133880615234375,11.243383407592773,10.829954147338867,-0.41342926025390625,11.243392944335938,10.829957008361816,-0.4134359359741211,11.243392944335938,10.833776473999023,-0.40961647033691406,107.0,107.0,0.0,100.0,81.0,-19.0,89.0,65.0,-24.0,81.0,60.0,-21.0,506.59670400619507,444.88135051727295,-61.71535348892212,455.1672263145447,399.3758964538574,-55.791329860687256,0.44689917823847586,0.4990879552386318,0.05218877700015595,0.8106590156822269,0.7783337157554792,-0.03232529992674771,0.7179821401121032,0.7627829887742621,0.04480084866215894,2.2786499890508036,2.4901097032681996,0.21145971421739596,2.2786521695280846,2.491174205212735,0.21252203568465022,43.0,36.0,-7.0,13.0,14.0,1.0
6NQK_F,3,2,t075,high,high,215.0,215.0,0.0,2.4884951635848642,2.3215585309405657,-0.16693663264429848,0.0,0.0,0.0,4.67408036022521,4.653859411098486,-0.020220949126724008,3.781693935394287,3.7544288635253906,-0.027265071868896484,10.322039222717283,9.301445960998535,-1.0205932617187479,14.690206527709961,14.626832389831542,-0.06337413787841939,14.690207481384277,15.936993198394772,1.2467857170104946,14.690207481384277,17.07583236694336,2.385624885559082,107.0,107.0,0.0,83.0,86.0,3.0,75.0,71.0,-4.0,62.0,61.0,-1.0,572.1546502113342,534.9693956375122,-37.18525457382202,527.5871844291687,490.2315511703491,-37.35563325881958,0.5379651363555797,0.6006185593118166,0.06265342295623688,0.7745464163118891,0.7635246225215622,-0.011021793790326972,0.7691489845992086,0.7845231853992656,0.015374200800057025,2.6105052595923244,2.644100900329189,0.033595640736864496,2.610505463626967,3.170330801316628,0.5598253376896611,40.0,27.0,-13.0,18.0,21.0,3.0
6NQK_F,4,2,t075,high,high,215.0,215.0,0.0,2.6877177770747696,3.189673255210699,0.5019554781359297,0.0,0.0,0.0,5.542548147269937,5.54564777243254,0.0030996251626032034,8.400584697723389,3.773159980773926,-4.627424716949463,11.31776237487793,13.914772605895996,2.597010231018066,12.772272109985352,13.950100326538085,1.177828216552733,12.772272109985352,14.686711559295652,1.9144394493103007,12.772272109985352,14.99228286743164,2.220010757446289,107.0,107.0,0.0,93.0,87.0,-6.0,91.0,83.0,-8.0,90.0,82.0,-8.0,783.853075504303,738.0008935928345,-45.852181911468506,736.8495001792908,689.5726089477539,-47.276891231536865,0.34433071115291397,0.4221427608017458,0.07781204964883182,0.8258499222645721,0.7922665748707446,-0.03358334739382751,0.6675927369910659,0.7334715783846713,0.06587884139360534,1.8194797888905803,1.940337272197047,0.12085748330646684,1.8194797888905803,2.128265280548795,0.3087854916582149,58.0,45.0,-13.0,0.0,6.0,6.0
6NQK_F,5,2,t075,high,high,215.0,215.0,0.0,2.089286591285883,1.0095885786899301,-1.0796980125959528,0.0,0.0,0.0,4.699582774450166,2.6011392531033786,-2.098443521346787,1.1832523345947266,1.7257943153381348,0.5425419807434082,11.526850128173827,6.025265693664551,-5.501584434509276,14.330440139770507,6.025332736968994,-8.305107402801514,14.330442428588867,7.262874202728267,-7.0675682258606,14.330442428588867,8.401594161987305,-5.9288482666015625,107.0,107.0,0.0,92.0,99.0,7.0,58.0,76.0,18.0,38.0,42.0,4.0,506.003399848938,320.1558599472046,-185.8475399017334,457.6477909088135,269.576021194458,-188.07176971435547,0.591940587182868,0.4410941482849468,-0.1508464388979212,0.7454769797428235,0.809312263370449,0.06383528362762558,0.7973071928045277,0.716935544333023,-0.08037164847150469,2.604731980684561,1.9282874426253256,-0.6764445380592352,2.6047324677104244,2.8418338520239113,0.23710138431348682,37.0,42.0,5.0,22.0,8.0,-14.0
6NQK_F,6,2,t075,high,high,215.0,215.0,0.0,3.9250967291898506,3.1548617606939273,-0.7702349684959233,0.0,0.0,0.0,5.989751978155808,5.049697590229261,-0.9400543879265468,9.076999187469482,8.337893009185791,-0.7391061782836914,13.869648361206053,13.493431282043456,-0.37621707916259695,16.56593379974365,13.93409194946289,-2.631841850280761,17.07426300048828,15.25399604797363,-1.8202669525146504,17.30411148071289,16.39288330078125,-0.9112281799316406,107.0,107.0,0.0,105.0,90.0,-15.0,103.0,87.0,-16.0,102.0,77.0,-25.0,943.9655408859253,717.4129972457886,-226.55254364013672,891.4634656906128,667.2029609680176,-224.26050472259521,0.3728767453163746,0.43632975711544963,0.06345301179907503,0.8379777504938198,0.8067293628555746,-0.031248387638245223,0.6603575505765142,0.7170187826067838,0.056661232030269515,2.1104107677002357,2.134628855721155,0.024218088020919293,2.2336508757483347,2.6215473904223052,0.38789651467397057,40.0,55.0,15.0,15.0,23.0,8.0
6NQK_F,7,2,t075,high,high,215.0,215.0,0.0,3.2075747268144474,1.1606772644575252,-2.046897462356922,0.0,0.0,0.0,5.42287697181869,2.317232844882837,-3.105644126935853,7.681603670120239,0.9054045677185059,-6.776199102401733,11.860294342041016,5.084562683105468,-6.775731658935547,14.696489524841308,7.09162721633911,-7.604862308502198,14.69691276550293,8.410989189147944,-6.285923576354985,14.69691276550293,9.549758911132812,-5.147153854370117,107.0,107.0,0.0,91.0,64.0,-27.0,87.0,49.0,-38.0,80.0,48.0,-32.0,778.7191214561462,266.5839695930481,-512.1351518630981,730.7409424781799,227.3006730079651,-503.44026947021484,0.39511340118856464,0.5711378547303368,0.1760244535417722,0.8127183561473451,0.7571976006144883,-0.05552075553285685,0.7009558973504246,0.7891967986853368,0.08824090133491214,2.118601409866354,2.5594967570820284,0.44089534721567425,2.1186794571213112,3.6203015442323627,1.5016220871110515,40.0,24.0,-16.0,17.0,16.0,-1.0
6SNK_A,0,1,t075,high,not_tier2,188.0,188.0,0.0,2.3237259464061006,1.466290681920153,-0.8574352644859475,0.013601303100585938,0.0005779266357421875,-0.01302337646484375,5.439017029624616,3.2743613597129446,-2.1646556699116717,3.981738805770874,3.421809196472168,-0.559929609298706,11.857715606689453,8.375837135314942,-3.481878471374511,14.28958511352539,8.445747995376587,-5.843837118148803,14.28958511352539,8.446691761016845,-5.842893352508545,14.28958511352539,8.446693420410156,-5.842891693115234,94.0,94.0,0.0,71.0,67.0,-4.0,64.0,60.0,-4.0,50.0,59.0,9.0,563.1467881202698,356.9340696334839,-206.2127184867859,518.6203684806824,319.799747467041,-198.82062101364136,0.46912110056611617,0.4491933910431394,-0.01992770952297679,0.7727480967725373,0.7840745416541367,0.011326444881599396,0.7568749494398881,0.7366233553446195,-0.020251594095268555,2.200003990049124,2.1315476658533212,-0.06845632419580294,2.200003990049124,2.1318364015576945,-0.06816758849142968,36.0,46.0,10.0,16.0,24.0,8.0
6SNK_A,1,1,t075,high,not_tier2,188.0,188.0,0.0,1.287433943849929,2.3876450797344777,1.1002111358845488,0.0071201324462890625,0.00412750244140625,-0.0029926300048828125,3.600576900493296,4.384578659471298,0.7840017589780022,6.247962474822998,5.075929522514343,-1.1720329523086548,6.717689800262466,9.405759239196778,2.6880694389343116,7.719787693023681,10.763198852539062,3.043411159515381,7.719791889190674,10.763199806213379,3.043407917022705,7.719792366027832,10.763199806213379,3.043407440185547,94.0,94.0,0.0,63.0,71.0,8.0,61.0,70.0,9.0,54.0,65.0,11.0,381.0516595840454,524.575433254242,143.52377367019653,341.7200536727905,487.50425958633423,145.7842059135437,0.3846104990688232,0.38724683418589023,0.0026363351170670124,0.7906991786516537,0.7955085761147934,0.004809397463139686,0.7099350827110917,0.7112231684892725,0.0012880857781807364,1.7864786468780849,1.9102300182737573,0.12375137139567238,1.786479944726813,1.9102302357802479,0.12375029105343494,53.0,42.0,-11.0,0.0,0.0,0.0
6SNK_A,2,1,t075,high,not_tier2,188.0,188.0,0.0,3.9112004320672216,1.9364646343474692,-1.9747357977197524,0.002476215362548828,0.007635593414306641,0.0051593780517578125,5.7369490064678335,5.37123803371331,-0.36571097275452313,7.851343750953674,1.290264368057251,-6.561079382896423,11.996841430664062,15.735507583618178,3.7386661529541154,17.193153381347656,17.122344970703125,-0.07080841064453125,17.193153381347656,17.122344970703125,-0.07080841064453125,17.193153381347656,17.122344970703125,-0.07080841064453125,94.0,94.0,0.0,76.0,75.0,-1.0,74.0,59.0,-15.0,74.0,36.0,-38.0,764.3327789306641,442.2556791305542,-322.07709980010986,723.9935483932495,398.8813314437866,-325.1122169494629,0.4202381908016665,0.7343969278595303,0.31415873705786374,0.8125287267469625,0.7181975637010001,-0.09433116304596245,0.6814111208140023,0.8176890402836157,0.13627791946961332,2.3151596666287895,2.8272588630478483,0.5120991964190589,2.3151596666287895,2.8272588630478483,0.5120991964190589,23.0,21.0,-2.0,18.0,20.0,2.0
6SNK_A,3,1,t075,high,not_tier2,188.0,188.0,0.0,2.680144505297884,1.77090127163745,-0.9092432336604339,0.003952980041503906,0.0009665489196777344,-0.002986431121826172,5.5735135780214184,5.799888999445985,0.22637542142456635,2.3204658031463623,3.649526834487915,1.3290610313415527,11.211139202117941,13.644938278198252,2.4337990760803105,17.97622299194336,17.014854431152344,-0.9613685607910156,17.976224899291992,17.014854431152344,-0.9613704681396484,17.976224899291992,17.014854431152344,-0.9613704681396484,94.0,94.0,0.0,76.0,72.0,-4.0,52.0,72.0,20.0,51.0,53.0,2.0,542.4590735435486,517.1276984214783,-25.331375122070312,502.11626291275024,478.85349225997925,-23.262770652770996,0.6130277831975032,0.6195385725508854,0.006510789353382229,0.7453946848959342,0.7518925360505828,0.006497851154648626,0.7966463855892187,0.7897684166098737,-0.006877968979345006,2.744422934029263,2.628318086944599,-0.11610484708466418,2.7444232762458207,2.628318086944599,-0.11610518930122193,25.0,25.0,0.0,18.0,20.0,2.0
6SNK_A,4,1,t075,high,not_tier2,188.0,188.0,0.0,1.4225064744340612,0.46920613025097135,-0.9533003441830898,0.0001678466796875,0.00036716461181640625,0.00019931793212890625,3.7343884651910293,1.1331851197030303,-2.601203345487999,2.216054916381836,0.5816817283630371,-1.6343731880187988,6.271001815795898,3.09791841506958,-3.1730834007263184,12.129639625549316,3.1115089416503907,-9.018130683898926,12.129640579223633,3.116583576202393,-9.01305700302124,12.129640579223633,3.116668701171875,-9.012971878051758,94.0,94.0,0.0,62.0,64.0,2.0,58.0,35.0,-23.0,50.0,22.0,-28.0,339.57416248321533,114.75424575805664,-224.8199167251587,302.4639654159546,78.19632244110107,-224.26764297485352,0.639115450658165,0.5150542163942675,-0.12406123426389748,0.7448561997529299,0.7741251960238146,0.02926899627088464,0.7983667799077281,0.7591188484869971,-0.03924793142073102,2.8671717607631213,2.3317485955797563,-0.535423165183365,2.8671720161394236,2.336301920038197,-0.5308700961012267,24.0,35.0,11.0,17.0,22.0,5.0
6SNK_A,5,1,t075,high,not_tier2,188.0,188.0,0.0,2.8053802987362477,3.5470230858376683,0.7416427871014206,0.0016355514526367188,0.000278472900390625,-0.0013570785522460938,6.101679282312527,5.777529470959036,-0.3241498113534913,1.7146337032318115,5.497544288635254,3.7829105854034424,17.64498672485353,15.193624687194848,-2.451362037658683,18.845884323120117,18.118511199951172,-0.7273731231689453,18.845884323120117,18.118511199951172,-0.7273731231689453,18.845884323120117,18.118511199951172,-0.7273731231689453,94.0,94.0,0.0,59.0,85.0,26.0,59.0,77.0,18.0,46.0,75.0,29.0,565.2664585113525,694.0104117393494,128.74395322799683,529.0656051635742,650.2397208213806,121.1741156578064,0.6331630891893679,0.49389257063832687,-0.13927051855104106,0.7302783307353395,0.8004241505704071,0.07014581983506751,0.8082510704552432,0.7236128393002783,-0.08463823115496494,2.6288671171036286,2.5220967175256526,-0.10677039957797607,2.6288671171036286,2.5220967175256526,-0.10677039957797607,24.0,27.0,3.0,24.0,19.0,-5.0
6SNK_A,6,1,t075,high,not_tier2,188.0,188.0,0.0,0.41054768765226324,2.089729867082961,1.6791821794306978,0.0010499954223632812,0.00310516357421875,0.0020551681518554688,0.9401029341324189,4.624866529172113,3.684763595039694,1.2917118072509766,2.882746934890747,1.5910351276397705,1.781124210357666,8.80575342178345,7.0246292114257844,1.7955442428588868,15.549154281616211,13.753610038757325,2.5644122219085688,15.549154281616211,12.984742059707642,3.215587615966797,15.549154281616211,12.333566665649414,94.0,94.0,0.0,80.0,83.0,3.0,65.0,58.0,-7.0,6.0,54.0,48.0,114.32989025115967,449.0329179763794,334.7030277252197,73.81398105621338,405.08679485321045,331.27281379699707,0.3357771792915859,0.6144770600913985,0.27869988079981256,0.8295919196432021,0.7613766639370148,-0.06821525570618736,0.65097264315535,0.7819353795728612,0.13096273641751122,1.4732392644692445,2.9102298043923422,1.4369905399230978,2.983758295471321,2.9102298043923422,-0.07352849107897885,43.0,20.0,-23.0,4.0,16.0,12.0
6SNK_A,7,1,t075,high,not_tier2,188.0,188.0,0.0,3.311480704774248,1.949743592992742,-1.3617371117815058,0.0006647109985351562,4.76837158203125e-05,-0.0006170272827148438,6.3293295215957786,4.458710771175718,-1.8706187504200606,3.936769723892212,2.964871644973755,-0.971898078918457,13.408486461639406,7.6799094676971436,-5.728576993942262,17.271038055419922,14.49536418914795,-2.7756738662719727,17.271038055419922,15.78540521621704,-1.4856328392028821,17.271038055419922,16.83130645751953,-0.4397315979003906,94.0,94.0,0.0,84.0,77.0,-7.0,80.0,72.0,-8.0,53.0,63.0,10.0,704.9413480758667,451.7886528968811,-253.1526951789856,661.0651092529297,407.5889525413513,-253.47615671157837,0.45870364403259556,0.5364078140113003,0.07770416997870477,0.7804270894076413,0.7792787580115303,-0.0011483313961109243,0.7458061373809206,0.76073132049511,0.014925183114189444,2.2055349311511483,2.8137327671619863,0.608197836010838,2.2055349311511483,3.3376380815575235,1.1321031504063752,37.0,27.0,-10.0,18.0,13.0,-5.0
6TN1_AAA,0,1,t075,high,not_tier2,497.0,497.0,0.0,1.9784709778829839,1.8822064428502165,-0.09626453503276733,0.0,0.0,0.0,4.094362989600066,3.7069690779893953,-0.3873939116106708,3.3140697479248047,2.0208969116210938,-1.293172836303711,7.292898941040039,9.59280014038086,2.2999011993408205,10.90255069732666,9.969182968139648,-0.9333677291870117,15.265713691711426,13.226607322692871,-2.0391063690185547,15.265713691711426,13.226607322692871,-2.0391063690185547,248.0,248.0,0.0,218.0,185.0,-33.0,214.0,152.0,-62.0,153.0,125.0,-28.0,1182.1050000190735,1010.6291418075562,-171.47585821151733,1067.8819870948792,904.4049081802368,-163.47707891464233,0.4941106662884068,0.5401279043453704,0.046017238056963616,0.8251818512117295,0.7995814593020198,-0.02560039190970964,0.7408924211127024,0.7797352137623785,0.03884279264967616,2.1796015014084946,2.181560286894998,0.0019587854865035226,3.245252740799694,3.0602901295296716,-0.18496261127002223,92.0,82.0,-10.0,41.0,60.0,19.0
6TN1_AAA,1,1,t075,high,not_tier2,497.0,497.0,0.0,2.109478328789264,2.274928991943298,0.16545066315403378,0.0,0.0,0.0,4.68667174050301,4.87447737973982,0.18780563923681015,3.3903255462646484,3.463958740234375,0.07363319396972656,9.406256675720215,8.120686340332032,-1.2855703353881829,11.056929588317871,13.738194656372054,2.6812650680541825,19.63373565673828,20.153697967529297,0.5199623107910156,19.63373565673828,20.15369987487793,0.5199642181396484,248.0,248.0,0.0,243.0,199.0,-44.0,183.0,193.0,10.0,149.0,153.0,4.0,1249.5567922592163,1298.7086396217346,49.15184736251831,1127.712007522583,1191.4400191307068,63.72801160812378,0.5416109761506831,0.5401518814314707,-0.0014590947192123505,0.8144046597399021,0.8079926830819426,-0.006411976657959451,0.760215623815214,0.76745240714582,0.007236783330605956,1.909126935902769,2.3516912217244954,0.44256428582172647,3.7391689237591406,3.667833388097275,-0.07133553566186546,75.0,62.0,-13.0,18.0,26.0,8.0
6TN1_AAA,2,1,t075,high,not_tier2,497.0,497.0,0.0,2.0233036181336677,2.1776744220818074,0.15437080394813973,0.0,0.0,0.0,4.1413313055600645,4.862085133380323,0.7207538278202588,2.9964637756347656,2.2212066650390625,-0.7752571105957031,7.745964527130127,10.936509895324708,3.190545368194581,9.874910354614258,13.064289665222168,3.18937931060791,15.964740753173828,20.768695831298828,4.803955078125,15.964740753173828,20.768695831298828,4.803955078125,248.0,248.0,0.0,213.0,169.0,-44.0,197.0,167.0,-30.0,175.0,135.0,-40.0,1199.6557087898254,1159.5554456710815,-40.1002631187439,1087.6746916770935,1062.370373725891,-25.304317951202393,0.4744506732996675,0.6458027324166078,0.1713520591169403,0.8236850914822665,0.7763320494998516,-0.04735304198241497,0.7405250941586987,0.8109948206848745,0.07046972652617578,1.895913694695034,2.23908363274,0.343169938044966,3.366414349975497,3.823672539499894,0.457258189524397,100.0,60.0,-40.0,17.0,31.0,14.0
6TN1_AAA,3,1,t075,high,not_tier2,497.0,497.0,0.0,2.4768605069135514,1.3446136336451324,-1.132246873268419,0.0,0.0,0.0,4.369713403911419,3.0246235324702657,-1.3450898714411532,2.923755645751953,2.429899215698242,-0.49385643005371094,11.432064056396484,5.952266502380371,-5.4797975540161135,11.72786350250244,6.656691837310791,-5.07117166519165,15.482837677001953,12.666378021240234,-2.8164596557617188,15.482837677001953,12.666378021240234,-2.8164596557617188,248.0,248.0,0.0,205.0,209.0,4.0,163.0,161.0,-2.0,151.0,136.0,-15.0,1269.6798887252808,815.7381820678711,-453.94170665740967,1159.8578386306763,706.0188636779785,-453.83897495269775,0.5077688075882048,0.5199403182375755,0.01217151064937072,0.8102642922074144,0.8144412256717208,0.004176933464306476,0.7634017649198492,0.7578682776074277,-0.005533487312421537,2.1170731671574,1.7562774826813523,-0.3607956844760476,2.976391348331103,3.743197877703613,0.7668065293725097,86.0,75.0,-11.0,61.0,17.0,-44.0
6TN1_AAA,4,1,t075,high,not_tier2,497.0,497.0,0.0,2.676877263566138,2.2848491352088973,-0.39202812835724066,0.0,0.0,0.0,5.493358295944513,4.36378781853016,-1.1295704774143527,1.7599411010742188,3.3917675018310547,1.631826400756836,13.002311706542969,7.4486495971679965,-5.553662109374972,15.904130172729479,11.909119606018066,-3.9950105667114126,19.754602432250977,18.26572608947754,-1.4888763427734375,19.754602432250977,18.26572608947754,-1.4888763427734375,248.0,248.0,0.0,197.0,206.0,9.0,170.0,195.0,25.0,119.0,168.0,49.0,1433.5458126068115,1211.2711653709412,-222.27464723587036,1325.7520160675049,1102.4951901435852,-223.25682592391968,0.5827011512900675,0.5619114774167606,-0.02078967387330688,0.7908487591258534,0.8116694651004183,0.020820705974564868,0.7931772673794968,0.7618213914869045,-0.031355875892592255,2.40786276746747,2.2054854339941024,-0.20237733347336784,3.1087950664518855,3.662157194354932,0.5533621279030463,63.0,55.0,-8.0,41.0,47.0,6.0
6TN1_AAA,5,1,t075,high,not_tier2,497.0,497.0,0.0,2.247580739334076,1.9963471337823082,-0.25123360555176766,0.0,0.0,0.0,4.905324499777898,3.4984272385814106,-1.4068972611964878,3.289182662963867,3.0719947814941406,-0.21718788146972656,10.30885105133059,8.53933219909668,-1.7695188522339098,14.418354034423828,8.798250198364258,-5.62010383605957,18.163700256347656,13.745320320129395,-4.418379936218262,18.604537963867188,13.745320320129395,-4.859217643737793,248.0,248.0,0.0,214.0,193.0,-21.0,174.0,186.0,12.0,168.0,149.0,-19.0,1329.1202058792114,1043.5708589553833,-285.5493469238281,1215.0906620025635,935.4978847503662,-279.59277725219727,0.5524006848989504,0.4939725062912803,-0.058428178607670134,0.8102640997204708,0.8193005448846459,0.009036445164175122,0.7670326008086952,0.749133430173754,-0.017899170634941175,2.4811352022971804,1.9442745555971823,-0.5368606466999981,3.3345311253666736,3.35835859519297,0.023827469826296355,76.0,87.0,11.0,36.0,16.0,-20.0
6TN1_AAA,6,1,t075,high,not_tier2,497.0,497.0,0.0,1.9489164832132444,2.2773842389434877,0.32846775573024334,0.0,0.0,0.0,4.6814287431581505,4.997413166378529,0.3159844232203781,1.445322036743164,2.80169677734375,1.356374740600586,7.806065368652344,8.120929145813017,0.3148637771606735,14.12481384277341,14.123225402832007,-0.001588439941402342,20.007375717163086,20.11187744140625,0.10450172424316406,20.007375717163086,20.11187744140625,0.10450172424316406,248.0,248.0,0.0,169.0,189.0,20.0,159.0,152.0,-7.0,103.0,146.0,43.0,1059.9137735366821,1256.621720790863,196.7079472541809,957.0027933120728,1145.1360411643982,188.13324785232544,0.6814769040722053,0.6161594485083122,-0.06531745556389312,0.7694322706602496,0.7911082045182272,0.021675933857977614,0.8218730342568636,0.7934337949499997,-0.028439239306863984,2.60089345103353,2.370394596065155,-0.23049885496837508,3.8574675007799812,3.5687449903980766,-0.28872251038190466,52.0,51.0,-1.0,27.0,41.0,14.0
6TN1_AAA,7,1,t075,high,not_tier2,497.0,497.0,0.0,1.454094751500028,1.197411128452846,-0.25668362304718206,0.0,0.0,0.0,3.3186087482667284,2.829427924902172,-0.48918082336455626,2.9073715209960938,1.0160140991210938,-1.891357421875,4.563643455505371,5.868424892425537,1.304781436920166,8.059588623046874,8.49336280822754,0.43377418518066513,13.637925148010254,11.273362159729004,-2.36456298828125,13.637925148010254,11.273362159729004,-2.36456298828125,248.0,248.0,0.0,215.0,194.0,-21.0,183.0,129.0,-54.0,142.0,87.0,-55.0,898.2596297264099,679.3364334106445,-218.92319631576538,783.4212431907654,574.9100065231323,-208.51123666763306,0.5365508076377886,0.6442569318563597,0.10770612421857106,0.8194891457984461,0.7844512052244476,-0.03503794057399856,0.7499200128129624,0.802800795293197,0.052880782480234645,1.9904406854218117,2.5785960531321725,0.5881553677103608,3.6713669253339076,3.5611265947424817,-0.1102403305914259,48.0,60.0,12.0,17.0,36.0,19.0
6VJP_B,0,2,t075,low_or_equal,low_or_equal,153.0,153.0,0.0,1.4927021007911832,1.2127101748597389,-0.2799919259314443,0.0,0.0,0.0,3.7261820274957578,2.6268823462358655,-1.0992996812598923,3.0106630325317383,0.8671627044677734,-2.143500328063965,6.413942909240726,7.054368114471436,0.6404252052307102,11.189515113830566,7.216707038879394,-3.972808074951172,11.189516067504883,7.543404808044433,-3.64611125946045,11.189516067504883,8.263601303100586,-2.925914764404297,76.0,76.0,0.0,73.0,40.0,-33.0,57.0,38.0,-19.0,42.0,29.0,-13.0,316.7909092903137,203.9921474456787,-112.79876184463501,280.15727281570435,180.67442989349365,-99.4828429222107,0.5167694946788,0.5737909246635141,0.057021429984714156,0.7845133849886649,0.7179124713914021,-0.06660091359726272,0.7397517021798923,0.8023605372165239,0.06260883503663162,2.6023454950632905,2.285597934229127,-0.31674756083416344,2.602345751002026,2.684129016415322,0.08178326541329595,23.0,25.0,2.0,12.0,23.0,11.0
6VJP_B,1,2,t075,low_or_equal,low_or_equal,153.0,153.0,0.0,2.1380998885709475,2.3363282197441153,0.19822833117316785,0.0,0.0,0.0,5.7288239633064295,5.030284740407914,-0.6985392228985159,0.45041370391845703,4.727871894836426,4.277458190917969,11.771883010864261,7.471122837066652,-4.3007601737976096,19.10584831237793,15.903511047363281,-3.2023372650146484,19.154960250854494,15.952476119995117,-3.2024841308593768,19.190404891967773,15.987920761108398,-3.202484130859375,76.0,76.0,0.0,38.0,64.0,26.0,30.0,64.0,34.0,22.0,45.0,23.0,348.3220977783203,431.823450088501,83.50135231018066,323.1357250213623,398.29709815979004,75.16137313842773,0.8447035987561919,0.5483919638410719,-0.29631163491512,0.6451826076858412,0.7736512191275989,0.1284686114417577,0.864483152363569,0.7521279761400468,-0.1123551762235222,2.9618205293942963,2.6971003686202826,-0.2647201607740137,2.9765803789081646,2.7138806739312447,-0.26269970497691997,17.0,23.0,6.0,15.0,13.0,-2.0
6VJP_B,2,2,t075,low_or_equal,low_or_equal,153.0,153.0,0.0,2.1772345997928793,1.5430131207883748,-0.6342214790045044,0.0,0.0,0.0,5.1952805364593635,3.0822139099885533,-2.1130666264708102,0.6295089721679688,1.5034046173095703,0.8738956451416016,8.150165176391601,7.5935072898864755,-0.5566578865051257,16.524272918701172,8.177101707458498,-8.347171211242674,16.573352432250978,9.401567344665523,-7.171785087585455,16.608797073364258,10.305501937866211,-6.303295135498047,76.0,76.0,0.0,39.0,42.0,3.0,37.0,42.0,5.0,35.0,38.0,3.0,382.7127466201782,259.315664768219,-123.39708185195923,356.6611957550049,233.83040189743042,-122.83079385757446,0.6510472932672704,0.5187920129323371,-0.13225528033493328,0.7091206410317479,0.7402380191973691,0.031117378165621212,0.8167479150892303,0.7792464483773549,-0.037501466711875375,2.761552185338955,2.15237773250292,-0.6091744528360348,2.777821596407311,2.8429204049339907,0.06509880852667971,24.0,25.0,1.0,14.0,13.0,-1.0
6VJP_B,3,2,t075,low_or_equal,low_or_equal,153.0,153.0,0.0,2.754134866926405,3.5481132307862926,0.7939783638598876,0.0,0.0,0.0,6.019778269002797,6.257215097495975,0.23743682849317782,2.0624237060546875,8.261012077331543,6.1985883712768555,16.695049667358397,15.457086944580078,-1.2379627227783185,19.527042388916016,17.196813583374023,-2.330228805541992,19.57615432739258,17.246400451660158,-2.329753875732422,19.61159896850586,17.28184700012207,-2.329751968383789,76.0,76.0,0.0,49.0,60.0,11.0,40.0,45.0,5.0,39.0,40.0,1.0,433.5083260536194,562.3113412857056,128.80301523208618,406.2087731361389,529.0342111587524,122.82543802261353,0.7117127555833691,0.48206893975807996,-0.22964381582528914,0.7024968201864903,0.7534430681567925,0.05094624797030223,0.8252018319171159,0.7614381929519154,-0.06376363896520054,2.7862998888774877,2.181273959728457,-0.6050259291490305,2.800346349695695,2.1948636182943067,-0.6054827314013882,17.0,31.0,14.0,17.0,13.0,-4.0
6VJP_B,4,2,t075,low_or_equal,low_or_equal,153.0,153.0,0.0,2.2652690800186854,2.6737302082036836,0.40846112818499813,0.0,0.0,0.0,3.7545149342976187,5.957341536396016,2.2028266020983973,4.97519588470459,2.7903051376342773,-2.1848907470703125,5.236271476745605,15.551672363281261,10.315400886535656,11.896449089050293,19.676490783691406,7.780041694641113,11.94555435180664,19.72560272216797,7.78004837036133,11.980998992919922,19.761049270629883,7.780050277709961,76.0,76.0,0.0,67.0,48.0,-19.0,63.0,44.0,-19.0,63.0,42.0,-21.0,385.4221439361572,431.812557220459,46.39041328430176,351.2950220108032,399.02472496032715,47.729702949523926,0.4425892220060646,0.7096226147052869,0.26703339269922227,0.806998279115048,0.7139647276166876,-0.09303355149836035,0.6844143130224816,0.8155395154583154,0.1311252024358338,2.5652261816967243,2.8540852445021643,0.28885906280543994,2.587745709611572,2.868279241341505,0.2805335317299327,13.0,17.0,4.0,13.0,17.0,4.0
6VJP_B,5,2,t075,low_or_equal,low_or_equal,153.0,153.0,0.0,0.820276032865437,3.1082845918493334,2.288008558983896,0.0,0.0,0.0,5.648209731063063,6.0122882022834245,0.3640784712203615,1.1941642761230469,7.012861251831055,5.818696975708008,10.194081115722684,14.581437301635743,4.38735618591306,16.064416885375977,17.20560646057129,1.1411895751953125,16.11352882385254,17.254693603515626,1.141164779663086,16.14897346496582,17.290138244628906,1.141164779663086,76.0,76.0,0.0,72.0,69.0,-3.0,48.0,64.0,16.0,25.0,48.0,23.0,346.88027906417847,555.6835579872131,208.80327892303467,310.26748609542847,519.7966685295105,209.52918243408203,0.7182451874432673,0.4844427977710803,-0.23380238967218697,0.718807512367555,0.7836518016145957,0.06484428924704067,0.8068787577782601,0.7349615483821812,-0.07191720939607893,2.698933215718497,2.344751514634294,-0.3541817010842032,2.7139037255996747,2.3588113502931223,-0.35509237530655247,20.0,33.0,13.0,15.0,14.0,-1.0
6VJP_B,6,2,t075,low_or_equal,low_or_equal,153.0,153.0,0.0,3.113872621573654,2.444864893271253,-0.6690077283024012,0.0,0.0,0.0,5.882440076141387,5.82750823695265,-0.05493183918873701,4.139856338500977,3.470402717590332,-0.6694536209106445,13.821435928344727,11.228120613098161,-2.5933153152465653,17.734088897705078,18.2993221282959,0.5652332305908203,17.777629470825197,18.348434066772462,0.5708045959472656,17.81307601928711,18.383878707885742,0.5708026885986328,76.0,76.0,0.0,49.0,65.0,16.0,49.0,62.0,13.0,42.0,57.0,15.0,488.8365068435669,472.2923159599304,-16.544190883636475,460.92418003082275,437.80836248397827,-23.115817546844482,0.5599917120809899,0.5972046680623526,0.03721295598136276,0.7348419856186348,0.7661506249418232,0.03130863932318839,0.7905652937068575,0.7595597315520353,-0.031005562154822197,2.4853999508519635,2.7206237366582147,0.23522378580625114,2.4988275626184473,2.735133639716552,0.2363060770981047,26.0,18.0,-8.0,14.0,15.0,1.0
6VJP_B,7,2,t075,low_or_equal,low_or_equal,153.0,153.0,0.0,2.1479757097032337,2.2272997463450714,0.07932403664183774,0.0,0.0,0.0,5.280399391998351,4.678718689291112,-0.6016807027072391,1.0686073303222656,1.0558500289916992,-0.012757301330566406,10.591649055480957,9.256205749511718,-1.335443305969239,16.10575294494629,14.32104778289795,-1.7847051620483398,16.154864883422853,14.369302368164062,-1.7855625152587908,16.190309524536133,14.404748916625977,-1.7855606079101562,76.0,76.0,0.0,51.0,49.0,-2.0,42.0,39.0,-3.0,26.0,36.0,10.0,374.3699064254761,371.5172882080078,-2.8526182174682617,343.3010902404785,339.5425748825073,-3.7585153579711914,0.6742795261566448,0.5989848212712161,-0.07529470488542866,0.7018082357751839,0.7319400898993654,0.030131854124181512,0.821733929197348,0.796786706080983,-0.02494722311636499,2.6433184687495346,2.584841885072864,-0.058476583676670746,2.659331761175478,2.6027316406419705,-0.0566001205335076,24.0,24.0,0.0,15.0,15.0,0.0
6Y76_A,0,1,t075,low_or_equal,not_tier2,156.0,156.0,0.0,0.8231237026361319,0.48679837813744176,-0.3363253244986901,0.001293182373046875,0.027149200439453125,0.02585601806640625,2.304888233657424,3.717777503511864,1.41288926985444,2.48866605758667,5.477500081062317,2.988834023475647,5.304206371307373,6.317181825637817,1.0129754543304443,5.8833935260772705,6.541335940361023,0.6579424142837524,7.131703376770015,6.543317747116089,-0.588385629653926,8.047656059265137,6.543356418609619,-1.5042996406555176,78.0,78.0,0.0,56.0,62.0,6.0,43.0,59.0,16.0,43.0,40.0,-3.0,193.8633255958557,283.7115068435669,89.84818124771118,158.13977003097534,247.41431045532227,89.27454042434692,0.5066787159327666,0.3664980328264916,-0.14018068310627496,0.7813952098467369,0.80166842788935,0.02027321804261306,0.7426006268645213,0.6937359065170052,-0.0488647203475161,2.195451280260753,1.6285368224710548,-0.5669144577896983,3.1344393411931435,1.6290802864752043,-1.5053590547179392,20.0,40.0,20.0,13.0,0.0,-13.0
6Y76_A,1,1,t075,low_or_equal,not_tier2,156.0,156.0,0.0,2.2105780442555747,2.727528547629332,0.5169505033737574,0.011646270751953125,0.0008258819580078125,-0.010820388793945312,5.362697529593952,4.344659385336121,-1.0180381442578303,0.3121523857116699,5.037425756454468,4.725273370742798,16.370290756225586,13.061075210571289,-3.309215545654297,16.374244689941406,13.064830780029297,-3.3094139099121094,16.374244689941406,13.095436477661133,-3.278808212280273,16.374244689941406,13.124486923217773,-3.249757766723633,78.0,78.0,0.0,29.0,61.0,32.0,28.0,60.0,32.0,27.0,60.0,33.0,370.9077043533325,435.66026973724365,64.75256538391113,346.0415096282959,403.0561857223511,57.014676094055176,0.7063148129437025,0.48013285577321413,-0.22618195717048833,0.6735113774651152,0.7862700973227243,0.1127587198576091,0.8402189121090593,0.7266263530995309,-0.11359255900952836,2.641145909782136,2.3793124651589292,-0.2618334446232069,2.641145909782136,2.39304337888483,-0.24810253089730594,20.0,19.0,-1.0,18.0,18.0,0.0
6Y76_A,2,1,t075,low_or_equal,not_tier2,156.0,156.0,0.0,0.9768126866756341,3.176320186028114,2.19950749935248,0.00012969970703125,0.015980243682861328,0.015850543975830078,1.6944063194850523,7.5086205408833795,5.814214221398327,2.313615560531616,11.70286750793457,9.389251947402954,4.390340805053711,16.345531463623047,11.955190658569336,4.5009753704071045,16.36610984802246,11.865134477615356,4.501738548278809,16.396714687347412,11.894976139068604,4.5017547607421875,16.42576026916504,11.924005508422852,78.0,78.0,0.0,60.0,69.0,9.0,52.0,65.0,13.0,40.0,60.0,20.0,169.4725284576416,706.4699945449829,536.9974660873413,138.35941123962402,669.9842233657837,531.6248121261597,0.42280566426485233,0.3708517341966258,-0.05195393006822652,0.7886299199953601,0.7970571565615353,0.008427236566175167,0.7204736803986433,0.6995177595773265,-0.02095592082131681,2.079880512250745,1.756619553508904,-0.32326095874184113,2.080340490666855,1.7645638118207723,-0.3157766788460825,36.0,42.0,6.0,20.0,0.0,-20.0
6Y76_A,3,1,t075,low_or_equal,not_tier2,156.0,156.0,0.0,3.781816234955421,2.3553013373643923,-1.4265148975910287,0.0069828033447265625,0.000331878662109375,-0.0066509246826171875,6.812535133168555,5.17236494532839,-1.640170187840165,7.502975940704346,3.2348384857177734,-4.268137454986572,17.088909149169922,13.720561027526855,-3.3683481216430664,17.13351058959961,15.70271110534668,-1.4307994842529297,17.164106369018555,15.733320808410644,-1.4307855606079105,17.193111419677734,15.76235580444336,-1.430755615234375,78.0,78.0,0.0,77.0,58.0,-19.0,76.0,53.0,-23.0,75.0,50.0,-25.0,701.4361453056335,428.8296537399292,-272.60649156570435,662.9221796989441,395.9929037094116,-266.92927598953247,0.3910178719302942,0.5862032488187315,0.19518537688843735,0.8108618484762026,0.752986903321357,-0.05787494515484559,0.6920495477109947,0.7764084255422894,0.0843588778312947,1.9598716327550485,2.5805235920248606,0.6206519592698121,1.9686203333361205,2.5920550094184747,0.6234346760823541,34.0,21.0,-13.0,0.0,16.0,16.0
6Y76_A,4,1,t075,low_or_equal,not_tier2,156.0,156.0,0.0,4.678098479906718,0.8394191081707294,-3.8386793717359886,0.004723548889160156,0.00390625,-0.0008172988891601562,7.771652376438914,2.1872163471416703,-5.584436029297244,13.918603420257568,0.6020159721374512,-13.316587448120117,17.614734649658203,2.7863893508911133,-14.82834529876709,17.634077072143555,7.373976945877075,-10.26010012626648,18.48566617965698,7.374005198478699,-11.111660981178282,18.894487380981445,7.3740153312683105,-11.520472049713135,78.0,78.0,0.0,62.0,40.0,-22.0,60.0,38.0,-22.0,55.0,28.0,-27.0,815.5417742729187,160.09400749206543,-655.4477667808533,780.5900559425354,132.89062786102295,-647.6994280815125,0.3512542811534602,0.6537588856911771,0.30250460453771694,0.7959374702875652,0.7239398889839825,-0.07199758130358269,0.6925323862398107,0.8104028859567747,0.11787049971696395,1.6670815889186046,2.987613843617222,1.3205322546986173,1.8292620684082739,2.987631393500335,1.158369325092061,42.0,14.0,-28.0,0.0,13.0,13.0
6Y76_A,5,1,t075,low_or_equal,not_tier2,156.0,156.0,0.0,0.573804898139758,0.3270316918690999,-0.24677320627065807,0.006023406982421875,0.005309581756591797,-0.0007138252258300781,1.5964298228101106,0.6787881243963079,-0.9176416984138027,2.1256864070892334,1.0107512474060059,-1.1149351596832275,2.315816879272461,1.4128727912902832,-0.9029440879821777,4.179323196411133,1.741532325744629,-2.437790870666504,4.17973051071167,1.779595375061035,-2.4001351356506344,4.179866790771484,1.7955379486083984,-2.384328842163086,78.0,78.0,0.0,66.0,49.0,-17.0,54.0,40.0,-14.0,42.0,0.0,-42.0,145.26373291015625,66.56364631652832,-78.70008659362793,109.79430866241455,36.306437492370605,-73.48787117004395,0.4218438156643632,0.416606523239194,-0.005237292425169182,0.8125688370932181,0.8086239280930806,-0.003944909000137553,0.6886827958427166,0.6959773322448763,0.0072945364021597126,2.2584884388621433,2.083861786965616,-0.17462665189652737,2.2588289451296815,2.163423613289258,-0.09540533184042355,26.0,40.0,14.0,13.0,15.0,2.0
6Y76_A,6,1,t075,low_or_equal,not_tier2,156.0,156.0,0.0,2.6638314387737174,3.3894347227536716,0.7256032839799542,0.010591506958007812,0.01099252700805664,0.0004010200500488281,5.354309196541858,5.8547456724355635,0.5004364758937054,2.6807732582092285,4.966550588607788,2.2857773303985596,9.214632987976074,12.903921127319336,3.6892881393432617,17.2175350189209,18.158342361450195,0.9408073425292969,17.2175350189209,18.158342361450195,0.9408073425292969,17.2175350189209,18.158342361450195,0.9408073425292969,78.0,78.0,0.0,61.0,69.0,8.0,61.0,69.0,8.0,59.0,69.0,10.0,464.0151171684265,585.4018392562866,121.38672208786011,431.4937996864319,549.4496412277222,117.95584154129028,0.5770721282242895,0.48826547434879186,-0.08880665387549769,0.764721990109797,0.8011086413002741,0.036386651190477126,0.7628128532012748,0.7106924836459738,-0.05212036955530097,2.7181290892851044,2.522553235442708,-0.19557585384239662,2.7181290892851044,2.522553235442708,-0.19557585384239662,16.0,25.0,9.0,15.0,16.0,1.0
6Y76_A,7,1,t075,low_or_equal,not_tier2,156.0,156.0,0.0,1.9592516727936573,2.6102308676793027,0.6509791948856454,0.019832134246826172,0.0013332366943359375,-0.018498897552490234,4.413719320792883,4.1217572670787,-0.29196205371418316,0.5876586437225342,6.78667676448822,6.199018120765686,8.8369722366333,8.990602493286133,0.15363025665283203,13.92070198059082,11.652223587036133,-2.2684783935546875,13.92070198059082,11.65222454071045,-2.268477439880371,13.92070198059082,11.65222454071045,-2.268477439880371,78.0,78.0,0.0,42.0,57.0,15.0,28.0,56.0,28.0,27.0,56.0,29.0,322.0223722457886,427.6686067581177,105.6462345123291,293.7751760482788,397.2826290130615,103.50745296478271,0.6581422694440247,0.4222420851190516,-0.23590018432497306,0.6946204805760852,0.7866456364014781,0.09202515582539295,0.8271823005958774,0.7136655641013971,-0.11351673649448024,2.7100613877840334,2.193722757906448,-0.5163386298775854,2.7100613877840334,2.19372298928211,-0.5163383985019232,25.0,46.0,21.0,14.0,13.0,-1.0
7D66_J,0,2,t075,high,high,120.0,120.0,0.0,0.5697257439295451,0.5085959116617839,-0.06112983226776125,0.0558314323425293,0.0010437965393066406,-0.054787635803222656,3.023298858292059,1.2334263946418358,-1.789872463650223,1.779538869857788,1.8009779453277588,0.021439075469970703,6.118242359161377,2.1390848159790044,-3.9791575431823722,6.11828498840332,2.721299362182617,-3.396985626220703,6.118351368904114,3.859526729583741,-2.258824639320373,6.118351936340332,4.622552871704102,-1.4957990646362305,60.0,60.0,0.0,57.0,42.0,-15.0,55.0,35.0,-20.0,30.0,17.0,-13.0,185.33934688568115,86.83735370635986,-98.50199317932129,156.10192108154297,63.2041072845459,-92.89781379699707,0.3961363092419708,0.4132850419411488,0.017148732699177993,0.7989788084555661,0.783446916117674,-0.015531892337892095,0.6943847112508426,0.7127681607562006,0.018383449505358085,1.8352665431191617,1.7939485162090771,-0.04131802691008457,1.835288687121508,3.335389106244102,1.5001004191225942,20.0,31.0,11.0,0.0,5.0,5.0
7D66_J,1,2,t075,high,high,120.0,120.0,0.0,2.313375147183736,0.29489479859670004,-2.018480348587036,0.00020170211791992188,0.0021610260009765625,0.0019593238830566406,5.929687120477181,0.7060394460875989,-5.223647674389582,2.7949180603027344,0.46465277671813965,-2.3302652835845947,13.82284927368164,1.832414722442627,-11.990434551239014,13.822850275039674,1.8407181739807128,-11.98213210105896,13.822851181030273,1.8457726097106935,-11.97707857131958,13.822851181030273,1.8485527038574219,-11.974298477172852,60.0,60.0,0.0,44.0,29.0,-15.0,40.0,21.0,-19.0,32.0,0.0,-32.0,384.7175416946411,46.087039947509766,-338.63050174713135,362.3041019439697,26.790328979492188,-335.51377296447754,0.43115842019052286,0.47922600871866194,0.04806758852813908,0.7399588097458091,0.7494908565764542,0.009532046830645124,0.7543898945835359,0.7616156132230694,0.007225718639533474,1.9409919771500073,2.1894291940059976,0.2484372168559903,1.9409921299389459,2.2005256418321393,0.2595335118931934,29.0,21.0,-8.0,0.0,17.0,17.0
7D66_J,2,2,t075,high,high,120.0,120.0,0.0,0.8937438011169434,0.8277910232543946,-0.06595277786254883,0.0002460479736328125,0.039343833923339844,0.03909778594970703,1.3890761826247586,2.2952177456759757,0.9061415630512171,1.8304800987243652,1.623215675354004,-0.20726442337036133,3.612982177734375,4.718972396850586,1.1059902191162112,3.6142260074615478,5.2002452373504635,1.5860192298889157,3.614648113250732,5.962073326110841,2.3474252128601085,3.6154298782348633,6.291947364807129,2.6765174865722656,60.0,60.0,0.0,49.0,56.0,7.0,49.0,51.0,2.0,22.0,23.0,1.0,120.87497234344482,161.52107429504395,40.64610195159912,94.45734024047852,132.39684963226318,37.93950939178467,0.35881223475865365,0.39760060397082264,0.038788369212168994,0.8118483974071693,0.8042061839881594,-0.007642213419009947,0.6545405507080224,0.6872517427949603,0.032711192086937846,1.9584830842064107,1.905028062079712,-0.053455022126698726,1.9593497542914458,2.3806701354792197,0.42132038118777393,16.0,23.0,7.0,0.0,5.0,5.0
7D66_J,3,2,t075,high,high,120.0,120.0,0.0,0.3140775918960571,1.894429361820221,1.5803517699241638,0.04280233383178711,0.10905075073242188,0.06624841690063477,2.130843908552194,3.5976038458443256,1.4667599372921316,1.866044282913208,6.439887762069702,4.573843479156494,3.7172490119934083,8.233129501342773,4.515880489349366,3.717320680618286,8.233139038085938,4.515818357467651,3.7173355197906495,8.233141899108887,4.515806379318237,3.7173376083374023,8.902591705322266,5.185254096984863,60.0,60.0,0.0,52.0,45.0,-7.0,45.0,36.0,-9.0,25.0,36.0,11.0,130.41805267333984,265.398220539093,134.98016786575317,102.05346488952637,237.23022413253784,135.17675924301147,0.3420372928641398,0.37478444915943854,0.03274715629529873,0.8124197024435458,0.7706759887375659,-0.041743713705979846,0.666560651993815,0.7171786923094281,0.05061804031561312,1.597133921946713,1.7619254225524874,0.1647915006057743,1.597141866085206,1.9480083532814025,0.3508664871961966,23.0,31.0,8.0,0.0,0.0,0.0
7D66_J,4,2,t075,high,high,120.0,120.0,0.0,1.0941676298777263,1.123591701189677,0.029424071311950684,0.00571441650390625,0.0171051025390625,0.01139068603515625,2.291097751745487,1.956295335549168,-0.334802416196319,2.567166805267334,1.7965147495269775,-0.7706520557403564,5.899930953979494,4.738037109375,-1.161893844604494,6.655896615982055,4.738867092132568,-1.9170295238494868,7.8233838319778455,4.739701499938965,-3.0836823320388804,8.59337043762207,4.739734649658203,-3.853635787963867,60.0,60.0,0.0,55.0,50.0,-5.0,33.0,48.0,15.0,32.0,25.0,-7.0,155.04802894592285,155.95083141326904,0.9028024673461914,127.11765575408936,129.49832248687744,2.380666732788086,0.5362296713631587,0.3646528011986622,-0.17157687016449646,0.7661803928552852,0.7968858819800294,0.030705489124744245,0.7469417849478761,0.6885343534762769,-0.058407431471599214,2.4275389305703308,1.8480212702281054,-0.5795176603422254,3.2731919893121235,1.8484647398361294,-1.4247272494759942,13.0,24.0,11.0,13.0,0.0,-13.0
7D66_J,5,2,t075,high,high,120.0,120.0,0.0,0.8662901361783345,0.9798380772272746,0.11354794104894006,0.00040435791015625,5.4836273193359375e-05,-0.0003495216369628906,2.852545694497967,3.0218540125554574,0.16930831805749058,3.5993032455444336,4.798964500427246,1.1996612548828125,5.817082166671754,5.760392093658448,-0.0566900730133062,6.361313605308532,6.3046349525451655,-0.0566786527633667,7.031609625816345,7.018181385993958,-0.013428239822387056,7.302903652191162,7.240462303161621,-0.062441349029541016,60.0,60.0,0.0,54.0,54.0,0.0,52.0,49.0,-3.0,34.0,33.0,-1.0,191.35368490219116,205.18616771697998,13.832482814788818,164.31285333633423,178.00746059417725,13.694607257843018,0.40710883803257086,0.37656778626732695,-0.03054105176524391,0.799340993252579,0.7948184971927078,-0.004522496059871206,0.6923958487777566,0.6924814374556789,8.558867792229918e-05,1.9263577371360192,1.7620960023859427,-0.16426173475007655,2.2564453668272044,2.0717824884730267,-0.18466287835417772,16.0,32.0,16.0,5.0,2.0,-3.0
7D66_J,6,2,t075,high,high,120.0,120.0,0.0,0.9644429405530294,0.33410608768463135,-0.630336852868398,0.0018558502197265625,0.000377655029296875,-0.0014781951904296875,2.432825299186007,1.006283014203428,-1.4265422849825788,3.150324821472168,0.3806896209716797,-2.7696352005004883,4.463685178756714,2.29046630859375,-2.1732188701629642,5.076186990737915,2.3860487937927246,-2.69013819694519,6.242171525955201,2.552045841217041,-3.69012568473816,7.011930465698242,2.621522903442383,-4.390407562255859,60.0,60.0,0.0,45.0,26.0,-19.0,45.0,23.0,-22.0,44.0,22.0,-22.0,177.33515977859497,61.687347412109375,-115.6478123664856,152.63619756698608,41.71598720550537,-110.92021036148071,0.36192638004988376,0.46965101285216815,0.10772463280228439,0.796608388639618,0.7436308598551669,-0.05297752878445117,0.6750591094966873,0.762581366495809,0.08752225699912164,1.6901106921079059,2.0391308182146033,0.3490201261066974,2.4857878316082243,2.273134678287765,-0.21265315332045942,21.0,22.0,1.0,3.0,8.0,5.0
7D66_J,7,2,t075,high,high,120.0,120.0,0.0,1.3664259672164918,0.43780109882354734,-0.9286248683929444,0.0021486282348632812,0.021495342254638672,0.01934671401977539,1.8274472348969033,0.8056947562851126,-1.0217524786117909,2.846161365509033,1.4023504257202148,-1.4438109397888184,3.695744323730469,1.8129630088806152,-1.8827813148498538,4.074980211257934,1.8172496795654296,-2.2577305316925043,4.909283332824708,1.8309308528900146,-3.078352479934693,5.060153961181641,1.8311071395874023,-3.2290468215942383,60.0,60.0,0.0,57.0,40.0,-17.0,57.0,33.0,-24.0,57.0,0.0,-57.0,183.7233600616455,64.29490947723389,-119.42845058441162,155.20196914672852,39.9898738861084,-115.21209526062012,0.27833995766349,0.33993996181945146,0.06160000415596145,0.8407192203126403,0.801056441615677,-0.03966277869696333,0.5751832809955382,0.6801516796698761,0.10496839867433794,1.4821518193898753,1.712123071400175,0.22997125201029966,2.021250147982266,1.7293224634948516,-0.2919276844874146,24.0,33.0,9.0,1.0,0.0,-1.0
7PFR_F,0,2,t075,high,high,279.0,279.0,0.0,2.119202174593471,1.679795116506597,-0.43940705808687386,0.0,0.0,0.0,4.360759620541719,4.714382183568412,0.3536225630266925,3.9654064178466797,0.810023307800293,-3.1553831100463867,8.048136711120605,11.10349922180176,3.055362510681155,16.12987689971924,12.61827621459957,-3.511600685119669,16.13462257385254,13.647625923156738,-2.486996650695801,16.13462257385254,13.647625923156738,-2.486996650695801,139.0,139.0,0.0,85.0,82.0,-3.0,84.0,66.0,-18.0,79.0,57.0,-22.0,650.5171046257019,637.0211672782898,-13.49593734741211,601.1857266426086,580.1976389884949,-20.98808765411377,0.5399879233407952,0.548112872797027,0.008124949456231878,0.7691653831714459,0.7532964919259325,-0.015868891245513383,0.7826776018206962,0.7995286899523166,0.016851088131620395,3.212897738991923,2.3202363898748266,-0.8926613491170965,3.213986006758609,2.538578829769683,-0.675407176988926,54.0,50.0,-4.0,15.0,28.0,13.0
7PFR_F,1,2,t075,high,high,279.0,279.0,0.0,2.457054495384189,2.6140953443383657,0.15704084895417658,0.0,0.0,0.0,4.1604285119386635,4.854521246347108,0.6940927344084447,4.511419296264648,1.8193182945251465,-2.692101001739502,7.816301250457764,12.378140830993669,4.561839580535905,13.526730728149413,13.287634277343725,-0.23909645080568787,15.236669540405273,14.130521774291992,-1.1061477661132812,15.236669540405273,14.130521774291992,-1.1061477661132812,139.0,139.0,0.0,123.0,120.0,-3.0,111.0,100.0,-11.0,86.0,66.0,-20.0,722.6033778190613,788.4514451026917,65.84806728363037,658.9872584342957,724.8849692344666,65.8977108001709,0.46206668167739856,0.4852426880932643,0.023176006415865757,0.8092245917131596,0.788956180612695,-0.020268411100464623,0.732660547767654,0.7588615718867098,0.026201024119055782,2.6607057905213263,2.198680032770873,-0.4620257577504532,3.0717064380145014,2.3723094092171118,-0.6993970287973896,55.0,59.0,4.0,16.0,28.0,12.0
7PFR_F,2,2,t075,high,high,279.0,279.0,0.0,2.5370092118512773,1.6405700868175876,-0.8964391250336896,0.0,0.0,0.0,5.865183343542865,3.270854311465522,-2.594329032077343,4.683432102203369,2.518535614013672,-2.1648964881896973,13.221861267089844,8.541902160644531,-4.679959106445313,16.835714912414552,9.48934764862055,-7.3463672637940025,17.36383056640625,10.975209655761718,-6.388620910644532,17.36383056640625,10.975212097167969,-6.388618469238281,139.0,139.0,0.0,135.0,131.0,-4.0,134.0,127.0,-7.0,94.0,81.0,-13.0,967.3727436065674,542.418568611145,-424.95417499542236,899.6159515380859,475.0251979827881,-424.59075355529785,0.44861216573214563,0.5065743298900733,0.05796216415792771,0.8209264300099566,0.816363009312664,-0.004563420697292542,0.7177816152627712,0.7257262210255808,0.007944605762809642,2.437895776319609,2.3996108705576304,-0.03828490576197874,2.5279382563340005,2.853884985836605,0.3259467295026046,50.0,31.0,-19.0,16.0,31.0,15.0
7PFR_F,3,2,t075,high,high,279.0,279.0,0.0,2.2701086263075525,1.2628186919783178,-1.0072899343292347,0.0,0.0,0.0,5.47949062428335,3.314835444592217,-2.164655179691133,2.249825954437256,1.2840700149536133,-0.9657559394836426,13.797441291809083,2.802122116088867,-10.995319175720216,16.46599178314209,13.864268779754639,-2.601723003387452,17.402517318725586,13.88296890258789,-3.5195484161376953,17.402517318725586,13.88296890258789,-3.5195484161376953,139.0,139.0,0.0,135.0,121.0,-14.0,95.0,92.0,-3.0,76.0,61.0,-15.0,796.5141735076904,407.79588508605957,-388.71828842163086,728.3048191070557,344.89619636535645,-383.4086227416992,0.5512769318611622,0.6388792321309225,0.08760230026976024,0.7814918360476061,0.7601301403670846,-0.021361695680521486,0.7747230938604708,0.7896636534341794,0.014940559573708656,2.5907304401476523,3.8015311162230323,1.21080067607538,2.761645147334688,3.8071724589520533,1.0455273116173651,50.0,18.0,-32.0,29.0,16.0,-13.0
7PFR_F,4,2,t075,high,high,279.0,279.0,0.0,4.494031648054772,2.789080835157825,-1.7049508128969473,0.0,0.0,0.0,6.941884606705872,4.76075240543418,-2.1811322012716925,7.649874210357666,7.656310319900513,0.00643610954284668,16.537538528442383,11.100647354125977,-5.436891174316406,20.243348693847647,13.16321811676024,-7.080130577087408,21.070249557495117,13.540373802185059,-7.529875755310059,21.070249557495117,13.540373802185059,-7.529875755310059,139.0,139.0,0.0,120.0,113.0,-7.0,119.0,108.0,-11.0,109.0,101.0,-8.0,1291.6754355430603,882.2461347579956,-409.4293007850647,1226.9106059074402,824.159909248352,-402.75069665908813,0.4145466217382401,0.39556052126798547,-0.01898610047025462,0.8160354293440344,0.8179056707991604,0.0018702414551260427,0.7177404915206049,0.7017744414807745,-0.015966050039830426,2.2687379491412183,2.1790961592039135,-0.08964178993730476,2.3878555822474623,2.258318024427216,-0.12953755782024645,56.0,70.0,14.0,16.0,16.0,0.0
7PFR_F,5,2,t075,high,high,279.0,279.0,0.0,1.9065225218359287,2.5959754161082715,0.6894528942723428,0.0,0.0,0.0,3.3429400575631556,5.277278416737194,1.9343383591740384,3.582310676574707,4.032132625579834,0.44982194900512695,6.906755542755127,13.77620735168457,6.869451808929444,11.05825242996214,15.909809303283687,4.851556873321547,11.680546760559082,16.081106185913086,4.400559425354004,11.680546760559082,16.08110809326172,4.400561332702637,139.0,139.0,0.0,115.0,129.0,14.0,100.0,126.0,26.0,90.0,108.0,18.0,578.7304458618164,886.5402798652649,307.8098340034485,517.5474014282227,821.556704044342,304.0093026161194,0.45727182870551913,0.47396937744389084,0.016697548738371704,0.8083606037433322,0.8151753693942835,0.006814765650951293,0.7327544050258592,0.725702759753933,-0.0070516452719262546,2.73762907815864,2.522859859913743,-0.21476921824489725,2.923780884616864,2.5553195439498833,-0.3684613406669808,53.0,43.0,-10.0,15.0,29.0,14.0
7PFR_F,6,2,t075,high,high,279.0,279.0,0.0,2.1602140327508303,0.864552009062955,-1.2956620236878753,0.0,0.0,0.0,4.195678259123118,1.9602272200222315,-2.2354510391008864,3.688648223876953,1.413341999053955,-2.275306224822998,9.34478988647461,3.862160491943359,-5.4826293945312505,12.397304916381831,4.774819850921629,-7.622485065460202,14.103754043579102,7.274511060714722,-6.82924298286438,14.103754043579102,7.2745208740234375,-6.829233169555664,139.0,139.0,0.0,96.0,87.0,-9.0,80.0,82.0,2.0,78.0,55.0,-23.0,638.1749758720398,295.77474212646484,-342.40023374557495,581.8248953819275,238.22665309906006,-343.59824228286743,0.5738572659555277,0.5219151921155571,-0.051942073839970515,0.7728610406303902,0.7904373412682189,0.017576300637828668,0.783387263997833,0.764058723776804,-0.019328540221029034,2.4399132277055293,1.994803358466947,-0.4451098692385824,2.8466291438954214,3.2700131900462974,0.423384046150876,38.0,50.0,12.0,27.0,14.0,-13.0
7PFR_F,7,2,t075,high,high,279.0,279.0,0.0,1.7381973522965626,2.4298511593999828,0.6916538071034202,0.0,0.0,0.0,4.5285049332321305,4.602319271937292,0.0738143387051613,5.1949622631073,3.9459004402160645,-1.2490618228912354,7.593854141235352,12.616829681396485,5.022975540161133,12.988947677612245,13.121134281158431,0.13218660354618628,14.681354522705078,13.523979187011719,-1.1573753356933594,14.681354522705078,13.523979187011719,-1.1573753356933594,139.0,139.0,0.0,132.0,126.0,-6.0,84.0,123.0,39.0,84.0,101.0,17.0,693.880850315094,792.1620054244995,98.28115510940552,626.4864754676819,725.5114622116089,99.024986743927,0.46491450776464843,0.4695658135985063,0.004651305833857866,0.8054103190337837,0.8170283970811747,0.011618078047391012,0.7370872349619075,0.7235002943985702,-0.013586940563337313,2.4844292964666557,2.32302074020564,-0.1614085562610157,2.858152383897392,2.410551587600265,-0.4476007962971269,46.0,46.0,0.0,16.0,29.0,13.0
7S5C_F,0,2,t075,low_or_equal,low_or_equal,59.0,59.0,0.0,0.6236435033507266,2.8804214849310408,2.2567779815803144,0.0,0.0,0.0,1.3939531079575964,4.617743614118794,3.2237905061611976,1.8311314582824707,8.691407680511475,6.860276222229004,2.46881275177002,8.849466323852539,6.380653572082519,2.8469577789306624,8.992131805419922,6.14517402648926,3.79380979537964,9.160876941680907,5.367067146301268,4.193637847900391,9.211341857910156,5.017704010009766,29.0,29.0,0.0,26.0,26.0,0.0,25.0,25.0,0.0,13.0,23.0,10.0,53.74446201324463,201.92674112319946,148.18227910995483,40.26406669616699,188.0083966255188,147.7443299293518,0.3517134271643269,0.2683346238229087,-0.08337880334141823,0.7897359931014833,0.7858400058754924,-0.003895987225990938,0.6453479382197786,0.6118511774165416,-0.03349676080323705,1.5949706363060585,1.3235274262092571,-0.2714432100968014,2.5610577028522696,1.3709986742491003,-1.1900590286031694,12.0,20.0,8.0,2.0,0.0,-2.0
7S5C_F,1,2,t075,low_or_equal,low_or_equal,59.0,59.0,0.0,0.4672391050952976,0.7602046061370332,0.29296550104173563,0.0,0.0,0.0,1.4513115759914195,1.501960040299526,0.05064846430810643,2.1950740814208984,2.473318576812744,0.2782444953918457,2.218191146850586,2.6268558502197266,0.4086647033691406,2.2767037391662597,2.71213150024414,0.4354277610778805,2.3360125160217287,2.861375789642334,0.5253632736206053,2.3547487258911133,2.909398078918457,0.5546493530273438,29.0,29.0,0.0,25.0,26.0,1.0,23.0,24.0,1.0,21.0,23.0,2.0,51.141624450683594,62.48725986480713,11.345635414123535,37.739699363708496,48.8003511428833,11.060651779174805,0.2685481897919437,0.26498997499200316,-0.0035582147999405622,0.793512915227986,0.7991963412276302,0.0056834259996442205,0.6089406274908524,0.5946439071989984,-0.014296720291854026,1.246778888837072,1.2995864348813482,0.052807546044276066,1.3005543757937856,1.4309258669443858,0.1303714911506002,21.0,23.0,2.0,0.0,0.0,0.0
7S5C_F,2,2,t075,low_or_equal,low_or_equal,59.0,59.0,0.0,0.8525989338503046,0.8525989338503046,0.0,0.0,0.0,0.0,2.0047638698349854,2.0047638698349854,0.0,3.471059799194336,3.471059799194336,0.0,3.4949371337890627,3.4949371337890627,0.0,3.55557746887207,3.55557746887207,0.0,3.634786243438721,3.634786243438721,0.0,3.6586599349975586,3.6586599349975586,0.0,29.0,29.0,0.0,25.0,25.0,0.0,24.0,24.0,0.0,20.0,20.0,0.0,76.51046943664551,76.51046943664551,0.0,62.99034595489502,62.99034595489502,0.0,0.2803089137949272,0.2803089137949272,0.0,0.7841683823059887,0.7841683823059887,0.0,0.6264173069377323,0.6264173069377323,0.0,1.3482777576414777,1.3482777576414777,0.0,1.3996965145716758,1.3996965145716758,0.0,20.0,20.0,0.0,0.0,0.0,0.0
7S5C_F,3,2,t075,low_or_equal,low_or_equal,59.0,59.0,0.0,2.039000187890004,1.5503933470127946,-0.4886068408772095,0.0,0.0,0.0,3.9586452062422954,3.875138017858762,-0.08350718838353322,7.39641809463501,6.503358364105225,-0.8930597305297852,8.19477825164795,7.2964324951171875,-0.8983457565307624,8.752290058135985,7.8539479732513415,-0.8983420848846437,9.706408958435059,8.809396610260011,-0.897012348175048,10.108421325683594,9.211402893066406,-0.8970184326171875,29.0,29.0,0.0,23.0,23.0,0.0,18.0,19.0,1.0,17.0,18.0,1.0,144.08925819396973,134.92989826202393,-9.1593599319458,131.498309135437,122.15926456451416,-9.339044570922852,0.3753015599369954,0.36085047570629647,-0.014451084230698907,0.728134754635289,0.7409437752567489,0.012809020621459943,0.7098785428937688,0.6952239993827369,-0.014654543511031903,1.6958554051926529,1.6266658367233133,-0.06918956846933955,2.038429997482247,1.976964307012415,-0.06146569046983186,17.0,18.0,1.0,1.0,0.0,-1.0
7S5C_F,4,2,t075,low_or_equal,low_or_equal,59.0,59.0,0.0,0.46871613647978183,-0.49233253931595106,-0.9610486757957328,0.0,0.0,0.0,0.8776118034597788,1.4955662179320577,0.6179544144722788,1.7278099060058594,0.6802434921264648,-1.0475664138793945,1.8760347366333008,1.3886562347412115,-0.4873785018920893,1.9252789497375487,1.8028369903564452,-0.12244195938110347,2.0018292236328126,2.358786640167237,0.35695741653442425,2.0232486724853516,2.4972591400146484,0.4740104675292969,29.0,29.0,0.0,17.0,18.0,1.0,16.0,10.0,-6.0,1.0,2.0,1.0,32.71061420440674,25.529817581176758,-7.1807966232299805,22.03464412689209,13.293067932128906,-8.741576194763184,0.3564782818674231,0.449612128582664,0.09313384671524089,0.7408630348146509,0.7629010304408389,0.022037995626188023,0.6998047825714013,0.7051445190747452,0.00533973650334385,1.6596891786500698,1.5346492199094752,-0.1250399587405946,1.7713213631325258,1.9989697838082716,0.22764842067574587,16.0,10.0,-6.0,0.0,0.0,0.0
7S5C_F,5,2,t075,low_or_equal,low_or_equal,59.0,59.0,0.0,0.9368467977491476,3.587905722149348,2.6510589244002003,0.0,0.0,0.0,1.634422669535401,5.417185138761949,3.7827624692265482,2.6465225219726562,11.102714538574219,8.456192016601562,3.414971542358399,11.128892707824708,7.713921165466308,3.9609711647033676,11.189809131622315,7.228837966918947,4.897706584930421,11.269223918914795,6.371517333984374,5.298007011413574,11.29311752319336,5.995110511779785,29.0,29.0,0.0,18.0,22.0,4.0,18.0,21.0,3.0,18.0,20.0,2.0,60.41479969024658,225.42133617401123,165.00653648376465,50.62587070465088,213.31757259368896,162.6917018890381,0.41887898452377903,0.2983395795979601,-0.12053940492581894,0.7173651277308796,0.7469720271798267,0.02960689944894712,0.7269247634967089,0.6567939179360323,-0.07013084556067661,1.8502706939410316,1.4032940013584834,-0.44697669258254824,2.668318480252189,1.4223644944143392,-1.2459539858378497,17.0,20.0,3.0,3.0,0.0,-3.0
7S5C_F,6,2,t075,low_or_equal,low_or_equal,59.0,59.0,0.0,-3.6089471962492343,-0.23613152261507714,3.372815673634157,0.0,0.0,0.0,5.184024116050319,1.7444870490397473,-3.4395370670105714,1.3809312582015991,1.5296926498413086,0.14876139163970947,2.306389522552491,2.0829521179199224,-0.22343740463256845,2.863941049575804,2.631405162811278,-0.2325358867645262,3.8194373416900644,3.575845375061036,-0.24359196662902827,4.22145938873291,3.97650146484375,-0.24495792388916016,29.0,29.0,0.0,20.0,18.0,-2.0,20.0,18.0,-2.0,9.0,7.0,-2.0,42.09856939315796,38.650362968444824,-3.4482064247131348,32.020055055618286,28.255477905273438,-3.7645771503448486,0.4453724603636597,0.44863080919455794,0.003258348830898261,0.7207159812528011,0.728583921974639,0.00786794072183783,0.729892335858201,0.7294989859904797,-0.0003933498677213265,1.2486223252288222,1.6437706929408218,0.39514836771199957,1.510488070597189,2.4148261747071555,0.9043381041099665,14.0,16.0,2.0,0.0,2.0,2.0
7S5C_F,7,2,t075,low_or_equal,low_or_equal,59.0,59.0,0.0,-0.36348905401714776,-0.48867814015533967,-0.1251890861381919,0.0,0.0,0.0,0.7583557810381727,0.9645064927540716,0.20615071171589894,0.05450248718261719,0.0797271728515625,0.025224685668945312,0.38111400604248064,0.24539813995361356,-0.13571586608886707,0.4981127738952634,0.7332077026367172,0.23509492874145377,0.6047554206848146,1.6416071701049817,1.0368517494201672,0.6606664657592773,2.034116744995117,1.3734502792358398,29.0,29.0,0.0,3.0,4.0,1.0,0.0,2.0,2.0,0.0,1.0,1.0,5.442936897277832,8.056766510009766,2.6138296127319336,0.26277923583984375,3.074522018432617,2.8117427825927734,0.5734823953675036,0.732252526357306,0.15877013098980242,0.6857578738730329,0.6297179937443437,-0.05603988012868921,0.786735258253709,0.8225250709720631,0.03578981271835402,1.1361446031741156,1.266850821608322,0.1307062184342065,1.350494774859339,2.6156328693514714,1.2651380944921324,6.0,5.0,-1.0,0.0,1.0,1.0
7W62_A,0,2,t075,low_or_equal,low_or_equal,140.0,140.0,0.0,0.31973571096147807,-0.15713272265025546,-0.47686843361173353,0.222503662109375,4.5299530029296875e-06,-0.22249913215637207,1.7640060469019683,4.773584050561636,3.009578003659668,0.6885368824005127,5.0902793407440186,4.401742458343506,4.644723987579345,7.148105478286743,2.5033814907073975,4.651067495346069,7.148108506202698,2.4970410108566288,4.651414642333984,7.148108959197998,2.496694316864014,4.6641845703125,7.148108959197998,2.483924388885498,70.0,70.0,0.0,50.0,52.0,2.0,17.0,52.0,35.0,16.0,52.0,36.0,109.33902072906494,283.6032030582428,174.26418232917786,75.06239318847656,256.71409821510315,181.6517050266266,0.5956120313817308,0.35286456927060883,-0.24274746211112197,0.7636638660747548,0.7953765235296488,0.031712657454894044,0.7449904540193664,0.6805755808310083,-0.06441487318835803,2.4553950889179115,1.5303472509284621,-0.9250478379894493,2.462831046968887,1.5303473458247276,-0.9324837011441593,16.0,38.0,22.0,16.0,0.0,-16.0
7W62_A,1,2,t075,low_or_equal,low_or_equal,140.0,140.0,0.0,2.385441630227225,0.03081380980355399,-2.354627820423671,0.0035343170166015625,0.0024023056030273438,-0.0011320114135742188,4.044972595519146,0.34485247320086204,-3.7001201223182836,4.927719593048096,0.2792172431945801,-4.648502349853516,10.643471717834473,0.4862639427185059,-10.157207775115968,10.64348030090332,0.5314531803131101,-10.112027120590211,10.676380834579467,0.9138799571990929,-9.762500877380374,10.702861785888672,1.6012296676635742,-9.101632118225098,70.0,70.0,0.0,50.0,13.0,-37.0,47.0,2.0,-45.0,46.0,0.0,-46.0,354.404634475708,20.09838581085205,-334.30624866485596,325.8124885559082,2.57582950592041,-323.2366590499878,0.42083499638881305,0.47597978332772234,0.055144786938909285,0.7723686857983668,0.7845073754882307,0.012138689689863869,0.7327579507541124,0.7307976794365916,-0.0019602713175208564,2.0415561479511655,1.4517493984100116,-0.5898067495411539,2.056236466193898,4.553877324073356,2.4976408578794578,23.0,19.0,-4.0,23.0,4.0,-19.0
7W62_A,2,2,t075,low_or_equal,low_or_equal,140.0,140.0,0.0,-1.8393093960625784,0.4312158380235944,2.270525234086173,3.790855407714844e-05,0.00022363662719726562,0.0001857280731201172,4.523902518138452,1.970693606542042,-2.5532089115964096,3.050327777862549,1.7658276557922363,-1.2845001220703125,3.234519386291504,3.833960342407227,0.599440956115723,3.235152983665466,3.854363489151001,0.6192105054855346,3.95139938116073,3.854426984786987,-0.09697239637374278,4.801693916320801,3.9236879348754883,-0.8780059814453125,70.0,70.0,0.0,53.0,59.0,6.0,53.0,59.0,6.0,53.0,24.0,-29.0,164.560800075531,144.0107946395874,-20.550005435943604,138.0295329093933,113.90532302856445,-24.124209880828857,0.29401446141897464,0.375181021465315,0.08116656004634037,0.8018695977445202,0.8046600509824469,0.0027904532379267044,0.6447450981965646,0.6831429581642112,0.038397859967646664,1.121700204498691,1.737026821299721,0.6153266168010301,1.4679810817665666,1.7722045097513168,0.3042234279847502,46.0,24.0,-22.0,0.0,0.0,0.0
7W62_A,3,2,t075,low_or_equal,low_or_equal,140.0,140.0,0.0,0.4073526518685477,0.7362124170575823,0.32885976518903465,0.0015401840209960938,0.019262313842773438,0.017722129821777344,1.3646404336601194,1.6583192209970345,0.2936787873369151,0.20889520645141602,2.3995676040649414,2.1906723976135254,3.3483192443847662,3.5142442703247077,0.1659250259399414,3.9376476764678934,3.7530732154846183,-0.18457446098327512,5.137958002090448,4.1877745056152325,-0.9501834964752156,5.979071617126465,4.344937324523926,-1.634134292602539,70.0,70.0,0.0,21.0,44.0,23.0,21.0,43.0,22.0,15.0,41.0,26.0,75.42533493041992,139.93842697143555,64.51309204101562,59.403329849243164,111.30787181854248,51.904541969299316,0.7813172610832964,0.3847067983472585,-0.39661046273603784,0.6569767905812282,0.7903645083809621,0.1333877177997339,0.8576354478122579,0.7078105023840802,-0.1498249454281777,2.5869781793953566,1.8192280233073599,-0.7677501560879967,4.082920912957224,2.1761340408854832,-1.906786872071741,15.0,37.0,22.0,15.0,3.0,-12.0
7W62_A,4,2,t075,low_or_equal,low_or_equal,140.0,140.0,0.0,0.018695425987243653,1.853712899344308,1.8350174733570643,0.028471946716308594,0.0007867813110351562,-0.027685165405273438,3.883655958926848,3.1056358103413704,-0.7780201485854774,1.9690018892288208,2.8362691402435303,0.8672672510147095,6.721340227127075,7.506064987182617,0.7847247600555418,7.021012544631957,7.506125378608703,0.4851128339767463,7.5634741401672345,7.5085858678817745,-0.054888272285460005,7.769681930541992,7.508617401123047,-0.2610645294189453,70.0,70.0,0.0,67.0,60.0,-7.0,67.0,52.0,-15.0,23.0,43.0,20.0,235.18361711502075,286.5027961730957,51.31917905807495,201.4217972755432,254.61032485961914,53.18852758407593,0.4243061353065797,0.3668379173852219,-0.057468217921357756,0.8035789489929726,0.7919163647239055,-0.011662584269067078,0.6921961005326411,0.7027415774317889,0.010545476899147754,1.803021995949309,1.8200500072940249,0.017028011344715877,1.9957963801449965,1.8208524267232589,-0.17494395342173763,23.0,34.0,11.0,0.0,0.0,0.0
7W62_A,5,2,t075,low_or_equal,low_or_equal,140.0,140.0,0.0,0.1705019337790353,4.332904887199402,4.162402953420367,0.0018711090087890625,0.007214546203613281,0.005343437194824219,0.7034567513825554,5.862914162789905,5.15945741140735,0.2534670829772949,8.379478931427002,8.126011848449707,1.384013175964356,16.409027290344238,15.025014114379882,1.9008327484130856,16.40903091430664,14.508198165893555,2.5994361400604227,16.40903091430664,13.809594774246218,3.0784425735473633,16.40903091430664,13.330588340759277,70.0,70.0,0.0,21.0,65.0,44.0,15.0,65.0,50.0,6.0,65.0,59.0,42.836992263793945,626.4067206382751,583.5697283744812,22.89815044403076,592.8799967765808,569.98184633255,0.661608921461543,0.36673685534354633,-0.2948720661179967,0.7365640448775238,0.8229468410917986,0.0863827962142748,0.7904483688877384,0.6555737608298293,-0.13487460805790907,2.459754364761307,2.0597480522144873,-0.40000631254681984,4.133787377906514,2.0597480522144873,-2.0740393256920266,15.0,20.0,5.0,11.0,18.0,7.0
7W62_A,6,2,t075,low_or_equal,low_or_equal,140.0,140.0,0.0,1.281810280254909,-0.2353154420852661,-1.517125722340175,0.27382469177246094,6.67572021484375e-06,-0.2738180160522461,2.059262345398314,4.0521841921655986,1.9929218467672847,2.105567693710327,0.8906464576721191,-1.214921236038208,5.0823077201843265,9.086685371398925,4.0043776512145985,5.6816730022430395,9.086727142333984,3.405054140090945,6.901065673828119,9.086727142333984,2.1856614685058657,7.741178512573242,9.086729049682617,1.345550537109375,70.0,70.0,0.0,70.0,62.0,-8.0,65.0,29.0,-36.0,37.0,19.0,-18.0,202.1933102607727,193.73213720321655,-8.461173057556152,167.1933102607727,161.59563970565796,-5.597670555114746,0.4123647706570268,0.656649496624345,0.2442847259673182,0.8219370841149856,0.7193711074659892,-0.10256597664899636,0.6705014878770055,0.797085178500093,0.1265836906230875,2.136620781621239,2.300498235603968,0.16387745398272902,3.136738865134217,2.3004987063003983,-0.8362401588338186,16.0,18.0,2.0,10.0,16.0,6.0
7W62_A,7,2,t075,low_or_equal,low_or_equal,140.0,140.0,0.0,2.615621359007699,-0.40680538245609826,-3.0224267414637973,0.0001392364501953125,0.041426658630371094,0.04128742218017578,4.6712686197865825,2.2966004079583424,-2.37466821182824,8.061685562133789,0.3676333427429199,-7.694052219390869,12.39638900756836,3.8935107231140136,-8.502878284454345,12.450267314910889,3.8938819408416747,-8.556385374069214,12.660603828430174,3.893931155204773,-8.7666726732254,12.745848655700684,3.89395809173584,-8.851890563964844,70.0,70.0,0.0,62.0,30.0,-32.0,40.0,28.0,-12.0,40.0,25.0,-15.0,406.005229473114,106.01538038253784,-299.9898490905762,374.11049032211304,79.78804349899292,-294.3224468231201,0.4311500882597182,0.514209963949729,0.08305987569001078,0.7731275603959032,0.7479896918273184,-0.025137868568584798,0.727379422731268,0.7703793984780187,0.04299997574675074,2.1053479806846362,1.8726319600025876,-0.23271602068204866,2.1686244404321595,1.8726651180974399,-0.29595932233471967,39.0,25.0,-14.0,15.0,0.0,-15.0
8ERB_D,0,2,t075,high,high,428.0,428.0,0.0,1.6718727762454024,1.8455897469386877,0.1737169706932853,0.0012111663818359375,0.0007610321044921875,-0.00045013427734375,2.8963345949041925,3.0910605135969424,0.1947259186927499,3.4874110221862793,3.44209623336792,-0.045314788818359375,7.816166591644287,6.362316370010376,-1.4538502216339113,8.056356430053711,9.02052116394043,0.9641647338867188,8.14482307434082,9.89287922859192,1.748056154251099,8.144824981689453,9.8928804397583,1.7480554580688477,214.0,214.0,0.0,173.0,188.0,15.0,144.0,174.0,30.0,127.0,152.0,25.0,791.1195030212402,868.1306314468384,77.01112842559814,698.4295902252197,767.3248500823975,68.89525985717773,0.43512461719497086,0.4503103547805281,0.015185737585557246,0.8240378098096467,0.8358442341572037,0.011806424347556965,0.72320634464517,0.7095909684745938,-0.013615376170576177,2.20433221529072,2.3211876265251643,0.11685541123444443,2.234877219238604,2.6034076840039946,0.3685304647653904,106.0,65.0,-41.0,44.0,39.0,-5.0
8ERB_D,1,2,t075,high,high,428.0,428.0,0.0,0.9886083045852518,2.048056210312888,1.059447905727636,0.0012636184692382812,0.00069427490234375,-0.0005693435668945312,1.740580514644008,4.249748702914306,2.509168188270298,2.259121894836426,1.8846001625061035,-0.37452173233032227,4.622297382354736,9.318863868713379,4.696566486358643,4.9896315574646,12.687336206436157,7.697704648971557,5.271052856445312,14.078292846679688,8.807239990234375,5.271390914916992,14.078292846679688,8.806901931762695,214.0,214.0,0.0,157.0,147.0,-10.0,149.0,119.0,-30.0,117.0,100.0,-17.0,468.86657905578613,936.4373321533203,467.5707530975342,380.55937004089355,848.8185033798218,468.2591333389282,0.4618565831045901,0.600727184135494,0.13887060103090387,0.82391253574945,0.7783591688693748,-0.04555336688007516,0.7286413951702588,0.8003546166233539,0.07171322145309511,2.2986717472806224,2.5035080283281883,0.2048362810475659,2.46054840571835,2.830811296704897,0.37026289098654663,73.0,59.0,-14.0,44.0,42.0,-2.0
8ERB_D,2,2,t075,high,high,428.0,428.0,0.0,2.4743514239231,0.8684879652807646,-1.6058634586423355,0.0039806365966796875,0.0017337799072265625,-0.002246856689453125,4.7566696757053,2.9703350495894654,-1.7863346261158348,2.435877799987793,0.8121113777160645,-1.6237664222717285,10.171014690399192,6.784260654449463,-3.3867540359497283,13.488865518569947,9.856848955154419,-3.6320165634155277,16.821514129638672,9.888470067977906,-6.933044061660766,16.821514129638672,9.888484001159668,-6.933030128479004,214.0,214.0,0.0,180.0,152.0,-28.0,177.0,102.0,-75.0,129.0,52.0,-77.0,1127.4663515090942,556.3673701286316,-571.0989813804626,1030.4441680908203,467.4713454246521,-562.9728226661682,0.5565552315538452,0.6735109316354425,0.11695570008159728,0.8016896737149242,0.7660266328173887,-0.03566304089753547,0.7695110104314353,0.8146503961550229,0.045139385723587555,2.3155936496712184,3.026042799823525,0.7104491501523067,3.016220104371286,3.0366931289874426,0.020473024616156632,68.0,52.0,-16.0,40.0,41.0,1.0
8ERB_D,3,2,t075,high,high,428.0,428.0,0.0,2.373165347865809,2.1561488570453964,-0.2170164908204124,0.00829172134399414,6.4849853515625e-05,-0.008226871490478516,4.581003882227317,3.8988746831195176,-0.6821291991077993,2.2642688751220703,2.7098748683929443,0.445605993270874,9.325497055053711,9.937913036346435,0.6124159812927239,10.201738023757935,10.205756187438965,0.004018163681029918,18.12972173690796,11.936212539672852,-6.193509197235109,18.266376495361328,11.936212539672852,-6.330163955688477,214.0,214.0,0.0,167.0,156.0,-11.0,159.0,144.0,-15.0,124.0,132.0,8.0,1102.9324622154236,999.5653667449951,-103.36709547042847,1012.2674498558044,909.6449451446533,-102.62250471115112,0.5030732564618453,0.47123379508702823,-0.03183946137481708,0.801400312070007,0.8083948672478969,0.006994555177889938,0.7661707931579413,0.7520522397911047,-0.01411855336683665,1.7089207687127776,2.064597604340804,0.35567683562802643,3.4693729924909222,2.508432426661725,-0.9609405658291972,87.0,97.0,10.0,16.0,41.0,25.0
8ERB_D,4,2,t075,high,high,428.0,428.0,0.0,2.165016851692556,1.2646107996735618,-0.9004060520189943,4.482269287109375e-05,8.249282836914062e-05,3.7670135498046875e-05,4.78842855904462,2.295399038634519,-2.493029520410101,1.8744468688964844,1.3551568984985352,-0.5192899703979492,10.660771560668946,5.57462215423584,-5.0861494064331065,11.339465141296387,5.651940393447876,-5.687524747848511,18.839963912963867,7.20391499042511,-11.636048922538757,18.839963912963867,7.203920364379883,-11.636043548583984,214.0,214.0,0.0,154.0,157.0,3.0,144.0,147.0,3.0,90.0,91.0,1.0,1013.653000831604,587.2670388221741,-426.38596200942993,924.9636011123657,501.38996744155884,-423.5736336708069,0.6053371974617606,0.4547320675344705,-0.15060512992729014,0.7739127639407094,0.8103813208770706,0.036468556936361196,0.806802026289571,0.7488274240039665,-0.05797460228560447,1.9159622361441897,1.911358121150141,-0.00460411499404878,3.4823422456151816,2.5874845570378393,-0.8948576885773423,69.0,78.0,9.0,20.0,16.0,-4.0
8ERB_D,5,2,t075,high,high,428.0,428.0,0.0,1.2879598363537654,2.2092999576408174,0.921340121287052,0.0028514862060546875,0.017049789428710938,0.01419830322265625,3.0322818269270706,4.16142030451077,1.1291384775836995,1.8238210678100586,5.471446514129639,3.64762544631958,3.0142824172973635,7.306135797500611,4.291853380203247,12.173933792114259,11.209601736068725,-0.9643320560455333,12.215897998809815,14.175596590042115,1.9596985912323,12.215899467468262,14.312263488769531,2.0963640213012695,214.0,214.0,0.0,194.0,193.0,-1.0,182.0,141.0,-41.0,104.0,120.0,16.0,660.5025320053101,1056.179241657257,395.676709651947,559.7784976959229,955.8506045341492,396.0721068382263,0.569485333023881,0.4914795550025382,-0.07800577802134284,0.8108492474707302,0.8133446158737795,0.002495368403049314,0.7427722877010752,0.746805143008064,0.004032855306988825,3.590027107339291,2.162795661056403,-1.427231446282888,3.6038667428841613,2.9083732585265927,-0.6954934843575686,25.0,86.0,61.0,25.0,41.0,16.0
8ERB_D,6,2,t075,high,high,428.0,428.0,0.0,2.854794247128139,1.903514995753208,-0.9512792513749309,0.0038399696350097656,0.002765655517578125,-0.0010743141174316406,5.246379487051134,4.003914007207795,-1.2424654798433385,4.188084363937378,1.1992433071136475,-2.9888410568237305,12.515148162841797,8.01224136352539,-4.502906799316406,14.199636459350586,10.110632181167603,-4.089004278182983,18.74950408935547,15.549401121139526,-3.2001029682159423,18.74950408935547,15.683917999267578,-3.0655860900878906,214.0,214.0,0.0,160.0,158.0,-2.0,139.0,121.0,-18.0,134.0,104.0,-30.0,1287.452160358429,884.2491722106934,-403.2029881477356,1193.4995131492615,798.4223775863647,-395.07713556289673,0.5142184818592366,0.5845469413443963,0.07032845948515976,0.8009743802318344,0.781011751419383,-0.019962628812451477,0.7685620209157333,0.7980672942526874,0.029505273336954074,2.1624135730599074,2.0497735892029767,-0.11263998385693075,3.0296530934252663,3.4417330089275304,0.4120799155022641,65.0,57.0,-8.0,31.0,38.0,7.0
8ERB_D,7,2,t075,high,high,428.0,428.0,0.0,1.9850083277604291,1.71112014645728,-0.27388818130314907,0.000873565673828125,0.0025434494018554688,0.0016698837280273438,4.152621853894877,4.291417395854775,0.1387955419598974,2.281858205795288,1.4461591243743896,-0.8356990814208984,8.585375595092774,9.199549865722663,0.6141742706298885,8.684361362457274,10.78071732521057,2.0963559627532966,18.123037338256836,18.22396469116211,0.10092735290527344,18.123037338256836,18.22396469116211,0.10092735290527344,214.0,214.0,0.0,200.0,172.0,-28.0,173.0,125.0,-48.0,124.0,73.0,-51.0,940.6306157112122,818.5529174804688,-122.07769823074341,838.8201785087585,723.5300397872925,-115.29013872146606,0.564316825000219,0.6896871237511624,0.1253702987509434,0.8055121160181248,0.7606136453273096,-0.044898470690815206,0.7653022928569093,0.8211063177366376,0.05580402487972824,1.6132827091908952,2.1134269501526286,0.5001442409617334,3.8862264801116027,3.847876592161635,-0.03834988794996752,46.0,53.0,7.0,18.0,27.0,9.0
9END_A,0,2,t075,high,high,307.0,307.0,0.0,1.2338455399006896,1.5572756524971332,0.3234301125964436,0.0,0.0,0.0,2.825466330724188,4.807706649305064,1.9822403185808763,2.368828296661377,4.648481130599976,2.2796528339385986,5.524775314331109,7.890682888031006,2.3659075736998973,9.279413604736325,11.610545444488514,2.3311318397521887,9.356710376739501,13.64516746520996,4.288457088470459,9.357061386108398,13.659517288208008,4.302455902099609,153.0,153.0,0.0,126.0,148.0,22.0,104.0,147.0,43.0,100.0,113.0,13.0,485.76121520996094,842.2351202964783,356.47390508651733,417.8788871765137,767.4911770820618,349.6122899055481,0.5186876487108608,0.4328015348525004,-0.08588611385836042,0.8059952891447606,0.8354556175901285,0.029460328445367945,0.7465439958612461,0.693446104271553,-0.053097891589693136,2.847518647576132,2.091073878944869,-0.7564447686312628,2.87500005145192,2.517258751105417,-0.3577413003465031,43.0,52.0,9.0,18.0,16.0,-2.0
9END_A,1,2,t075,high,high,307.0,307.0,0.0,2.1548358966939225,1.2781541029094485,-0.876681793784474,0.0,0.0,0.0,3.4555901099495197,3.247680997306397,-0.20790911264312273,4.065537929534912,2.4048328399658203,-1.6607050895690918,8.370933532714844,6.802727890014667,-1.5682056427001765,11.898954677581784,9.748627853393527,-2.150326824188257,12.009326210021973,10.7003857421875,-1.3089404678344732,12.009696006774902,10.703240394592285,-1.3064556121826172,153.0,153.0,0.0,140.0,138.0,-2.0,138.0,113.0,-25.0,120.0,94.0,-26.0,703.2937135696411,551.7280464172363,-151.56566715240479,630.3535490036011,478.76495838165283,-151.58859062194824,0.470065608945295,0.5139998841336829,0.04393427518838794,0.8299460342316346,0.8137947234577741,-0.01615131077386045,0.7014055154789409,0.7366176090385794,0.0352120935596385,2.8198132506607405,2.608160640626166,-0.21165261003457436,2.8518602601929954,2.902097311743344,0.05023705155034852,32.0,45.0,13.0,20.0,19.0,-1.0
9END_A,2,2,t075,high,high,307.0,307.0,0.0,0.9734799776481107,1.4388686298159123,0.4653886521678017,0.0,0.0,0.0,3.910619966119524,3.2751546252326307,-0.6354653408868933,1.967555046081543,3.4995813369750977,1.5320262908935547,7.996480178833016,5.279867267608642,-2.7166129112243738,11.408391952514648,10.503255844116211,-0.9051361083984375,11.477014560699462,10.504020690917969,-0.9729938697814937,11.47705078125,10.504039764404297,-0.9730110168457031,153.0,153.0,0.0,103.0,114.0,11.0,85.0,108.0,23.0,67.0,103.0,36.0,528.8616051673889,583.5383057594299,54.676700592041016,468.2823872566223,517.7974772453308,49.515089988708496,0.6528780618680999,0.45730485183053715,-0.19557321003756278,0.759675028640774,0.8119456228457456,0.0522705942049716,0.8067656950148037,0.7251400023341168,-0.08162569268068687,2.668352349569016,2.7676211512170865,0.0992688016480705,2.6859093684893383,2.7678605048897484,0.08195113640041018,37.0,55.0,18.0,29.0,20.0,-9.0
9END_A,3,2,t075,high,high,307.0,307.0,0.0,1.8033202836101918,2.0401716108042565,0.23685132719406465,0.0,0.0,0.0,4.436311678662271,3.980955178343129,-0.4553565003191422,3.5631160736083984,4.126551628112793,0.5634355545043945,9.358724594116211,7.317527103424109,-2.0411974906921015,11.970151519775355,11.631685829162555,-0.3384656906128001,13.25486946105957,12.843182678222655,-0.41168678283691484,13.255245208740234,12.843257904052734,-0.4119873046875,153.0,153.0,0.0,110.0,149.0,39.0,106.0,132.0,26.0,106.0,127.0,21.0,760.3011498451233,801.3127784729004,41.0116286277771,698.8637948036194,725.8116989135742,26.947904109954834,0.4638142653854245,0.40842266928129933,-0.05539159610412514,0.7996427432198648,0.8418837103296282,0.04224096710976333,0.7476615788382563,0.6712185709271392,-0.07644300791111713,2.2917306024879833,2.409349964686184,0.11761936219820068,2.5814067528689204,2.713692018442849,0.1322852655739286,60.0,54.0,-6.0,16.0,16.0,0.0
9END_A,4,2,t075,high,high,307.0,307.0,0.0,1.339002887278504,2.2350276487269696,0.8960247614484655,0.0,0.0,0.0,3.2121848962092727,4.209093042377927,0.9969081461686544,2.9693851470947266,2.82708740234375,-0.14229774475097656,5.929676342010498,10.899171829223633,4.969495487213135,9.239999771118164,11.166682243347168,1.926682472229004,9.24084758758545,11.257570266723633,2.0167226791381836,9.24084758758545,11.257670402526855,2.0168228149414062,153.0,153.0,0.0,142.0,149.0,7.0,123.0,133.0,10.0,106.0,115.0,9.0,596.4198212623596,806.8481893539429,210.42836809158325,523.7102952003479,731.0134572982788,207.3031620979309,0.4162343701977707,0.4273443550705016,0.011109984872730905,0.8335312214532916,0.8222888991798125,-0.0112423222734791,0.6947419776460455,0.7157357709087837,0.020993793262738203,2.459695546530866,2.121990296886918,-0.3377052496439479,2.459959484160448,2.143607343187297,-0.3163521409731511,66.0,62.0,-4.0,19.0,37.0,18.0
9END_A,5,2,t075,high,high,307.0,307.0,0.0,1.4435483081333025,2.121992190420045,0.6784438822867427,0.0,0.0,0.0,2.713127643317831,3.7091260228994414,0.9959983795816103,1.8016600608825684,4.119217872619629,2.3175578117370605,7.07662353515625,10.191413879394531,3.1147903442382816,7.181684160232544,10.43582534790039,3.2541411876678463,8.091871185302734,10.438105583190918,2.3462343978881837,8.763879776000977,10.438106536865234,1.6742267608642578,153.0,153.0,0.0,132.0,107.0,-25.0,107.0,102.0,-5.0,76.0,99.0,23.0,504.6368713378906,710.436083316803,205.79921197891235,435.3234920501709,646.5813841819763,211.25789213180542,0.4535461829402391,0.45162121913238523,-0.0019249638078538411,0.8098652959895264,0.806033441083855,-0.0038318549056713946,0.7365330776144685,0.7334816720990982,-0.003051405515370309,2.1149524115578235,2.2414534060456064,0.12650099448778285,2.6981153967808837,2.2420684266598316,-0.4560469701210521,61.0,45.0,-16.0,38.0,35.0,-3.0
9END_A,6,2,t075,high,high,307.0,307.0,0.0,1.8503825144193071,2.1963619735419555,0.3459794591226484,0.0,0.0,0.0,3.167468748163268,4.2116571806411995,1.0441884324779314,4.227876663208008,4.810611248016357,0.5827345848083496,7.7936324119567875,8.790286445617676,0.9966540336608887,8.832600975036621,11.342979145050048,2.5103781700134267,8.832620334625243,13.25394058227539,4.421320247650147,8.832624435424805,13.253941535949707,4.421317100524902,153.0,153.0,0.0,132.0,112.0,-20.0,104.0,101.0,-3.0,103.0,84.0,-19.0,616.0541195869446,763.4087057113647,147.35458612442017,547.8032298088074,694.3607740402222,146.5575442314148,0.43475084806649483,0.47466515929045827,0.03991431122396344,0.8120711494363732,0.7990717956461769,-0.012999353790196233,0.7291004474056495,0.7505722453858348,0.02147179798018528,2.2043527547560235,2.171738291889079,-0.03261446286694447,2.204360161423634,2.625469996284052,0.4211098348604181,54.0,65.0,11.0,24.0,25.0,1.0
9END_A,7,2,t075,high,high,307.0,307.0,0.0,2.6403145976485956,0.9422243751998056,-1.69809022244879,0.0,0.0,0.0,4.713806613651909,3.690026267843997,-1.023780345807912,6.58539342880249,2.4455738067626953,-4.139819622039795,10.269191360473751,4.239315795898437,-6.029875564575314,13.059949207305909,12.171493434905969,-0.88845577239994,13.501185054779052,13.516019821166992,0.014834766387940235,13.501792907714844,13.516027450561523,0.014234542846679688,153.0,153.0,0.0,132.0,115.0,-17.0,119.0,115.0,-4.0,113.0,93.0,-20.0,940.6506600379944,518.6485414505005,-422.0021185874939,870.404947757721,458.260440826416,-412.14450693130493,0.43093058555445857,0.5626270297899697,0.13169644423551113,0.824013550587343,0.7835349308340029,-0.040478619753340106,0.7078798185584463,0.7695528928089539,0.06167307425050761,2.2104501655796502,3.043140683729383,0.8326905181497328,2.3041841128165372,3.4075104518722905,1.1033263390557533,65.0,19.0,-46.0,31.0,18.0,-13.0
9GJ9_C,0,2,t075,low_or_equal,low_or_equal,389.0,389.0,0.0,1.8835676114785946,1.5464664584260366,-0.33710115305255806,0.0,0.0,0.0,4.043448394849201,2.9650153702301933,-1.0784330246190077,1.6543254852294922,1.7761650085449219,0.12183952331542969,8.180512237548829,5.806693267822266,-2.373818969726563,8.868060111999512,8.639566802978509,-0.22849330902100284,16.52755355834961,11.286823272705078,-5.240730285644531,16.52755355834961,11.2916898727417,-5.23586368560791,194.0,194.0,0.0,165.0,146.0,-19.0,159.0,132.0,-27.0,64.0,91.0,27.0,805.566068649292,642.1249260902405,-163.4411425590515,716.804666519165,557.0886816978455,-159.71598482131958,0.5858571829651733,0.5438776484447563,-0.04197953452041703,0.7904325558658696,0.7989951894861828,0.008562633620313176,0.7795044837136029,0.771905358256417,-0.007599125457185885,1.7273603663195511,2.392264274839759,0.6649039085202078,3.6216576834578733,3.286736221390676,-0.3349214620671974,62.0,54.0,-8.0,19.0,31.0,12.0
9GJ9_C,1,2,t075,low_or_equal,low_or_equal,389.0,389.0,0.0,1.0366476323733294,1.3847422955275195,0.34809466315419013,0.0,0.0,0.0,2.8561152458763956,3.6077029812601866,0.751587735383791,1.5708808898925781,1.083786964416504,-0.4870939254760742,6.176659488677978,5.656557273864746,-0.5201022148132317,6.228351783752442,11.45120105743406,5.222849273681619,10.885218200683594,15.140560150146484,4.25534194946289,10.889104843139648,15.140560150146484,4.251455307006836,194.0,194.0,0.0,179.0,177.0,-2.0,144.0,112.0,-32.0,71.0,84.0,13.0,564.451756477356,624.5953731536865,60.143616676330566,472.8257303237915,532.0816450119019,59.25591468811035,0.5677018859689364,0.6774392964165683,0.10973741044763186,0.8057721800613391,0.7698696402656338,-0.035902539795705346,0.760447553866608,0.8045754926854465,0.044127938818838475,1.8177502321990666,2.790268160709361,0.9725179285102945,3.4496007207661203,3.8129019839138745,0.3633012631477541,42.0,41.0,-1.0,17.0,22.0,5.0
9GJ9_C,2,2,t075,low_or_equal,low_or_equal,389.0,389.0,0.0,0.16500370300214517,0.7256918125103555,0.5606881095082104,0.0,0.0,0.0,1.0493535220013468,2.2451943058119475,1.1958407838106007,0.3432273864746094,0.9056663513183594,0.56243896484375,0.9835700988769531,1.8846309661865235,0.9010608673095704,3.814751434326167,3.629605674743648,-0.185145759582519,3.907790756225586,11.975075721740723,8.067284965515137,3.908323287963867,11.975075721740723,8.066752433776855,194.0,194.0,0.0,73.0,132.0,59.0,36.0,82.0,46.0,22.0,30.0,8.0,159.64789295196533,347.23075771331787,187.58286476135254,96.42245483398438,271.55945777893066,175.1370029449463,0.6620682411036857,0.6418817168535845,-0.020186524250101145,0.7693985802272566,0.7572779399590135,-0.01212064026824311,0.8028532791250038,0.8103718003263047,0.007518521201300921,3.4780916581507766,1.2933908903635523,-2.1847007677872243,3.567262611195503,5.010427774607313,1.4431651634118103,31.0,27.0,-4.0,22.0,12.0,-10.0
9GJ9_C,3,2,t075,low_or_equal,low_or_equal,389.0,389.0,0.0,1.567126949526044,0.926803357190522,-0.640323592335522,0.0,0.0,0.0,3.466850228223838,1.870715965943373,-1.596134262280465,1.6613492965698242,1.6055870056152344,-0.055762290954589844,7.061890792846659,3.0781959533691405,-3.983694839477519,8.532765007019043,5.166866683959961,-3.3658983230590813,12.598662376403809,6.842006187438965,-5.756656188964843,12.610237121582031,6.842031478881836,-5.768205642700195,194.0,194.0,0.0,154.0,131.0,-23.0,127.0,115.0,-12.0,75.0,86.0,11.0,713.2889437675476,403.6070694923401,-309.6818742752075,625.1397166252136,323.37368631362915,-301.7660303115845,0.5559519102572809,0.5584082212998593,0.002456311042578485,0.7944000565927984,0.8033873098181769,0.008987253225378411,0.7771077694082051,0.7629481194451113,-0.014159649963093823,2.009212281737849,2.266545752514194,0.25733347077634505,3.1853438842420587,3.1620129562043675,-0.023330928037691212,62.0,44.0,-18.0,39.0,32.0,-7.0
9GJ9_C,4,2,t075,low_or_equal,low_or_equal,389.0,389.0,0.0,1.4354305463462378,2.1084057996695944,0.6729752533233566,0.0,0.0,0.0,3.985041474098429,4.5388348354326435,0.5537933613342148,1.4744873046875,3.877208709716797,2.402721405029297,3.839366149902344,6.782283782958984,2.9429176330566404,8.893217658996445,9.292243766784667,0.399026107788222,18.307594299316406,18.729400634765625,0.42180633544921875,18.31146240234375,18.73326873779297,0.42180633544921875,194.0,194.0,0.0,167.0,149.0,-18.0,113.0,112.0,-1.0,84.0,107.0,23.0,641.3436679840088,910.0523738861084,268.7087059020996,552.6105279922485,828.1971778869629,275.58664989471436,0.6697415942217713,0.5559976831574873,-0.11374391106428394,0.7585533628539564,0.784610520143957,0.026057157290000688,0.8120034627672079,0.7859792951470763,-0.0260241676201316,1.871445293888051,1.5827493679730487,-0.28869592591500237,4.2348447226174795,3.6628041206391875,-0.572040601978292,24.0,59.0,35.0,20.0,19.0,-1.0
9GJ9_C,5,2,t075,low_or_equal,low_or_equal,389.0,389.0,0.0,1.5185950065946212,1.4961987571422115,-0.0223962494524097,0.0,0.0,0.0,3.532023776595121,3.9925514972554765,0.46052772066035574,1.7213420867919922,2.002565383911133,0.2812232971191406,8.254346466064453,2.851984405517578,-5.402362060546874,10.92668113708496,13.696482849121084,2.7698017120361236,12.437765121459961,17.918418884277344,5.480653762817383,12.437765121459961,17.918418884277344,5.480653762817383,194.0,194.0,0.0,135.0,137.0,2.0,107.0,102.0,-5.0,73.0,98.0,25.0,647.9789600372314,625.7252807617188,-22.253679275512695,565.7030334472656,546.3197660446167,-19.383267402648926,0.6815661158262173,0.6980611543508641,0.016495038524646843,0.7646063448872746,0.7410174287577014,-0.023588916129573256,0.812640192678362,0.8293802306290068,0.016740037950644826,2.663653113785026,3.055761234480127,0.3921081206951009,3.0914769564182962,4.113214353884715,1.0217373974664183,48.0,25.0,-23.0,34.0,22.0,-12.0
9GJ9_C,6,2,t075,low_or_equal,low_or_equal,389.0,389.0,0.0,0.8181773752050718,0.9288706007224429,0.11069322551737104,0.0,0.0,0.0,2.247334584192243,2.573654355776787,0.32631977158454406,0.8402137756347656,1.0643730163574219,0.22415924072265625,2.979890823364253,3.186112976074219,0.2062221527099659,6.782352256774895,6.085241317749023,-0.6971109390258716,8.868431205749511,11.759079971313477,2.8906487655639665,8.868432998657227,12.436198234558105,3.567765235900879,194.0,194.0,0.0,124.0,121.0,-3.0,83.0,101.0,18.0,58.0,63.0,5.0,397.93809604644775,447.3378162384033,49.399720191955566,322.6206636428833,374.5657653808594,51.945101737976074,0.6581018631183607,0.6575847480335344,-0.0005171150848263251,0.7691578764709847,0.7651437007053331,-0.004014175765651551,0.8103600437769289,0.8144703440444112,0.00411030026748227,2.653888265468722,2.0035210654657902,-0.6503672000029317,3.582134889961501,4.471201662339189,0.8890667723776877,39.0,34.0,-5.0,24.0,32.0,8.0
9GJ9_C,7,2,t075,low_or_equal,low_or_equal,389.0,389.0,0.0,0.9139775004055936,0.4652997558711427,-0.44867774453445086,0.0,0.0,0.0,1.8305952811880521,1.2894670965867134,-0.5411281846013387,1.7062931060791016,0.8741388320922852,-0.8321542739868164,4.7586996078491195,2.5814140319824217,-2.177285575866698,5.066850471496582,3.319048690795863,-1.7478017807007187,5.192204284667969,4.40667308807373,-0.7855311965942384,5.808981895446777,4.411923408508301,-1.3970584869384766,194.0,194.0,0.0,152.0,126.0,-26.0,150.0,90.0,-60.0,63.0,47.0,-16.0,436.15325355529785,262.94622135162354,-173.20703220367432,354.1887683868408,189.1133508682251,-165.07541751861572,0.45947286760942846,0.5178971843216214,0.05842431671219289,0.8266146755509489,0.8052133999871282,-0.021401275563820765,0.7160376398506405,0.7614422888831793,0.045404649032538824,2.268591541651841,2.213122725255063,-0.05546881639677803,2.673995964779466,3.0606625505094907,0.38666658573002444,61.0,70.0,9.0,41.0,20.0,-21.0
9YGK_B,0,2,t075,low_or_equal,low_or_equal,271.0,271.0,0.0,2.016638935272104,1.5594895334701258,-0.4571494018019784,0.0,0.0,0.0,4.996046956717599,4.440906514637559,-0.5551404420800399,0.7923641204833984,0.21102333068847656,-0.5813407897949219,9.470338821411133,2.4747791290283203,-6.9955596923828125,18.238019943237305,17.60590934753418,-0.632110595703125,18.354278564453125,17.619155883789062,-0.7351226806640625,18.354278564453125,17.619155883789062,-0.7351226806640625,135.0,135.0,0.0,98.0,57.0,-41.0,49.0,54.0,5.0,46.0,47.0,1.0,593.9676923751831,446.01077127456665,-147.95692110061646,539.393949508667,405.6502585411072,-133.74369096755981,0.7283344409856849,0.8404429870158208,0.11210854603013587,0.7198071918730465,0.673792446506488,-0.046014745366558585,0.8405705889853561,0.8754843748520116,0.0349137858666555,3.2468431839204808,3.613320785108594,0.36647760118811323,3.2701133057233798,3.6163036302126783,0.34619032448929854,33.0,23.0,-10.0,20.0,22.0,2.0
9YGK_B,1,2,t075,low_or_equal,low_or_equal,271.0,271.0,0.0,3.2722235693702837,3.169153174790949,-0.10307039457933476,0.0,0.0,0.0,5.588530468264546,5.376184031801152,-0.21234643646339357,6.0444183349609375,5.38181209564209,-0.6626062393188477,9.711907386779785,10.353715896606445,0.6418085098266602,19.610544204711914,17.43900775909424,-2.171536445617676,19.636625289916992,17.440393447875977,-2.1962318420410156,19.636625289916992,17.440393447875977,-2.1962318420410156,135.0,135.0,0.0,110.0,112.0,2.0,100.0,104.0,4.0,98.0,85.0,-13.0,925.3539624214172,886.3465957641602,-39.00736665725708,867.884247303009,826.5505743026733,-41.33367300033569,0.5188854189733483,0.4869716828427639,-0.0319137361305844,0.8018297052852488,0.7945002006898165,-0.007329504595432246,0.7372636093812028,0.7497847607158654,0.012521151334662584,2.9235450586020173,2.654271970582551,-0.2692730880194665,2.9282119536566626,2.654529716369068,-0.27368223728759444,33.0,61.0,28.0,24.0,22.0,-2.0
9YGK_B,2,2,t075,low_or_equal,low_or_equal,271.0,271.0,0.0,2.207343891537937,2.402902916348728,0.19555902481079102,0.0,0.0,0.0,4.818212301822466,5.001437195913853,0.18322489409138765,3.361077308654785,1.1933627128601074,-2.1677145957946777,6.882950305938721,9.502655029296875,2.6197047233581543,18.234846115112305,16.272204399108887,-1.962641716003418,18.340612411499023,16.279142379760742,-2.0614700317382812,18.340612411499023,16.279142379760742,-2.0614700317382812,135.0,135.0,0.0,80.0,73.0,-7.0,75.0,72.0,-3.0,74.0,66.0,-8.0,627.3517022132874,705.0864114761353,77.7347092628479,581.009174823761,660.304033279419,79.29485845565796,0.6513746911182342,0.569993882719379,-0.0813808083988552,0.743029341932419,0.750490747178285,0.007461405245866026,0.8177184659992291,0.8006648173908775,-0.01705364860835168,3.326441679938437,2.7730632095293135,-0.5533784704091236,3.348393036533229,2.7744504069247986,-0.5739426296084305,23.0,54.0,31.0,18.0,22.0,4.0
9YGK_B,3,2,t075,low_or_equal,low_or_equal,271.0,271.0,0.0,1.9606678318713424,2.369101981835172,0.40843414996382954,0.0,0.0,0.0,4.934846018349278,4.084279057847882,-0.8505669605013964,2.8956680297851562,3.9151878356933594,1.0195198059082031,5.621397018432617,9.888739585876465,4.267342567443848,18.13550853729248,12.859954357147217,-5.275554180145264,18.16482925415039,12.862085342407227,-5.302743911743164,18.16482925415039,12.862085342407227,-5.302743911743164,135.0,135.0,0.0,89.0,126.0,37.0,72.0,112.0,40.0,70.0,76.0,6.0,609.6658611297607,681.5446500778198,71.87878894805908,553.8514461517334,616.700291633606,62.84884548187256,0.6924271672774127,0.4776760595081941,-0.21475110776921863,0.7420102898507583,0.8069323484744445,0.06492205862368616,0.8196504927647461,0.737035046645824,-0.08261544611892213,3.2776789073616683,2.56859343515082,-0.7090854722108482,3.2836204740790262,2.5691151882508967,-0.7145052858281296,24.0,44.0,20.0,23.0,17.0,-6.0
9YGK_B,4,2,t075,low_or_equal,low_or_equal,271.0,271.0,0.0,1.7830551488813,1.125267493328925,-0.657787655552375,0.0,0.0,0.0,4.4200223425148515,3.3575938653515127,-1.0624284771633388,0.5047550201416016,0.6585445404052734,0.15378952026367188,4.201416015625,1.8802776336669922,-2.321138381958008,16.207335472106934,13.301227569580078,-2.9061079025268555,16.245661354064943,13.328831672668457,-2.916829681396486,16.245662689208984,13.328831672668457,-2.9168310165405273,135.0,135.0,0.0,68.0,70.0,2.0,61.0,55.0,-6.0,59.0,27.0,-32.0,517.3650555610657,345.1181297302246,-172.24692583084106,472.18361616134644,297.09487438201904,-175.0887417793274,0.7384359015328392,0.8109690207034774,0.0725331191706382,0.7156107474251644,0.6956533396557912,-0.01995740776937316,0.8431611711285276,0.8590836377475319,0.015922466619004316,3.263395341802431,3.626394544587491,0.36299920278506015,3.272066614056734,3.634615938894062,0.36254932483732816,25.0,24.0,-1.0,22.0,18.0,-4.0
9YGK_B,5,2,t075,low_or_equal,low_or_equal,271.0,271.0,0.0,2.41137418359848,2.1061565568086404,-0.30521762678983944,0.0,0.0,0.0,4.996735473485088,4.183804387005492,-0.8129310864795958,1.3301544189453125,2.444246292114258,1.1140918731689453,13.852140426635742,6.953517436981201,-6.898622989654541,15.806905746459961,15.260719776153564,-0.5461859703063965,15.814512252807617,15.303186416625977,-0.5113258361816406,15.814512252807617,15.303186416625977,-0.5113258361816406,135.0,135.0,0.0,84.0,86.0,2.0,80.0,82.0,2.0,57.0,71.0,14.0,681.9018707275391,597.1806230545044,-84.72124767303467,630.3849897384644,548.3282194137573,-82.05677032470703,0.6146915403639288,0.5685792022092285,-0.04611233815470028,0.7467055096379789,0.7626013486901919,0.015895839052213034,0.8104698073724645,0.7924917543884065,-0.01797805298405808,2.680856658100906,3.14416306369432,0.46330640559341374,2.682378953285036,3.154313308912359,0.4719343556273228,36.0,46.0,10.0,33.0,18.0,-15.0
9YGK_B,6,2,t075,low_or_equal,low_or_equal,271.0,271.0,0.0,1.0332798377174293,2.1473519969250443,1.114072159207615,0.0,0.0,0.0,3.4208644299933795,4.482314114794582,1.061449684801203,0.15444278717041016,2.586489677429199,2.432046890258789,2.8020124435424805,7.366903305053711,4.5648908615112305,12.958890914916992,17.1994571685791,4.240566253662109,13.723380088806152,17.29221534729004,3.5688352584838867,13.723380088806152,17.29221534729004,3.5688352584838867,135.0,135.0,0.0,43.0,113.0,70.0,41.0,94.0,53.0,33.0,77.0,44.0,324.1640815734863,622.0403318405151,297.8762502670288,289.42213249206543,563.0300626754761,273.60793018341064,0.8825288735561809,0.6025971593021748,-0.2799317142540061,0.6558367722619038,0.772154338747805,0.11631756648590119,0.8872208777066568,0.7880898711082907,-0.09913100659836616,3.4861396355372793,3.358110294406235,-0.12802934113104447,3.709617995914934,3.3788045555256807,-0.3308134403892531,23.0,35.0,12.0,17.0,18.0,1.0
9YGK_B,7,2,t075,low_or_equal,low_or_equal,271.0,271.0,0.0,1.7888825441198595,1.6356954257866554,-0.1531871183332041,0.0,0.0,0.0,4.403726955017399,4.894997392136244,0.4912704371188452,0.8773746490478516,0.27016735076904297,-0.6072072982788086,10.328208923339844,3.237710952758789,-7.090497970581055,15.236543655395508,18.854599952697754,3.618056297302246,15.702163696289062,18.86684226989746,3.1646785736083984,15.702163696289062,18.86684226989746,3.1646785736083984,135.0,135.0,0.0,70.0,49.0,-21.0,46.0,46.0,0.0,37.0,36.0,-1.0,508.1137647628784,475.29045009613037,-32.82331466674805,458.3560972213745,439.44926738739014,-18.906829833984375,0.7539258837275697,0.8951653878556103,0.14123950412804054,0.705182358142561,0.6520028002550021,-0.053179557887558904,0.8485251249834938,0.8885893906072757,0.04006426562378196,3.053700024692497,3.5176534628134974,0.4639534381210004,3.1594332015333206,3.5201544482520952,0.3607212467187746,35.0,26.0,-9.0,25.0,24.0,-1.0
